reading_ts,cell_id,region,latency_ms,throughput_mbps,downtime_min,drop_call_rate_pct
2026-08-03 00:00:00,CELL-BLR-01,Bengaluru,29.46,196.21,0,0.322
2026-08-03 00:00:00,CELL-BLR-02,Bengaluru,32.28,273.34,0,0.47
2026-08-03 00:00:00,CELL-BLR-03,Bengaluru,30.45,185.44,0,0.802
2026-08-03 00:00:00,CELL-DEL-01,Delhi NCR,29.26,304.84,0,0.641
2026-08-03 00:00:00,CELL-DEL-02,Delhi NCR,29.01,266.45,0,0.8
2026-08-03 00:00:00,CELL-DEL-03,Delhi NCR,29.4,292.39,0,0.519
2026-08-03 00:00:00,CELL-KOL-01,Kolkata,30.75,280.57,0,0.467
2026-08-03 00:00:00,CELL-KOL-02,Kolkata,33.44,247.14,0,0.428
2026-08-03 00:00:00,CELL-KOL-03,Kolkata,34.75,195.88,0,0.612
2026-08-03 00:00:00,CELL-MUM-01,Mumbai,31.02,181.48,0,0.616
2026-08-03 00:00:00,CELL-MUM-02,Mumbai,31.48,230.64,0,0.616
2026-08-03 00:00:00,CELL-MUM-03,Mumbai,30.11,298.37,0,0.562
2026-08-03 00:15:00,CELL-BLR-01,Bengaluru,26.62,190.04,0,0.582
2026-08-03 00:15:00,CELL-BLR-02,Bengaluru,30.46,266.1,0,0.628
2026-08-03 00:15:00,CELL-BLR-03,Bengaluru,28.05,187.99,0,0.486
2026-08-03 00:15:00,CELL-DEL-01,Delhi NCR,29.44,317.4,0,0.596
2026-08-03 00:15:00,CELL-DEL-02,Delhi NCR,29.41,288.5,0,0.27
2026-08-03 00:15:00,CELL-DEL-03,Delhi NCR,33.39,296.15,0,0.651
2026-08-03 00:15:00,CELL-KOL-01,Kolkata,25.74,282.06,0,0.885
2026-08-03 00:15:00,CELL-KOL-02,Kolkata,33.77,258.7,0,0.66
2026-08-03 00:15:00,CELL-KOL-03,Kolkata,31.89,175.44,0,0.548
2026-08-03 00:15:00,CELL-MUM-01,Mumbai,33.09,187.73,0,0.554
2026-08-03 00:15:00,CELL-MUM-02,Mumbai,33.83,208.74,0,0.603
2026-08-03 00:15:00,CELL-MUM-03,Mumbai,31.31,293.21,0,0.608
2026-08-03 00:30:00,CELL-BLR-01,Bengaluru,29.65,185.85,0,0.554
2026-08-03 00:30:00,CELL-BLR-02,Bengaluru,30.14,277.94,0,0.64
2026-08-03 00:30:00,CELL-BLR-03,Bengaluru,31.38,195.73,0,0.848
2026-08-03 00:30:00,CELL-DEL-01,Delhi NCR,27.93,297.19,0,0.401
2026-08-03 00:30:00,CELL-DEL-02,Delhi NCR,29.06,269.62,0,0.544
2026-08-03 00:30:00,CELL-DEL-03,Delhi NCR,31.98,269.52,0,0.748
2026-08-03 00:30:00,CELL-KOL-01,Kolkata,28.14,266.6,0,0.695
2026-08-03 00:30:00,CELL-KOL-02,Kolkata,35.62,243.1,0,0.659
2026-08-03 00:30:00,CELL-KOL-03,Kolkata,31.63,201.93,0,0.858
2026-08-03 00:30:00,CELL-MUM-01,Mumbai,31.13,176.9,0,0.547
2026-08-03 00:30:00,CELL-MUM-02,Mumbai,32.83,219.69,0,0.859
2026-08-03 00:30:00,CELL-MUM-03,Mumbai,30.28,308.64,0,0.532
2026-08-03 00:45:00,CELL-BLR-01,Bengaluru,29.64,189.52,0,0.42
2026-08-03 00:45:00,CELL-BLR-02,Bengaluru,31.39,281.38,0,0.542
2026-08-03 00:45:00,CELL-BLR-03,Bengaluru,27.42,189.28,0,0.972
2026-08-03 00:45:00,CELL-DEL-01,Delhi NCR,28.59,316.08,0,0.536
2026-08-03 00:45:00,CELL-DEL-02,Delhi NCR,29.0,268.27,0,0.582
2026-08-03 00:45:00,CELL-DEL-03,Delhi NCR,32.36,286.24,0,0.64
2026-08-03 00:45:00,CELL-KOL-01,Kolkata,28.72,263.19,0,0.637
2026-08-03 00:45:00,CELL-KOL-02,Kolkata,31.74,250.77,0,0.383
2026-08-03 00:45:00,CELL-KOL-03,Kolkata,32.98,184.14,0,0.59
2026-08-03 00:45:00,CELL-MUM-01,Mumbai,28.4,177.72,0,0.253
2026-08-03 00:45:00,CELL-MUM-02,Mumbai,30.22,227.41,0,0.867
2026-08-03 00:45:00,CELL-MUM-03,Mumbai,28.31,299.39,0,0.799
2026-08-03 01:00:00,CELL-BLR-01,Bengaluru,30.4,195.1,0,0.718
2026-08-03 01:00:00,CELL-BLR-02,Bengaluru,31.93,269.08,0,0.517
2026-08-03 01:00:00,CELL-BLR-03,Bengaluru,33.73,196.27,0,0.334
2026-08-03 01:00:00,CELL-DEL-01,Delhi NCR,28.58,319.35,0,0.784
2026-08-03 01:00:00,CELL-DEL-02,Delhi NCR,32.37,273.61,0,0.253
2026-08-03 01:00:00,CELL-DEL-03,Delhi NCR,28.45,273.45,0,0.23
2026-08-03 01:00:00,CELL-KOL-01,Kolkata,29.73,273.63,0,0.31
2026-08-03 01:00:00,CELL-KOL-02,Kolkata,35.29,246.6,0,0.49
2026-08-03 01:00:00,CELL-KOL-03,Kolkata,31.11,173.32,0,0.484
2026-08-03 01:00:00,CELL-MUM-01,Mumbai,32.49,197.08,0,0.836
2026-08-03 01:00:00,CELL-MUM-02,Mumbai,33.49,218.68,0,0.591
2026-08-03 01:00:00,CELL-MUM-03,Mumbai,30.09,308.81,0,0.722
2026-08-03 01:15:00,CELL-BLR-01,Bengaluru,30.24,189.4,0,0.629
2026-08-03 01:15:00,CELL-BLR-02,Bengaluru,32.4,273.09,0,0.72
2026-08-03 01:15:00,CELL-BLR-03,Bengaluru,27.85,176.5,0,0.505
2026-08-03 01:15:00,CELL-DEL-01,Delhi NCR,30.05,312.89,0,0.51
2026-08-03 01:15:00,CELL-DEL-02,Delhi NCR,32.79,269.81,0,0.806
2026-08-03 01:15:00,CELL-DEL-03,Delhi NCR,28.31,283.45,0,0.777
2026-08-03 01:15:00,CELL-KOL-01,Kolkata,32.07,254.82,0,0.695
2026-08-03 01:15:00,CELL-KOL-02,Kolkata,33.21,243.9,0,0.507
2026-08-03 01:15:00,CELL-KOL-03,Kolkata,31.94,191.32,0,0.348
2026-08-03 01:15:00,CELL-MUM-01,Mumbai,31.7,187.24,0,0.403
2026-08-03 01:15:00,CELL-MUM-02,Mumbai,34.64,199.5,0,0.424
2026-08-03 01:15:00,CELL-MUM-03,Mumbai,30.17,312.85,0,0.427
2026-08-03 01:30:00,CELL-BLR-01,Bengaluru,28.41,190.93,0,0.277
2026-08-03 01:30:00,CELL-BLR-02,Bengaluru,32.51,274.96,0,0.846
2026-08-03 01:30:00,CELL-BLR-03,Bengaluru,29.46,174.54,0,0.78
2026-08-03 01:30:00,CELL-DEL-01,Delhi NCR,28.56,316.95,0,0.504
2026-08-03 01:30:00,CELL-DEL-02,Delhi NCR,26.94,260.08,0,0.258
2026-08-03 01:30:00,CELL-DEL-03,Delhi NCR,33.79,272.27,0,0.508
2026-08-03 01:30:00,CELL-KOL-01,Kolkata,32.13,262.91,0,0.387
2026-08-03 01:30:00,CELL-KOL-02,Kolkata,31.94,243.02,0,0.609
2026-08-03 01:30:00,CELL-KOL-03,Kolkata,32.89,218.54,0,0.363
2026-08-03 01:30:00,CELL-MUM-01,Mumbai,30.94,175.21,0,0.779
2026-08-03 01:30:00,CELL-MUM-02,Mumbai,34.58,224.63,0,0.529
2026-08-03 01:30:00,CELL-MUM-03,Mumbai,29.13,294.47,0,0.596
2026-08-03 01:45:00,CELL-BLR-01,Bengaluru,30.77,191.34,0,0.761
2026-08-03 01:45:00,CELL-BLR-02,Bengaluru,30.08,275.97,0,0.648
2026-08-03 01:45:00,CELL-BLR-03,Bengaluru,31.1,195.41,0,0.392
2026-08-03 01:45:00,CELL-DEL-01,Delhi NCR,29.98,316.03,0,0.15
2026-08-03 01:45:00,CELL-DEL-02,Delhi NCR,28.08,273.54,0,0.798
2026-08-03 01:45:00,CELL-DEL-03,Delhi NCR,32.34,299.44,0,0.572
2026-08-03 01:45:00,CELL-KOL-01,Kolkata,30.41,273.31,0,0.43
2026-08-03 01:45:00,CELL-KOL-02,Kolkata,33.69,253.43,0,0.582
2026-08-03 01:45:00,CELL-KOL-03,Kolkata,33.29,177.06,0,0.649
2026-08-03 01:45:00,CELL-MUM-01,Mumbai,31.38,181.38,0,0.257
2026-08-03 01:45:00,CELL-MUM-02,Mumbai,32.34,222.24,0,1.098
2026-08-03 01:45:00,CELL-MUM-03,Mumbai,27.16,318.87,0,0.509
2026-08-03 02:00:00,CELL-BLR-01,Bengaluru,24.92,165.81,0,0.596
2026-08-03 02:00:00,CELL-BLR-02,Bengaluru,32.49,256.72,0,0.648
2026-08-03 02:00:00,CELL-BLR-03,Bengaluru,33.99,184.24,0,0.691
2026-08-03 02:00:00,CELL-DEL-01,Delhi NCR,25.84,300.3,0,0.548
2026-08-03 02:00:00,CELL-DEL-02,Delhi NCR,29.77,271.67,0,0.7
2026-08-03 02:00:00,CELL-DEL-03,Delhi NCR,32.89,282.18,0,0.63
2026-08-03 02:00:00,CELL-KOL-01,Kolkata,30.04,281.61,0,0.325
2026-08-03 02:00:00,CELL-KOL-02,Kolkata,30.83,255.56,0,0.633
2026-08-03 02:00:00,CELL-KOL-03,Kolkata,35.5,187.03,0,0.548
2026-08-03 02:00:00,CELL-MUM-01,Mumbai,31.99,173.44,0,0.432
2026-08-03 02:00:00,CELL-MUM-02,Mumbai,32.72,210.87,0,0.608
2026-08-03 02:00:00,CELL-MUM-03,Mumbai,29.8,296.92,0,0.708
2026-08-03 02:15:00,CELL-BLR-01,Bengaluru,27.8,194.19,0,0.409
2026-08-03 02:15:00,CELL-BLR-02,Bengaluru,32.38,274.47,0,0.493
2026-08-03 02:15:00,CELL-BLR-03,Bengaluru,27.77,199.31,0,0.365
2026-08-03 02:15:00,CELL-DEL-01,Delhi NCR,27.95,319.23,0,0.668
2026-08-03 02:15:00,CELL-DEL-02,Delhi NCR,30.87,259.41,0,0.509
2026-08-03 02:15:00,CELL-DEL-03,Delhi NCR,29.58,276.05,0,0.63
2026-08-03 02:15:00,CELL-KOL-01,Kolkata,28.29,281.05,0,0.618
2026-08-03 02:15:00,CELL-KOL-02,Kolkata,33.11,246.18,0,0.492
2026-08-03 02:15:00,CELL-KOL-03,Kolkata,29.77,167.26,0,0.377
2026-08-03 02:15:00,CELL-MUM-01,Mumbai,31.29,198.76,0,0.605
2026-08-03 02:15:00,CELL-MUM-02,Mumbai,31.64,220.02,0,0.456
2026-08-03 02:15:00,CELL-MUM-03,Mumbai,29.76,311.76,0,0.484
2026-08-03 02:30:00,CELL-BLR-01,Bengaluru,28.82,-1.0,0,0.412
2026-08-03 02:30:00,CELL-BLR-02,Bengaluru,31.12,272.11,0,0.633
2026-08-03 02:30:00,CELL-BLR-03,Bengaluru,31.29,201.45,0,0.54
2026-08-03 02:30:00,CELL-DEL-01,Delhi NCR,30.77,303.41,0,0.742
2026-08-03 02:30:00,CELL-DEL-02,Delhi NCR,29.21,262.98,0,0.751
2026-08-03 02:30:00,CELL-DEL-03,Delhi NCR,29.12,282.79,0,0.667
2026-08-03 02:30:00,CELL-KOL-01,Kolkata,31.02,265.66,0,0.587
2026-08-03 02:30:00,CELL-KOL-02,Kolkata,32.38,229.31,0,0.38
2026-08-03 02:30:00,CELL-KOL-03,Kolkata,33.08,202.9,0,0.611
2026-08-03 02:30:00,CELL-MUM-01,Mumbai,32.21,196.27,0,0.679
2026-08-03 02:30:00,CELL-MUM-02,Mumbai,31.83,212.99,0,0.512
2026-08-03 02:30:00,CELL-MUM-03,Mumbai,27.78,289.88,0,0.243
2026-08-03 02:45:00,CELL-BLR-01,Bengaluru,25.65,187.53,0,0.359
2026-08-03 02:45:00,CELL-BLR-02,Bengaluru,29.42,277.2,0,0.418
2026-08-03 02:45:00,CELL-BLR-03,Bengaluru,29.09,191.72,0,0.369
2026-08-03 02:45:00,CELL-DEL-01,Delhi NCR,32.59,306.82,0,0.745
2026-08-03 02:45:00,CELL-DEL-02,Delhi NCR,28.05,263.81,0,0.591
2026-08-03 02:45:00,CELL-DEL-03,Delhi NCR,28.71,267.81,0,0.563
2026-08-03 02:45:00,CELL-KOL-01,Kolkata,31.01,287.99,0,0.611
2026-08-03 02:45:00,CELL-KOL-02,Kolkata,36.08,261.15,0,0.659
2026-08-03 02:45:00,CELL-KOL-03,Kolkata,30.92,176.43,0,0.446
2026-08-03 02:45:00,CELL-MUM-01,Mumbai,30.64,174.13,0,0.481
2026-08-03 02:45:00,CELL-MUM-02,Mumbai,34.58,220.27,0,0.782
2026-08-03 02:45:00,CELL-MUM-03,Mumbai,28.44,301.8,0,0.559
2026-08-03 03:00:00,CELL-BLR-01,Bengaluru,27.51,167.24,0,0.675
2026-08-03 03:00:00,CELL-BLR-02,Bengaluru,33.31,273.69,0,0.666
2026-08-03 03:00:00,CELL-BLR-03,Bengaluru,27.66,181.54,0,0.504
2026-08-03 03:00:00,CELL-DEL-01,Delhi NCR,30.37,312.3,0,0.458
2026-08-03 03:00:00,CELL-DEL-02,Delhi NCR,29.46,252.1,0,0.89
2026-08-03 03:00:00,CELL-DEL-03,Delhi NCR,31.55,296.19,0,0.52
2026-08-03 03:00:00,CELL-KOL-01,Kolkata,27.72,282.62,0,0.506
2026-08-03 03:00:00,CELL-KOL-02,Kolkata,33.94,254.75,0,0.722
2026-08-03 03:00:00,CELL-KOL-03,Kolkata,30.05,172.82,0,0.725
2026-08-03 03:00:00,CELL-MUM-01,Mumbai,29.34,189.77,0,0.397
2026-08-03 03:00:00,CELL-MUM-02,Mumbai,30.71,216.73,0,0.421
2026-08-03 03:00:00,CELL-MUM-03,Mumbai,32.03,298.92,0,0.355
2026-08-03 03:15:00,CELL-BLR-01,Bengaluru,27.04,199.98,0,0.608
2026-08-03 03:15:00,CELL-BLR-02,Bengaluru,30.77,278.22,0,0.134
2026-08-03 03:15:00,CELL-BLR-03,Bengaluru,32.59,204.74,0,0.291
2026-08-03 03:15:00,CELL-DEL-01,Delhi NCR,29.52,313.35,0,0.345
2026-08-03 03:15:00,CELL-DEL-02,Delhi NCR,29.87,260.57,0,0.632
2026-08-03 03:15:00,CELL-DEL-03,Delhi NCR,31.25,282.29,0,0.647
2026-08-03 03:15:00,CELL-KOL-01,Kolkata,26.93,273.88,0,0.311
2026-08-03 03:15:00,CELL-KOL-02,Kolkata,32.39,248.31,0,0.381
2026-08-03 03:15:00,CELL-KOL-03,Kolkata,34.53,198.28,0,0.424
2026-08-03 03:15:00,CELL-MUM-01,Mumbai,29.19,174.21,0,0.349
2026-08-03 03:15:00,CELL-MUM-02,Mumbai,33.78,219.7,0,0.526
2026-08-03 03:15:00,CELL-MUM-03,Mumbai,29.29,299.77,0,0.463
2026-08-03 03:30:00,CELL-BLR-01,Bengaluru,30.58,178.06,0,0.89
2026-08-03 03:30:00,CELL-BLR-02,Bengaluru,32.56,271.89,0,0.312
2026-08-03 03:30:00,CELL-BLR-03,Bengaluru,31.55,186.98,0,0.467
2026-08-03 03:30:00,CELL-DEL-01,Delhi NCR,28.75,310.68,0,0.623
2026-08-03 03:30:00,CELL-DEL-02,Delhi NCR,33.81,261.0,0,0.395
2026-08-03 03:30:00,CELL-DEL-03,Delhi NCR,28.92,286.95,0,0.393
2026-08-03 03:30:00,CELL-KOL-01,Kolkata,28.67,264.71,0,0.901
2026-08-03 03:30:00,CELL-KOL-02,Kolkata,33.61,264.65,0,0.518
2026-08-03 03:30:00,CELL-KOL-03,Kolkata,35.14,179.05,0,0.51
2026-08-03 03:30:00,CELL-MUM-01,Mumbai,29.1,211.09,0,0.499
2026-08-03 03:30:00,CELL-MUM-02,Mumbai,32.98,223.9,0,0.893
2026-08-03 03:30:00,CELL-MUM-03,Mumbai,27.63,304.75,0,0.379
2026-08-03 03:45:00,CELL-BLR-01,Bengaluru,27.0,197.25,0,0.74
2026-08-03 03:45:00,CELL-BLR-02,Bengaluru,31.21,289.82,0,0.313
2026-08-03 03:45:00,CELL-BLR-03,Bengaluru,31.92,188.16,0,0.595
2026-08-03 03:45:00,CELL-DEL-01,Delhi NCR,28.07,319.09,0,0.587
2026-08-03 03:45:00,CELL-DEL-02,Delhi NCR,30.28,270.92,0,0.72
2026-08-03 03:45:00,CELL-DEL-03,Delhi NCR,32.51,260.21,0,0.426
2026-08-03 03:45:00,CELL-KOL-01,Kolkata,30.28,271.62,0,0.549
2026-08-03 03:45:00,CELL-KOL-02,Kolkata,34.39,241.76,0,0.658
2026-08-03 03:45:00,CELL-KOL-03,Kolkata,,200.47,0,0.56
2026-08-03 03:45:00,CELL-MUM-01,Mumbai,31.04,195.38,0,0.568
2026-08-03 03:45:00,CELL-MUM-02,Mumbai,30.91,212.07,0,0.465
2026-08-03 03:45:00,CELL-MUM-03,Mumbai,29.97,318.75,0,0.541
2026-08-03 04:00:00,CELL-BLR-01,Bengaluru,26.06,181.34,0,0.519
2026-08-03 04:00:00,CELL-BLR-02,Bengaluru,31.28,286.83,0,0.532
2026-08-03 04:00:00,CELL-BLR-03,Bengaluru,28.69,174.25,0,0.497
2026-08-03 04:00:00,CELL-DEL-01,Delhi NCR,28.19,310.19,0,0.674
2026-08-03 04:00:00,CELL-DEL-02,Delhi NCR,29.23,274.68,0,0.63
2026-08-03 04:00:00,CELL-DEL-03,Delhi NCR,33.26,272.21,0,0.137
2026-08-03 04:00:00,CELL-KOL-01,Kolkata,28.28,274.12,0,0.311
2026-08-03 04:00:00,CELL-KOL-02,Kolkata,32.0,244.38,0,0.534
2026-08-03 04:00:00,CELL-KOL-03,Kolkata,30.83,182.48,0,0.574
2026-08-03 04:00:00,CELL-MUM-01,Mumbai,30.97,192.3,0,0.5
2026-08-03 04:00:00,CELL-MUM-02,Mumbai,32.51,218.31,0,0.462
2026-08-03 04:00:00,CELL-MUM-03,Mumbai,28.92,307.25,0,0.436
2026-08-03 04:15:00,CELL-BLR-01,Bengaluru,28.82,172.01,0,0.3
2026-08-03 04:15:00,CELL-BLR-02,Bengaluru,31.65,293.92,0,0.685
2026-08-03 04:15:00,CELL-BLR-03,Bengaluru,30.32,193.07,0,0.702
2026-08-03 04:15:00,CELL-DEL-01,Delhi NCR,31.48,318.94,0,0.56
2026-08-03 04:15:00,CELL-DEL-02,Delhi NCR,30.33,267.79,0,0.765
2026-08-03 04:15:00,CELL-DEL-03,Delhi NCR,33.45,287.02,0,0.536
2026-08-03 04:15:00,CELL-KOL-01,Kolkata,32.19,262.93,0,0.776
2026-08-03 04:15:00,CELL-KOL-02,Kolkata,35.51,239.0,0,0.132
2026-08-03 04:15:00,CELL-KOL-03,Kolkata,34.23,193.34,0,0.0
2026-08-03 04:15:00,CELL-MUM-01,Mumbai,32.39,190.07,0,0.526
2026-08-03 04:15:00,CELL-MUM-02,Mumbai,34.61,201.34,0,0.973
2026-08-03 04:15:00,CELL-MUM-03,Mumbai,28.44,295.5,0,0.513
2026-08-03 04:30:00,CELL-BLR-01,Bengaluru,29.93,199.2,0,0.424
2026-08-03 04:30:00,CELL-BLR-02,Bengaluru,31.18,268.68,0,0.498
2026-08-03 04:30:00,CELL-BLR-03,Bengaluru,32.85,183.14,0,0.344
2026-08-03 04:30:00,CELL-DEL-01,Delhi NCR,31.51,326.12,0,0.195
2026-08-03 04:30:00,CELL-DEL-02,Delhi NCR,30.86,270.95,0,0.44
2026-08-03 04:30:00,CELL-DEL-03,Delhi NCR,30.37,276.86,0,0.653
2026-08-03 04:30:00,CELL-KOL-01,Kolkata,27.33,276.92,0,0.753
2026-08-03 04:30:00,CELL-KOL-02,Kolkata,33.06,251.67,0,0.433
2026-08-03 04:30:00,CELL-KOL-03,Kolkata,32.43,198.57,0,0.528
2026-08-03 04:30:00,CELL-MUM-01,Mumbai,30.18,197.4,0,0.537
2026-08-03 04:30:00,CELL-MUM-02,Mumbai,29.22,228.42,0,0.583
2026-08-03 04:30:00,CELL-MUM-03,Mumbai,30.8,286.64,0,0.574
2026-08-03 04:45:00,CELL-BLR-01,Bengaluru,31.77,174.97,0,0.577
2026-08-03 04:45:00,CELL-BLR-02,Bengaluru,32.39,246.22,0,0.284
2026-08-03 04:45:00,CELL-BLR-03,Bengaluru,32.31,203.37,0,0.252
2026-08-03 04:45:00,CELL-DEL-01,Delhi NCR,29.88,311.71,0,0.748
2026-08-03 04:45:00,CELL-DEL-02,Delhi NCR,30.12,266.3,0,0.69
2026-08-03 04:45:00,CELL-DEL-03,Delhi NCR,30.8,269.81,0,0.656
2026-08-03 04:45:00,CELL-KOL-01,Kolkata,26.08,278.53,0,0.563
2026-08-03 04:45:00,CELL-KOL-02,Kolkata,30.12,243.66,0,0.599
2026-08-03 04:45:00,CELL-KOL-02,Kolkata,30.12,243.66,0,0.599
2026-08-03 04:45:00,CELL-KOL-03,Kolkata,31.17,208.77,0,0.262
2026-08-03 04:45:00,CELL-MUM-01,Mumbai,31.75,182.09,0,0.249
2026-08-03 04:45:00,CELL-MUM-02,Mumbai,35.51,206.91,0,0.784
2026-08-03 04:45:00,CELL-MUM-03,Mumbai,28.83,297.67,0,0.705
2026-08-03 05:00:00,CELL-BLR-01,Bengaluru,28.48,175.98,0,0.511
2026-08-03 05:00:00,CELL-BLR-02,Bengaluru,30.7,264.05,0,0.463
2026-08-03 05:00:00,CELL-BLR-03,Bengaluru,31.42,194.71,0,0.443
2026-08-03 05:00:00,CELL-DEL-01,Delhi NCR,26.14,313.42,0,0.486
2026-08-03 05:00:00,CELL-DEL-02,Delhi NCR,29.43,275.99,0,0.0
2026-08-03 05:00:00,CELL-DEL-03,Delhi NCR,29.49,274.69,0,0.395
2026-08-03 05:00:00,CELL-KOL-01,Kolkata,31.65,273.55,0,0.24
2026-08-03 05:00:00,CELL-KOL-02,Kolkata,34.2,265.47,0,0.513
2026-08-03 05:00:00,CELL-KOL-03,Kolkata,30.46,183.34,0,0.683
2026-08-03 05:00:00,CELL-MUM-01,Mumbai,29.0,198.05,0,0.845
2026-08-03 05:00:00,CELL-MUM-02,Mumbai,37.74,232.32,0,0.372
2026-08-03 05:00:00,CELL-MUM-03,Mumbai,26.07,286.05,0,0.769
2026-08-03 05:15:00,CELL-BLR-01,Bengaluru,27.81,175.4,0,0.67
2026-08-03 05:15:00,CELL-BLR-02,Bengaluru,30.97,296.64,0,0.441
2026-08-03 05:15:00,CELL-BLR-03,Bengaluru,30.59,177.71,0,1.185
2026-08-03 05:15:00,CELL-DEL-01,Delhi NCR,30.91,302.32,0,0.624
2026-08-03 05:15:00,CELL-DEL-02,Delhi NCR,30.07,265.16,0,0.442
2026-08-03 05:15:00,CELL-DEL-03,Delhi NCR,31.49,290.35,0,0.482
2026-08-03 05:15:00,CELL-KOL-01,Kolkata,29.18,270.65,0,0.317
2026-08-03 05:15:00,CELL-KOL-02,Kolkata,34.92,235.35,0,0.388
2026-08-03 05:15:00,CELL-KOL-03,Kolkata,30.94,195.71,0,0.607
2026-08-03 05:15:00,CELL-MUM-01,Mumbai,29.76,204.19,0,0.618
2026-08-03 05:15:00,CELL-MUM-02,Mumbai,33.7,216.25,0,0.655
2026-08-03 05:15:00,CELL-MUM-03,Mumbai,26.39,292.8,0,0.343
2026-08-03 05:30:00,CELL-BLR-01,Bengaluru,31.38,188.03,0,0.438
2026-08-03 05:30:00,CELL-BLR-02,Bengaluru,27.69,282.78,0,0.604
2026-08-03 05:30:00,CELL-BLR-03,Bengaluru,28.69,193.24,0,0.16
2026-08-03 05:30:00,CELL-DEL-01,Delhi NCR,26.34,313.12,0,0.486
2026-08-03 05:30:00,CELL-DEL-02,Delhi NCR,29.87,266.08,0,0.592
2026-08-03 05:30:00,CELL-DEL-03,Delhi NCR,28.9,284.29,0,0.702
2026-08-03 05:30:00,CELL-KOL-01,Kolkata,31.21,275.53,0,0.617
2026-08-03 05:30:00,CELL-KOL-02,Kolkata,35.16,244.63,0,0.579
2026-08-03 05:30:00,CELL-KOL-03,Kolkata,30.54,188.87,0,0.468
2026-08-03 05:30:00,CELL-MUM-01,Mumbai,28.66,175.54,0,0.497
2026-08-03 05:30:00,CELL-MUM-02,Mumbai,34.07,234.47,0,0.502
2026-08-03 05:30:00,CELL-MUM-03,Mumbai,27.44,315.92,0,0.796
2026-08-03 05:45:00,CELL-BLR-01,Bengaluru,28.62,187.2,0,0.202
2026-08-03 05:45:00,CELL-BLR-02,Bengaluru,30.57,285.7,0,0.494
2026-08-03 05:45:00,CELL-BLR-03,Bengaluru,31.2,183.33,0,0.125
2026-08-03 05:45:00,CELL-DEL-01,Delhi NCR,27.32,327.72,0,0.835
2026-08-03 05:45:00,CELL-DEL-02,Delhi NCR,29.74,269.96,0,0.329
2026-08-03 05:45:00,CELL-DEL-03,Delhi NCR,30.48,290.42,0,0.637
2026-08-03 05:45:00,CELL-KOL-01,Kolkata,26.29,271.76,0,0.378
2026-08-03 05:45:00,CELL-KOL-02,Kolkata,34.06,253.63,0,0.53
2026-08-03 05:45:00,CELL-KOL-03,Kolkata,32.9,202.14,0,0.798
2026-08-03 05:45:00,CELL-MUM-01,Mumbai,29.14,195.3,0,0.41
2026-08-03 05:45:00,CELL-MUM-02,Mumbai,30.43,225.45,0,0.33
2026-08-03 05:45:00,CELL-MUM-03,Mumbai,28.94,294.63,0,0.707
2026-08-03 06:00:00,CELL-BLR-01,Bengaluru,29.42,189.52,0,0.229
2026-08-03 06:00:00,CELL-BLR-02,Bengaluru,33.34,285.63,0,0.599
2026-08-03 06:00:00,CELL-BLR-03,Bengaluru,27.87,204.26,0,0.213
2026-08-03 06:00:00,CELL-DEL-01,Delhi NCR,28.6,317.03,0,0.453
2026-08-03 06:00:00,CELL-DEL-02,Delhi NCR,31.4,265.2,0,0.628
2026-08-03 06:00:00,CELL-DEL-03,Delhi NCR,33.36,279.73,0,0.496
2026-08-03 06:00:00,CELL-KOL-01,Kolkata,31.58,274.32,0,0.67
2026-08-03 06:00:00,CELL-KOL-02,Kolkata,32.61,249.24,0,0.418
2026-08-03 06:00:00,CELL-KOL-03,Kolkata,32.89,208.93,0,0.601
2026-08-03 06:00:00,CELL-MUM-01,Mumbai,30.0,173.64,0,0.334
2026-08-03 06:00:00,CELL-MUM-02,Mumbai,34.51,222.15,0,0.483
2026-08-03 06:00:00,CELL-MUM-03,Mumbai,30.03,305.04,0,0.551
2026-08-03 06:15:00,CELL-BLR-01,Bengaluru,30.32,170.55,0,0.616
2026-08-03 06:15:00,CELL-BLR-02,Bengaluru,28.6,285.54,0,0.859
2026-08-03 06:15:00,CELL-BLR-03,Bengaluru,31.24,204.09,0,0.276
2026-08-03 06:15:00,CELL-DEL-01,Delhi NCR,27.4,309.88,0,0.417
2026-08-03 06:15:00,CELL-DEL-02,Delhi NCR,32.99,281.33,0,0.538
2026-08-03 06:15:00,CELL-DEL-03,Delhi NCR,29.76,278.42,0,0.949
2026-08-03 06:15:00,CELL-KOL-01,Kolkata,28.54,266.27,0,0.619
2026-08-03 06:15:00,CELL-KOL-02,Kolkata,35.02,244.43,0,0.807
2026-08-03 06:15:00,CELL-KOL-03,Kolkata,31.41,180.22,0,0.69
2026-08-03 06:15:00,CELL-MUM-01,Mumbai,31.41,195.76,0,0.511
2026-08-03 06:15:00,CELL-MUM-02,Mumbai,33.45,213.87,0,0.535
2026-08-03 06:15:00,CELL-MUM-03,Mumbai,27.16,300.42,0,0.172
2026-08-03 06:30:00,CELL-BLR-01,Bengaluru,25.96,193.63,0,0.495
2026-08-03 06:30:00,CELL-BLR-02,Bengaluru,30.29,273.59,0,0.758
2026-08-03 06:30:00,CELL-BLR-03,Bengaluru,33.48,186.43,0,0.685
2026-08-03 06:30:00,CELL-DEL-01,Delhi NCR,29.08,323.86,0,0.579
2026-08-03 06:30:00,CELL-DEL-02,Delhi NCR,32.13,254.61,0,0.969
2026-08-03 06:30:00,CELL-DEL-03,Delhi NCR,33.74,280.5,0,0.633
2026-08-03 06:30:00,CELL-KOL-01,Kolkata,26.36,275.35,0,0.676
2026-08-03 06:30:00,CELL-KOL-02,Kolkata,36.5,258.11,0,0.792
2026-08-03 06:30:00,CELL-KOL-03,Kolkata,34.26,183.09,0,0.041
2026-08-03 06:30:00,CELL-MUM-01,Mumbai,33.27,176.85,0,0.895
2026-08-03 06:30:00,CELL-MUM-02,Mumbai,37.91,227.5,0,0.695
2026-08-03 06:30:00,CELL-MUM-03,Mumbai,30.16,286.3,0,0.232
2026-08-03 06:45:00,CELL-BLR-01,Bengaluru,30.94,178.46,0,0.562
2026-08-03 06:45:00,CELL-BLR-02,Bengaluru,34.21,269.39,0,0.148
2026-08-03 06:45:00,CELL-BLR-03,Bengaluru,28.23,188.07,0,0.817
2026-08-03 06:45:00,CELL-DEL-01,Delhi NCR,28.53,315.58,0,0.424
2026-08-03 06:45:00,CELL-DEL-02,Delhi NCR,29.37,272.35,0,0.446
2026-08-03 06:45:00,CELL-DEL-03,Delhi NCR,31.57,284.07,0,0.795
2026-08-03 06:45:00,CELL-KOL-01,Kolkata,31.57,268.82,0,0.443
2026-08-03 06:45:00,CELL-KOL-02,Kolkata,32.29,246.57,0,0.359
2026-08-03 06:45:00,CELL-KOL-03,Kolkata,33.27,179.78,0,0.758
2026-08-03 06:45:00,CELL-MUM-01,Mumbai,32.3,170.22,0,0.141
2026-08-03 06:45:00,CELL-MUM-02,Mumbai,32.86,225.38,0,0.152
2026-08-03 06:45:00,CELL-MUM-03,Mumbai,30.07,312.14,0,0.63
2026-08-03 07:00:00,CELL-BLR-01,Bengaluru,27.01,184.34,0,0.214
2026-08-03 07:00:00,CELL-BLR-02,Bengaluru,33.38,275.09,0,0.434
2026-08-03 07:00:00,CELL-BLR-03,Bengaluru,32.28,186.26,0,0.782
2026-08-03 07:00:00,CELL-DEL-01,Delhi NCR,27.88,305.81,0,0.348
2026-08-03 07:00:00,CELL-DEL-02,Delhi NCR,29.61,250.27,0,0.547
2026-08-03 07:00:00,CELL-DEL-03,Delhi NCR,31.75,286.18,0,0.487
2026-08-03 07:00:00,CELL-KOL-01,Kolkata,29.19,274.44,0,0.818
2026-08-03 07:00:00,CELL-KOL-02,Kolkata,33.88,260.89,0,0.86
2026-08-03 07:00:00,CELL-KOL-03,Kolkata,30.8,188.4,0,0.514
2026-08-03 07:00:00,CELL-MUM-01,Mumbai,27.17,185.92,0,0.715
2026-08-03 07:00:00,CELL-MUM-02,Mumbai,32.89,228.12,0,0.613
2026-08-03 07:00:00,CELL-MUM-03,Mumbai,30.69,307.48,0,0.458
2026-08-03 07:15:00,CELL-BLR-01,Bengaluru,29.69,187.4,0,0.496
2026-08-03 07:15:00,CELL-BLR-02,Bengaluru,31.45,266.65,0,0.615
2026-08-03 07:15:00,CELL-BLR-03,Bengaluru,30.73,173.15,0,0.883
2026-08-03 07:15:00,CELL-DEL-01,Delhi NCR,26.57,313.07,0,0.613
2026-08-03 07:15:00,CELL-DEL-02,Delhi NCR,30.12,276.44,0,0.508
2026-08-03 07:15:00,CELL-DEL-03,Delhi NCR,32.71,274.48,0,0.424
2026-08-03 07:15:00,CELL-KOL-01,Kolkata,32.57,286.17,0,0.294
2026-08-03 07:15:00,CELL-KOL-02,Kolkata,33.71,260.17,0,0.535
2026-08-03 07:15:00,CELL-KOL-03,Kolkata,30.66,196.19,0,0.496
2026-08-03 07:15:00,CELL-MUM-01,Mumbai,32.29,184.19,0,0.507
2026-08-03 07:15:00,CELL-MUM-02,Mumbai,31.09,229.94,0,0.415
2026-08-03 07:15:00,CELL-MUM-03,Mumbai,32.89,321.05,0,0.384
2026-08-03 07:30:00,CELL-BLR-01,Bengaluru,31.26,191.49,0,0.662
2026-08-03 07:30:00,CELL-BLR-02,Bengaluru,34.14,273.86,0,0.397
2026-08-03 07:30:00,CELL-BLR-03,Bengaluru,29.97,187.79,0,0.52
2026-08-03 07:30:00,CELL-DEL-01,Delhi NCR,28.82,306.9,0,0.836
2026-08-03 07:30:00,CELL-DEL-02,Delhi NCR,30.13,270.6,0,0.414
2026-08-03 07:30:00,CELL-DEL-03,Delhi NCR,31.91,278.09,0,0.459
2026-08-03 07:30:00,CELL-KOL-01,Kolkata,30.04,271.59,0,0.345
2026-08-03 07:30:00,CELL-KOL-02,Kolkata,35.08,241.31,0,0.463
2026-08-03 07:30:00,CELL-KOL-03,Kolkata,82.61,176.03,0,0.781
2026-08-03 07:30:00,CELL-MUM-01,Mumbai,30.25,208.21,0,0.583
2026-08-03 07:30:00,CELL-MUM-02,Mumbai,32.19,224.75,0,0.262
2026-08-03 07:30:00,CELL-MUM-03,Mumbai,31.1,298.26,0,0.561
2026-08-03 07:45:00,CELL-BLR-01,Bengaluru,29.88,183.84,0,0.73
2026-08-03 07:45:00,CELL-BLR-02,Bengaluru,32.28,269.44,0,0.487
2026-08-03 07:45:00,CELL-BLR-03,Bengaluru,31.81,190.97,0,0.442
2026-08-03 07:45:00,CELL-DEL-01,Delhi NCR,23.48,314.04,0,0.666
2026-08-03 07:45:00,CELL-DEL-02,Delhi NCR,31.04,250.17,0,0.683
2026-08-03 07:45:00,CELL-DEL-03,Delhi NCR,33.65,276.85,0,0.592
2026-08-03 07:45:00,CELL-KOL-01,Kolkata,30.05,272.48,0,0.492
2026-08-03 07:45:00,CELL-KOL-02,Kolkata,34.86,247.37,0,0.356
2026-08-03 07:45:00,CELL-KOL-03,Kolkata,34.39,175.34,0,0.243
2026-08-03 07:45:00,CELL-MUM-01,Mumbai,27.38,174.63,0,0.817
2026-08-03 07:45:00,CELL-MUM-02,Mumbai,30.09,214.42,0,0.702
2026-08-03 07:45:00,CELL-MUM-03,Mumbai,29.86,292.63,0,0.634
2026-08-03 08:00:00,CELL-BLR-01,Bengaluru,30.75,184.09,0,0.634
2026-08-03 08:00:00,CELL-BLR-02,Bengaluru,33.66,277.52,0,0.423
2026-08-03 08:00:00,CELL-BLR-03,Bengaluru,28.39,185.69,0,0.562
2026-08-03 08:00:00,CELL-DEL-01,Delhi NCR,29.28,305.0,0,0.153
2026-08-03 08:00:00,CELL-DEL-02,Delhi NCR,31.94,254.64,0,0.431
2026-08-03 08:00:00,CELL-DEL-03,Delhi NCR,29.33,276.4,0,0.717
2026-08-03 08:00:00,CELL-KOL-01,Kolkata,28.74,262.29,0,0.628
2026-08-03 08:00:00,CELL-KOL-02,Kolkata,36.1,233.85,0,0.662
2026-08-03 08:00:00,CELL-KOL-03,Kolkata,33.83,197.72,0,0.478
2026-08-03 08:00:00,CELL-MUM-01,Mumbai,37.58,174.92,0,0.55
2026-08-03 08:00:00,CELL-MUM-02,Mumbai,34.31,216.85,0,0.475
2026-08-03 08:00:00,CELL-MUM-03,Mumbai,28.15,290.86,0,0.668
2026-08-03 08:15:00,CELL-BLR-01,Bengaluru,29.03,185.41,0,0.64
2026-08-03 08:15:00,CELL-BLR-02,Bengaluru,35.8,257.31,0,0.502
2026-08-03 08:15:00,CELL-BLR-03,Bengaluru,35.15,182.56,0,0.61
2026-08-03 08:15:00,CELL-DEL-01,Delhi NCR,31.33,294.94,0,0.674
2026-08-03 08:15:00,CELL-DEL-02,Delhi NCR,29.68,262.44,0,0.695
2026-08-03 08:15:00,CELL-DEL-03,Delhi NCR,34.97,256.46,0,0.487
2026-08-03 08:15:00,CELL-KOL-01,Kolkata,31.21,262.43,0,0.934
2026-08-03 08:15:00,CELL-KOL-02,Kolkata,34.62,228.24,0,0.225
2026-08-03 08:15:00,CELL-KOL-03,Kolkata,34.59,182.67,0,0.443
2026-08-03 08:15:00,CELL-MUM-01,Mumbai,31.03,174.19,0,0.759
2026-08-03 08:15:00,CELL-MUM-02,Mumbai,32.62,220.63,0,0.776
2026-08-03 08:15:00,CELL-MUM-03,Mumbai,31.38,281.32,0,0.507
2026-08-03 08:30:00,CELL-BLR-01,Bengaluru,33.91,155.99,0,0.883
2026-08-03 08:30:00,CELL-BLR-02,Bengaluru,33.9,253.23,0,0.888
2026-08-03 08:30:00,CELL-BLR-03,Bengaluru,32.24,164.54,0,0.33
2026-08-03 08:30:00,CELL-DEL-01,Delhi NCR,31.42,277.52,0,0.588
2026-08-03 08:30:00,CELL-DEL-02,Delhi NCR,,246.94,0,0.918
2026-08-03 08:30:00,CELL-DEL-03,Delhi NCR,36.62,245.12,0,0.779
2026-08-03 08:30:00,CELL-KOL-01,Kolkata,29.72,244.34,0,0.85
2026-08-03 08:30:00,CELL-KOL-02,Kolkata,,222.69,0,0.461
2026-08-03 08:30:00,CELL-KOL-03,Kolkata,36.49,167.87,0,0.407
2026-08-03 08:30:00,CELL-MUM-01,Mumbai,31.35,167.57,0,0.598
2026-08-03 08:30:00,CELL-MUM-02,Mumbai,32.44,191.62,0,0.642
2026-08-03 08:30:00,CELL-MUM-03,Mumbai,34.1,292.33,0,0.493
2026-08-03 08:45:00,CELL-BLR-01,Bengaluru,29.42,151.58,0,0.731
2026-08-03 08:45:00,CELL-BLR-02,Bengaluru,35.23,247.24,0,0.6
2026-08-03 08:45:00,CELL-BLR-03,Bengaluru,33.61,177.95,0,0.882
2026-08-03 08:45:00,CELL-DEL-01,Delhi NCR,30.95,261.37,0,0.843
2026-08-03 08:45:00,CELL-DEL-02,Delhi NCR,34.62,242.26,0,0.579
2026-08-03 08:45:00,CELL-DEL-03,Delhi NCR,36.44,261.57,0,0.767
2026-08-03 08:45:00,CELL-KOL-01,Kolkata,31.84,218.29,0,0.954
2026-08-03 08:45:00,CELL-KOL-02,Kolkata,35.34,221.91,0,0.545
2026-08-03 08:45:00,CELL-KOL-03,Kolkata,,157.81,0,0.423
2026-08-03 08:45:00,CELL-MUM-01,Mumbai,32.53,163.7,0,0.505
2026-08-03 08:45:00,CELL-MUM-02,Mumbai,36.46,196.89,0,0.825
2026-08-03 08:45:00,CELL-MUM-03,Mumbai,31.93,277.86,0,0.448
2026-08-03 09:00:00,CELL-BLR-01,Bengaluru,33.5,182.07,0,0.372
2026-08-03 09:00:00,CELL-BLR-02,Bengaluru,38.06,237.96,0,0.402
2026-08-03 09:00:00,CELL-BLR-03,Bengaluru,34.29,165.46,0,0.902
2026-08-03 09:00:00,CELL-DEL-01,Delhi NCR,31.83,270.16,0,0.71
2026-08-03 09:00:00,CELL-DEL-02,Delhi NCR,34.69,234.29,0,0.262
2026-08-03 09:00:00,CELL-DEL-03,Delhi NCR,36.28,254.49,0,0.828
2026-08-03 09:00:00,CELL-KOL-01,Kolkata,34.86,228.8,0,0.7
2026-08-03 09:00:00,CELL-KOL-02,Kolkata,40.54,226.39,0,0.693
2026-08-03 09:00:00,CELL-KOL-03,Kolkata,40.27,160.91,0,0.817
2026-08-03 09:00:00,CELL-MUM-01,Mumbai,37.64,161.9,0,0.508
2026-08-03 09:00:00,CELL-MUM-02,Mumbai,35.25,185.73,0,0.6
2026-08-03 09:00:00,CELL-MUM-03,Mumbai,35.7,252.88,0,0.896
2026-08-03 09:15:00,CELL-BLR-01,Bengaluru,34.34,156.39,0,0.833
2026-08-03 09:15:00,CELL-BLR-02,Bengaluru,34.32,237.74,0,0.489
2026-08-03 09:15:00,CELL-BLR-03,Bengaluru,36.7,151.13,0,0.455
2026-08-03 09:15:00,CELL-DEL-01,Delhi NCR,69.84,269.94,0,0.581
2026-08-03 09:15:00,CELL-DEL-02,Delhi NCR,35.19,221.99,0,0.594
2026-08-03 09:15:00,CELL-DEL-03,Delhi NCR,39.46,229.2,0,0.415
2026-08-03 09:15:00,CELL-KOL-01,Kolkata,31.63,242.15,0,0.509
2026-08-03 09:15:00,CELL-KOL-02,Kolkata,42.81,197.15,0,0.788
2026-08-03 09:15:00,CELL-KOL-03,Kolkata,37.76,154.63,0,0.814
2026-08-03 09:15:00,CELL-MUM-01,Mumbai,37.23,152.45,0,0.948
2026-08-03 09:15:00,CELL-MUM-02,Mumbai,38.11,169.79,0,0.902
2026-08-03 09:15:00,CELL-MUM-03,Mumbai,36.44,245.5,0,0.182
2026-08-03 09:30:00,CELL-BLR-01,Bengaluru,33.48,158.84,0,0.705
2026-08-03 09:30:00,CELL-BLR-02,Bengaluru,43.37,218.84,0,0.428
2026-08-03 09:30:00,CELL-BLR-03,Bengaluru,36.7,153.28,0,0.611
2026-08-03 09:30:00,CELL-DEL-01,Delhi NCR,33.2,268.86,0,0.818
2026-08-03 09:30:00,CELL-DEL-02,Delhi NCR,38.05,221.52,0,0.718
2026-08-03 09:30:00,CELL-DEL-03,Delhi NCR,36.14,222.2,0,0.26
2026-08-03 09:30:00,CELL-KOL-01,Kolkata,32.02,226.3,0,0.915
2026-08-03 09:30:00,CELL-KOL-02,Kolkata,39.9,191.5,0,0.435
2026-08-03 09:30:00,CELL-KOL-03,Kolkata,39.06,165.75,0,0.983
2026-08-03 09:30:00,CELL-MUM-01,Mumbai,38.33,162.04,0,0.529
2026-08-03 09:30:00,CELL-MUM-02,Mumbai,37.04,191.96,0,1.28
2026-08-03 09:30:00,CELL-MUM-03,Mumbai,38.98,250.0,0,0.692
2026-08-03 09:45:00,CELL-BLR-01,Bengaluru,36.48,133.01,0,1.001
2026-08-03 09:45:00,CELL-BLR-02,Bengaluru,40.9,212.3,0,0.509
2026-08-03 09:45:00,CELL-BLR-03,Bengaluru,39.8,131.36,0,1.188
2026-08-03 09:45:00,CELL-DEL-01,Delhi NCR,,252.47,0,0.969
2026-08-03 09:45:00,CELL-DEL-02,Delhi NCR,38.05,218.82,0,1.105
2026-08-03 09:45:00,CELL-DEL-03,Delhi NCR,37.71,218.79,0,0.45
2026-08-03 09:45:00,CELL-KOL-01,Kolkata,37.72,222.14,0,0.73
2026-08-03 09:45:00,CELL-KOL-02,Kolkata,38.13,203.13,0,0.52
2026-08-03 09:45:00,CELL-KOL-03,Kolkata,40.18,152.38,0,1.129
2026-08-03 09:45:00,CELL-MUM-01,Mumbai,33.26,173.73,0,0.715
2026-08-03 09:45:00,CELL-MUM-02,Mumbai,42.17,185.43,0,1.289
2026-08-03 09:45:00,CELL-MUM-03,Mumbai,36.95,250.01,0,0.783
2026-08-03 10:00:00,CELL-BLR-01,Bengaluru,35.49,144.49,0,0.621
2026-08-03 10:00:00,CELL-BLR-02,Bengaluru,39.07,219.87,0,0.42
2026-08-03 10:00:00,CELL-BLR-03,Bengaluru,38.09,151.08,0,0.623
2026-08-03 10:00:00,CELL-DEL-01,Delhi NCR,34.26,270.14,0,0.604
2026-08-03 10:00:00,CELL-DEL-02,Delhi NCR,40.57,218.25,0,0.625
2026-08-03 10:00:00,CELL-DEL-03,Delhi NCR,39.34,234.81,0,0.563
2026-08-03 10:00:00,CELL-KOL-01,Kolkata,37.62,217.37,0,0.344
2026-08-03 10:00:00,CELL-KOL-02,Kolkata,42.52,196.31,0,0.783
2026-08-03 10:00:00,CELL-KOL-03,Kolkata,38.91,159.31,0,0.84
2026-08-03 10:00:00,CELL-MUM-01,Mumbai,36.94,156.49,0,0.767
2026-08-03 10:00:00,CELL-MUM-02,Mumbai,39.93,183.05,0,1.018
2026-08-03 10:00:00,CELL-MUM-03,Mumbai,35.07,239.67,0,0.622
2026-08-03 10:15:00,CELL-BLR-01,Bengaluru,37.33,150.8,0,1.243
2026-08-03 10:15:00,CELL-BLR-02,Bengaluru,38.13,223.22,0,0.919
2026-08-03 10:15:00,CELL-BLR-03,Bengaluru,35.84,144.25,0,1.337
2026-08-03 10:15:00,CELL-DEL-01,Delhi NCR,36.93,251.88,0,0.466
2026-08-03 10:15:00,CELL-DEL-02,Delhi NCR,38.6,210.47,0,0.96
2026-08-03 10:15:00,CELL-DEL-03,Delhi NCR,40.04,226.76,0,0.764
2026-08-03 10:15:00,CELL-KOL-01,Kolkata,36.0,205.86,0,0.912
2026-08-03 10:15:00,CELL-KOL-02,Kolkata,44.13,204.55,0,1.015
2026-08-03 10:15:00,CELL-KOL-03,Kolkata,41.74,165.82,0,0.85
2026-08-03 10:15:00,CELL-MUM-01,Mumbai,38.78,146.34,0,0.793
2026-08-03 10:15:00,CELL-MUM-02,Mumbai,42.41,169.14,0,0.924
2026-08-03 10:15:00,CELL-MUM-03,Mumbai,38.64,250.57,0,0.709
2026-08-03 10:30:00,CELL-BLR-01,Bengaluru,32.0,152.47,0,0.245
2026-08-03 10:30:00,CELL-BLR-02,Bengaluru,38.96,242.34,0,0.732
2026-08-03 10:30:00,CELL-BLR-03,Bengaluru,36.47,161.62,0,0.701
2026-08-03 10:30:00,CELL-DEL-01,Delhi NCR,33.64,261.56,0,0.591
2026-08-03 10:30:00,CELL-DEL-02,Delhi NCR,37.7,215.07,0,0.369
2026-08-03 10:30:00,CELL-DEL-03,Delhi NCR,36.87,223.1,0,0.799
2026-08-03 10:30:00,CELL-KOL-01,Kolkata,33.96,218.95,0,0.854
2026-08-03 10:30:00,CELL-KOL-02,Kolkata,38.43,198.24,0,0.851
2026-08-03 10:30:00,CELL-KOL-03,Kolkata,40.96,148.33,0,1.036
2026-08-03 10:30:00,CELL-MUM-01,Mumbai,42.17,154.0,0,0.888
2026-08-03 10:30:00,CELL-MUM-02,Mumbai,41.27,175.25,0,0.92
2026-08-03 10:30:00,CELL-MUM-03,Mumbai,38.6,236.19,0,0.591
2026-08-03 10:45:00,CELL-BLR-01,Bengaluru,33.37,149.71,0,0.364
2026-08-03 10:45:00,CELL-BLR-02,Bengaluru,36.39,240.38,0,0.523
2026-08-03 10:45:00,CELL-BLR-03,Bengaluru,38.4,146.47,0,0.502
2026-08-03 10:45:00,CELL-DEL-01,Delhi NCR,34.23,260.04,0,0.846
2026-08-03 10:45:00,CELL-DEL-02,Delhi NCR,36.97,233.89,0,1.061
2026-08-03 10:45:00,CELL-DEL-03,Delhi NCR,37.81,243.05,0,0.587
2026-08-03 10:45:00,CELL-KOL-01,Kolkata,34.04,236.22,0,0.775
2026-08-03 10:45:00,CELL-KOL-02,Kolkata,39.81,208.76,0,1.059
2026-08-03 10:45:00,CELL-KOL-03,Kolkata,38.15,153.52,0,0.517
2026-08-03 10:45:00,CELL-MUM-01,Mumbai,34.85,153.53,0,0.328
2026-08-03 10:45:00,CELL-MUM-02,Mumbai,39.39,188.3,0,0.224
2026-08-03 10:45:00,CELL-MUM-03,Mumbai,29.72,260.68,0,0.991
2026-08-03 11:00:00,CELL-BLR-01,Bengaluru,31.6,154.17,0,0.335
2026-08-03 11:00:00,CELL-BLR-02,Bengaluru,34.11,244.69,0,0.725
2026-08-03 11:00:00,CELL-BLR-03,Bengaluru,34.62,161.51,0,0.536
2026-08-03 11:00:00,CELL-DEL-01,Delhi NCR,31.97,270.64,0,1.054
2026-08-03 11:00:00,CELL-DEL-02,Delhi NCR,87.99,235.8,0,0.771
2026-08-03 11:00:00,CELL-DEL-03,Delhi NCR,33.59,233.58,0,0.922
2026-08-03 11:00:00,CELL-KOL-01,Kolkata,31.0,235.93,0,0.425
2026-08-03 11:00:00,CELL-KOL-02,Kolkata,39.18,228.64,0,0.608
2026-08-03 11:00:00,CELL-KOL-03,Kolkata,35.03,155.16,0,0.825
2026-08-03 11:00:00,CELL-MUM-01,Mumbai,39.25,157.36,0,0.771
2026-08-03 11:00:00,CELL-MUM-02,Mumbai,36.65,205.13,0,0.801
2026-08-03 11:00:00,CELL-MUM-03,Mumbai,35.56,253.07,0,0.584
2026-08-03 11:15:00,CELL-BLR-01,Bengaluru,31.97,179.09,0,0.81
2026-08-03 11:15:00,CELL-BLR-02,Bengaluru,35.71,246.73,0,0.502
2026-08-03 11:15:00,CELL-BLR-03,Bengaluru,32.17,170.91,0,0.334
2026-08-03 11:15:00,CELL-DEL-01,Delhi NCR,31.55,284.67,0,0.506
2026-08-03 11:15:00,CELL-DEL-02,Delhi NCR,33.31,232.71,0,0.953
2026-08-03 11:15:00,CELL-DEL-03,Delhi NCR,31.69,260.34,0,0.289
2026-08-03 11:15:00,CELL-KOL-01,Kolkata,34.55,252.96,0,0.584
2026-08-03 11:15:00,CELL-KOL-02,Kolkata,36.8,218.44,0,0.39
2026-08-03 11:15:00,CELL-KOL-03,Kolkata,36.69,182.89,0,0.366
2026-08-03 11:15:00,CELL-MUM-01,Mumbai,33.31,164.82,0,0.544
2026-08-03 11:15:00,CELL-MUM-02,Mumbai,35.11,210.88,0,0.976
2026-08-03 11:15:00,CELL-MUM-03,Mumbai,35.17,284.86,0,0.507
2026-08-03 11:30:00,CELL-BLR-01,Bengaluru,31.22,180.17,0,0.561
2026-08-03 11:30:00,CELL-BLR-02,Bengaluru,34.67,264.73,0,0.791
2026-08-03 11:30:00,CELL-BLR-03,Bengaluru,,180.09,0,0.503
2026-08-03 11:30:00,CELL-DEL-01,Delhi NCR,,297.39,0,0.695
2026-08-03 11:30:00,CELL-DEL-02,Delhi NCR,32.76,254.91,0,0.475
2026-08-03 11:30:00,CELL-DEL-03,Delhi NCR,34.16,254.63,0,0.586
2026-08-03 11:30:00,CELL-KOL-01,Kolkata,31.36,260.0,0,0.573
2026-08-03 11:30:00,CELL-KOL-02,Kolkata,33.23,241.15,0,0.83
2026-08-03 11:30:00,CELL-KOL-03,Kolkata,34.77,177.4,0,0.567
2026-08-03 11:30:00,CELL-MUM-01,Mumbai,32.51,162.27,0,0.586
2026-08-03 11:30:00,CELL-MUM-02,Mumbai,33.86,221.77,0,0.85
2026-08-03 11:30:00,CELL-MUM-03,Mumbai,29.54,270.25,0,0.633
2026-08-03 11:45:00,CELL-BLR-01,Bengaluru,31.08,187.75,0,0.929
2026-08-03 11:45:00,CELL-BLR-02,Bengaluru,29.4,275.59,0,0.288
2026-08-03 11:45:00,CELL-BLR-03,Bengaluru,33.41,180.31,0,0.524
2026-08-03 11:45:00,CELL-DEL-01,Delhi NCR,29.81,272.17,0,0.387
2026-08-03 11:45:00,CELL-DEL-02,Delhi NCR,32.03,244.52,0,0.499
2026-08-03 11:45:00,CELL-DEL-03,Delhi NCR,36.48,250.0,0,0.784
2026-08-03 11:45:00,CELL-KOL-01,Kolkata,30.08,261.72,0,0.723
2026-08-03 11:45:00,CELL-KOL-02,Kolkata,34.3,223.08,0,0.323
2026-08-03 11:45:00,CELL-KOL-03,Kolkata,78.08,185.99,0,0.844
2026-08-03 11:45:00,CELL-MUM-01,Mumbai,32.58,190.7,0,0.949
2026-08-03 11:45:00,CELL-MUM-02,Mumbai,35.26,206.38,0,0.598
2026-08-03 11:45:00,CELL-MUM-03,Mumbai,33.0,286.77,0,0.607
2026-08-03 12:00:00,CELL-BLR-01,Bengaluru,33.3,177.32,0,0.447
2026-08-03 12:00:00,CELL-BLR-02,Bengaluru,33.37,269.47,0,0.316
2026-08-03 12:00:00,CELL-BLR-03,Bengaluru,37.35,180.07,0,0.464
2026-08-03 12:00:00,CELL-DEL-01,Delhi NCR,,291.73,0,0.449
2026-08-03 12:00:00,CELL-DEL-02,Delhi NCR,29.97,262.61,0,0.89
2026-08-03 12:00:00,CELL-DEL-03,Delhi NCR,33.54,290.1,0,0.479
2026-08-03 12:00:00,CELL-KOL-01,Kolkata,32.76,283.64,0,0.446
2026-08-03 12:00:00,CELL-KOL-02,Kolkata,33.33,249.31,0,1.013
2026-08-03 12:00:00,CELL-KOL-03,Kolkata,35.53,196.53,0,0.916
2026-08-03 12:00:00,CELL-MUM-01,Mumbai,32.29,191.38,0,0.783
2026-08-03 12:00:00,CELL-MUM-02,Mumbai,32.58,220.64,0,0.833
2026-08-03 12:00:00,CELL-MUM-03,Mumbai,30.07,295.57,0,0.657
2026-08-03 12:15:00,CELL-BLR-01,Bengaluru,31.61,203.56,0,0.664
2026-08-03 12:15:00,CELL-BLR-02,Bengaluru,30.11,276.61,0,0.653
2026-08-03 12:15:00,CELL-BLR-03,Bengaluru,30.91,191.16,0,0.753
2026-08-03 12:15:00,CELL-DEL-01,Delhi NCR,28.82,303.69,0,0.466
2026-08-03 12:15:00,CELL-DEL-02,Delhi NCR,31.44,252.48,0,0.308
2026-08-03 12:15:00,CELL-DEL-03,Delhi NCR,31.98,261.86,0,0.437
2026-08-03 12:15:00,CELL-KOL-01,Kolkata,30.0,264.64,0,0.787
2026-08-03 12:15:00,CELL-KOL-02,Kolkata,34.54,246.96,0,0.538
2026-08-03 12:15:00,CELL-KOL-03,Kolkata,34.21,188.16,0,0.783
2026-08-03 12:15:00,CELL-MUM-01,Mumbai,31.91,191.08,0,0.401
2026-08-03 12:15:00,CELL-MUM-02,Mumbai,33.07,222.35,0,0.678
2026-08-03 12:15:00,CELL-MUM-03,Mumbai,28.67,304.22,0,0.85
2026-08-03 12:30:00,CELL-BLR-01,Bengaluru,28.22,186.81,0,0.469
2026-08-03 12:30:00,CELL-BLR-02,Bengaluru,32.56,283.1,0,0.59
2026-08-03 12:30:00,CELL-BLR-03,Bengaluru,27.98,197.09,0,0.369
2026-08-03 12:30:00,CELL-DEL-01,Delhi NCR,,316.8,0,0.642
2026-08-03 12:30:00,CELL-DEL-02,Delhi NCR,30.52,245.96,0,0.672
2026-08-03 12:30:00,CELL-DEL-03,Delhi NCR,34.2,265.09,0,0.518
2026-08-03 12:30:00,CELL-KOL-01,Kolkata,26.61,262.53,0,0.464
2026-08-03 12:30:00,CELL-KOL-02,Kolkata,33.89,240.95,0,0.61
2026-08-03 12:30:00,CELL-KOL-03,Kolkata,33.38,191.36,0,0.476
2026-08-03 12:30:00,CELL-MUM-01,Mumbai,29.54,166.89,0,0.436
2026-08-03 12:30:00,CELL-MUM-02,Mumbai,30.13,209.39,0,0.573
2026-08-03 12:30:00,CELL-MUM-03,Mumbai,30.88,281.29,0,0.471
2026-08-03 12:45:00,CELL-BLR-01,Bengaluru,29.19,195.72,0,0.45
2026-08-03 12:45:00,CELL-BLR-02,Bengaluru,28.11,268.72,0,0.497
2026-08-03 12:45:00,CELL-BLR-03,Bengaluru,29.83,181.35,0,0.741
2026-08-03 12:45:00,CELL-DEL-01,Delhi NCR,26.37,308.89,0,0.32
2026-08-03 12:45:00,CELL-DEL-02,Delhi NCR,31.92,283.72,0,0.504
2026-08-03 12:45:00,CELL-DEL-03,Delhi NCR,28.3,288.77,0,0.864
2026-08-03 12:45:00,CELL-KOL-01,Kolkata,27.6,271.67,0,0.554
2026-08-03 12:45:00,CELL-KOL-02,Kolkata,35.44,237.58,0,0.588
2026-08-03 12:45:00,CELL-KOL-03,Kolkata,35.67,173.66,0,0.389
2026-08-03 12:45:00,CELL-MUM-01,Mumbai,29.18,195.24,0,0.507
2026-08-03 12:45:00,CELL-MUM-02,Mumbai,31.0,211.16,0,0.405
2026-08-03 12:45:00,CELL-MUM-03,Mumbai,28.91,303.38,0,0.302
2026-08-03 13:00:00,CELL-BLR-01,Bengaluru,26.07,188.28,0,0.628
2026-08-03 13:00:00,CELL-BLR-02,Bengaluru,31.43,272.05,0,0.768
2026-08-03 13:00:00,CELL-BLR-03,Bengaluru,31.74,188.86,0,0.449
2026-08-03 13:00:00,CELL-DEL-01,Delhi NCR,31.13,322.69,0,0.622
2026-08-03 13:00:00,CELL-DEL-02,Delhi NCR,32.97,266.64,0,0.468
2026-08-03 13:00:00,CELL-DEL-03,Delhi NCR,32.68,296.55,0,0.618
2026-08-03 13:00:00,CELL-KOL-01,Kolkata,30.49,266.83,0,0.712
2026-08-03 13:00:00,CELL-KOL-02,Kolkata,34.08,249.43,0,0.668
2026-08-03 13:00:00,CELL-KOL-03,Kolkata,34.19,195.27,0,0.711
2026-08-03 13:00:00,CELL-MUM-01,Mumbai,28.37,186.37,0,0.381
2026-08-03 13:00:00,CELL-MUM-02,Mumbai,31.63,217.86,0,0.518
2026-08-03 13:00:00,CELL-MUM-03,Mumbai,29.0,296.8,0,0.452
2026-08-03 13:15:00,CELL-BLR-01,Bengaluru,32.2,178.61,0,0.568
2026-08-03 13:15:00,CELL-BLR-02,Bengaluru,28.93,278.85,0,0.421
2026-08-03 13:15:00,CELL-BLR-03,Bengaluru,33.03,198.74,0,0.597
2026-08-03 13:15:00,CELL-DEL-01,Delhi NCR,29.08,329.85,0,0.269
2026-08-03 13:15:00,CELL-DEL-02,Delhi NCR,31.72,275.25,0,0.561
2026-08-03 13:15:00,CELL-DEL-03,Delhi NCR,29.92,267.96,0,0.714
2026-08-03 13:15:00,CELL-KOL-01,Kolkata,28.07,291.86,0,0.734
2026-08-03 13:15:00,CELL-KOL-02,Kolkata,34.06,251.26,0,0.562
2026-08-03 13:15:00,CELL-KOL-03,Kolkata,31.84,191.78,0,0.387
2026-08-03 13:15:00,CELL-MUM-01,Mumbai,31.9,192.41,0,0.571
2026-08-03 13:15:00,CELL-MUM-02,Mumbai,34.09,206.31,0,0.799
2026-08-03 13:15:00,CELL-MUM-03,Mumbai,29.47,297.1,0,0.522
2026-08-03 13:30:00,CELL-BLR-01,Bengaluru,28.17,200.47,0,0.488
2026-08-03 13:30:00,CELL-BLR-02,Bengaluru,36.06,285.51,0,0.466
2026-08-03 13:30:00,CELL-BLR-03,Bengaluru,29.07,194.9,0,0.574
2026-08-03 13:30:00,CELL-DEL-01,Delhi NCR,67.64,319.01,0,0.85
2026-08-03 13:30:00,CELL-DEL-02,Delhi NCR,28.0,263.16,0,0.444
2026-08-03 13:30:00,CELL-DEL-03,Delhi NCR,29.68,293.34,0,0.308
2026-08-03 13:30:00,CELL-KOL-01,Kolkata,31.54,278.46,0,0.418
2026-08-03 13:30:00,CELL-KOL-02,Kolkata,33.34,254.02,0,0.493
2026-08-03 13:30:00,CELL-KOL-03,Kolkata,33.37,186.38,0,0.729
2026-08-03 13:30:00,CELL-MUM-01,Mumbai,27.74,191.32,0,0.253
2026-08-03 13:30:00,CELL-MUM-02,Mumbai,33.67,222.89,0,0.789
2026-08-03 13:30:00,CELL-MUM-03,Mumbai,30.37,294.4,0,0.943
2026-08-03 13:45:00,CELL-BLR-01,Bengaluru,27.68,192.34,0,1.013
2026-08-03 13:45:00,CELL-BLR-02,Bengaluru,34.82,264.92,0,0.286
2026-08-03 13:45:00,CELL-BLR-03,Bengaluru,27.71,187.0,0,0.565
2026-08-03 13:45:00,CELL-DEL-01,Delhi NCR,30.16,310.49,0,0.421
2026-08-03 13:45:00,CELL-DEL-02,Delhi NCR,28.13,257.2,0,0.43
2026-08-03 13:45:00,CELL-DEL-03,Delhi NCR,28.96,298.92,0,0.279
2026-08-03 13:45:00,CELL-KOL-01,Kolkata,29.16,274.93,0,0.89
2026-08-03 13:45:00,CELL-KOL-02,Kolkata,64.48,238.46,0,0.241
2026-08-03 13:45:00,CELL-KOL-03,Kolkata,32.83,181.5,0,0.671
2026-08-03 13:45:00,CELL-MUM-01,Mumbai,29.97,180.79,0,0.5
2026-08-03 13:45:00,CELL-MUM-02,Mumbai,31.52,224.88,0,0.638
2026-08-03 13:45:00,CELL-MUM-03,Mumbai,26.37,308.27,0,0.976
2026-08-03 14:00:00,CELL-BLR-01,Bengaluru,27.44,182.14,0,0.46
2026-08-03 14:00:00,CELL-BLR-02,Bengaluru,27.83,261.66,0,0.428
2026-08-03 14:00:00,CELL-BLR-03,Bengaluru,29.21,193.87,0,0.502
2026-08-03 14:00:00,CELL-DEL-01,Delhi NCR,28.83,302.78,0,0.568
2026-08-03 14:00:00,CELL-DEL-02,Delhi NCR,29.73,265.53,0,0.535
2026-08-03 14:00:00,CELL-DEL-03,Delhi NCR,31.69,283.32,0,0.529
2026-08-03 14:00:00,CELL-KOL-01,Kolkata,27.78,277.92,0,0.273
2026-08-03 14:00:00,CELL-KOL-02,Kolkata,30.82,251.37,0,0.481
2026-08-03 14:00:00,CELL-KOL-03,Kolkata,31.69,189.28,0,0.359
2026-08-03 14:00:00,CELL-MUM-01,Mumbai,32.36,176.39,0,0.36
2026-08-03 14:00:00,CELL-MUM-02,Mumbai,32.01,238.29,0,0.545
2026-08-03 14:00:00,CELL-MUM-03,Mumbai,31.46,308.33,0,0.351
2026-08-03 14:15:00,CELL-BLR-01,Bengaluru,27.13,182.14,0,0.8
2026-08-03 14:15:00,CELL-BLR-02,Bengaluru,30.83,281.76,0,0.232
2026-08-03 14:15:00,CELL-BLR-03,Bengaluru,28.94,195.5,0,0.453
2026-08-03 14:15:00,CELL-DEL-01,Delhi NCR,27.62,324.42,0,0.579
2026-08-03 14:15:00,CELL-DEL-02,Delhi NCR,31.59,255.91,0,0.686
2026-08-03 14:15:00,CELL-DEL-03,Delhi NCR,30.26,274.74,0,0.721
2026-08-03 14:15:00,CELL-KOL-01,Kolkata,27.36,265.08,0,0.554
2026-08-03 14:15:00,CELL-KOL-02,Kolkata,35.6,255.65,0,0.593
2026-08-03 14:15:00,CELL-KOL-03,Kolkata,32.94,185.94,0,0.48
2026-08-03 14:15:00,CELL-MUM-01,Mumbai,30.04,179.26,0,0.504
2026-08-03 14:15:00,CELL-MUM-02,Mumbai,31.98,216.67,0,0.777
2026-08-03 14:15:00,CELL-MUM-03,Mumbai,30.57,305.97,0,0.347
2026-08-03 14:30:00,CELL-BLR-01,Bengaluru,29.32,177.29,0,0.769
2026-08-03 14:30:00,CELL-BLR-02,Bengaluru,33.35,290.66,0,0.632
2026-08-03 14:30:00,CELL-BLR-03,Bengaluru,34.66,179.77,0,0.414
2026-08-03 14:30:00,CELL-DEL-01,Delhi NCR,27.81,303.95,0,0.834
2026-08-03 14:30:00,CELL-DEL-02,Delhi NCR,33.53,272.99,0,0.646
2026-08-03 14:30:00,CELL-DEL-03,Delhi NCR,34.27,269.52,0,0.438
2026-08-03 14:30:00,CELL-KOL-01,Kolkata,27.04,281.02,0,0.668
2026-08-03 14:30:00,CELL-KOL-02,Kolkata,33.16,239.8,0,0.671
2026-08-03 14:30:00,CELL-KOL-03,Kolkata,33.62,201.55,0,0.823
2026-08-03 14:30:00,CELL-MUM-01,Mumbai,30.56,187.45,0,0.567
2026-08-03 14:30:00,CELL-MUM-02,Mumbai,32.22,224.04,0,0.383
2026-08-03 14:30:00,CELL-MUM-03,Mumbai,31.52,299.33,0,0.71
2026-08-03 14:45:00,CELL-BLR-01,Bengaluru,27.05,197.22,0,0.152
2026-08-03 14:45:00,CELL-BLR-02,Bengaluru,34.14,278.82,0,0.615
2026-08-03 14:45:00,CELL-BLR-03,Bengaluru,30.62,193.84,0,0.719
2026-08-03 14:45:00,CELL-DEL-01,Delhi NCR,30.04,307.38,0,0.317
2026-08-03 14:45:00,CELL-DEL-02,Delhi NCR,30.85,276.65,0,0.648
2026-08-03 14:45:00,CELL-DEL-03,Delhi NCR,32.6,276.04,0,0.586
2026-08-03 14:45:00,CELL-KOL-01,Kolkata,29.83,271.08,0,0.158
2026-08-03 14:45:00,CELL-KOL-02,Kolkata,34.28,245.94,0,0.849
2026-08-03 14:45:00,CELL-KOL-03,Kolkata,31.58,178.28,0,0.713
2026-08-03 14:45:00,CELL-MUM-01,Mumbai,27.18,169.14,0,0.722
2026-08-03 14:45:00,CELL-MUM-02,Mumbai,31.27,218.86,0,0.505
2026-08-03 14:45:00,CELL-MUM-03,Mumbai,29.61,294.99,0,0.818
2026-08-03 15:00:00,CELL-BLR-01,Bengaluru,26.11,198.94,0,0.607
2026-08-03 15:00:00,CELL-BLR-02,Bengaluru,32.51,290.74,0,0.582
2026-08-03 15:00:00,CELL-BLR-03,Bengaluru,33.48,187.6,0,0.402
2026-08-03 15:00:00,CELL-DEL-01,Delhi NCR,29.77,322.31,0,0.617
2026-08-03 15:00:00,CELL-DEL-02,Delhi NCR,32.9,287.32,0,0.342
2026-08-03 15:00:00,CELL-DEL-03,Delhi NCR,32.88,296.6,0,0.439
2026-08-03 15:00:00,CELL-KOL-01,Kolkata,29.23,267.3,0,0.348
2026-08-03 15:00:00,CELL-KOL-02,Kolkata,34.23,250.62,0,0.555
2026-08-03 15:00:00,CELL-KOL-03,Kolkata,31.99,178.32,0,0.872
2026-08-03 15:00:00,CELL-MUM-01,Mumbai,29.99,185.09,0,0.32
2026-08-03 15:00:00,CELL-MUM-02,Mumbai,28.62,236.3,0,0.445
2026-08-03 15:00:00,CELL-MUM-03,Mumbai,31.42,294.37,0,0.987
2026-08-03 15:15:00,CELL-BLR-01,Bengaluru,30.26,177.28,0,0.867
2026-08-03 15:15:00,CELL-BLR-02,Bengaluru,31.0,268.26,0,0.502
2026-08-03 15:15:00,CELL-BLR-03,Bengaluru,29.98,188.93,0,0.418
2026-08-03 15:15:00,CELL-DEL-01,Delhi NCR,25.65,314.5,0,0.559
2026-08-03 15:15:00,CELL-DEL-02,Delhi NCR,29.52,273.98,0,0.602
2026-08-03 15:15:00,CELL-DEL-03,Delhi NCR,33.43,277.42,0,0.678
2026-08-03 15:15:00,CELL-KOL-01,Kolkata,30.2,267.29,0,0.812
2026-08-03 15:15:00,CELL-KOL-02,Kolkata,,248.29,0,0.792
2026-08-03 15:15:00,CELL-KOL-03,Kolkata,34.09,189.65,0,0.386
2026-08-03 15:15:00,CELL-MUM-01,Mumbai,29.3,190.39,0,0.961
2026-08-03 15:15:00,CELL-MUM-02,Mumbai,34.33,234.59,0,0.556
2026-08-03 15:15:00,CELL-MUM-03,Mumbai,30.73,298.17,0,0.399
2026-08-03 15:30:00,CELL-BLR-01,Bengaluru,28.51,190.13,0,0.504
2026-08-03 15:30:00,CELL-BLR-02,Bengaluru,31.13,275.36,0,0.416
2026-08-03 15:30:00,CELL-BLR-03,Bengaluru,30.25,196.6,0,0.27
2026-08-03 15:30:00,CELL-DEL-01,Delhi NCR,29.5,313.9,0,0.294
2026-08-03 15:30:00,CELL-DEL-02,Delhi NCR,31.56,282.94,0,0.365
2026-08-03 15:30:00,CELL-DEL-03,Delhi NCR,30.09,278.21,0,0.378
2026-08-03 15:30:00,CELL-KOL-01,Kolkata,30.08,284.14,0,0.13
2026-08-03 15:30:00,CELL-KOL-02,Kolkata,35.42,241.63,0,0.527
2026-08-03 15:30:00,CELL-KOL-03,Kolkata,29.23,183.35,0,0.463
2026-08-03 15:30:00,CELL-MUM-01,Mumbai,27.57,196.51,0,0.335
2026-08-03 15:30:00,CELL-MUM-02,Mumbai,35.37,221.6,0,0.544
2026-08-03 15:30:00,CELL-MUM-03,Mumbai,28.36,308.12,0,0.557
2026-08-03 15:45:00,CELL-BLR-01,Bengaluru,31.69,179.43,0,0.573
2026-08-03 15:45:00,CELL-BLR-02,Bengaluru,29.45,272.34,0,0.382
2026-08-03 15:45:00,CELL-BLR-03,Bengaluru,29.57,190.03,0,0.497
2026-08-03 15:45:00,CELL-DEL-01,Delhi NCR,28.44,314.88,0,0.407
2026-08-03 15:45:00,CELL-DEL-02,Delhi NCR,29.93,274.48,0,0.868
2026-08-03 15:45:00,CELL-DEL-03,Delhi NCR,31.54,282.95,0,0.403
2026-08-03 15:45:00,CELL-KOL-01,Kolkata,31.39,274.64,0,0.3
2026-08-03 15:45:00,CELL-KOL-02,Kolkata,33.66,241.65,0,0.762
2026-08-03 15:45:00,CELL-KOL-03,Kolkata,30.37,187.51,0,0.598
2026-08-03 15:45:00,CELL-MUM-01,Mumbai,29.35,187.92,0,0.804
2026-08-03 15:45:00,CELL-MUM-02,Mumbai,29.43,225.59,0,0.551
2026-08-03 15:45:00,CELL-MUM-03,Mumbai,31.12,303.85,0,0.86
2026-08-03 16:00:00,CELL-BLR-01,Bengaluru,30.41,179.33,0,0.609
2026-08-03 16:00:00,CELL-BLR-02,Bengaluru,33.8,276.75,0,0.847
2026-08-03 16:00:00,CELL-BLR-03,Bengaluru,32.27,171.45,0,0.56
2026-08-03 16:00:00,CELL-DEL-01,Delhi NCR,,321.21,0,0.5
2026-08-03 16:00:00,CELL-DEL-02,Delhi NCR,30.94,291.11,0,0.328
2026-08-03 16:00:00,CELL-DEL-03,Delhi NCR,32.98,277.33,0,0.84
2026-08-03 16:00:00,CELL-KOL-01,Kolkata,30.08,265.54,0,0.811
2026-08-03 16:00:00,CELL-KOL-02,Kolkata,36.18,258.3,0,0.314
2026-08-03 16:00:00,CELL-KOL-03,Kolkata,29.38,184.34,0,0.483
2026-08-03 16:00:00,CELL-MUM-01,Mumbai,29.34,182.1,0,0.676
2026-08-03 16:00:00,CELL-MUM-02,Mumbai,33.2,224.99,0,0.685
2026-08-03 16:00:00,CELL-MUM-03,Mumbai,30.22,315.3,0,0.304
2026-08-03 16:15:00,CELL-BLR-01,Bengaluru,28.31,-1.0,0,0.471
2026-08-03 16:15:00,CELL-BLR-02,Bengaluru,31.93,276.06,0,0.404
2026-08-03 16:15:00,CELL-BLR-03,Bengaluru,28.28,194.23,0,0.544
2026-08-03 16:15:00,CELL-DEL-01,Delhi NCR,28.32,311.08,0,0.74
2026-08-03 16:15:00,CELL-DEL-02,Delhi NCR,30.31,267.65,0,0.511
2026-08-03 16:15:00,CELL-DEL-03,Delhi NCR,32.73,292.36,0,0.878
2026-08-03 16:15:00,CELL-KOL-01,Kolkata,27.56,276.56,0,0.545
2026-08-03 16:15:00,CELL-KOL-02,Kolkata,35.44,249.41,0,0.542
2026-08-03 16:15:00,CELL-KOL-03,Kolkata,32.93,191.22,0,0.535
2026-08-03 16:15:00,CELL-MUM-01,Mumbai,28.99,184.05,0,0.517
2026-08-03 16:15:00,CELL-MUM-02,Mumbai,32.86,218.79,0,0.323
2026-08-03 16:15:00,CELL-MUM-03,Mumbai,29.28,318.19,0,0.414
2026-08-03 16:30:00,CELL-BLR-01,Bengaluru,28.27,189.58,0,0.972
2026-08-03 16:30:00,CELL-BLR-02,Bengaluru,31.07,270.39,0,0.543
2026-08-03 16:30:00,CELL-BLR-03,Bengaluru,32.01,188.85,0,0.514
2026-08-03 16:30:00,CELL-DEL-01,Delhi NCR,27.34,300.89,0,0.262
2026-08-03 16:30:00,CELL-DEL-02,Delhi NCR,31.27,274.92,0,0.809
2026-08-03 16:30:00,CELL-DEL-03,Delhi NCR,33.23,268.83,0,0.574
2026-08-03 16:30:00,CELL-KOL-01,Kolkata,26.93,264.72,0,0.336
2026-08-03 16:30:00,CELL-KOL-02,Kolkata,34.13,242.31,0,0.556
2026-08-03 16:30:00,CELL-KOL-03,Kolkata,30.45,190.93,0,0.744
2026-08-03 16:30:00,CELL-MUM-01,Mumbai,30.41,173.48,0,0.629
2026-08-03 16:30:00,CELL-MUM-02,Mumbai,35.17,223.05,0,0.43
2026-08-03 16:30:00,CELL-MUM-03,Mumbai,32.05,305.47,0,0.797
2026-08-03 16:45:00,CELL-BLR-01,Bengaluru,31.24,187.49,0,0.436
2026-08-03 16:45:00,CELL-BLR-02,Bengaluru,34.22,265.41,0,0.798
2026-08-03 16:45:00,CELL-BLR-03,Bengaluru,30.02,184.25,0,0.495
2026-08-03 16:45:00,CELL-DEL-01,Delhi NCR,26.73,302.42,0,0.278
2026-08-03 16:45:00,CELL-DEL-02,Delhi NCR,29.81,273.23,0,0.638
2026-08-03 16:45:00,CELL-DEL-03,Delhi NCR,32.07,275.5,0,0.506
2026-08-03 16:45:00,CELL-KOL-01,Kolkata,26.37,269.9,0,0.9
2026-08-03 16:45:00,CELL-KOL-02,Kolkata,35.36,241.75,0,0.662
2026-08-03 16:45:00,CELL-KOL-03,Kolkata,34.19,199.06,0,0.546
2026-08-03 16:45:00,CELL-MUM-01,Mumbai,31.0,164.06,0,0.582
2026-08-03 16:45:00,CELL-MUM-02,Mumbai,35.23,228.85,0,0.349
2026-08-03 16:45:00,CELL-MUM-03,Mumbai,27.03,309.23,0,0.318
2026-08-03 17:00:00,CELL-BLR-01,Bengaluru,27.82,180.7,0,0.429
2026-08-03 17:00:00,CELL-BLR-02,Bengaluru,,265.54,0,0.65
2026-08-03 17:00:00,CELL-BLR-03,Bengaluru,31.34,187.91,0,0.639
2026-08-03 17:00:00,CELL-DEL-01,Delhi NCR,68.6,286.88,0,0.778
2026-08-03 17:00:00,CELL-DEL-01,Delhi NCR,68.6,286.88,0,0.778
2026-08-03 17:00:00,CELL-DEL-02,Delhi NCR,32.16,259.9,0,0.415
2026-08-03 17:00:00,CELL-DEL-03,Delhi NCR,33.15,271.78,0,0.777
2026-08-03 17:00:00,CELL-KOL-01,Kolkata,27.45,267.56,0,0.732
2026-08-03 17:00:00,CELL-KOL-02,Kolkata,,252.28,0,0.393
2026-08-03 17:00:00,CELL-KOL-03,Kolkata,28.11,183.19,0,0.721
2026-08-03 17:00:00,CELL-MUM-01,Mumbai,31.86,178.62,0,0.106
2026-08-03 17:00:00,CELL-MUM-02,Mumbai,32.36,200.46,0,0.163
2026-08-03 17:00:00,CELL-MUM-03,Mumbai,33.26,289.48,0,0.68
2026-08-03 17:15:00,CELL-BLR-01,Bengaluru,30.63,185.74,0,0.697
2026-08-03 17:15:00,CELL-BLR-02,Bengaluru,31.85,269.96,0,0.639
2026-08-03 17:15:00,CELL-BLR-03,Bengaluru,29.51,186.93,0,0.494
2026-08-03 17:15:00,CELL-DEL-01,Delhi NCR,26.15,298.07,0,0.675
2026-08-03 17:15:00,CELL-DEL-02,Delhi NCR,33.02,263.45,0,0.938
2026-08-03 17:15:00,CELL-DEL-03,Delhi NCR,32.78,285.21,0,0.539
2026-08-03 17:15:00,CELL-KOL-01,Kolkata,27.93,263.14,0,0.453
2026-08-03 17:15:00,CELL-KOL-02,Kolkata,33.91,257.35,0,0.492
2026-08-03 17:15:00,CELL-KOL-03,Kolkata,32.17,189.62,0,1.151
2026-08-03 17:15:00,CELL-MUM-01,Mumbai,,196.21,0,0.42
2026-08-03 17:15:00,CELL-MUM-02,Mumbai,35.03,206.94,0,0.633
2026-08-03 17:15:00,CELL-MUM-03,Mumbai,30.41,300.29,0,0.466
2026-08-03 17:30:00,CELL-BLR-01,Bengaluru,31.81,187.37,0,0.118
2026-08-03 17:30:00,CELL-BLR-02,Bengaluru,31.88,259.71,0,0.851
2026-08-03 17:30:00,CELL-BLR-03,Bengaluru,32.85,173.66,0,0.815
2026-08-03 17:30:00,CELL-DEL-01,Delhi NCR,30.84,297.81,0,0.807
2026-08-03 17:30:00,CELL-DEL-02,Delhi NCR,30.04,253.54,0,0.503
2026-08-03 17:30:00,CELL-DEL-03,Delhi NCR,33.07,284.44,0,0.804
2026-08-03 17:30:00,CELL-KOL-01,Kolkata,32.12,262.14,0,0.796
2026-08-03 17:30:00,CELL-KOL-02,Kolkata,35.41,247.24,0,0.645
2026-08-03 17:30:00,CELL-KOL-03,Kolkata,33.38,178.91,0,0.598
2026-08-03 17:30:00,CELL-MUM-01,Mumbai,31.93,188.53,0,0.558
2026-08-03 17:30:00,CELL-MUM-02,Mumbai,35.45,216.45,0,0.646
2026-08-03 17:30:00,CELL-MUM-03,Mumbai,30.53,295.62,0,0.626
2026-08-03 17:45:00,CELL-BLR-01,Bengaluru,32.0,174.45,0,0.54
2026-08-03 17:45:00,CELL-BLR-02,Bengaluru,32.81,278.19,0,0.563
2026-08-03 17:45:00,CELL-BLR-03,Bengaluru,28.04,182.06,0,0.635
2026-08-03 17:45:00,CELL-DEL-01,Delhi NCR,27.79,298.15,0,0.591
2026-08-03 17:45:00,CELL-DEL-02,Delhi NCR,32.26,257.89,0,0.517
2026-08-03 17:45:00,CELL-DEL-03,Delhi NCR,34.19,269.45,0,0.525
2026-08-03 17:45:00,CELL-KOL-01,Kolkata,32.43,264.94,0,0.913
2026-08-03 17:45:00,CELL-KOL-02,Kolkata,36.24,235.48,0,0.35
2026-08-03 17:45:00,CELL-KOL-03,Kolkata,35.02,200.01,0,0.658
2026-08-03 17:45:00,CELL-MUM-01,Mumbai,31.59,189.81,0,0.336
2026-08-03 17:45:00,CELL-MUM-02,Mumbai,34.56,200.03,0,0.418
2026-08-03 17:45:00,CELL-MUM-03,Mumbai,30.15,284.99,0,0.759
2026-08-03 18:00:00,CELL-BLR-01,Bengaluru,33.7,174.7,0,0.585
2026-08-03 18:00:00,CELL-BLR-02,Bengaluru,31.9,256.3,0,0.344
2026-08-03 18:00:00,CELL-BLR-03,Bengaluru,33.36,179.51,0,0.62
2026-08-03 18:00:00,CELL-DEL-01,Delhi NCR,31.05,291.7,0,0.324
2026-08-03 18:00:00,CELL-DEL-02,Delhi NCR,31.86,258.01,0,0.867
2026-08-03 18:00:00,CELL-DEL-03,Delhi NCR,35.45,257.97,0,0.579
2026-08-03 18:00:00,CELL-KOL-01,Kolkata,28.08,249.63,0,0.683
2026-08-03 18:00:00,CELL-KOL-02,Kolkata,35.58,236.33,0,0.517
2026-08-03 18:00:00,CELL-KOL-03,Kolkata,35.26,168.74,0,0.69
2026-08-03 18:00:00,CELL-MUM-01,Mumbai,33.25,172.49,0,0.45
2026-08-03 18:00:00,CELL-MUM-02,Mumbai,35.56,208.19,0,0.449
2026-08-03 18:00:00,CELL-MUM-03,Mumbai,30.42,292.25,0,0.289
2026-08-03 18:15:00,CELL-BLR-01,Bengaluru,31.37,171.02,0,0.467
2026-08-03 18:15:00,CELL-BLR-02,Bengaluru,35.91,248.8,0,0.372
2026-08-03 18:15:00,CELL-BLR-03,Bengaluru,35.26,183.61,0,0.567
2026-08-03 18:15:00,CELL-DEL-01,Delhi NCR,33.74,291.97,0,0.631
2026-08-03 18:15:00,CELL-DEL-02,Delhi NCR,35.0,245.85,0,0.563
2026-08-03 18:15:00,CELL-DEL-03,Delhi NCR,34.29,256.2,0,0.368
2026-08-03 18:15:00,CELL-KOL-01,Kolkata,29.65,257.26,0,0.453
2026-08-03 18:15:00,CELL-KOL-02,Kolkata,35.26,222.97,0,0.606
2026-08-03 18:15:00,CELL-KOL-03,Kolkata,37.48,182.0,0,0.504
2026-08-03 18:15:00,CELL-MUM-01,Mumbai,34.5,166.06,0,1.008
2026-08-03 18:15:00,CELL-MUM-02,Mumbai,37.4,207.59,0,0.59
2026-08-03 18:15:00,CELL-MUM-03,Mumbai,30.82,281.35,0,0.664
2026-08-03 18:30:00,CELL-BLR-01,Bengaluru,34.54,157.2,0,0.674
2026-08-03 18:30:00,CELL-BLR-02,Bengaluru,38.2,239.55,0,0.711
2026-08-03 18:30:00,CELL-BLR-03,Bengaluru,33.31,178.8,0,0.625
2026-08-03 18:30:00,CELL-DEL-01,Delhi NCR,31.53,282.46,0,0.503
2026-08-03 18:30:00,CELL-DEL-02,Delhi NCR,34.26,235.91,0,0.626
2026-08-03 18:30:00,CELL-DEL-03,Delhi NCR,35.87,248.08,0,0.538
2026-08-03 18:30:00,CELL-KOL-01,Kolkata,31.83,225.11,0,0.512
2026-08-03 18:30:00,CELL-KOL-02,Kolkata,40.56,225.98,0,0.421
2026-08-03 18:30:00,CELL-KOL-03,Kolkata,38.28,150.39,0,0.89
2026-08-03 18:30:00,CELL-MUM-01,Mumbai,34.23,155.08,0,0.497
2026-08-03 18:30:00,CELL-MUM-02,Mumbai,33.09,179.9,0,0.563
2026-08-03 18:30:00,CELL-MUM-03,Mumbai,33.67,271.91,0,0.748
2026-08-03 18:45:00,CELL-BLR-01,Bengaluru,35.32,170.19,0,0.743
2026-08-03 18:45:00,CELL-BLR-02,Bengaluru,37.23,221.39,0,0.376
2026-08-03 18:45:00,CELL-BLR-03,Bengaluru,32.61,163.16,0,0.689
2026-08-03 18:45:00,CELL-DEL-01,Delhi NCR,35.4,266.38,0,1.313
2026-08-03 18:45:00,CELL-DEL-02,Delhi NCR,36.1,-1.0,0,0.669
2026-08-03 18:45:00,CELL-DEL-03,Delhi NCR,39.84,234.64,0,0.396
2026-08-03 18:45:00,CELL-KOL-01,Kolkata,35.78,208.77,0,0.794
2026-08-03 18:45:00,CELL-KOL-02,Kolkata,38.82,212.1,0,0.491
2026-08-03 18:45:00,CELL-KOL-03,Kolkata,39.13,153.41,0,0.805
2026-08-03 18:45:00,CELL-MUM-01,Mumbai,38.79,158.22,0,0.28
2026-08-03 18:45:00,CELL-MUM-02,Mumbai,38.01,181.11,0,0.715
2026-08-03 18:45:00,CELL-MUM-03,Mumbai,34.21,247.66,0,0.739
2026-08-03 19:00:00,CELL-BLR-01,Bengaluru,36.17,136.71,0,0.541
2026-08-03 19:00:00,CELL-BLR-02,Bengaluru,38.51,233.26,0,0.917
2026-08-03 19:00:00,CELL-BLR-03,Bengaluru,44.83,152.95,0,0.878
2026-08-03 19:00:00,CELL-DEL-01,Delhi NCR,37.82,235.4,0,0.82
2026-08-03 19:00:00,CELL-DEL-02,Delhi NCR,35.13,203.31,0,0.82
2026-08-03 19:00:00,CELL-DEL-03,Delhi NCR,38.42,216.17,0,0.665
2026-08-03 19:00:00,CELL-KOL-01,Kolkata,39.9,202.77,0,1.11
2026-08-03 19:00:00,CELL-KOL-02,Kolkata,42.8,193.09,0,0.847
2026-08-03 19:00:00,CELL-KOL-03,Kolkata,37.15,144.96,0,0.81
2026-08-03 19:00:00,CELL-MUM-01,Mumbai,39.36,131.98,0,0.367
2026-08-03 19:00:00,CELL-MUM-02,Mumbai,38.9,168.12,0,0.75
2026-08-03 19:00:00,CELL-MUM-03,Mumbai,39.71,247.37,0,0.5
2026-08-03 19:15:00,CELL-BLR-01,Bengaluru,38.48,135.81,0,0.175
2026-08-03 19:15:00,CELL-BLR-02,Bengaluru,41.72,207.74,0,0.905
2026-08-03 19:15:00,CELL-BLR-03,Bengaluru,41.17,140.95,0,0.435
2026-08-03 19:15:00,CELL-DEL-01,Delhi NCR,36.91,225.38,0,0.676
2026-08-03 19:15:00,CELL-DEL-02,Delhi NCR,40.57,219.81,0,0.655
2026-08-03 19:15:00,CELL-DEL-03,Delhi NCR,43.42,205.01,0,0.885
2026-08-03 19:15:00,CELL-KOL-01,Kolkata,36.88,205.15,0,0.658
2026-08-03 19:15:00,CELL-KOL-02,Kolkata,44.67,187.36,0,0.75
2026-08-03 19:15:00,CELL-KOL-03,Kolkata,41.45,150.65,0,0.551
2026-08-03 19:15:00,CELL-MUM-01,Mumbai,42.77,128.47,0,0.67
2026-08-03 19:15:00,CELL-MUM-02,Mumbai,41.12,176.91,0,0.738
2026-08-03 19:15:00,CELL-MUM-03,Mumbai,42.39,213.02,0,0.897
2026-08-03 19:30:00,CELL-BLR-01,Bengaluru,40.5,129.93,0,0.329
2026-08-03 19:30:00,CELL-BLR-02,Bengaluru,44.07,188.76,0,0.671
2026-08-03 19:30:00,CELL-BLR-03,Bengaluru,42.79,128.15,0,0.377
2026-08-03 19:30:00,CELL-DEL-01,Delhi NCR,39.45,226.14,0,0.854
2026-08-03 19:30:00,CELL-DEL-02,Delhi NCR,41.98,195.52,0,0.959
2026-08-03 19:30:00,CELL-DEL-03,Delhi NCR,42.58,194.62,0,0.903
2026-08-03 19:30:00,CELL-KOL-01,Kolkata,44.29,209.79,0,0.759
2026-08-03 19:30:00,CELL-KOL-02,Kolkata,46.92,199.95,0,0.701
2026-08-03 19:30:00,CELL-KOL-03,Kolkata,45.04,129.26,0,0.474
2026-08-03 19:30:00,CELL-MUM-01,Mumbai,42.48,131.43,0,0.413
2026-08-03 19:30:00,CELL-MUM-02,Mumbai,44.5,166.91,0,0.43
2026-08-03 19:30:00,CELL-MUM-03,Mumbai,40.3,202.09,0,0.917
2026-08-03 19:45:00,CELL-BLR-01,Bengaluru,41.93,128.06,0,0.978
2026-08-03 19:45:00,CELL-BLR-02,Bengaluru,43.18,186.7,0,0.686
2026-08-03 19:45:00,CELL-BLR-03,Bengaluru,46.34,146.89,0,0.998
2026-08-03 19:45:00,CELL-DEL-01,Delhi NCR,41.86,211.85,0,0.834
2026-08-03 19:45:00,CELL-DEL-02,Delhi NCR,49.09,194.77,0,0.639
2026-08-03 19:45:00,CELL-DEL-03,Delhi NCR,45.64,202.88,0,0.777
2026-08-03 19:45:00,CELL-KOL-01,Kolkata,43.63,186.62,0,0.764
2026-08-03 19:45:00,CELL-KOL-02,Kolkata,49.69,169.14,0,0.724
2026-08-03 19:45:00,CELL-KOL-03,Kolkata,47.52,131.34,0,0.642
2026-08-03 19:45:00,CELL-MUM-01,Mumbai,44.02,138.34,0,0.82
2026-08-03 19:45:00,CELL-MUM-02,Mumbai,48.16,149.11,0,0.411
2026-08-03 19:45:00,CELL-MUM-03,Mumbai,41.21,220.04,0,0.788
2026-08-03 20:00:00,CELL-BLR-01,Bengaluru,42.63,130.14,0,1.18
2026-08-03 20:00:00,CELL-BLR-02,Bengaluru,47.98,174.57,0,1.16
2026-08-03 20:00:00,CELL-BLR-03,Bengaluru,47.76,139.37,0,0.967
2026-08-03 20:00:00,CELL-DEL-01,Delhi NCR,43.13,197.66,0,1.087
2026-08-03 20:00:00,CELL-DEL-02,Delhi NCR,43.5,195.12,0,1.075
2026-08-03 20:00:00,CELL-DEL-03,Delhi NCR,44.25,189.51,0,0.804
2026-08-03 20:00:00,CELL-KOL-01,Kolkata,42.84,174.0,0,0.693
2026-08-03 20:00:00,CELL-KOL-02,Kolkata,50.7,167.97,0,0.889
2026-08-03 20:00:00,CELL-KOL-03,Kolkata,49.62,119.71,0,0.819
2026-08-03 20:00:00,CELL-MUM-01,Mumbai,45.66,114.94,0,0.692
2026-08-03 20:00:00,CELL-MUM-02,Mumbai,46.34,143.65,0,1.109
2026-08-03 20:00:00,CELL-MUM-03,Mumbai,42.91,210.66,0,0.813
2026-08-03 20:15:00,CELL-BLR-01,Bengaluru,47.35,116.7,0,0.142
2026-08-03 20:15:00,CELL-BLR-02,Bengaluru,47.4,166.54,0,1.26
2026-08-03 20:15:00,CELL-BLR-03,Bengaluru,49.21,117.02,0,0.479
2026-08-03 20:15:00,CELL-DEL-01,Delhi NCR,43.69,205.02,0,0.99
2026-08-03 20:15:00,CELL-DEL-02,Delhi NCR,44.83,183.28,0,0.562
2026-08-03 20:15:00,CELL-DEL-03,Delhi NCR,45.66,173.03,0,0.333
2026-08-03 20:15:00,CELL-KOL-01,Kolkata,47.25,164.44,0,0.705
2026-08-03 20:15:00,CELL-KOL-02,Kolkata,49.85,163.62,0,1.466
2026-08-03 20:15:00,CELL-KOL-03,Kolkata,50.6,123.44,0,0.902
2026-08-03 20:15:00,CELL-MUM-01,Mumbai,44.13,112.64,0,0.964
2026-08-03 20:15:00,CELL-MUM-02,Mumbai,48.86,160.43,0,1.037
2026-08-03 20:15:00,CELL-MUM-02,Mumbai,48.86,160.43,0,1.037
2026-08-03 20:15:00,CELL-MUM-03,Mumbai,43.68,190.8,0,0.197
2026-08-03 20:30:00,CELL-BLR-01,Bengaluru,48.61,146.67,0,0.635
2026-08-03 20:30:00,CELL-BLR-02,Bengaluru,45.08,189.28,0,0.748
2026-08-03 20:30:00,CELL-BLR-03,Bengaluru,45.82,135.69,0,1.127
2026-08-03 20:30:00,CELL-DEL-01,Delhi NCR,42.68,202.92,0,1.182
2026-08-03 20:30:00,CELL-DEL-02,Delhi NCR,44.85,175.49,0,1.011
2026-08-03 20:30:00,CELL-DEL-03,Delhi NCR,50.11,172.43,0,0.334
2026-08-03 20:30:00,CELL-KOL-01,Kolkata,45.47,179.87,0,0.609
2026-08-03 20:30:00,CELL-KOL-02,Kolkata,50.69,165.99,0,0.472
2026-08-03 20:30:00,CELL-KOL-03,Kolkata,50.03,114.04,0,1.074
2026-08-03 20:30:00,CELL-MUM-01,Mumbai,47.95,111.27,0,0.809
2026-08-03 20:30:00,CELL-MUM-02,Mumbai,51.34,137.63,0,1.228
2026-08-03 20:30:00,CELL-MUM-03,Mumbai,46.59,202.74,0,0.682
2026-08-03 20:45:00,CELL-BLR-01,Bengaluru,43.87,122.75,0,0.172
2026-08-03 20:45:00,CELL-BLR-02,Bengaluru,47.5,185.64,0,1.097
2026-08-03 20:45:00,CELL-BLR-03,Bengaluru,48.61,141.99,0,0.787
2026-08-03 20:45:00,CELL-DEL-01,Delhi NCR,40.61,197.95,0,1.084
2026-08-03 20:45:00,CELL-DEL-02,Delhi NCR,46.6,158.7,0,0.268
2026-08-03 20:45:00,CELL-DEL-03,Delhi NCR,47.45,177.78,0,0.446
2026-08-03 20:45:00,CELL-KOL-01,Kolkata,41.52,189.23,0,0.981
2026-08-03 20:45:00,CELL-KOL-02,Kolkata,51.64,159.39,0,0.82
2026-08-03 20:45:00,CELL-KOL-03,Kolkata,48.67,121.15,0,0.968
2026-08-03 20:45:00,CELL-MUM-01,Mumbai,43.62,122.25,0,0.766
2026-08-03 20:45:00,CELL-MUM-02,Mumbai,51.02,152.6,0,0.418
2026-08-03 20:45:00,CELL-MUM-03,Mumbai,46.33,204.87,0,0.521
2026-08-03 21:00:00,CELL-BLR-01,Bengaluru,45.31,133.37,0,0.78
2026-08-03 21:00:00,CELL-BLR-02,Bengaluru,48.33,204.74,0,0.574
2026-08-03 21:00:00,CELL-BLR-03,Bengaluru,48.12,115.01,0,1.236
2026-08-03 21:00:00,CELL-DEL-01,Delhi NCR,43.27,218.15,0,0.455
2026-08-03 21:00:00,CELL-DEL-02,Delhi NCR,48.09,172.32,0,0.766
2026-08-03 21:00:00,CELL-DEL-03,Delhi NCR,45.69,185.66,0,0.373
2026-08-03 21:00:00,CELL-KOL-01,Kolkata,45.32,167.0,0,0.738
2026-08-03 21:00:00,CELL-KOL-02,Kolkata,51.34,168.9,0,0.427
2026-08-03 21:00:00,CELL-KOL-03,Kolkata,53.17,128.48,0,1.133
2026-08-03 21:00:00,CELL-MUM-01,Mumbai,47.11,114.66,0,0.679
2026-08-03 21:00:00,CELL-MUM-02,Mumbai,49.21,161.35,0,0.603
2026-08-03 21:00:00,CELL-MUM-03,Mumbai,44.69,191.97,0,1.034
2026-08-03 21:15:00,CELL-BLR-01,Bengaluru,46.12,136.33,0,0.28
2026-08-03 21:15:00,CELL-BLR-02,Bengaluru,48.61,194.22,0,0.725
2026-08-03 21:15:00,CELL-BLR-03,Bengaluru,46.76,129.84,0,0.753
2026-08-03 21:15:00,CELL-DEL-01,Delhi NCR,43.31,225.37,0,0.434
2026-08-03 21:15:00,CELL-DEL-02,Delhi NCR,44.71,188.92,0,0.313
2026-08-03 21:15:00,CELL-DEL-03,Delhi NCR,44.39,176.2,0,0.727
2026-08-03 21:15:00,CELL-KOL-01,Kolkata,44.27,197.54,0,0.603
2026-08-03 21:15:00,CELL-KOL-02,Kolkata,46.24,184.44,0,1.038
2026-08-03 21:15:00,CELL-KOL-03,Kolkata,48.25,145.37,0,0.912
2026-08-03 21:15:00,CELL-MUM-01,Mumbai,44.91,110.92,0,0.814
2026-08-03 21:15:00,CELL-MUM-02,Mumbai,48.22,145.66,0,0.653
2026-08-03 21:15:00,CELL-MUM-03,Mumbai,43.68,208.86,0,1.239
2026-08-03 21:30:00,CELL-BLR-01,Bengaluru,40.19,143.96,0,0.788
2026-08-03 21:30:00,CELL-BLR-02,Bengaluru,43.93,203.85,0,0.603
2026-08-03 21:30:00,CELL-BLR-03,Bengaluru,43.24,139.72,0,1.34
2026-08-03 21:30:00,CELL-DEL-01,Delhi NCR,37.65,231.42,0,1.239
2026-08-03 21:30:00,CELL-DEL-02,Delhi NCR,39.67,195.19,0,0.911
2026-08-03 21:30:00,CELL-DEL-03,Delhi NCR,46.51,205.77,0,0.768
2026-08-03 21:30:00,CELL-KOL-01,Kolkata,42.46,195.75,0,0.445
2026-08-03 21:30:00,CELL-KOL-02,Kolkata,46.89,181.93,0,0.854
2026-08-03 21:30:00,CELL-KOL-03,Kolkata,44.0,138.13,0,0.405
2026-08-03 21:30:00,CELL-MUM-01,Mumbai,41.98,136.17,0,0.763
2026-08-03 21:30:00,CELL-MUM-02,Mumbai,45.02,155.6,0,0.851
2026-08-03 21:30:00,CELL-MUM-03,Mumbai,42.1,228.38,0,0.889
2026-08-03 21:45:00,CELL-BLR-01,Bengaluru,37.22,121.95,0,0.94
2026-08-03 21:45:00,CELL-BLR-02,Bengaluru,42.4,204.54,0,0.497
2026-08-03 21:45:00,CELL-BLR-03,Bengaluru,40.15,140.35,0,0.413
2026-08-03 21:45:00,CELL-DEL-01,Delhi NCR,35.36,240.6,0,0.763
2026-08-03 21:45:00,CELL-DEL-02,Delhi NCR,38.7,210.51,0,0.666
2026-08-03 21:45:00,CELL-DEL-03,Delhi NCR,38.85,205.77,0,0.632
2026-08-03 21:45:00,CELL-KOL-01,Kolkata,39.09,202.32,0,0.367
2026-08-03 21:45:00,CELL-KOL-02,Kolkata,39.81,200.31,0,0.804
2026-08-03 21:45:00,CELL-KOL-03,Kolkata,44.52,136.89,0,0.696
2026-08-03 21:45:00,CELL-MUM-01,Mumbai,42.18,147.96,0,0.847
2026-08-03 21:45:00,CELL-MUM-02,Mumbai,42.43,180.94,0,0.407
2026-08-03 21:45:00,CELL-MUM-03,Mumbai,39.01,236.73,0,0.975
2026-08-03 22:00:00,CELL-BLR-01,Bengaluru,34.86,166.5,0,0.695
2026-08-03 22:00:00,CELL-BLR-02,Bengaluru,39.84,225.11,0,0.629
2026-08-03 22:00:00,CELL-BLR-03,Bengaluru,37.61,156.96,0,1.232
2026-08-03 22:00:00,CELL-DEL-01,Delhi NCR,38.4,253.45,0,1.009
2026-08-03 22:00:00,CELL-DEL-02,Delhi NCR,41.37,222.43,0,0.869
2026-08-03 22:00:00,CELL-DEL-03,Delhi NCR,39.47,218.17,0,0.656
2026-08-03 22:00:00,CELL-KOL-01,Kolkata,36.6,212.97,0,0.586
2026-08-03 22:00:00,CELL-KOL-02,Kolkata,44.25,208.25,0,0.781
2026-08-03 22:00:00,CELL-KOL-03,Kolkata,39.29,138.28,0,0.703
2026-08-03 22:00:00,CELL-MUM-01,Mumbai,40.41,162.62,0,0.842
2026-08-03 22:00:00,CELL-MUM-02,Mumbai,40.86,160.12,0,0.404
2026-08-03 22:00:00,CELL-MUM-03,Mumbai,34.94,237.89,0,0.646
2026-08-03 22:15:00,CELL-BLR-01,Bengaluru,35.03,167.65,0,0.968
2026-08-03 22:15:00,CELL-BLR-02,Bengaluru,39.0,212.47,0,0.887
2026-08-03 22:15:00,CELL-BLR-03,Bengaluru,37.19,155.52,0,0.433
2026-08-03 22:15:00,CELL-DEL-01,Delhi NCR,33.02,260.54,0,0.739
2026-08-03 22:15:00,CELL-DEL-02,Delhi NCR,37.62,220.61,0,1.006
2026-08-03 22:15:00,CELL-DEL-03,Delhi NCR,38.59,241.86,0,0.612
2026-08-03 22:15:00,CELL-KOL-01,Kolkata,31.08,229.77,0,0.701
2026-08-03 22:15:00,CELL-KOL-02,Kolkata,39.74,196.41,0,0.548
2026-08-03 22:15:00,CELL-KOL-03,Kolkata,40.68,164.11,0,0.882
2026-08-03 22:15:00,CELL-MUM-01,Mumbai,36.79,162.47,0,0.326
2026-08-03 22:15:00,CELL-MUM-02,Mumbai,38.67,186.5,0,0.725
2026-08-03 22:15:00,CELL-MUM-03,Mumbai,33.08,268.49,0,0.949
2026-08-03 22:30:00,CELL-BLR-01,Bengaluru,33.47,161.93,0,0.666
2026-08-03 22:30:00,CELL-BLR-02,Bengaluru,36.13,248.75,0,0.799
2026-08-03 22:30:00,CELL-BLR-03,Bengaluru,34.1,157.35,0,0.918
2026-08-03 22:30:00,CELL-DEL-01,Delhi NCR,33.33,276.93,0,0.917
2026-08-03 22:30:00,CELL-DEL-02,Delhi NCR,35.4,232.83,0,0.509
2026-08-03 22:30:00,CELL-DEL-03,Delhi NCR,32.7,237.65,0,0.952
2026-08-03 22:30:00,CELL-KOL-01,Kolkata,32.21,236.69,0,0.333
2026-08-03 22:30:00,CELL-KOL-02,Kolkata,37.84,193.29,0,0.219
2026-08-03 22:30:00,CELL-KOL-03,Kolkata,39.91,172.87,0,0.503
2026-08-03 22:30:00,CELL-MUM-01,Mumbai,33.48,177.44,0,0.542
2026-08-03 22:30:00,CELL-MUM-01,Mumbai,33.48,177.44,0,0.542
2026-08-03 22:30:00,CELL-MUM-02,Mumbai,37.5,202.23,0,0.534
2026-08-03 22:30:00,CELL-MUM-03,Mumbai,31.11,273.83,0,1.014
2026-08-03 22:45:00,CELL-BLR-01,Bengaluru,29.82,186.46,0,0.672
2026-08-03 22:45:00,CELL-BLR-02,Bengaluru,36.85,242.92,0,0.443
2026-08-03 22:45:00,CELL-BLR-03,Bengaluru,30.06,187.65,0,0.291
2026-08-03 22:45:00,CELL-DEL-01,Delhi NCR,31.85,294.95,0,0.723
2026-08-03 22:45:00,CELL-DEL-02,Delhi NCR,33.26,226.79,0,0.672
2026-08-03 22:45:00,CELL-DEL-03,Delhi NCR,33.24,255.27,0,0.335
2026-08-03 22:45:00,CELL-KOL-01,Kolkata,30.5,261.09,0,0.665
2026-08-03 22:45:00,CELL-KOL-02,Kolkata,41.85,226.37,0,0.778
2026-08-03 22:45:00,CELL-KOL-03,Kolkata,33.84,180.13,0,0.503
2026-08-03 22:45:00,CELL-MUM-01,Mumbai,33.1,163.89,0,0.615
2026-08-03 22:45:00,CELL-MUM-02,Mumbai,33.87,195.79,0,0.88
2026-08-03 22:45:00,CELL-MUM-03,Mumbai,30.31,275.18,0,0.896
2026-08-03 23:00:00,CELL-BLR-01,Bengaluru,31.68,166.13,0,0.843
2026-08-03 23:00:00,CELL-BLR-02,Bengaluru,32.73,265.84,0,0.61
2026-08-03 23:00:00,CELL-BLR-03,Bengaluru,36.5,180.94,0,0.42
2026-08-03 23:00:00,CELL-DEL-01,Delhi NCR,32.11,289.92,0,0.526
2026-08-03 23:00:00,CELL-DEL-02,Delhi NCR,34.26,256.71,0,0.626
2026-08-03 23:00:00,CELL-DEL-03,Delhi NCR,35.48,277.49,0,0.672
2026-08-03 23:00:00,CELL-KOL-01,Kolkata,33.35,249.26,0,0.739
2026-08-03 23:00:00,CELL-KOL-02,Kolkata,36.73,238.97,0,0.85
2026-08-03 23:00:00,CELL-KOL-03,Kolkata,33.76,169.67,0,0.578
2026-08-03 23:00:00,CELL-MUM-01,Mumbai,33.97,175.83,0,0.474
2026-08-03 23:00:00,CELL-MUM-02,Mumbai,35.24,208.33,0,0.577
2026-08-03 23:00:00,CELL-MUM-03,Mumbai,28.33,292.66,0,0.74
2026-08-03 23:15:00,CELL-BLR-01,Bengaluru,32.05,184.39,0,0.215
2026-08-03 23:15:00,CELL-BLR-02,Bengaluru,35.82,277.22,0,0.745
2026-08-03 23:15:00,CELL-BLR-03,Bengaluru,35.0,181.62,0,0.514
2026-08-03 23:15:00,CELL-DEL-01,Delhi NCR,28.31,286.3,0,0.47
2026-08-03 23:15:00,CELL-DEL-02,Delhi NCR,27.9,260.44,0,0.777
2026-08-03 23:15:00,CELL-DEL-03,Delhi NCR,31.88,270.93,0,0.742
2026-08-03 23:15:00,CELL-KOL-01,Kolkata,28.25,282.25,0,0.416
2026-08-03 23:15:00,CELL-KOL-02,Kolkata,34.87,243.57,0,0.572
2026-08-03 23:15:00,CELL-KOL-03,Kolkata,35.81,177.58,0,0.698
2026-08-03 23:15:00,CELL-MUM-01,Mumbai,32.82,183.43,0,0.679
2026-08-03 23:15:00,CELL-MUM-02,Mumbai,32.62,215.68,0,0.526
2026-08-03 23:15:00,CELL-MUM-03,Mumbai,30.88,294.1,0,0.41
2026-08-03 23:30:00,CELL-BLR-01,Bengaluru,30.24,186.46,0,0.26
2026-08-03 23:30:00,CELL-BLR-02,Bengaluru,31.6,270.78,0,0.436
2026-08-03 23:30:00,CELL-BLR-03,Bengaluru,31.28,183.0,0,0.537
2026-08-03 23:30:00,CELL-DEL-01,Delhi NCR,27.62,306.14,0,0.505
2026-08-03 23:30:00,CELL-DEL-02,Delhi NCR,30.36,256.83,0,0.666
2026-08-03 23:30:00,CELL-DEL-03,Delhi NCR,34.54,279.72,0,0.289
2026-08-03 23:30:00,CELL-KOL-01,Kolkata,27.93,255.05,0,0.497
2026-08-03 23:30:00,CELL-KOL-02,Kolkata,39.64,263.67,0,0.758
2026-08-03 23:30:00,CELL-KOL-03,Kolkata,30.51,178.47,0,0.713
2026-08-03 23:30:00,CELL-MUM-01,Mumbai,28.77,178.97,0,0.338
2026-08-03 23:30:00,CELL-MUM-02,Mumbai,34.54,195.01,0,0.459
2026-08-03 23:30:00,CELL-MUM-03,Mumbai,29.04,299.94,0,0.64
2026-08-03 23:45:00,CELL-BLR-01,Bengaluru,28.56,169.48,0,0.86
2026-08-03 23:45:00,CELL-BLR-02,Bengaluru,33.15,266.35,0,0.317
2026-08-03 23:45:00,CELL-BLR-03,Bengaluru,31.98,177.85,0,0.493
2026-08-03 23:45:00,CELL-DEL-01,Delhi NCR,27.47,322.22,0,0.171
2026-08-03 23:45:00,CELL-DEL-02,Delhi NCR,31.82,277.1,0,0.523
2026-08-03 23:45:00,CELL-DEL-03,Delhi NCR,31.92,274.0,0,0.697
2026-08-03 23:45:00,CELL-KOL-01,Kolkata,25.36,274.86,0,0.604
2026-08-03 23:45:00,CELL-KOL-02,Kolkata,33.09,248.04,0,0.598
2026-08-03 23:45:00,CELL-KOL-03,Kolkata,32.97,175.56,0,0.49
2026-08-03 23:45:00,CELL-MUM-01,Mumbai,29.19,192.84,0,0.489
2026-08-03 23:45:00,CELL-MUM-02,Mumbai,30.79,212.89,0,0.729
2026-08-03 23:45:00,CELL-MUM-03,Mumbai,30.36,290.5,0,0.281
2026-08-04 00:00:00,CELL-BLR-01,Bengaluru,29.15,183.64,0,0.709
2026-08-04 00:00:00,CELL-BLR-02,Bengaluru,31.64,282.78,0,0.372
2026-08-04 00:00:00,CELL-BLR-03,Bengaluru,30.41,201.43,0,0.811
2026-08-04 00:00:00,CELL-DEL-01,Delhi NCR,26.68,330.08,0,0.473
2026-08-04 00:00:00,CELL-DEL-02,Delhi NCR,32.0,285.18,0,0.093
2026-08-04 00:00:00,CELL-DEL-03,Delhi NCR,29.22,275.44,0,0.574
2026-08-04 00:00:00,CELL-KOL-01,Kolkata,27.72,277.22,0,0.9
2026-08-04 00:00:00,CELL-KOL-02,Kolkata,31.13,257.44,0,0.661
2026-08-04 00:00:00,CELL-KOL-03,Kolkata,30.02,190.56,0,0.805
2026-08-04 00:00:00,CELL-MUM-01,Mumbai,28.59,190.45,0,0.698
2026-08-04 00:00:00,CELL-MUM-02,Mumbai,31.9,213.42,0,0.797
2026-08-04 00:00:00,CELL-MUM-03,Mumbai,27.84,312.02,0,0.521
2026-08-04 00:15:00,CELL-BLR-01,Bengaluru,30.25,213.9,0,0.513
2026-08-04 00:15:00,CELL-BLR-02,Bengaluru,32.42,277.38,0,0.482
2026-08-04 00:15:00,CELL-BLR-03,Bengaluru,30.11,196.6,0,0.535
2026-08-04 00:15:00,CELL-DEL-01,Delhi NCR,28.2,331.47,0,0.642
2026-08-04 00:15:00,CELL-DEL-02,Delhi NCR,30.51,270.03,0,0.1
2026-08-04 00:15:00,CELL-DEL-03,Delhi NCR,31.54,270.09,0,0.469
2026-08-04 00:15:00,CELL-KOL-01,Kolkata,28.92,281.1,0,0.627
2026-08-04 00:15:00,CELL-KOL-02,Kolkata,33.61,259.69,0,0.575
2026-08-04 00:15:00,CELL-KOL-03,Kolkata,32.59,188.33,0,0.715
2026-08-04 00:15:00,CELL-MUM-01,Mumbai,30.75,175.01,0,0.564
2026-08-04 00:15:00,CELL-MUM-02,Mumbai,30.66,235.21,0,0.39
2026-08-04 00:15:00,CELL-MUM-03,Mumbai,28.11,300.54,0,0.642
2026-08-04 00:30:00,CELL-BLR-01,Bengaluru,29.68,201.29,0,0.691
2026-08-04 00:30:00,CELL-BLR-02,Bengaluru,32.39,276.1,0,0.548
2026-08-04 00:30:00,CELL-BLR-03,Bengaluru,30.02,178.2,0,0.779
2026-08-04 00:30:00,CELL-DEL-01,Delhi NCR,28.68,312.78,0,0.406
2026-08-04 00:30:00,CELL-DEL-02,Delhi NCR,31.57,268.38,0,0.765
2026-08-04 00:30:00,CELL-DEL-03,Delhi NCR,35.5,278.49,0,0.216
2026-08-04 00:30:00,CELL-KOL-01,Kolkata,31.67,276.12,0,0.554
2026-08-04 00:30:00,CELL-KOL-02,Kolkata,34.05,246.48,0,0.525
2026-08-04 00:30:00,CELL-KOL-03,Kolkata,30.67,200.61,0,0.547
2026-08-04 00:30:00,CELL-MUM-01,Mumbai,29.72,181.74,0,0.373
2026-08-04 00:30:00,CELL-MUM-02,Mumbai,36.17,236.44,0,0.515
2026-08-04 00:30:00,CELL-MUM-03,Mumbai,29.79,312.13,0,0.498
2026-08-04 00:45:00,CELL-BLR-01,Bengaluru,30.25,188.04,0,0.628
2026-08-04 00:45:00,CELL-BLR-02,Bengaluru,30.41,266.79,0,0.56
2026-08-04 00:45:00,CELL-BLR-03,Bengaluru,31.84,186.44,0,0.756
2026-08-04 00:45:00,CELL-DEL-01,Delhi NCR,29.9,299.36,0,0.654
2026-08-04 00:45:00,CELL-DEL-02,Delhi NCR,30.79,263.46,0,0.922
2026-08-04 00:45:00,CELL-DEL-03,Delhi NCR,34.59,268.51,0,0.588
2026-08-04 00:45:00,CELL-KOL-01,Kolkata,26.25,299.78,0,0.792
2026-08-04 00:45:00,CELL-KOL-02,Kolkata,33.69,265.6,0,0.282
2026-08-04 00:45:00,CELL-KOL-03,Kolkata,31.78,192.81,0,0.313
2026-08-04 00:45:00,CELL-MUM-01,Mumbai,27.67,200.07,0,0.227
2026-08-04 00:45:00,CELL-MUM-02,Mumbai,31.3,222.25,0,0.486
2026-08-04 00:45:00,CELL-MUM-03,Mumbai,31.21,306.01,0,0.908
2026-08-04 01:00:00,CELL-BLR-01,Bengaluru,31.33,188.13,0,0.985
2026-08-04 01:00:00,CELL-BLR-02,Bengaluru,31.05,267.23,0,0.45
2026-08-04 01:00:00,CELL-BLR-03,Bengaluru,30.08,179.37,0,0.669
2026-08-04 01:00:00,CELL-DEL-01,Delhi NCR,26.65,310.0,0,0.715
2026-08-04 01:00:00,CELL-DEL-02,Delhi NCR,30.11,264.82,0,0.636
2026-08-04 01:00:00,CELL-DEL-03,Delhi NCR,28.6,297.71,0,0.751
2026-08-04 01:00:00,CELL-KOL-01,Kolkata,29.47,262.89,0,0.454
2026-08-04 01:00:00,CELL-KOL-02,Kolkata,31.79,241.68,0,0.615
2026-08-04 01:00:00,CELL-KOL-03,Kolkata,32.66,194.56,0,0.901
2026-08-04 01:00:00,CELL-MUM-01,Mumbai,28.46,183.24,0,0.8
2026-08-04 01:00:00,CELL-MUM-02,Mumbai,30.98,225.08,0,0.593
2026-08-04 01:00:00,CELL-MUM-03,Mumbai,25.85,304.56,0,0.815
2026-08-04 01:15:00,CELL-BLR-01,Bengaluru,26.89,189.26,0,0.404
2026-08-04 01:15:00,CELL-BLR-02,Bengaluru,30.95,271.98,0,0.37
2026-08-04 01:15:00,CELL-BLR-03,Bengaluru,29.48,191.79,0,0.767
2026-08-04 01:15:00,CELL-DEL-01,Delhi NCR,28.6,320.54,0,0.652
2026-08-04 01:15:00,CELL-DEL-02,Delhi NCR,32.34,266.02,0,0.389
2026-08-04 01:15:00,CELL-DEL-03,Delhi NCR,32.62,284.93,0,0.6
2026-08-04 01:15:00,CELL-KOL-01,Kolkata,32.94,277.72,0,0.031
2026-08-04 01:15:00,CELL-KOL-02,Kolkata,34.27,254.26,0,0.347
2026-08-04 01:15:00,CELL-KOL-03,Kolkata,31.87,200.45,0,0.411
2026-08-04 01:15:00,CELL-MUM-01,Mumbai,31.79,190.63,0,0.503
2026-08-04 01:15:00,CELL-MUM-02,Mumbai,34.7,204.77,0,0.515
2026-08-04 01:15:00,CELL-MUM-03,Mumbai,28.84,300.43,0,0.643
2026-08-04 01:30:00,CELL-BLR-01,Bengaluru,28.85,194.43,0,0.645
2026-08-04 01:30:00,CELL-BLR-02,Bengaluru,30.87,288.87,0,0.862
2026-08-04 01:30:00,CELL-BLR-03,Bengaluru,32.6,182.81,0,0.657
2026-08-04 01:30:00,CELL-DEL-01,Delhi NCR,30.57,300.17,0,0.678
2026-08-04 01:30:00,CELL-DEL-02,Delhi NCR,26.47,262.43,0,0.729
2026-08-04 01:30:00,CELL-DEL-03,Delhi NCR,32.74,281.41,0,0.647
2026-08-04 01:30:00,CELL-KOL-01,Kolkata,29.92,277.86,0,0.754
2026-08-04 01:30:00,CELL-KOL-02,Kolkata,35.7,253.73,0,0.809
2026-08-04 01:30:00,CELL-KOL-03,Kolkata,30.25,195.33,0,0.181
2026-08-04 01:30:00,CELL-MUM-01,Mumbai,28.61,186.31,0,0.355
2026-08-04 01:30:00,CELL-MUM-02,Mumbai,33.01,235.87,0,0.62
2026-08-04 01:30:00,CELL-MUM-03,Mumbai,28.04,299.31,0,0.805
2026-08-04 01:45:00,CELL-BLR-01,Bengaluru,29.88,192.76,0,0.631
2026-08-04 01:45:00,CELL-BLR-02,Bengaluru,25.88,286.48,0,0.729
2026-08-04 01:45:00,CELL-BLR-03,Bengaluru,29.32,204.36,0,0.598
2026-08-04 01:45:00,CELL-DEL-01,Delhi NCR,28.12,326.48,0,0.835
2026-08-04 01:45:00,CELL-DEL-02,Delhi NCR,30.96,269.39,0,0.459
2026-08-04 01:45:00,CELL-DEL-03,Delhi NCR,29.68,281.86,0,0.662
2026-08-04 01:45:00,CELL-KOL-01,Kolkata,27.84,280.31,0,0.765
2026-08-04 01:45:00,CELL-KOL-02,Kolkata,36.15,241.34,0,0.326
2026-08-04 01:45:00,CELL-KOL-03,Kolkata,30.48,183.47,0,0.83
2026-08-04 01:45:00,CELL-MUM-01,Mumbai,31.29,175.85,0,0.693
2026-08-04 01:45:00,CELL-MUM-02,Mumbai,33.04,217.65,0,0.626
2026-08-04 01:45:00,CELL-MUM-03,Mumbai,27.29,285.14,0,0.578
2026-08-04 02:00:00,CELL-BLR-01,Bengaluru,26.11,186.31,0,0.509
2026-08-04 02:00:00,CELL-BLR-02,Bengaluru,26.02,279.18,0,0.568
2026-08-04 02:00:00,CELL-BLR-03,Bengaluru,31.01,178.92,0,0.869
2026-08-04 02:00:00,CELL-DEL-01,Delhi NCR,28.88,301.22,0,0.417
2026-08-04 02:00:00,CELL-DEL-02,Delhi NCR,31.97,263.41,0,0.819
2026-08-04 02:00:00,CELL-DEL-03,Delhi NCR,30.28,274.29,0,0.587
2026-08-04 02:00:00,CELL-KOL-01,Kolkata,27.47,284.62,0,0.57
2026-08-04 02:00:00,CELL-KOL-02,Kolkata,35.59,249.48,0,0.638
2026-08-04 02:00:00,CELL-KOL-03,Kolkata,36.7,184.04,0,0.332
2026-08-04 02:00:00,CELL-MUM-01,Mumbai,28.15,182.13,0,0.584
2026-08-04 02:00:00,CELL-MUM-02,Mumbai,,0.0,15,0.0
2026-08-04 02:00:00,CELL-MUM-02,Mumbai,,0.0,15,0.0
2026-08-04 02:00:00,CELL-MUM-03,Mumbai,29.23,301.86,0,0.642
2026-08-04 02:15:00,CELL-BLR-01,Bengaluru,29.23,184.11,0,0.536
2026-08-04 02:15:00,CELL-BLR-02,Bengaluru,33.26,292.83,0,0.391
2026-08-04 02:15:00,CELL-BLR-03,Bengaluru,32.15,183.56,0,0.592
2026-08-04 02:15:00,CELL-DEL-01,Delhi NCR,27.89,324.14,0,0.808
2026-08-04 02:15:00,CELL-DEL-02,Delhi NCR,30.14,258.53,0,0.657
2026-08-04 02:15:00,CELL-DEL-03,Delhi NCR,31.43,289.89,0,0.72
2026-08-04 02:15:00,CELL-KOL-01,Kolkata,25.73,271.87,0,0.484
2026-08-04 02:15:00,CELL-KOL-02,Kolkata,33.21,251.75,0,0.684
2026-08-04 02:15:00,CELL-KOL-03,Kolkata,32.12,186.98,0,0.555
2026-08-04 02:15:00,CELL-MUM-01,Mumbai,32.06,189.06,0,0.474
2026-08-04 02:15:00,CELL-MUM-02,Mumbai,,0.0,15,0.0
2026-08-04 02:15:00,CELL-MUM-03,Mumbai,29.9,294.17,0,0.724
2026-08-04 02:30:00,CELL-BLR-01,Bengaluru,27.09,194.03,0,0.694
2026-08-04 02:30:00,CELL-BLR-02,Bengaluru,28.52,278.68,0,0.416
2026-08-04 02:30:00,CELL-BLR-03,Bengaluru,30.85,189.72,0,0.636
2026-08-04 02:30:00,CELL-DEL-01,Delhi NCR,30.33,298.9,0,0.298
2026-08-04 02:30:00,CELL-DEL-02,Delhi NCR,28.71,273.57,0,0.466
2026-08-04 02:30:00,CELL-DEL-03,Delhi NCR,30.21,277.95,0,0.445
2026-08-04 02:30:00,CELL-KOL-01,Kolkata,27.24,276.61,0,0.63
2026-08-04 02:30:00,CELL-KOL-02,Kolkata,33.72,253.5,0,0.692
2026-08-04 02:30:00,CELL-KOL-03,Kolkata,30.06,185.07,0,0.292
2026-08-04 02:30:00,CELL-MUM-01,Mumbai,32.33,189.43,0,0.521
2026-08-04 02:30:00,CELL-MUM-02,Mumbai,,0.0,15,0.0
2026-08-04 02:30:00,CELL-MUM-03,Mumbai,29.02,292.15,0,0.804
2026-08-04 02:45:00,CELL-BLR-01,Bengaluru,29.91,189.8,0,0.376
2026-08-04 02:45:00,CELL-BLR-02,Bengaluru,31.79,282.21,0,0.312
2026-08-04 02:45:00,CELL-BLR-03,Bengaluru,32.68,196.02,0,0.571
2026-08-04 02:45:00,CELL-DEL-01,Delhi NCR,24.46,308.07,0,0.392
2026-08-04 02:45:00,CELL-DEL-02,Delhi NCR,32.1,277.5,0,0.375
2026-08-04 02:45:00,CELL-DEL-03,Delhi NCR,30.76,289.66,0,0.553
2026-08-04 02:45:00,CELL-KOL-01,Kolkata,29.04,268.26,0,0.531
2026-08-04 02:45:00,CELL-KOL-02,Kolkata,33.87,237.54,0,0.562
2026-08-04 02:45:00,CELL-KOL-03,Kolkata,32.29,189.47,0,0.796
2026-08-04 02:45:00,CELL-MUM-01,Mumbai,32.81,187.33,0,0.891
2026-08-04 02:45:00,CELL-MUM-02,Mumbai,,0.0,15,0.0
2026-08-04 02:45:00,CELL-MUM-03,Mumbai,27.01,307.04,0,0.5
2026-08-04 03:00:00,CELL-BLR-01,Bengaluru,62.75,188.54,0,0.326
2026-08-04 03:00:00,CELL-BLR-02,Bengaluru,32.31,277.77,0,0.103
2026-08-04 03:00:00,CELL-BLR-03,Bengaluru,31.58,184.61,0,1.032
2026-08-04 03:00:00,CELL-DEL-01,Delhi NCR,25.01,312.17,0,0.504
2026-08-04 03:00:00,CELL-DEL-02,Delhi NCR,31.24,278.97,0,0.393
2026-08-04 03:00:00,CELL-DEL-03,Delhi NCR,33.09,265.1,0,0.634
2026-08-04 03:00:00,CELL-KOL-01,Kolkata,28.84,260.42,0,0.797
2026-08-04 03:00:00,CELL-KOL-02,Kolkata,34.31,240.87,0,0.459
2026-08-04 03:00:00,CELL-KOL-03,Kolkata,,198.74,0,0.254
2026-08-04 03:00:00,CELL-MUM-01,Mumbai,31.23,177.5,0,0.358
2026-08-04 03:00:00,CELL-MUM-02,Mumbai,,0.0,15,0.0
2026-08-04 03:00:00,CELL-MUM-03,Mumbai,29.88,303.38,0,0.641
2026-08-04 03:15:00,CELL-BLR-01,Bengaluru,28.45,169.55,0,0.588
2026-08-04 03:15:00,CELL-BLR-02,Bengaluru,31.86,272.68,0,0.649
2026-08-04 03:15:00,CELL-BLR-03,Bengaluru,32.49,187.0,0,0.479
2026-08-04 03:15:00,CELL-DEL-01,Delhi NCR,30.41,318.94,0,0.326
2026-08-04 03:15:00,CELL-DEL-02,Delhi NCR,30.12,266.44,0,0.484
2026-08-04 03:15:00,CELL-DEL-03,Delhi NCR,33.57,278.53,0,0.548
2026-08-04 03:15:00,CELL-KOL-01,Kolkata,30.18,268.99,0,0.681
2026-08-04 03:15:00,CELL-KOL-02,Kolkata,33.28,242.57,0,0.41
2026-08-04 03:15:00,CELL-KOL-03,Kolkata,31.53,192.48,0,0.31
2026-08-04 03:15:00,CELL-MUM-01,Mumbai,30.38,190.54,0,0.489
2026-08-04 03:15:00,CELL-MUM-02,Mumbai,,0.0,15,0.0
2026-08-04 03:15:00,CELL-MUM-03,Mumbai,27.74,314.38,0,0.551
2026-08-04 03:30:00,CELL-BLR-01,Bengaluru,30.81,194.16,0,0.629
2026-08-04 03:30:00,CELL-BLR-02,Bengaluru,30.41,293.36,0,0.268
2026-08-04 03:30:00,CELL-BLR-03,Bengaluru,33.69,176.17,0,0.658
2026-08-04 03:30:00,CELL-DEL-01,Delhi NCR,27.37,317.24,0,0.687
2026-08-04 03:30:00,CELL-DEL-02,Delhi NCR,30.79,250.04,0,0.498
2026-08-04 03:30:00,CELL-DEL-03,Delhi NCR,30.57,278.8,0,0.519
2026-08-04 03:30:00,CELL-KOL-01,Kolkata,30.27,260.25,0,0.599
2026-08-04 03:30:00,CELL-KOL-02,Kolkata,32.91,246.63,0,0.566
2026-08-04 03:30:00,CELL-KOL-03,Kolkata,30.76,190.55,0,0.871
2026-08-04 03:30:00,CELL-MUM-01,Mumbai,31.12,171.1,0,0.511
2026-08-04 03:30:00,CELL-MUM-02,Mumbai,,0.0,15,0.0
2026-08-04 03:30:00,CELL-MUM-03,Mumbai,29.7,294.85,0,0.676
2026-08-04 03:45:00,CELL-BLR-01,Bengaluru,30.79,206.36,0,0.426
2026-08-04 03:45:00,CELL-BLR-02,Bengaluru,30.8,293.66,0,0.595
2026-08-04 03:45:00,CELL-BLR-03,Bengaluru,30.1,193.02,0,0.825
2026-08-04 03:45:00,CELL-DEL-01,Delhi NCR,28.55,292.53,0,0.54
2026-08-04 03:45:00,CELL-DEL-02,Delhi NCR,29.8,274.02,0,0.704
2026-08-04 03:45:00,CELL-DEL-03,Delhi NCR,32.27,282.43,0,0.424
2026-08-04 03:45:00,CELL-KOL-01,Kolkata,29.47,269.46,0,0.0
2026-08-04 03:45:00,CELL-KOL-02,Kolkata,30.71,245.68,0,0.548
2026-08-04 03:45:00,CELL-KOL-03,Kolkata,32.53,178.01,0,0.733
2026-08-04 03:45:00,CELL-MUM-01,Mumbai,29.35,199.76,0,0.884
2026-08-04 03:45:00,CELL-MUM-02,Mumbai,,0.0,15,0.0
2026-08-04 03:45:00,CELL-MUM-03,Mumbai,28.01,316.18,0,0.461
2026-08-04 04:00:00,CELL-BLR-01,Bengaluru,28.03,176.07,0,0.56
2026-08-04 04:00:00,CELL-BLR-02,Bengaluru,31.11,295.29,0,0.539
2026-08-04 04:00:00,CELL-BLR-03,Bengaluru,31.03,187.64,0,0.651
2026-08-04 04:00:00,CELL-DEL-01,Delhi NCR,27.41,322.76,0,0.306
2026-08-04 04:00:00,CELL-DEL-02,Delhi NCR,27.41,282.75,0,0.232
2026-08-04 04:00:00,CELL-DEL-03,Delhi NCR,31.62,262.64,0,0.461
2026-08-04 04:00:00,CELL-KOL-01,Kolkata,30.17,284.1,0,0.832
2026-08-04 04:00:00,CELL-KOL-02,Kolkata,32.42,256.37,0,0.79
2026-08-04 04:00:00,CELL-KOL-03,Kolkata,,180.99,0,0.61
2026-08-04 04:00:00,CELL-MUM-01,Mumbai,29.0,183.85,0,0.327
2026-08-04 04:00:00,CELL-MUM-02,Mumbai,34.73,209.89,0,0.774
2026-08-04 04:00:00,CELL-MUM-03,Mumbai,27.03,324.5,0,0.699
2026-08-04 04:15:00,CELL-BLR-01,Bengaluru,26.36,186.88,0,0.597
2026-08-04 04:15:00,CELL-BLR-02,Bengaluru,30.51,261.53,0,0.503
2026-08-04 04:15:00,CELL-BLR-03,Bengaluru,31.16,190.39,0,0.57
2026-08-04 04:15:00,CELL-DEL-01,Delhi NCR,24.95,308.16,0,0.41
2026-08-04 04:15:00,CELL-DEL-02,Delhi NCR,28.94,263.66,0,0.791
2026-08-04 04:15:00,CELL-DEL-03,Delhi NCR,30.02,283.43,0,0.48
2026-08-04 04:15:00,CELL-KOL-01,Kolkata,31.34,254.63,0,0.461
2026-08-04 04:15:00,CELL-KOL-02,Kolkata,32.27,253.91,0,0.698
2026-08-04 04:15:00,CELL-KOL-03,Kolkata,29.29,194.09,0,0.738
2026-08-04 04:15:00,CELL-MUM-01,Mumbai,28.89,192.25,0,0.764
2026-08-04 04:15:00,CELL-MUM-02,Mumbai,30.36,219.2,0,0.593
2026-08-04 04:15:00,CELL-MUM-03,Mumbai,30.97,303.13,0,0.208
2026-08-04 04:30:00,CELL-BLR-01,Bengaluru,28.53,208.25,0,0.46
2026-08-04 04:30:00,CELL-BLR-02,Bengaluru,31.1,268.41,0,0.104
2026-08-04 04:30:00,CELL-BLR-03,Bengaluru,30.33,182.07,0,0.513
2026-08-04 04:30:00,CELL-DEL-01,Delhi NCR,27.95,312.19,0,0.699
2026-08-04 04:30:00,CELL-DEL-02,Delhi NCR,30.79,275.23,0,0.573
2026-08-04 04:30:00,CELL-DEL-03,Delhi NCR,31.28,265.01,0,0.751
2026-08-04 04:30:00,CELL-KOL-01,Kolkata,29.2,253.68,0,0.78
2026-08-04 04:30:00,CELL-KOL-02,Kolkata,33.35,239.98,0,0.496
2026-08-04 04:30:00,CELL-KOL-03,Kolkata,33.06,179.35,0,0.532
2026-08-04 04:30:00,CELL-MUM-01,Mumbai,31.09,188.71,0,0.319
2026-08-04 04:30:00,CELL-MUM-02,Mumbai,31.17,207.79,0,0.743
2026-08-04 04:30:00,CELL-MUM-03,Mumbai,29.1,290.62,0,0.467
2026-08-04 04:45:00,CELL-BLR-01,Bengaluru,26.21,177.25,0,0.157
2026-08-04 04:45:00,CELL-BLR-02,Bengaluru,30.71,282.43,0,0.561
2026-08-04 04:45:00,CELL-BLR-03,Bengaluru,30.82,178.69,0,0.556
2026-08-04 04:45:00,CELL-DEL-01,Delhi NCR,27.61,309.6,0,0.41
2026-08-04 04:45:00,CELL-DEL-02,Delhi NCR,25.52,280.89,0,0.841
2026-08-04 04:45:00,CELL-DEL-03,Delhi NCR,31.51,280.1,0,0.39
2026-08-04 04:45:00,CELL-KOL-01,Kolkata,28.54,275.6,0,0.397
2026-08-04 04:45:00,CELL-KOL-02,Kolkata,36.22,254.75,0,0.919
2026-08-04 04:45:00,CELL-KOL-03,Kolkata,30.27,193.22,0,0.347
2026-08-04 04:45:00,CELL-MUM-01,Mumbai,30.59,182.23,0,0.678
2026-08-04 04:45:00,CELL-MUM-02,Mumbai,30.11,213.92,0,0.511
2026-08-04 04:45:00,CELL-MUM-03,Mumbai,26.24,301.18,0,0.559
2026-08-04 05:00:00,CELL-BLR-01,Bengaluru,30.65,180.55,0,0.484
2026-08-04 05:00:00,CELL-BLR-02,Bengaluru,31.47,282.84,0,0.543
2026-08-04 05:00:00,CELL-BLR-03,Bengaluru,31.6,191.6,0,0.545
2026-08-04 05:00:00,CELL-DEL-01,Delhi NCR,27.39,316.52,0,0.425
2026-08-04 05:00:00,CELL-DEL-02,Delhi NCR,31.17,252.43,0,0.731
2026-08-04 05:00:00,CELL-DEL-03,Delhi NCR,27.98,284.99,0,0.014
2026-08-04 05:00:00,CELL-KOL-01,Kolkata,29.26,271.33,0,0.236
2026-08-04 05:00:00,CELL-KOL-02,Kolkata,32.97,255.21,0,0.53
2026-08-04 05:00:00,CELL-KOL-03,Kolkata,31.2,200.47,0,0.862
2026-08-04 05:00:00,CELL-MUM-01,Mumbai,29.38,189.31,0,0.571
2026-08-04 05:00:00,CELL-MUM-02,Mumbai,33.01,231.19,0,0.571
2026-08-04 05:00:00,CELL-MUM-03,Mumbai,29.97,296.55,0,0.166
2026-08-04 05:15:00,CELL-BLR-01,Bengaluru,28.09,192.17,0,1.002
2026-08-04 05:15:00,CELL-BLR-02,Bengaluru,28.95,273.14,0,0.69
2026-08-04 05:15:00,CELL-BLR-03,Bengaluru,31.19,180.7,0,0.438
2026-08-04 05:15:00,CELL-DEL-01,Delhi NCR,26.61,315.79,0,0.891
2026-08-04 05:15:00,CELL-DEL-02,Delhi NCR,31.76,272.22,0,0.662
2026-08-04 05:15:00,CELL-DEL-03,Delhi NCR,32.25,293.96,0,0.773
2026-08-04 05:15:00,CELL-KOL-01,Kolkata,29.72,278.28,0,0.725
2026-08-04 05:15:00,CELL-KOL-02,Kolkata,33.22,236.34,0,0.803
2026-08-04 05:15:00,CELL-KOL-03,Kolkata,33.24,180.79,0,0.405
2026-08-04 05:15:00,CELL-MUM-01,Mumbai,33.18,189.56,0,0.47
2026-08-04 05:15:00,CELL-MUM-02,Mumbai,32.71,232.23,0,0.364
2026-08-04 05:15:00,CELL-MUM-03,Mumbai,31.42,289.66,0,0.497
2026-08-04 05:30:00,CELL-BLR-01,Bengaluru,29.29,185.83,0,0.268
2026-08-04 05:30:00,CELL-BLR-02,Bengaluru,27.69,288.83,0,0.464
2026-08-04 05:30:00,CELL-BLR-03,Bengaluru,31.11,209.47,0,0.372
2026-08-04 05:30:00,CELL-DEL-01,Delhi NCR,29.09,317.12,0,0.09
2026-08-04 05:30:00,CELL-DEL-02,Delhi NCR,27.42,288.93,0,0.75
2026-08-04 05:30:00,CELL-DEL-03,Delhi NCR,37.22,281.54,0,0.431
2026-08-04 05:30:00,CELL-KOL-01,Kolkata,28.15,267.61,0,0.496
2026-08-04 05:30:00,CELL-KOL-02,Kolkata,34.51,250.44,0,0.867
2026-08-04 05:30:00,CELL-KOL-03,Kolkata,31.87,178.13,0,0.689
2026-08-04 05:30:00,CELL-MUM-01,Mumbai,29.69,177.84,0,0.183
2026-08-04 05:30:00,CELL-MUM-02,Mumbai,32.79,235.67,0,0.557
2026-08-04 05:30:00,CELL-MUM-03,Mumbai,29.59,292.96,0,0.182
2026-08-04 05:45:00,CELL-BLR-01,Bengaluru,28.86,198.56,0,0.769
2026-08-04 05:45:00,CELL-BLR-02,Bengaluru,30.78,275.19,0,0.68
2026-08-04 05:45:00,CELL-BLR-03,Bengaluru,31.81,187.46,0,0.335
2026-08-04 05:45:00,CELL-DEL-01,Delhi NCR,31.25,305.81,0,0.879
2026-08-04 05:45:00,CELL-DEL-02,Delhi NCR,33.07,277.82,0,0.773
2026-08-04 05:45:00,CELL-DEL-03,Delhi NCR,29.38,259.37,0,0.594
2026-08-04 05:45:00,CELL-KOL-01,Kolkata,28.26,264.09,0,0.599
2026-08-04 05:45:00,CELL-KOL-02,Kolkata,34.79,241.57,0,0.474
2026-08-04 05:45:00,CELL-KOL-03,Kolkata,29.54,178.6,0,0.574
2026-08-04 05:45:00,CELL-MUM-01,Mumbai,31.12,192.84,0,0.559
2026-08-04 05:45:00,CELL-MUM-02,Mumbai,30.24,215.76,0,0.542
2026-08-04 05:45:00,CELL-MUM-03,Mumbai,32.28,297.53,0,0.748
2026-08-04 06:00:00,CELL-BLR-01,Bengaluru,27.49,178.04,0,0.278
2026-08-04 06:00:00,CELL-BLR-02,Bengaluru,29.84,266.38,0,0.438
2026-08-04 06:00:00,CELL-BLR-03,Bengaluru,27.77,190.87,0,0.572
2026-08-04 06:00:00,CELL-DEL-01,Delhi NCR,28.3,319.75,0,0.388
2026-08-04 06:00:00,CELL-DEL-02,Delhi NCR,32.94,270.07,0,0.481
2026-08-04 06:00:00,CELL-DEL-03,Delhi NCR,30.69,276.34,0,0.462
2026-08-04 06:00:00,CELL-KOL-01,Kolkata,26.49,279.36,0,0.356
2026-08-04 06:00:00,CELL-KOL-02,Kolkata,33.5,241.6,0,0.797
2026-08-04 06:00:00,CELL-KOL-03,Kolkata,32.39,199.98,0,0.698
2026-08-04 06:00:00,CELL-MUM-01,Mumbai,32.96,194.26,0,0.25
2026-08-04 06:00:00,CELL-MUM-02,Mumbai,35.07,221.15,0,0.404
2026-08-04 06:00:00,CELL-MUM-03,Mumbai,31.34,295.57,0,0.248
2026-08-04 06:15:00,CELL-BLR-01,Bengaluru,32.67,195.47,0,0.647
2026-08-04 06:15:00,CELL-BLR-02,Bengaluru,36.13,277.18,0,0.653
2026-08-04 06:15:00,CELL-BLR-03,Bengaluru,31.03,194.12,0,0.665
2026-08-04 06:15:00,CELL-DEL-01,Delhi NCR,29.34,313.31,0,0.474
2026-08-04 06:15:00,CELL-DEL-02,Delhi NCR,33.9,265.92,0,0.444
2026-08-04 06:15:00,CELL-DEL-03,Delhi NCR,32.17,276.39,0,0.507
2026-08-04 06:15:00,CELL-KOL-01,Kolkata,31.19,272.37,0,0.705
2026-08-04 06:15:00,CELL-KOL-02,Kolkata,31.8,256.29,0,0.651
2026-08-04 06:15:00,CELL-KOL-03,Kolkata,34.01,193.85,0,0.685
2026-08-04 06:15:00,CELL-MUM-01,Mumbai,32.49,182.52,0,0.608
2026-08-04 06:15:00,CELL-MUM-02,Mumbai,34.23,213.72,0,0.375
2026-08-04 06:15:00,CELL-MUM-03,Mumbai,29.9,303.59,0,0.249
2026-08-04 06:30:00,CELL-BLR-01,Bengaluru,28.8,187.18,0,0.447
2026-08-04 06:30:00,CELL-BLR-02,Bengaluru,30.02,283.01,0,0.547
2026-08-04 06:30:00,CELL-BLR-03,Bengaluru,29.63,178.07,0,0.461
2026-08-04 06:30:00,CELL-DEL-01,Delhi NCR,29.31,313.3,0,0.324
2026-08-04 06:30:00,CELL-DEL-02,Delhi NCR,31.06,271.75,0,0.548
2026-08-04 06:30:00,CELL-DEL-03,Delhi NCR,29.95,283.89,0,0.407
2026-08-04 06:30:00,CELL-KOL-01,Kolkata,29.24,284.94,0,0.678
2026-08-04 06:30:00,CELL-KOL-02,Kolkata,35.59,241.11,0,0.129
2026-08-04 06:30:00,CELL-KOL-03,Kolkata,29.7,191.61,0,0.917
2026-08-04 06:30:00,CELL-MUM-01,Mumbai,31.43,196.05,0,0.786
2026-08-04 06:30:00,CELL-MUM-02,Mumbai,31.04,217.35,0,0.83
2026-08-04 06:30:00,CELL-MUM-03,Mumbai,28.25,295.47,0,0.689
2026-08-04 06:45:00,CELL-BLR-01,Bengaluru,32.42,193.01,0,0.573
2026-08-04 06:45:00,CELL-BLR-02,Bengaluru,33.51,289.43,0,0.405
2026-08-04 06:45:00,CELL-BLR-03,Bengaluru,30.07,186.68,0,0.137
2026-08-04 06:45:00,CELL-DEL-01,Delhi NCR,26.05,315.7,0,0.543
2026-08-04 06:45:00,CELL-DEL-02,Delhi NCR,32.57,273.56,0,0.729
2026-08-04 06:45:00,CELL-DEL-03,Delhi NCR,34.93,275.37,0,0.416
2026-08-04 06:45:00,CELL-KOL-01,Kolkata,29.09,259.1,0,0.334
2026-08-04 06:45:00,CELL-KOL-02,Kolkata,35.9,242.82,0,0.502
2026-08-04 06:45:00,CELL-KOL-03,Kolkata,70.29,202.55,0,0.489
2026-08-04 06:45:00,CELL-MUM-01,Mumbai,30.06,182.01,0,0.879
2026-08-04 06:45:00,CELL-MUM-02,Mumbai,34.16,222.33,0,0.273
2026-08-04 06:45:00,CELL-MUM-03,Mumbai,27.74,303.88,0,0.537
2026-08-04 07:00:00,CELL-BLR-01,Bengaluru,26.69,200.1,0,0.225
2026-08-04 07:00:00,CELL-BLR-02,Bengaluru,31.46,272.01,0,0.623
2026-08-04 07:00:00,CELL-BLR-03,Bengaluru,32.21,182.85,0,0.362
2026-08-04 07:00:00,CELL-DEL-01,Delhi NCR,27.56,306.38,0,0.587
2026-08-04 07:00:00,CELL-DEL-02,Delhi NCR,30.63,264.74,0,0.151
2026-08-04 07:00:00,CELL-DEL-02,Delhi NCR,30.63,264.74,0,0.151
2026-08-04 07:00:00,CELL-DEL-03,Delhi NCR,30.88,273.81,0,0.487
2026-08-04 07:00:00,CELL-KOL-01,Kolkata,30.84,274.8,0,0.807
2026-08-04 07:00:00,CELL-KOL-02,Kolkata,35.37,263.12,0,0.465
2026-08-04 07:00:00,CELL-KOL-03,Kolkata,30.36,174.1,0,0.728
2026-08-04 07:00:00,CELL-MUM-01,Mumbai,31.84,171.4,0,0.53
2026-08-04 07:00:00,CELL-MUM-02,Mumbai,30.54,219.82,0,0.54
2026-08-04 07:00:00,CELL-MUM-03,Mumbai,30.79,306.44,0,0.337
2026-08-04 07:15:00,CELL-BLR-01,Bengaluru,28.77,174.72,0,0.562
2026-08-04 07:15:00,CELL-BLR-02,Bengaluru,30.3,301.7,0,0.541
2026-08-04 07:15:00,CELL-BLR-03,Bengaluru,31.59,180.65,0,0.513
2026-08-04 07:15:00,CELL-DEL-01,Delhi NCR,28.6,310.92,0,0.521
2026-08-04 07:15:00,CELL-DEL-02,Delhi NCR,32.23,272.23,0,0.735
2026-08-04 07:15:00,CELL-DEL-03,Delhi NCR,27.7,268.91,0,0.266
2026-08-04 07:15:00,CELL-KOL-01,Kolkata,26.31,278.31,0,0.633
2026-08-04 07:15:00,CELL-KOL-02,Kolkata,33.38,259.29,0,0.555
2026-08-04 07:15:00,CELL-KOL-03,Kolkata,34.82,184.16,0,0.781
2026-08-04 07:15:00,CELL-MUM-01,Mumbai,32.94,191.61,0,0.841
2026-08-04 07:15:00,CELL-MUM-02,Mumbai,33.23,214.57,0,0.785
2026-08-04 07:15:00,CELL-MUM-03,Mumbai,25.96,305.55,0,0.585
2026-08-04 07:30:00,CELL-BLR-01,Bengaluru,26.59,175.52,0,0.706
2026-08-04 07:30:00,CELL-BLR-02,Bengaluru,31.35,267.22,0,0.592
2026-08-04 07:30:00,CELL-BLR-03,Bengaluru,32.48,175.17,0,0.398
2026-08-04 07:30:00,CELL-DEL-01,Delhi NCR,29.43,287.83,0,0.633
2026-08-04 07:30:00,CELL-DEL-02,Delhi NCR,32.67,263.22,0,0.484
2026-08-04 07:30:00,CELL-DEL-03,Delhi NCR,32.56,278.01,0,0.584
2026-08-04 07:30:00,CELL-KOL-01,Kolkata,28.6,264.28,0,0.55
2026-08-04 07:30:00,CELL-KOL-02,Kolkata,,260.89,0,0.276
2026-08-04 07:30:00,CELL-KOL-03,Kolkata,27.14,194.07,0,0.619
2026-08-04 07:30:00,CELL-MUM-01,Mumbai,31.9,160.4,0,0.407
2026-08-04 07:30:00,CELL-MUM-02,Mumbai,34.29,227.15,0,0.898
2026-08-04 07:30:00,CELL-MUM-03,Mumbai,30.83,294.83,0,0.557
2026-08-04 07:45:00,CELL-BLR-01,Bengaluru,29.15,183.47,0,0.355
2026-08-04 07:45:00,CELL-BLR-02,Bengaluru,36.69,276.81,0,0.509
2026-08-04 07:45:00,CELL-BLR-03,Bengaluru,30.88,181.3,0,0.759
2026-08-04 07:45:00,CELL-DEL-01,Delhi NCR,31.11,305.5,0,0.346
2026-08-04 07:45:00,CELL-DEL-02,Delhi NCR,30.5,266.39,0,0.556
2026-08-04 07:45:00,CELL-DEL-03,Delhi NCR,29.89,281.64,0,0.679
2026-08-04 07:45:00,CELL-KOL-01,Kolkata,28.41,268.95,0,0.617
2026-08-04 07:45:00,CELL-KOL-02,Kolkata,33.5,241.07,0,0.775
2026-08-04 07:45:00,CELL-KOL-03,Kolkata,32.16,198.0,0,0.589
2026-08-04 07:45:00,CELL-MUM-01,Mumbai,31.31,189.29,0,0.859
2026-08-04 07:45:00,CELL-MUM-02,Mumbai,30.67,210.02,0,0.643
2026-08-04 07:45:00,CELL-MUM-03,Mumbai,28.16,289.88,0,0.382
2026-08-04 08:00:00,CELL-BLR-01,Bengaluru,30.1,179.86,0,0.8
2026-08-04 08:00:00,CELL-BLR-02,Bengaluru,31.95,264.52,0,0.106
2026-08-04 08:00:00,CELL-BLR-03,Bengaluru,33.94,181.46,0,0.994
2026-08-04 08:00:00,CELL-DEL-01,Delhi NCR,27.59,307.35,0,0.613
2026-08-04 08:00:00,CELL-DEL-02,Delhi NCR,30.07,277.98,0,0.446
2026-08-04 08:00:00,CELL-DEL-03,Delhi NCR,29.86,276.59,0,0.314
2026-08-04 08:00:00,CELL-KOL-01,Kolkata,28.97,261.51,0,0.43
2026-08-04 08:00:00,CELL-KOL-02,Kolkata,35.55,248.78,0,0.415
2026-08-04 08:00:00,CELL-KOL-03,Kolkata,32.11,183.35,0,0.662
2026-08-04 08:00:00,CELL-MUM-01,Mumbai,33.27,185.35,0,0.485
2026-08-04 08:00:00,CELL-MUM-02,Mumbai,34.8,214.18,0,0.372
2026-08-04 08:00:00,CELL-MUM-03,Mumbai,31.03,294.35,0,0.815
2026-08-04 08:15:00,CELL-BLR-01,Bengaluru,33.73,178.66,0,0.706
2026-08-04 08:15:00,CELL-BLR-01,Bengaluru,33.73,178.66,0,0.706
2026-08-04 08:15:00,CELL-BLR-02,Bengaluru,33.58,257.05,0,0.473
2026-08-04 08:15:00,CELL-BLR-03,Bengaluru,33.96,174.52,0,0.475
2026-08-04 08:15:00,CELL-DEL-01,Delhi NCR,29.78,285.76,0,0.614
2026-08-04 08:15:00,CELL-DEL-02,Delhi NCR,31.65,269.41,0,0.421
2026-08-04 08:15:00,CELL-DEL-03,Delhi NCR,31.46,263.43,0,0.926
2026-08-04 08:15:00,CELL-KOL-01,Kolkata,28.37,276.77,0,0.347
2026-08-04 08:15:00,CELL-KOL-02,Kolkata,35.61,226.4,0,0.711
2026-08-04 08:15:00,CELL-KOL-03,Kolkata,35.58,181.32,0,0.788
2026-08-04 08:15:00,CELL-MUM-01,Mumbai,32.16,173.93,0,0.453
2026-08-04 08:15:00,CELL-MUM-02,Mumbai,33.27,195.43,0,0.744
2026-08-04 08:15:00,CELL-MUM-03,Mumbai,30.74,298.59,0,0.85
2026-08-04 08:30:00,CELL-BLR-01,Bengaluru,32.08,186.22,0,0.583
2026-08-04 08:30:00,CELL-BLR-02,Bengaluru,31.57,240.41,0,0.267
2026-08-04 08:30:00,CELL-BLR-03,Bengaluru,31.56,178.21,0,0.725
2026-08-04 08:30:00,CELL-DEL-01,Delhi NCR,28.72,284.68,0,0.719
2026-08-04 08:30:00,CELL-DEL-02,Delhi NCR,34.99,251.08,0,0.679
2026-08-04 08:30:00,CELL-DEL-03,Delhi NCR,35.85,259.37,0,0.685
2026-08-04 08:30:00,CELL-KOL-01,Kolkata,30.29,260.3,0,0.359
2026-08-04 08:30:00,CELL-KOL-02,Kolkata,35.49,227.63,0,0.677
2026-08-04 08:30:00,CELL-KOL-03,Kolkata,37.4,168.9,0,0.449
2026-08-04 08:30:00,CELL-MUM-01,Mumbai,34.62,177.34,0,0.697
2026-08-04 08:30:00,CELL-MUM-01,Mumbai,34.62,177.34,0,0.697
2026-08-04 08:30:00,CELL-MUM-02,Mumbai,34.69,210.01,0,0.638
2026-08-04 08:30:00,CELL-MUM-03,Mumbai,33.29,277.1,0,0.848
2026-08-04 08:45:00,CELL-BLR-01,Bengaluru,30.96,173.24,0,0.476
2026-08-04 08:45:00,CELL-BLR-02,Bengaluru,37.21,248.46,0,0.471
2026-08-04 08:45:00,CELL-BLR-03,Bengaluru,33.98,171.96,0,0.576
2026-08-04 08:45:00,CELL-DEL-01,Delhi NCR,29.09,278.4,0,0.616
2026-08-04 08:45:00,CELL-DEL-02,Delhi NCR,35.93,236.36,0,0.533
2026-08-04 08:45:00,CELL-DEL-03,Delhi NCR,37.72,239.31,0,0.418
2026-08-04 08:45:00,CELL-KOL-01,Kolkata,33.45,248.83,0,0.465
2026-08-04 08:45:00,CELL-KOL-02,Kolkata,37.39,220.23,0,0.51
2026-08-04 08:45:00,CELL-KOL-03,Kolkata,37.94,162.45,0,0.538
2026-08-04 08:45:00,CELL-MUM-01,Mumbai,32.91,169.45,0,0.397
2026-08-04 08:45:00,CELL-MUM-02,Mumbai,36.22,187.22,0,0.591
2026-08-04 08:45:00,CELL-MUM-03,Mumbai,34.01,279.43,0,0.554
2026-08-04 09:00:00,CELL-BLR-01,Bengaluru,33.53,137.62,0,0.82
2026-08-04 09:00:00,CELL-BLR-02,Bengaluru,34.54,240.78,0,0.56
2026-08-04 09:00:00,CELL-BLR-03,Bengaluru,31.69,168.94,0,0.816
2026-08-04 09:00:00,CELL-DEL-01,Delhi NCR,31.3,275.99,0,0.034
2026-08-04 09:00:00,CELL-DEL-02,Delhi NCR,34.13,231.39,0,0.469
2026-08-04 09:00:00,CELL-DEL-03,Delhi NCR,37.54,261.43,0,0.38
2026-08-04 09:00:00,CELL-KOL-01,Kolkata,34.51,222.22,0,0.422
2026-08-04 09:00:00,CELL-KOL-02,Kolkata,38.3,209.49,0,0.385
2026-08-04 09:00:00,CELL-KOL-03,Kolkata,34.26,156.44,0,0.629
2026-08-04 09:00:00,CELL-MUM-01,Mumbai,36.15,179.76,0,0.706
2026-08-04 09:00:00,CELL-MUM-02,Mumbai,37.61,190.63,0,0.514
2026-08-04 09:00:00,CELL-MUM-03,Mumbai,36.17,271.06,0,0.355
2026-08-04 09:15:00,CELL-BLR-01,Bengaluru,33.64,144.13,0,0.589
2026-08-04 09:15:00,CELL-BLR-02,Bengaluru,37.71,251.25,0,0.831
2026-08-04 09:15:00,CELL-BLR-03,Bengaluru,,0.0,15,0.564
2026-08-04 09:15:00,CELL-DEL-01,Delhi NCR,33.71,248.33,0,0.519
2026-08-04 09:15:00,CELL-DEL-02,Delhi NCR,33.76,225.65,0,0.509
2026-08-04 09:15:00,CELL-DEL-03,Delhi NCR,37.33,238.07,0,0.434
2026-08-04 09:15:00,CELL-KOL-01,Kolkata,34.52,228.52,0,0.729
2026-08-04 09:15:00,CELL-KOL-02,Kolkata,40.66,218.48,0,0.288
2026-08-04 09:15:00,CELL-KOL-03,Kolkata,36.41,163.99,0,0.634
2026-08-04 09:15:00,CELL-MUM-01,Mumbai,37.35,150.68,0,0.315
2026-08-04 09:15:00,CELL-MUM-02,Mumbai,36.61,182.99,0,0.885
2026-08-04 09:15:00,CELL-MUM-03,Mumbai,35.29,266.56,0,0.813
2026-08-04 09:30:00,CELL-BLR-01,Bengaluru,36.22,161.2,0,0.952
2026-08-04 09:30:00,CELL-BLR-02,Bengaluru,41.05,236.89,0,0.843
2026-08-04 09:30:00,CELL-BLR-03,Bengaluru,,0.0,15,0.46
2026-08-04 09:30:00,CELL-DEL-01,Delhi NCR,36.09,253.93,0,0.974
2026-08-04 09:30:00,CELL-DEL-02,Delhi NCR,33.94,225.77,0,0.534
2026-08-04 09:30:00,CELL-DEL-03,Delhi NCR,38.64,238.22,0,0.675
2026-08-04 09:30:00,CELL-KOL-01,Kolkata,36.7,216.84,0,1.178
2026-08-04 09:30:00,CELL-KOL-02,Kolkata,41.3,196.28,0,0.7
2026-08-04 09:30:00,CELL-KOL-03,Kolkata,39.77,157.69,0,0.922
2026-08-04 09:30:00,CELL-MUM-01,Mumbai,39.1,151.34,0,0.873
2026-08-04 09:30:00,CELL-MUM-02,Mumbai,41.08,194.56,0,0.764
2026-08-04 09:30:00,CELL-MUM-03,Mumbai,37.77,249.14,0,0.864
2026-08-04 09:45:00,CELL-BLR-01,Bengaluru,36.45,144.26,0,0.906
2026-08-04 09:45:00,CELL-BLR-02,Bengaluru,39.6,227.73,0,0.894
2026-08-04 09:45:00,CELL-BLR-03,Bengaluru,,0.0,15,1.07
2026-08-04 09:45:00,CELL-BLR-03,Bengaluru,,0.0,15,1.07
2026-08-04 09:45:00,CELL-DEL-01,Delhi NCR,34.18,256.28,0,0.338
2026-08-04 09:45:00,CELL-DEL-02,Delhi NCR,34.7,214.62,0,0.714
2026-08-04 09:45:00,CELL-DEL-03,Delhi NCR,37.3,225.18,0,0.578
2026-08-04 09:45:00,CELL-KOL-01,Kolkata,35.03,230.14,0,0.795
2026-08-04 09:45:00,CELL-KOL-02,Kolkata,97.0,198.91,0,0.392
2026-08-04 09:45:00,CELL-KOL-03,Kolkata,40.13,136.72,0,0.372
2026-08-04 09:45:00,CELL-MUM-01,Mumbai,38.4,155.86,0,0.715
2026-08-04 09:45:00,CELL-MUM-02,Mumbai,40.74,173.94,0,0.67
2026-08-04 09:45:00,CELL-MUM-03,Mumbai,33.59,231.2,0,0.881
2026-08-04 10:00:00,CELL-BLR-01,Bengaluru,37.85,147.64,0,0.719
2026-08-04 10:00:00,CELL-BLR-02,Bengaluru,38.25,237.57,0,0.385
2026-08-04 10:00:00,CELL-BLR-03,Bengaluru,,0.0,15,0.602
2026-08-04 10:00:00,CELL-DEL-01,Delhi NCR,32.96,244.33,0,0.867
2026-08-04 10:00:00,CELL-DEL-02,Delhi NCR,38.31,216.11,0,0.859
2026-08-04 10:00:00,CELL-DEL-03,Delhi NCR,39.41,203.5,0,0.479
2026-08-04 10:00:00,CELL-KOL-01,Kolkata,32.72,221.31,0,0.588
2026-08-04 10:00:00,CELL-KOL-02,Kolkata,41.25,185.36,0,0.69
2026-08-04 10:00:00,CELL-KOL-03,Kolkata,43.99,156.75,0,1.194
2026-08-04 10:00:00,CELL-MUM-01,Mumbai,38.92,151.85,0,0.446
2026-08-04 10:00:00,CELL-MUM-02,Mumbai,38.93,162.97,0,0.873
2026-08-04 10:00:00,CELL-MUM-03,Mumbai,38.58,241.32,0,0.557
2026-08-04 10:15:00,CELL-BLR-01,Bengaluru,34.47,148.15,0,1.033
2026-08-04 10:15:00,CELL-BLR-02,Bengaluru,40.36,215.32,0,0.029
2026-08-04 10:15:00,CELL-BLR-03,Bengaluru,,0.0,15,0.741
2026-08-04 10:15:00,CELL-DEL-01,Delhi NCR,32.96,265.01,0,0.895
2026-08-04 10:15:00,CELL-DEL-02,Delhi NCR,35.52,216.35,0,0.28
2026-08-04 10:15:00,CELL-DEL-03,Delhi NCR,38.89,212.37,0,0.856
2026-08-04 10:15:00,CELL-KOL-01,Kolkata,33.58,200.84,0,0.608
2026-08-04 10:15:00,CELL-KOL-02,Kolkata,42.99,204.98,0,0.756
2026-08-04 10:15:00,CELL-KOL-03,Kolkata,37.62,158.86,0,0.49
2026-08-04 10:15:00,CELL-MUM-01,Mumbai,38.54,146.16,0,0.745
2026-08-04 10:15:00,CELL-MUM-02,Mumbai,43.31,182.16,0,0.517
2026-08-04 10:15:00,CELL-MUM-03,Mumbai,35.89,245.27,0,0.556
2026-08-04 10:30:00,CELL-BLR-01,Bengaluru,33.82,151.53,0,0.769
2026-08-04 10:30:00,CELL-BLR-02,Bengaluru,39.22,207.75,0,0.712
2026-08-04 10:30:00,CELL-BLR-03,Bengaluru,40.44,147.1,0,0.586
2026-08-04 10:30:00,CELL-DEL-01,Delhi NCR,37.7,262.05,0,0.711
2026-08-04 10:30:00,CELL-DEL-02,Delhi NCR,36.63,218.59,0,0.297
2026-08-04 10:30:00,CELL-DEL-03,Delhi NCR,37.35,210.45,0,0.896
2026-08-04 10:30:00,CELL-KOL-01,Kolkata,32.4,217.54,0,0.792
2026-08-04 10:30:00,CELL-KOL-02,Kolkata,40.39,213.63,0,0.672
2026-08-04 10:30:00,CELL-KOL-03,Kolkata,41.01,154.32,0,0.646
2026-08-04 10:30:00,CELL-MUM-01,Mumbai,38.31,141.17,0,0.435
2026-08-04 10:30:00,CELL-MUM-02,Mumbai,40.18,181.51,0,0.706
2026-08-04 10:30:00,CELL-MUM-03,Mumbai,34.45,246.38,0,0.702
2026-08-04 10:45:00,CELL-BLR-01,Bengaluru,31.91,160.89,0,0.028
2026-08-04 10:45:00,CELL-BLR-02,Bengaluru,37.75,228.41,0,1.065
2026-08-04 10:45:00,CELL-BLR-03,Bengaluru,34.42,173.87,0,0.49
2026-08-04 10:45:00,CELL-DEL-01,Delhi NCR,36.47,251.84,0,0.734
2026-08-04 10:45:00,CELL-DEL-02,Delhi NCR,36.3,227.27,0,1.061
2026-08-04 10:45:00,CELL-DEL-03,Delhi NCR,39.81,250.59,0,0.842
2026-08-04 10:45:00,CELL-KOL-01,Kolkata,35.48,225.26,0,0.71
2026-08-04 10:45:00,CELL-KOL-02,Kolkata,44.01,210.81,0,0.752
2026-08-04 10:45:00,CELL-KOL-03,Kolkata,37.72,156.71,0,0.392
2026-08-04 10:45:00,CELL-MUM-01,Mumbai,36.41,162.93,0,0.552
2026-08-04 10:45:00,CELL-MUM-02,Mumbai,35.33,197.65,0,0.489
2026-08-04 10:45:00,CELL-MUM-03,Mumbai,35.83,255.81,0,0.841
2026-08-04 11:00:00,CELL-BLR-01,Bengaluru,34.16,154.86,0,0.856
2026-08-04 11:00:00,CELL-BLR-02,Bengaluru,35.91,246.87,0,0.311
2026-08-04 11:00:00,CELL-BLR-03,Bengaluru,38.91,172.16,0,0.51
2026-08-04 11:00:00,CELL-DEL-01,Delhi NCR,31.92,257.36,0,0.572
2026-08-04 11:00:00,CELL-DEL-02,Delhi NCR,38.18,242.3,0,0.423
2026-08-04 11:00:00,CELL-DEL-03,Delhi NCR,37.29,226.51,0,0.909
2026-08-04 11:00:00,CELL-KOL-01,Kolkata,33.52,246.07,0,0.781
2026-08-04 11:00:00,CELL-KOL-02,Kolkata,38.33,209.74,0,0.587
2026-08-04 11:00:00,CELL-KOL-03,Kolkata,37.29,162.02,0,0.827
2026-08-04 11:00:00,CELL-MUM-01,Mumbai,35.56,161.45,0,0.742
2026-08-04 11:00:00,CELL-MUM-02,Mumbai,34.0,187.55,0,0.764
2026-08-04 11:00:00,CELL-MUM-03,Mumbai,35.31,250.2,0,0.704
2026-08-04 11:15:00,CELL-BLR-01,Bengaluru,33.28,173.85,0,0.741
2026-08-04 11:15:00,CELL-BLR-02,Bengaluru,37.02,274.32,0,0.374
2026-08-04 11:15:00,CELL-BLR-03,Bengaluru,31.89,180.31,0,0.333
2026-08-04 11:15:00,CELL-DEL-01,Delhi NCR,33.76,281.81,0,0.922
2026-08-04 11:15:00,CELL-DEL-02,Delhi NCR,34.5,254.89,0,0.453
2026-08-04 11:15:00,CELL-DEL-03,Delhi NCR,32.71,248.6,0,0.399
2026-08-04 11:15:00,CELL-KOL-01,Kolkata,33.73,247.66,0,0.719
2026-08-04 11:15:00,CELL-KOL-02,Kolkata,38.88,226.15,0,0.437
2026-08-04 11:15:00,CELL-KOL-03,Kolkata,34.08,162.49,0,0.614
2026-08-04 11:15:00,CELL-MUM-01,Mumbai,37.1,164.87,0,0.246
2026-08-04 11:15:00,CELL-MUM-02,Mumbai,36.81,198.69,0,0.848
2026-08-04 11:15:00,CELL-MUM-03,Mumbai,33.71,251.72,0,0.698
2026-08-04 11:30:00,CELL-BLR-01,Bengaluru,30.53,167.65,0,0.386
2026-08-04 11:30:00,CELL-BLR-02,Bengaluru,32.18,262.05,0,0.626
2026-08-04 11:30:00,CELL-BLR-03,Bengaluru,32.23,180.47,0,0.538
2026-08-04 11:30:00,CELL-DEL-01,Delhi NCR,30.87,295.17,0,0.569
2026-08-04 11:30:00,CELL-DEL-02,Delhi NCR,33.52,252.82,0,0.67
2026-08-04 11:30:00,CELL-DEL-03,Delhi NCR,35.04,249.83,0,0.362
2026-08-04 11:30:00,CELL-KOL-01,Kolkata,30.0,239.6,0,0.336
2026-08-04 11:30:00,CELL-KOL-02,Kolkata,35.15,225.84,0,0.792
2026-08-04 11:30:00,CELL-KOL-03,Kolkata,34.42,147.36,0,0.594
2026-08-04 11:30:00,CELL-MUM-01,Mumbai,30.17,175.83,0,0.388
2026-08-04 11:30:00,CELL-MUM-02,Mumbai,33.69,214.23,0,0.446
2026-08-04 11:30:00,CELL-MUM-03,Mumbai,33.47,268.27,0,0.706
2026-08-04 11:45:00,CELL-BLR-01,Bengaluru,29.42,172.24,0,0.683
2026-08-04 11:45:00,CELL-BLR-02,Bengaluru,31.71,271.14,0,0.522
2026-08-04 11:45:00,CELL-BLR-03,Bengaluru,30.62,178.05,0,0.33
2026-08-04 11:45:00,CELL-DEL-01,Delhi NCR,30.28,289.09,0,0.541
2026-08-04 11:45:00,CELL-DEL-02,Delhi NCR,32.95,254.88,0,0.418
2026-08-04 11:45:00,CELL-DEL-03,Delhi NCR,35.39,256.17,0,0.708
2026-08-04 11:45:00,CELL-KOL-01,Kolkata,30.96,268.9,0,0.837
2026-08-04 11:45:00,CELL-KOL-02,Kolkata,30.23,244.46,0,0.437
2026-08-04 11:45:00,CELL-KOL-03,Kolkata,,172.58,0,0.834
2026-08-04 11:45:00,CELL-MUM-01,Mumbai,32.98,183.05,0,0.742
2026-08-04 11:45:00,CELL-MUM-02,Mumbai,31.44,219.93,0,0.71
2026-08-04 11:45:00,CELL-MUM-03,Mumbai,31.5,282.34,0,0.357
2026-08-04 12:00:00,CELL-BLR-01,Bengaluru,31.8,186.71,0,0.755
2026-08-04 12:00:00,CELL-BLR-02,Bengaluru,32.4,267.96,0,0.654
2026-08-04 12:00:00,CELL-BLR-03,Bengaluru,31.37,178.48,0,0.394
2026-08-04 12:00:00,CELL-DEL-01,Delhi NCR,28.37,298.0,0,0.552
2026-08-04 12:00:00,CELL-DEL-02,Delhi NCR,28.4,267.17,0,0.489
2026-08-04 12:00:00,CELL-DEL-03,Delhi NCR,31.73,281.01,0,0.678
2026-08-04 12:00:00,CELL-KOL-01,Kolkata,30.69,277.73,0,0.609
2026-08-04 12:00:00,CELL-KOL-02,Kolkata,33.83,234.19,0,0.957
2026-08-04 12:00:00,CELL-KOL-03,Kolkata,32.5,200.06,0,0.547
2026-08-04 12:00:00,CELL-MUM-01,Mumbai,33.03,179.96,0,0.636
2026-08-04 12:00:00,CELL-MUM-02,Mumbai,32.75,209.95,0,0.091
2026-08-04 12:00:00,CELL-MUM-03,Mumbai,27.6,292.74,0,0.52
2026-08-04 12:15:00,CELL-BLR-01,Bengaluru,29.76,184.55,0,0.656
2026-08-04 12:15:00,CELL-BLR-02,Bengaluru,33.96,274.61,0,0.288
2026-08-04 12:15:00,CELL-BLR-03,Bengaluru,33.22,180.43,0,0.538
2026-08-04 12:15:00,CELL-DEL-01,Delhi NCR,26.69,312.97,0,0.491
2026-08-04 12:15:00,CELL-DEL-02,Delhi NCR,32.74,265.85,0,0.498
2026-08-04 12:15:00,CELL-DEL-03,Delhi NCR,29.3,293.13,0,0.699
2026-08-04 12:15:00,CELL-KOL-01,Kolkata,27.84,267.69,0,0.581
2026-08-04 12:15:00,CELL-KOL-02,Kolkata,32.33,250.83,0,0.608
2026-08-04 12:15:00,CELL-KOL-03,Kolkata,33.99,178.12,0,0.193
2026-08-04 12:15:00,CELL-MUM-01,Mumbai,31.68,184.58,0,0.701
2026-08-04 12:15:00,CELL-MUM-02,Mumbai,32.41,219.71,0,0.454
2026-08-04 12:15:00,CELL-MUM-03,Mumbai,29.22,286.01,0,0.492
2026-08-04 12:30:00,CELL-BLR-01,Bengaluru,30.33,196.2,0,0.587
2026-08-04 12:30:00,CELL-BLR-02,Bengaluru,32.45,276.41,0,0.358
2026-08-04 12:30:00,CELL-BLR-03,Bengaluru,32.25,196.64,0,0.528
2026-08-04 12:30:00,CELL-DEL-01,Delhi NCR,27.78,293.28,0,0.641
2026-08-04 12:30:00,CELL-DEL-02,Delhi NCR,31.94,268.57,0,0.744
2026-08-04 12:30:00,CELL-DEL-03,Delhi NCR,30.08,265.81,0,0.693
2026-08-04 12:30:00,CELL-KOL-01,Kolkata,31.93,288.54,0,0.881
2026-08-04 12:30:00,CELL-KOL-02,Kolkata,36.15,243.88,0,0.648
2026-08-04 12:30:00,CELL-KOL-03,Kolkata,31.75,178.75,0,0.868
2026-08-04 12:30:00,CELL-MUM-01,Mumbai,33.66,185.7,0,0.378
2026-08-04 12:30:00,CELL-MUM-02,Mumbai,31.93,213.79,0,0.442
2026-08-04 12:30:00,CELL-MUM-03,Mumbai,30.89,303.02,0,0.616
2026-08-04 12:45:00,CELL-BLR-01,Bengaluru,33.53,192.3,0,0.742
2026-08-04 12:45:00,CELL-BLR-02,Bengaluru,30.88,280.65,0,0.476
2026-08-04 12:45:00,CELL-BLR-03,Bengaluru,32.02,176.17,0,0.723
2026-08-04 12:45:00,CELL-DEL-01,Delhi NCR,29.23,312.44,0,0.442
2026-08-04 12:45:00,CELL-DEL-02,Delhi NCR,28.8,265.72,0,0.592
2026-08-04 12:45:00,CELL-DEL-03,Delhi NCR,31.25,277.71,0,0.764
2026-08-04 12:45:00,CELL-KOL-01,Kolkata,29.18,267.53,0,0.691
2026-08-04 12:45:00,CELL-KOL-02,Kolkata,34.9,265.08,0,0.598
2026-08-04 12:45:00,CELL-KOL-03,Kolkata,32.0,189.8,0,0.222
2026-08-04 12:45:00,CELL-MUM-01,Mumbai,32.84,197.32,0,0.659
2026-08-04 12:45:00,CELL-MUM-02,Mumbai,31.79,216.28,0,0.84
2026-08-04 12:45:00,CELL-MUM-03,Mumbai,33.65,313.48,0,0.425
2026-08-04 13:00:00,CELL-BLR-01,Bengaluru,29.59,192.39,0,0.554
2026-08-04 13:00:00,CELL-BLR-02,Bengaluru,28.36,280.22,0,0.377
2026-08-04 13:00:00,CELL-BLR-03,Bengaluru,31.34,190.92,0,0.556
2026-08-04 13:00:00,CELL-DEL-01,Delhi NCR,27.79,294.22,0,0.551
2026-08-04 13:00:00,CELL-DEL-02,Delhi NCR,31.81,267.45,0,0.317
2026-08-04 13:00:00,CELL-DEL-03,Delhi NCR,32.21,268.21,0,0.796
2026-08-04 13:00:00,CELL-KOL-01,Kolkata,33.06,278.52,0,0.532
2026-08-04 13:00:00,CELL-KOL-02,Kolkata,33.75,237.7,0,0.74
2026-08-04 13:00:00,CELL-KOL-03,Kolkata,32.86,184.25,0,0.632
2026-08-04 13:00:00,CELL-MUM-01,Mumbai,31.85,175.6,0,0.757
2026-08-04 13:00:00,CELL-MUM-02,Mumbai,31.61,215.73,0,0.792
2026-08-04 13:00:00,CELL-MUM-03,Mumbai,32.56,299.95,0,0.78
2026-08-04 13:15:00,CELL-BLR-01,Bengaluru,27.19,202.87,0,0.734
2026-08-04 13:15:00,CELL-BLR-02,Bengaluru,30.62,281.64,0,0.48
2026-08-04 13:15:00,CELL-BLR-03,Bengaluru,34.88,202.72,0,0.761
2026-08-04 13:15:00,CELL-DEL-01,Delhi NCR,30.23,304.36,0,0.611
2026-08-04 13:15:00,CELL-DEL-02,Delhi NCR,33.51,272.1,0,0.362
2026-08-04 13:15:00,CELL-DEL-03,Delhi NCR,31.51,277.0,0,0.609
2026-08-04 13:15:00,CELL-KOL-01,Kolkata,29.41,266.7,0,0.415
2026-08-04 13:15:00,CELL-KOL-02,Kolkata,35.79,257.33,0,0.503
2026-08-04 13:15:00,CELL-KOL-03,Kolkata,33.2,179.1,0,0.375
2026-08-04 13:15:00,CELL-MUM-01,Mumbai,34.14,172.1,0,0.518
2026-08-04 13:15:00,CELL-MUM-02,Mumbai,33.15,224.8,0,0.538
2026-08-04 13:15:00,CELL-MUM-03,Mumbai,32.59,310.65,0,0.433
2026-08-04 13:30:00,CELL-BLR-01,Bengaluru,27.42,167.02,0,0.487
2026-08-04 13:30:00,CELL-BLR-02,Bengaluru,29.38,274.0,0,0.626
2026-08-04 13:30:00,CELL-BLR-03,Bengaluru,72.1,190.9,0,0.479
2026-08-04 13:30:00,CELL-BLR-03,Bengaluru,72.1,190.9,0,0.479
2026-08-04 13:30:00,CELL-DEL-01,Delhi NCR,26.58,301.36,0,0.468
2026-08-04 13:30:00,CELL-DEL-02,Delhi NCR,27.89,258.78,0,0.488
2026-08-04 13:30:00,CELL-DEL-03,Delhi NCR,31.81,277.53,0,0.662
2026-08-04 13:30:00,CELL-KOL-01,Kolkata,29.1,261.22,0,0.557
2026-08-04 13:30:00,CELL-KOL-02,Kolkata,30.64,256.37,0,0.316
2026-08-04 13:30:00,CELL-KOL-03,Kolkata,34.46,195.95,0,0.525
2026-08-04 13:30:00,CELL-MUM-01,Mumbai,30.14,189.57,0,0.321
2026-08-04 13:30:00,CELL-MUM-02,Mumbai,33.01,222.65,0,0.845
2026-08-04 13:30:00,CELL-MUM-03,Mumbai,28.1,300.82,0,0.461
2026-08-04 13:45:00,CELL-BLR-01,Bengaluru,26.85,189.59,0,0.619
2026-08-04 13:45:00,CELL-BLR-02,Bengaluru,32.36,291.05,0,0.439
2026-08-04 13:45:00,CELL-BLR-03,Bengaluru,31.14,177.23,0,0.493
2026-08-04 13:45:00,CELL-DEL-01,Delhi NCR,28.51,307.99,0,0.668
2026-08-04 13:45:00,CELL-DEL-02,Delhi NCR,67.93,261.49,0,0.65
2026-08-04 13:45:00,CELL-DEL-03,Delhi NCR,30.79,280.0,0,0.633
2026-08-04 13:45:00,CELL-KOL-01,Kolkata,29.87,263.37,0,0.893
2026-08-04 13:45:00,CELL-KOL-02,Kolkata,30.95,249.91,0,0.345
2026-08-04 13:45:00,CELL-KOL-03,Kolkata,30.71,181.36,0,0.482
2026-08-04 13:45:00,CELL-MUM-01,Mumbai,32.76,192.73,0,0.193
2026-08-04 13:45:00,CELL-MUM-02,Mumbai,34.68,221.76,0,0.664
2026-08-04 13:45:00,CELL-MUM-03,Mumbai,75.52,314.42,0,0.755
2026-08-04 13:45:00,CELL-MUM-03,Mumbai,75.52,314.42,0,0.755
2026-08-04 14:00:00,CELL-BLR-01,Bengaluru,27.75,206.61,0,0.817
2026-08-04 14:00:00,CELL-BLR-02,Bengaluru,31.86,277.11,0,0.552
2026-08-04 14:00:00,CELL-BLR-03,Bengaluru,30.13,203.71,0,0.594
2026-08-04 14:00:00,CELL-DEL-01,Delhi NCR,28.58,313.22,0,0.565
2026-08-04 14:00:00,CELL-DEL-02,Delhi NCR,28.12,273.02,0,0.733
2026-08-04 14:00:00,CELL-DEL-03,Delhi NCR,31.64,270.63,0,0.709
2026-08-04 14:00:00,CELL-KOL-01,Kolkata,29.72,267.87,0,0.512
2026-08-04 14:00:00,CELL-KOL-02,Kolkata,32.95,246.16,0,0.384
2026-08-04 14:00:00,CELL-KOL-03,Kolkata,33.95,193.66,0,0.569
2026-08-04 14:00:00,CELL-MUM-01,Mumbai,33.16,180.8,0,0.666
2026-08-04 14:00:00,CELL-MUM-02,Mumbai,33.76,224.42,0,0.425
2026-08-04 14:00:00,CELL-MUM-03,Mumbai,27.83,300.15,0,0.686
2026-08-04 14:15:00,CELL-BLR-01,Bengaluru,29.4,190.74,0,0.49
2026-08-04 14:15:00,CELL-BLR-02,Bengaluru,30.27,263.17,0,0.716
2026-08-04 14:15:00,CELL-BLR-03,Bengaluru,29.42,184.64,0,0.725
2026-08-04 14:15:00,CELL-DEL-01,Delhi NCR,31.63,314.39,0,0.74
2026-08-04 14:15:00,CELL-DEL-02,Delhi NCR,30.11,279.01,0,0.561
2026-08-04 14:15:00,CELL-DEL-03,Delhi NCR,29.59,278.87,0,0.575
2026-08-04 14:15:00,CELL-KOL-01,Kolkata,29.91,270.43,0,0.558
2026-08-04 14:15:00,CELL-KOL-02,Kolkata,34.4,244.66,0,0.542
2026-08-04 14:15:00,CELL-KOL-03,Kolkata,30.72,194.7,0,0.446
2026-08-04 14:15:00,CELL-MUM-01,Mumbai,31.11,193.39,0,0.697
2026-08-04 14:15:00,CELL-MUM-02,Mumbai,33.44,231.11,0,0.437
2026-08-04 14:15:00,CELL-MUM-03,Mumbai,32.4,316.57,0,0.613
2026-08-04 14:30:00,CELL-BLR-01,Bengaluru,,191.15,0,0.386
2026-08-04 14:30:00,CELL-BLR-02,Bengaluru,33.7,286.6,0,0.548
2026-08-04 14:30:00,CELL-BLR-03,Bengaluru,30.53,182.78,0,0.653
2026-08-04 14:30:00,CELL-DEL-01,Delhi NCR,31.54,321.71,0,0.592
2026-08-04 14:30:00,CELL-DEL-02,Delhi NCR,28.3,276.8,0,0.612
2026-08-04 14:30:00,CELL-DEL-03,Delhi NCR,33.84,296.14,0,0.543
2026-08-04 14:30:00,CELL-KOL-01,Kolkata,28.32,278.42,0,0.783
2026-08-04 14:30:00,CELL-KOL-01,Kolkata,28.32,278.42,0,0.783
2026-08-04 14:30:00,CELL-KOL-02,Kolkata,34.12,264.31,0,0.54
2026-08-04 14:30:00,CELL-KOL-03,Kolkata,34.95,191.85,0,0.393
2026-08-04 14:30:00,CELL-MUM-01,Mumbai,31.59,193.29,0,0.641
2026-08-04 14:30:00,CELL-MUM-02,Mumbai,33.17,218.89,0,0.457
2026-08-04 14:30:00,CELL-MUM-03,Mumbai,30.21,295.93,0,0.607
2026-08-04 14:45:00,CELL-BLR-01,Bengaluru,83.06,190.69,0,0.373
2026-08-04 14:45:00,CELL-BLR-02,Bengaluru,28.06,269.39,0,0.449
2026-08-04 14:45:00,CELL-BLR-03,Bengaluru,33.23,183.1,0,0.58
2026-08-04 14:45:00,CELL-DEL-01,Delhi NCR,32.28,314.72,0,0.354
2026-08-04 14:45:00,CELL-DEL-02,Delhi NCR,34.66,275.4,0,0.744
2026-08-04 14:45:00,CELL-DEL-03,Delhi NCR,32.66,273.27,0,0.519
2026-08-04 14:45:00,CELL-KOL-01,Kolkata,26.97,278.62,0,0.556
2026-08-04 14:45:00,CELL-KOL-02,Kolkata,34.92,254.25,0,0.66
2026-08-04 14:45:00,CELL-KOL-03,Kolkata,35.06,198.2,0,0.558
2026-08-04 14:45:00,CELL-MUM-01,Mumbai,30.37,193.77,0,0.483
2026-08-04 14:45:00,CELL-MUM-02,Mumbai,32.86,223.29,0,0.582
2026-08-04 14:45:00,CELL-MUM-03,Mumbai,24.69,303.69,0,0.837
2026-08-04 15:00:00,CELL-BLR-01,Bengaluru,29.12,190.99,0,0.722
2026-08-04 15:00:00,CELL-BLR-02,Bengaluru,34.07,271.13,0,0.674
2026-08-04 15:00:00,CELL-BLR-03,Bengaluru,32.11,173.86,0,0.825
2026-08-04 15:00:00,CELL-DEL-01,Delhi NCR,29.87,315.55,0,0.474
2026-08-04 15:00:00,CELL-DEL-02,Delhi NCR,29.66,267.74,0,0.43
2026-08-04 15:00:00,CELL-DEL-03,Delhi NCR,27.71,284.32,0,0.683
2026-08-04 15:00:00,CELL-KOL-01,Kolkata,29.41,272.94,0,0.694
2026-08-04 15:00:00,CELL-KOL-02,Kolkata,31.89,250.7,0,0.424
2026-08-04 15:00:00,CELL-KOL-03,Kolkata,33.91,196.73,0,0.594
2026-08-04 15:00:00,CELL-MUM-01,Mumbai,31.06,183.02,0,0.406
2026-08-04 15:00:00,CELL-MUM-02,Mumbai,32.28,221.4,0,0.333
2026-08-04 15:00:00,CELL-MUM-03,Mumbai,32.62,308.0,0,0.343
2026-08-04 15:15:00,CELL-BLR-01,Bengaluru,29.02,179.63,0,0.597
2026-08-04 15:15:00,CELL-BLR-02,Bengaluru,33.73,263.87,0,0.967
2026-08-04 15:15:00,CELL-BLR-03,Bengaluru,31.76,185.96,0,0.475
2026-08-04 15:15:00,CELL-DEL-01,Delhi NCR,29.98,305.76,0,0.385
2026-08-04 15:15:00,CELL-DEL-02,Delhi NCR,30.12,270.28,0,0.548
2026-08-04 15:15:00,CELL-DEL-03,Delhi NCR,,302.12,0,0.779
2026-08-04 15:15:00,CELL-KOL-01,Kolkata,29.01,276.19,0,0.903
2026-08-04 15:15:00,CELL-KOL-02,Kolkata,33.72,255.34,0,0.657
2026-08-04 15:15:00,CELL-KOL-03,Kolkata,30.62,191.91,0,0.471
2026-08-04 15:15:00,CELL-MUM-01,Mumbai,28.91,198.14,0,0.513
2026-08-04 15:15:00,CELL-MUM-02,Mumbai,27.73,229.94,0,0.631
2026-08-04 15:15:00,CELL-MUM-03,Mumbai,28.95,303.32,0,0.362
2026-08-04 15:30:00,CELL-BLR-01,Bengaluru,58.35,193.29,0,0.715
2026-08-04 15:30:00,CELL-BLR-02,Bengaluru,35.35,265.1,0,0.781
2026-08-04 15:30:00,CELL-BLR-03,Bengaluru,32.04,174.38,0,0.127
2026-08-04 15:30:00,CELL-DEL-01,Delhi NCR,28.07,311.59,0,0.624
2026-08-04 15:30:00,CELL-DEL-02,Delhi NCR,31.27,278.23,0,0.527
2026-08-04 15:30:00,CELL-DEL-03,Delhi NCR,33.41,268.2,0,0.245
2026-08-04 15:30:00,CELL-KOL-01,Kolkata,27.83,265.02,0,0.499
2026-08-04 15:30:00,CELL-KOL-02,Kolkata,33.2,247.54,0,0.521
2026-08-04 15:30:00,CELL-KOL-03,Kolkata,32.64,200.6,0,0.779
2026-08-04 15:30:00,CELL-MUM-01,Mumbai,31.01,181.72,0,0.542
2026-08-04 15:30:00,CELL-MUM-02,Mumbai,34.58,236.56,0,0.491
2026-08-04 15:30:00,CELL-MUM-03,Mumbai,27.5,291.19,0,0.291
2026-08-04 15:45:00,CELL-BLR-01,Bengaluru,27.67,173.45,0,0.419
2026-08-04 15:45:00,CELL-BLR-02,Bengaluru,31.59,289.97,0,0.653
2026-08-04 15:45:00,CELL-BLR-03,Bengaluru,25.51,184.85,0,0.613
2026-08-04 15:45:00,CELL-DEL-01,Delhi NCR,27.8,320.42,0,0.402
2026-08-04 15:45:00,CELL-DEL-02,Delhi NCR,32.02,262.23,0,0.699
2026-08-04 15:45:00,CELL-DEL-03,Delhi NCR,33.13,277.53,0,0.305
2026-08-04 15:45:00,CELL-KOL-01,Kolkata,26.88,281.01,0,0.778
2026-08-04 15:45:00,CELL-KOL-02,Kolkata,34.2,256.36,0,0.669
2026-08-04 15:45:00,CELL-KOL-03,Kolkata,32.11,177.16,0,0.572
2026-08-04 15:45:00,CELL-MUM-01,Mumbai,32.54,180.0,0,0.486
2026-08-04 15:45:00,CELL-MUM-02,Mumbai,34.47,218.08,0,0.252
2026-08-04 15:45:00,CELL-MUM-03,Mumbai,28.11,299.65,0,0.757
2026-08-04 16:00:00,CELL-BLR-01,Bengaluru,28.73,176.13,0,0.541
2026-08-04 16:00:00,CELL-BLR-02,Bengaluru,32.18,266.62,0,0.341
2026-08-04 16:00:00,CELL-BLR-03,Bengaluru,28.8,197.45,0,0.628
2026-08-04 16:00:00,CELL-DEL-01,Delhi NCR,28.37,311.9,0,0.131
2026-08-04 16:00:00,CELL-DEL-02,Delhi NCR,28.42,274.83,0,0.556
2026-08-04 16:00:00,CELL-DEL-03,Delhi NCR,34.08,270.16,0,0.145
2026-08-04 16:00:00,CELL-KOL-01,Kolkata,30.07,269.94,0,0.592
2026-08-04 16:00:00,CELL-KOL-02,Kolkata,32.43,243.64,0,0.305
2026-08-04 16:00:00,CELL-KOL-03,Kolkata,33.27,201.48,0,0.535
2026-08-04 16:00:00,CELL-MUM-01,Mumbai,30.85,189.46,0,0.465
2026-08-04 16:00:00,CELL-MUM-02,Mumbai,33.14,220.09,0,0.397
2026-08-04 16:00:00,CELL-MUM-03,Mumbai,29.15,298.82,0,0.545
2026-08-04 16:15:00,CELL-BLR-01,Bengaluru,24.2,179.79,0,0.646
2026-08-04 16:15:00,CELL-BLR-02,Bengaluru,30.43,274.28,0,0.577
2026-08-04 16:15:00,CELL-BLR-03,Bengaluru,32.71,184.84,0,0.678
2026-08-04 16:15:00,CELL-DEL-01,Delhi NCR,27.85,318.22,0,0.56
2026-08-04 16:15:00,CELL-DEL-02,Delhi NCR,30.14,282.36,0,0.396
2026-08-04 16:15:00,CELL-DEL-03,Delhi NCR,31.91,273.79,0,0.623
2026-08-04 16:15:00,CELL-KOL-01,Kolkata,29.64,276.04,0,0.462
2026-08-04 16:15:00,CELL-KOL-02,Kolkata,33.74,248.9,0,0.76
2026-08-04 16:15:00,CELL-KOL-03,Kolkata,29.86,184.33,0,0.477
2026-08-04 16:15:00,CELL-MUM-01,Mumbai,30.63,181.97,0,0.655
2026-08-04 16:15:00,CELL-MUM-02,Mumbai,35.57,207.58,0,0.836
2026-08-04 16:15:00,CELL-MUM-03,Mumbai,29.36,302.43,0,0.501
2026-08-04 16:30:00,CELL-BLR-01,Bengaluru,29.15,189.7,0,0.62
2026-08-04 16:30:00,CELL-BLR-02,Bengaluru,32.12,272.93,0,0.566
2026-08-04 16:30:00,CELL-BLR-03,Bengaluru,29.14,182.61,0,0.624
2026-08-04 16:30:00,CELL-DEL-01,Delhi NCR,27.31,306.2,0,0.693
2026-08-04 16:30:00,CELL-DEL-02,Delhi NCR,30.41,267.81,0,0.56
2026-08-04 16:30:00,CELL-DEL-03,Delhi NCR,31.03,264.2,0,0.284
2026-08-04 16:30:00,CELL-KOL-01,Kolkata,28.41,284.82,0,0.292
2026-08-04 16:30:00,CELL-KOL-02,Kolkata,35.39,246.72,0,0.699
2026-08-04 16:30:00,CELL-KOL-03,Kolkata,32.71,191.04,0,0.697
2026-08-04 16:30:00,CELL-MUM-01,Mumbai,27.78,191.25,0,0.726
2026-08-04 16:30:00,CELL-MUM-02,Mumbai,30.71,219.16,0,0.458
2026-08-04 16:30:00,CELL-MUM-03,Mumbai,29.71,292.91,0,0.435
2026-08-04 16:45:00,CELL-BLR-01,Bengaluru,26.12,184.97,0,0.661
2026-08-04 16:45:00,CELL-BLR-02,Bengaluru,30.14,269.66,0,0.623
2026-08-04 16:45:00,CELL-BLR-03,Bengaluru,32.47,184.31,0,0.67
2026-08-04 16:45:00,CELL-DEL-01,Delhi NCR,26.97,319.65,0,0.468
2026-08-04 16:45:00,CELL-DEL-02,Delhi NCR,31.79,260.97,0,0.529
2026-08-04 16:45:00,CELL-DEL-03,Delhi NCR,30.41,288.11,0,0.446
2026-08-04 16:45:00,CELL-KOL-01,Kolkata,26.19,280.25,0,0.398
2026-08-04 16:45:00,CELL-KOL-02,Kolkata,32.7,249.4,0,0.53
2026-08-04 16:45:00,CELL-KOL-03,Kolkata,32.19,194.03,0,0.714
2026-08-04 16:45:00,CELL-MUM-01,Mumbai,33.22,187.59,0,0.436
2026-08-04 16:45:00,CELL-MUM-02,Mumbai,33.07,223.62,0,0.779
2026-08-04 16:45:00,CELL-MUM-03,Mumbai,29.22,307.45,0,1.007
2026-08-04 17:00:00,CELL-BLR-01,Bengaluru,29.45,195.14,0,0.543
2026-08-04 17:00:00,CELL-BLR-02,Bengaluru,29.69,267.24,0,0.482
2026-08-04 17:00:00,CELL-BLR-03,Bengaluru,32.3,182.13,0,0.321
2026-08-04 17:00:00,CELL-DEL-01,Delhi NCR,27.44,303.02,0,0.489
2026-08-04 17:00:00,CELL-DEL-02,Delhi NCR,34.29,265.68,0,0.763
2026-08-04 17:00:00,CELL-DEL-03,Delhi NCR,33.47,280.62,0,0.437
2026-08-04 17:00:00,CELL-KOL-01,Kolkata,30.18,255.1,0,0.576
2026-08-04 17:00:00,CELL-KOL-02,Kolkata,35.77,238.96,0,0.457
2026-08-04 17:00:00,CELL-KOL-03,Kolkata,32.84,200.98,0,0.45
2026-08-04 17:00:00,CELL-MUM-01,Mumbai,30.84,182.0,0,0.679
2026-08-04 17:00:00,CELL-MUM-02,Mumbai,32.74,209.81,0,0.58
2026-08-04 17:00:00,CELL-MUM-03,Mumbai,29.14,293.86,0,0.31
2026-08-04 17:15:00,CELL-BLR-01,Bengaluru,77.94,182.73,0,0.739
2026-08-04 17:15:00,CELL-BLR-02,Bengaluru,28.91,267.55,0,0.25
2026-08-04 17:15:00,CELL-BLR-03,Bengaluru,29.28,176.09,0,0.549
2026-08-04 17:15:00,CELL-DEL-01,Delhi NCR,33.15,290.0,0,0.454
2026-08-04 17:15:00,CELL-DEL-02,Delhi NCR,30.43,266.23,0,0.43
2026-08-04 17:15:00,CELL-DEL-03,Delhi NCR,33.48,277.34,0,0.392
2026-08-04 17:15:00,CELL-KOL-01,Kolkata,31.3,280.38,0,0.525
2026-08-04 17:15:00,CELL-KOL-02,Kolkata,69.21,258.47,0,0.733
2026-08-04 17:15:00,CELL-KOL-03,Kolkata,32.48,175.34,0,0.58
2026-08-04 17:15:00,CELL-MUM-01,Mumbai,28.71,189.57,0,0.39
2026-08-04 17:15:00,CELL-MUM-02,Mumbai,29.55,216.37,0,0.66
2026-08-04 17:15:00,CELL-MUM-03,Mumbai,28.97,292.26,0,0.756
2026-08-04 17:30:00,CELL-BLR-01,Bengaluru,31.1,182.16,0,0.289
2026-08-04 17:30:00,CELL-BLR-02,Bengaluru,30.94,252.71,0,0.635
2026-08-04 17:30:00,CELL-BLR-03,Bengaluru,31.68,198.19,0,0.535
2026-08-04 17:30:00,CELL-DEL-01,Delhi NCR,,312.75,0,0.555
2026-08-04 17:30:00,CELL-DEL-02,Delhi NCR,30.69,250.18,0,0.494
2026-08-04 17:30:00,CELL-DEL-03,Delhi NCR,32.36,-1.0,0,0.578
2026-08-04 17:30:00,CELL-KOL-01,Kolkata,29.57,267.22,0,0.345
2026-08-04 17:30:00,CELL-KOL-02,Kolkata,36.15,248.32,0,0.499
2026-08-04 17:30:00,CELL-KOL-03,Kolkata,33.06,186.09,0,0.948
2026-08-04 17:30:00,CELL-MUM-01,Mumbai,75.31,184.95,0,0.651
2026-08-04 17:30:00,CELL-MUM-01,Mumbai,75.31,184.95,0,0.651
2026-08-04 17:30:00,CELL-MUM-02,Mumbai,31.06,208.93,0,0.492
2026-08-04 17:30:00,CELL-MUM-03,Mumbai,31.02,300.33,0,0.554
2026-08-04 17:45:00,CELL-BLR-01,Bengaluru,28.93,172.06,0,0.581
2026-08-04 17:45:00,CELL-BLR-02,Bengaluru,31.62,264.21,0,0.473
2026-08-04 17:45:00,CELL-BLR-03,Bengaluru,34.95,187.96,0,0.484
2026-08-04 17:45:00,CELL-DEL-01,Delhi NCR,,301.78,0,0.708
2026-08-04 17:45:00,CELL-DEL-02,Delhi NCR,30.47,258.66,0,0.583
2026-08-04 17:45:00,CELL-DEL-03,Delhi NCR,34.23,253.69,0,0.309
2026-08-04 17:45:00,CELL-KOL-01,Kolkata,27.4,271.03,0,0.391
2026-08-04 17:45:00,CELL-KOL-02,Kolkata,33.91,241.44,0,0.845
2026-08-04 17:45:00,CELL-KOL-03,Kolkata,33.64,188.71,0,0.82
2026-08-04 17:45:00,CELL-MUM-01,Mumbai,31.87,168.06,0,0.235
2026-08-04 17:45:00,CELL-MUM-02,Mumbai,31.6,201.34,0,0.123
2026-08-04 17:45:00,CELL-MUM-03,Mumbai,28.58,298.27,0,0.514
2026-08-04 18:00:00,CELL-BLR-01,Bengaluru,32.03,170.53,0,0.792
2026-08-04 18:00:00,CELL-BLR-02,Bengaluru,30.65,274.84,0,0.643
2026-08-04 18:00:00,CELL-BLR-03,Bengaluru,36.87,182.65,0,0.399
2026-08-04 18:00:00,CELL-DEL-01,Delhi NCR,30.94,296.53,0,0.703
2026-08-04 18:00:00,CELL-DEL-02,Delhi NCR,32.04,257.06,0,0.492
2026-08-04 18:00:00,CELL-DEL-03,Delhi NCR,36.28,257.41,0,0.406
2026-08-04 18:00:00,CELL-KOL-01,Kolkata,32.37,253.14,0,0.538
2026-08-04 18:00:00,CELL-KOL-02,Kolkata,34.56,241.78,0,0.507
2026-08-04 18:00:00,CELL-KOL-03,Kolkata,34.24,163.76,0,0.703
2026-08-04 18:00:00,CELL-MUM-01,Mumbai,34.58,168.89,0,0.458
2026-08-04 18:00:00,CELL-MUM-02,Mumbai,33.64,219.47,0,0.368
2026-08-04 18:00:00,CELL-MUM-03,Mumbai,28.95,282.98,0,0.802
2026-08-04 18:15:00,CELL-BLR-01,Bengaluru,31.69,174.93,0,0.503
2026-08-04 18:15:00,CELL-BLR-02,Bengaluru,34.68,251.48,0,0.544
2026-08-04 18:15:00,CELL-BLR-03,Bengaluru,33.37,175.19,0,0.83
2026-08-04 18:15:00,CELL-DEL-01,Delhi NCR,28.73,276.88,0,0.585
2026-08-04 18:15:00,CELL-DEL-02,Delhi NCR,33.43,244.38,0,0.809
2026-08-04 18:15:00,CELL-DEL-03,Delhi NCR,34.13,248.9,0,0.779
2026-08-04 18:15:00,CELL-KOL-01,Kolkata,31.17,247.1,0,0.547
2026-08-04 18:15:00,CELL-KOL-02,Kolkata,34.6,210.15,0,0.382
2026-08-04 18:15:00,CELL-KOL-03,Kolkata,35.08,168.08,0,0.907
2026-08-04 18:15:00,CELL-MUM-01,Mumbai,32.23,170.29,0,0.688
2026-08-04 18:15:00,CELL-MUM-02,Mumbai,36.21,195.3,0,0.576
2026-08-04 18:15:00,CELL-MUM-03,Mumbai,31.48,279.26,0,0.649
2026-08-04 18:30:00,CELL-BLR-01,Bengaluru,31.02,181.77,0,0.723
2026-08-04 18:30:00,CELL-BLR-02,Bengaluru,38.54,246.51,0,0.556
2026-08-04 18:30:00,CELL-BLR-03,Bengaluru,34.37,158.77,0,0.601
2026-08-04 18:30:00,CELL-DEL-01,Delhi NCR,32.27,266.23,0,0.581
2026-08-04 18:30:00,CELL-DEL-02,Delhi NCR,33.38,245.51,0,0.448
2026-08-04 18:30:00,CELL-DEL-03,Delhi NCR,40.6,261.48,0,0.664
2026-08-04 18:30:00,CELL-KOL-01,Kolkata,32.5,246.84,0,0.585
2026-08-04 18:30:00,CELL-KOL-02,Kolkata,37.39,216.85,0,0.549
2026-08-04 18:30:00,CELL-KOL-03,Kolkata,42.67,162.63,0,0.779
2026-08-04 18:30:00,CELL-MUM-01,Mumbai,34.05,169.27,0,0.605
2026-08-04 18:30:00,CELL-MUM-02,Mumbai,39.0,193.35,0,0.367
2026-08-04 18:30:00,CELL-MUM-03,Mumbai,34.85,246.98,0,0.709
2026-08-04 18:45:00,CELL-BLR-01,Bengaluru,,167.66,0,0.222
2026-08-04 18:45:00,CELL-BLR-02,Bengaluru,35.82,220.05,0,0.489
2026-08-04 18:45:00,CELL-BLR-03,Bengaluru,37.82,153.4,0,0.737
2026-08-04 18:45:00,CELL-DEL-01,Delhi NCR,32.86,233.36,0,0.488
2026-08-04 18:45:00,CELL-DEL-02,Delhi NCR,36.04,239.37,0,0.624
2026-08-04 18:45:00,CELL-DEL-03,Delhi NCR,38.39,218.81,0,1.076
2026-08-04 18:45:00,CELL-KOL-01,Kolkata,36.29,225.56,0,0.66
2026-08-04 18:45:00,CELL-KOL-02,Kolkata,37.57,221.76,0,0.585
2026-08-04 18:45:00,CELL-KOL-03,Kolkata,41.51,165.65,0,0.204
2026-08-04 18:45:00,CELL-MUM-01,Mumbai,35.49,156.84,0,0.534
2026-08-04 18:45:00,CELL-MUM-02,Mumbai,37.45,184.15,0,0.608
2026-08-04 18:45:00,CELL-MUM-03,Mumbai,34.68,259.19,0,0.3
2026-08-04 19:00:00,CELL-BLR-01,Bengaluru,35.44,168.0,0,0.637
2026-08-04 19:00:00,CELL-BLR-02,Bengaluru,38.03,234.04,0,0.728
2026-08-04 19:00:00,CELL-BLR-03,Bengaluru,39.42,152.24,0,0.807
2026-08-04 19:00:00,CELL-DEL-01,Delhi NCR,35.14,234.56,0,0.674
2026-08-04 19:00:00,CELL-DEL-02,Delhi NCR,34.87,196.01,0,0.647
2026-08-04 19:00:00,CELL-DEL-03,Delhi NCR,40.07,216.44,0,0.636
2026-08-04 19:00:00,CELL-KOL-01,Kolkata,35.53,215.42,0,1.355
2026-08-04 19:00:00,CELL-KOL-02,Kolkata,43.24,197.24,0,0.646
2026-08-04 19:00:00,CELL-KOL-03,Kolkata,40.43,156.47,0,0.354
2026-08-04 19:00:00,CELL-MUM-01,Mumbai,41.3,156.14,0,1.004
2026-08-04 19:00:00,CELL-MUM-02,Mumbai,40.87,187.98,0,0.842
2026-08-04 19:00:00,CELL-MUM-03,Mumbai,36.67,249.66,0,0.408
2026-08-04 19:15:00,CELL-BLR-01,Bengaluru,40.75,137.51,0,1.038
2026-08-04 19:15:00,CELL-BLR-02,Bengaluru,43.98,216.6,0,0.624
2026-08-04 19:15:00,CELL-BLR-03,Bengaluru,41.87,138.05,0,1.266
2026-08-04 19:15:00,CELL-DEL-01,Delhi NCR,39.4,227.53,0,1.19
2026-08-04 19:15:00,CELL-DEL-02,Delhi NCR,40.77,206.21,0,0.825
2026-08-04 19:15:00,CELL-DEL-03,Delhi NCR,44.21,225.35,0,0.497
2026-08-04 19:15:00,CELL-KOL-01,Kolkata,40.18,197.08,0,0.378
2026-08-04 19:15:00,CELL-KOL-02,Kolkata,42.22,204.53,0,0.695
2026-08-04 19:15:00,CELL-KOL-03,Kolkata,43.11,125.6,0,0.616
2026-08-04 19:15:00,CELL-MUM-01,Mumbai,44.14,129.88,0,0.833
2026-08-04 19:15:00,CELL-MUM-02,Mumbai,43.41,168.68,0,0.479
2026-08-04 19:15:00,CELL-MUM-03,Mumbai,37.02,236.78,0,0.655
2026-08-04 19:30:00,CELL-BLR-01,Bengaluru,42.45,146.79,0,0.42
2026-08-04 19:30:00,CELL-BLR-02,Bengaluru,45.1,195.54,0,1.039
2026-08-04 19:30:00,CELL-BLR-03,Bengaluru,39.82,122.92,0,0.907
2026-08-04 19:30:00,CELL-DEL-01,Delhi NCR,40.34,226.28,0,0.945
2026-08-04 19:30:00,CELL-DEL-02,Delhi NCR,43.71,208.72,0,0.984
2026-08-04 19:30:00,CELL-DEL-03,Delhi NCR,44.08,193.06,0,0.765
2026-08-04 19:30:00,CELL-KOL-01,Kolkata,39.5,190.63,0,1.006
2026-08-04 19:30:00,CELL-KOL-02,Kolkata,49.67,179.49,0,0.866
2026-08-04 19:30:00,CELL-KOL-03,Kolkata,44.93,137.48,0,0.55
2026-08-04 19:30:00,CELL-MUM-01,Mumbai,42.32,136.81,0,0.0
2026-08-04 19:30:00,CELL-MUM-02,Mumbai,43.65,162.02,0,0.787
2026-08-04 19:30:00,CELL-MUM-03,Mumbai,39.34,211.63,0,0.85
2026-08-04 19:45:00,CELL-BLR-01,Bengaluru,44.16,121.0,0,0.749
2026-08-04 19:45:00,CELL-BLR-02,Bengaluru,47.19,191.4,0,0.711
2026-08-04 19:45:00,CELL-BLR-03,Bengaluru,45.34,128.54,0,0.635
2026-08-04 19:45:00,CELL-DEL-01,Delhi NCR,84.95,219.53,0,1.128
2026-08-04 19:45:00,CELL-DEL-02,Delhi NCR,44.31,192.07,0,0.61
2026-08-04 19:45:00,CELL-DEL-03,Delhi NCR,44.84,202.54,0,0.558
2026-08-04 19:45:00,CELL-KOL-01,Kolkata,43.2,188.46,0,0.409
2026-08-04 19:45:00,CELL-KOL-02,Kolkata,51.49,178.71,0,0.959
2026-08-04 19:45:00,CELL-KOL-03,Kolkata,44.81,146.37,0,0.734
2026-08-04 19:45:00,CELL-MUM-01,Mumbai,43.29,132.25,0,0.914
2026-08-04 19:45:00,CELL-MUM-02,Mumbai,47.44,145.98,0,0.657
2026-08-04 19:45:00,CELL-MUM-03,Mumbai,42.46,191.16,0,0.509
2026-08-04 20:00:00,CELL-BLR-01,Bengaluru,46.45,128.43,0,0.619
2026-08-04 20:00:00,CELL-BLR-02,Bengaluru,47.48,177.39,0,1.211
2026-08-04 20:00:00,CELL-BLR-03,Bengaluru,47.14,128.26,0,0.879
2026-08-04 20:00:00,CELL-DEL-01,Delhi NCR,44.09,194.39,0,0.752
2026-08-04 20:00:00,CELL-DEL-02,Delhi NCR,45.3,172.76,0,0.922
2026-08-04 20:00:00,CELL-DEL-03,Delhi NCR,47.26,177.25,0,0.912
2026-08-04 20:00:00,CELL-KOL-01,Kolkata,44.5,176.24,0,0.783
2026-08-04 20:00:00,CELL-KOL-02,Kolkata,53.95,165.22,0,0.452
2026-08-04 20:00:00,CELL-KOL-03,Kolkata,49.93,140.18,0,0.605
2026-08-04 20:00:00,CELL-MUM-01,Mumbai,42.99,120.36,0,0.941
2026-08-04 20:00:00,CELL-MUM-02,Mumbai,46.19,149.44,0,0.742
2026-08-04 20:00:00,CELL-MUM-03,Mumbai,45.86,201.78,0,1.136
2026-08-04 20:15:00,CELL-BLR-01,Bengaluru,44.24,122.19,0,0.856
2026-08-04 20:15:00,CELL-BLR-02,Bengaluru,51.89,179.21,0,0.718
2026-08-04 20:15:00,CELL-BLR-03,Bengaluru,45.72,121.92,0,1.112
2026-08-04 20:15:00,CELL-DEL-01,Delhi NCR,43.6,203.63,0,1.254
2026-08-04 20:15:00,CELL-DEL-02,Delhi NCR,43.92,171.49,0,1.066
2026-08-04 20:15:00,CELL-DEL-03,Delhi NCR,51.88,183.89,0,1.056
2026-08-04 20:15:00,CELL-KOL-01,Kolkata,45.79,172.8,0,1.678
2026-08-04 20:15:00,CELL-KOL-02,Kolkata,53.11,151.21,0,0.977
2026-08-04 20:15:00,CELL-KOL-03,Kolkata,49.29,139.47,0,0.817
2026-08-04 20:15:00,CELL-MUM-01,Mumbai,47.36,130.8,0,0.292
2026-08-04 20:15:00,CELL-MUM-02,Mumbai,52.23,148.95,0,0.966
2026-08-04 20:15:00,CELL-MUM-03,Mumbai,48.56,184.41,0,0.91
2026-08-04 20:30:00,CELL-BLR-01,Bengaluru,45.03,121.13,0,1.011
2026-08-04 20:30:00,CELL-BLR-02,Bengaluru,48.69,187.5,0,0.742
2026-08-04 20:30:00,CELL-BLR-03,Bengaluru,46.24,128.61,0,0.75
2026-08-04 20:30:00,CELL-DEL-01,Delhi NCR,45.43,211.99,0,1.569
2026-08-04 20:30:00,CELL-DEL-02,Delhi NCR,47.76,178.34,0,1.155
2026-08-04 20:30:00,CELL-DEL-03,Delhi NCR,47.56,175.82,0,0.663
2026-08-04 20:30:00,CELL-KOL-01,Kolkata,47.63,154.38,0,0.671
2026-08-04 20:30:00,CELL-KOL-02,Kolkata,51.98,171.4,0,0.661
2026-08-04 20:30:00,CELL-KOL-03,Kolkata,51.79,137.82,0,0.311
2026-08-04 20:30:00,CELL-MUM-01,Mumbai,46.48,115.65,0,0.979
2026-08-04 20:30:00,CELL-MUM-02,Mumbai,50.57,148.82,0,1.284
2026-08-04 20:30:00,CELL-MUM-03,Mumbai,46.58,204.04,0,0.619
2026-08-04 20:45:00,CELL-BLR-01,Bengaluru,44.43,120.44,0,0.154
2026-08-04 20:45:00,CELL-BLR-02,Bengaluru,52.22,182.58,0,1.105
2026-08-04 20:45:00,CELL-BLR-03,Bengaluru,48.41,114.11,0,1.074
2026-08-04 20:45:00,CELL-DEL-01,Delhi NCR,44.18,192.9,0,1.237
2026-08-04 20:45:00,CELL-DEL-02,Delhi NCR,45.2,170.2,0,0.506
2026-08-04 20:45:00,CELL-DEL-03,Delhi NCR,49.5,171.57,0,1.025
2026-08-04 20:45:00,CELL-KOL-01,Kolkata,43.05,169.59,0,0.967
2026-08-04 20:45:00,CELL-KOL-02,Kolkata,54.38,167.37,0,0.629
2026-08-04 20:45:00,CELL-KOL-03,Kolkata,51.13,127.32,0,0.353
2026-08-04 20:45:00,CELL-MUM-01,Mumbai,46.77,110.94,0,0.776
2026-08-04 20:45:00,CELL-MUM-02,Mumbai,50.52,150.31,0,0.835
2026-08-04 20:45:00,CELL-MUM-03,Mumbai,48.04,212.32,0,0.48
2026-08-04 21:00:00,CELL-BLR-01,Bengaluru,42.52,121.67,0,0.348
2026-08-04 21:00:00,CELL-BLR-02,Bengaluru,46.49,180.39,0,0.602
2026-08-04 21:00:00,CELL-BLR-03,Bengaluru,48.0,125.53,0,0.752
2026-08-04 21:00:00,CELL-DEL-01,Delhi NCR,40.18,193.29,0,0.777
2026-08-04 21:00:00,CELL-DEL-02,Delhi NCR,42.76,183.9,0,0.7
2026-08-04 21:00:00,CELL-DEL-03,Delhi NCR,47.92,173.64,0,0.689
2026-08-04 21:00:00,CELL-KOL-01,Kolkata,42.42,182.33,0,0.65
2026-08-04 21:00:00,CELL-KOL-02,Kolkata,46.55,168.15,0,0.848
2026-08-04 21:00:00,CELL-KOL-03,Kolkata,48.87,129.21,0,0.731
2026-08-04 21:00:00,CELL-MUM-01,Mumbai,108.95,131.91,0,1.081
2026-08-04 21:00:00,CELL-MUM-02,Mumbai,49.36,133.16,0,0.78
2026-08-04 21:00:00,CELL-MUM-03,Mumbai,45.3,198.17,0,0.637
2026-08-04 21:15:00,CELL-BLR-01,Bengaluru,40.0,128.98,0,0.565
2026-08-04 21:15:00,CELL-BLR-02,Bengaluru,44.21,173.58,0,0.676
2026-08-04 21:15:00,CELL-BLR-03,Bengaluru,45.54,145.45,0,0.957
2026-08-04 21:15:00,CELL-DEL-01,Delhi NCR,39.39,205.74,0,0.727
2026-08-04 21:15:00,CELL-DEL-02,Delhi NCR,44.8,178.89,0,0.373
2026-08-04 21:15:00,CELL-DEL-03,Delhi NCR,45.31,190.44,0,0.638
2026-08-04 21:15:00,CELL-KOL-01,Kolkata,40.5,186.68,0,0.716
2026-08-04 21:15:00,CELL-KOL-02,Kolkata,49.19,159.85,0,1.022
2026-08-04 21:15:00,CELL-KOL-03,Kolkata,43.92,132.92,0,0.745
2026-08-04 21:15:00,CELL-MUM-01,Mumbai,45.0,126.61,0,0.932
2026-08-04 21:15:00,CELL-MUM-02,Mumbai,49.19,161.02,0,1.112
2026-08-04 21:15:00,CELL-MUM-03,Mumbai,41.89,207.17,0,0.624
2026-08-04 21:30:00,CELL-BLR-01,Bengaluru,42.2,128.44,0,0.694
2026-08-04 21:30:00,CELL-BLR-02,Bengaluru,40.58,208.02,0,0.56
2026-08-04 21:30:00,CELL-BLR-03,Bengaluru,43.63,154.9,0,0.606
2026-08-04 21:30:00,CELL-DEL-01,Delhi NCR,37.36,226.94,0,1.221
2026-08-04 21:30:00,CELL-DEL-02,Delhi NCR,43.28,190.33,0,1.026
2026-08-04 21:30:00,CELL-DEL-03,Delhi NCR,46.62,200.39,0,0.898
2026-08-04 21:30:00,CELL-KOL-01,Kolkata,40.03,192.51,0,0.791
2026-08-04 21:30:00,CELL-KOL-02,Kolkata,47.86,167.47,0,1.052
2026-08-04 21:30:00,CELL-KOL-03,Kolkata,41.83,141.83,0,0.634
2026-08-04 21:30:00,CELL-MUM-01,Mumbai,42.07,145.39,0,0.739
2026-08-04 21:30:00,CELL-MUM-02,Mumbai,46.78,176.28,0,0.782
2026-08-04 21:30:00,CELL-MUM-03,Mumbai,42.08,230.59,0,0.846
2026-08-04 21:45:00,CELL-BLR-01,Bengaluru,39.36,143.1,0,1.252
2026-08-04 21:45:00,CELL-BLR-02,Bengaluru,39.3,206.02,0,0.822
2026-08-04 21:45:00,CELL-BLR-03,Bengaluru,41.36,140.37,0,0.847
2026-08-04 21:45:00,CELL-DEL-01,Delhi NCR,40.68,224.05,0,1.02
2026-08-04 21:45:00,CELL-DEL-02,Delhi NCR,42.59,197.68,0,0.928
2026-08-04 21:45:00,CELL-DEL-03,Delhi NCR,44.59,212.34,0,0.82
2026-08-04 21:45:00,CELL-KOL-01,Kolkata,39.87,222.15,0,1.146
2026-08-04 21:45:00,CELL-KOL-02,Kolkata,46.43,195.82,0,0.547
2026-08-04 21:45:00,CELL-KOL-03,Kolkata,42.16,136.88,0,0.673
2026-08-04 21:45:00,CELL-MUM-01,Mumbai,39.49,145.59,0,0.805
2026-08-04 21:45:00,CELL-MUM-02,Mumbai,46.59,172.46,0,0.615
2026-08-04 21:45:00,CELL-MUM-03,Mumbai,40.78,228.11,0,1.119
2026-08-04 22:00:00,CELL-BLR-01,Bengaluru,37.69,156.39,0,0.592
2026-08-04 22:00:00,CELL-BLR-02,Bengaluru,39.17,208.52,0,0.781
2026-08-04 22:00:00,CELL-BLR-03,Bengaluru,39.59,152.92,0,0.341
2026-08-04 22:00:00,CELL-DEL-01,Delhi NCR,37.11,255.5,0,0.932
2026-08-04 22:00:00,CELL-DEL-02,Delhi NCR,35.85,209.39,0,0.894
2026-08-04 22:00:00,CELL-DEL-03,Delhi NCR,37.37,211.26,0,1.089
2026-08-04 22:00:00,CELL-KOL-01,Kolkata,35.5,219.26,0,0.791
2026-08-04 22:00:00,CELL-KOL-02,Kolkata,42.9,174.98,0,0.488
2026-08-04 22:00:00,CELL-KOL-03,Kolkata,41.37,165.59,0,0.521
2026-08-04 22:00:00,CELL-MUM-01,Mumbai,35.86,150.04,0,0.873
2026-08-04 22:00:00,CELL-MUM-02,Mumbai,40.24,173.94,0,0.713
2026-08-04 22:00:00,CELL-MUM-03,Mumbai,37.15,228.76,0,0.97
2026-08-04 22:15:00,CELL-BLR-01,Bengaluru,36.55,153.34,0,0.836
2026-08-04 22:15:00,CELL-BLR-02,Bengaluru,35.89,228.86,0,0.932
2026-08-04 22:15:00,CELL-BLR-03,Bengaluru,36.31,131.88,0,0.363
2026-08-04 22:15:00,CELL-DEL-01,Delhi NCR,34.38,259.76,0,0.842
2026-08-04 22:15:00,CELL-DEL-02,Delhi NCR,35.22,213.57,0,0.263
2026-08-04 22:15:00,CELL-DEL-03,Delhi NCR,36.24,253.35,0,0.427
2026-08-04 22:15:00,CELL-KOL-01,Kolkata,32.68,241.98,0,0.799
2026-08-04 22:15:00,CELL-KOL-02,Kolkata,37.24,196.42,0,0.671
2026-08-04 22:15:00,CELL-KOL-03,Kolkata,38.62,157.91,0,0.598
2026-08-04 22:15:00,CELL-MUM-01,Mumbai,33.87,146.49,0,0.619
2026-08-04 22:15:00,CELL-MUM-02,Mumbai,36.81,196.61,0,0.833
2026-08-04 22:15:00,CELL-MUM-03,Mumbai,34.9,260.7,0,0.453
2026-08-04 22:30:00,CELL-BLR-01,Bengaluru,34.62,155.37,0,0.87
2026-08-04 22:30:00,CELL-BLR-02,Bengaluru,33.86,264.31,0,0.322
2026-08-04 22:30:00,CELL-BLR-03,Bengaluru,33.96,164.14,0,0.78
2026-08-04 22:30:00,CELL-DEL-01,Delhi NCR,31.49,268.04,0,0.729
2026-08-04 22:30:00,CELL-DEL-02,Delhi NCR,36.45,230.59,0,0.342
2026-08-04 22:30:00,CELL-DEL-03,Delhi NCR,34.19,248.47,0,0.452
2026-08-04 22:30:00,CELL-KOL-01,Kolkata,31.56,234.57,0,0.299
2026-08-04 22:30:00,CELL-KOL-02,Kolkata,39.0,219.39,0,0.787
2026-08-04 22:30:00,CELL-KOL-03,Kolkata,36.86,169.26,0,0.542
2026-08-04 22:30:00,CELL-MUM-01,Mumbai,32.77,149.13,0,0.599
2026-08-04 22:30:00,CELL-MUM-02,Mumbai,35.3,189.97,0,0.46
2026-08-04 22:30:00,CELL-MUM-03,Mumbai,35.6,262.37,0,0.514
2026-08-04 22:45:00,CELL-BLR-01,Bengaluru,28.93,172.7,0,0.648
2026-08-04 22:45:00,CELL-BLR-02,Bengaluru,34.71,273.73,0,0.142
2026-08-04 22:45:00,CELL-BLR-03,Bengaluru,35.11,164.79,0,0.524
2026-08-04 22:45:00,CELL-DEL-01,Delhi NCR,31.98,290.95,0,0.574
2026-08-04 22:45:00,CELL-DEL-02,Delhi NCR,35.71,243.81,0,0.461
2026-08-04 22:45:00,CELL-DEL-03,Delhi NCR,36.11,257.38,0,0.593
2026-08-04 22:45:00,CELL-KOL-01,Kolkata,30.51,256.92,0,0.449
2026-08-04 22:45:00,CELL-KOL-02,Kolkata,37.97,223.53,0,1.019
2026-08-04 22:45:00,CELL-KOL-03,Kolkata,37.95,171.15,0,0.583
2026-08-04 22:45:00,CELL-MUM-01,Mumbai,36.86,169.8,0,0.538
2026-08-04 22:45:00,CELL-MUM-02,Mumbai,37.82,212.08,0,0.684
2026-08-04 22:45:00,CELL-MUM-03,Mumbai,32.15,259.49,0,0.514
2026-08-04 23:00:00,CELL-BLR-01,Bengaluru,30.78,169.07,0,0.653
2026-08-04 23:00:00,CELL-BLR-02,Bengaluru,33.62,258.97,0,0.818
2026-08-04 23:00:00,CELL-BLR-03,Bengaluru,29.2,175.41,0,0.542
2026-08-04 23:00:00,CELL-DEL-01,Delhi NCR,29.2,284.65,0,0.559
2026-08-04 23:00:00,CELL-DEL-02,Delhi NCR,31.44,270.14,0,1.066
2026-08-04 23:00:00,CELL-DEL-03,Delhi NCR,34.44,249.12,0,0.266
2026-08-04 23:00:00,CELL-KOL-01,Kolkata,32.51,266.03,0,0.751
2026-08-04 23:00:00,CELL-KOL-02,Kolkata,38.7,225.35,0,0.312
2026-08-04 23:00:00,CELL-KOL-03,Kolkata,35.4,168.5,0,0.684
2026-08-04 23:00:00,CELL-MUM-01,Mumbai,33.45,170.89,0,0.419
2026-08-04 23:00:00,CELL-MUM-02,Mumbai,34.06,217.21,0,0.58
2026-08-04 23:00:00,CELL-MUM-03,Mumbai,31.49,290.96,0,0.489
2026-08-04 23:15:00,CELL-BLR-01,Bengaluru,28.8,177.34,0,0.56
2026-08-04 23:15:00,CELL-BLR-02,Bengaluru,31.99,288.85,0,0.806
2026-08-04 23:15:00,CELL-BLR-03,Bengaluru,35.43,169.99,0,0.516
2026-08-04 23:15:00,CELL-DEL-01,Delhi NCR,26.2,300.82,0,0.587
2026-08-04 23:15:00,CELL-DEL-02,Delhi NCR,29.78,264.81,0,0.781
2026-08-04 23:15:00,CELL-DEL-03,Delhi NCR,32.89,271.38,0,0.766
2026-08-04 23:15:00,CELL-KOL-01,Kolkata,31.94,267.07,0,0.692
2026-08-04 23:15:00,CELL-KOL-02,Kolkata,33.37,246.48,0,0.334
2026-08-04 23:15:00,CELL-KOL-03,Kolkata,33.02,186.78,0,0.449
2026-08-04 23:15:00,CELL-MUM-01,Mumbai,34.69,173.23,0,0.772
2026-08-04 23:15:00,CELL-MUM-02,Mumbai,29.98,217.57,0,0.518
2026-08-04 23:15:00,CELL-MUM-03,Mumbai,28.69,282.77,0,0.588
2026-08-04 23:30:00,CELL-BLR-01,Bengaluru,28.01,193.13,0,0.68
2026-08-04 23:30:00,CELL-BLR-02,Bengaluru,32.93,256.45,0,0.571
2026-08-04 23:30:00,CELL-BLR-03,Bengaluru,29.47,185.78,0,0.762
2026-08-04 23:30:00,CELL-DEL-01,Delhi NCR,27.04,292.18,0,0.38
2026-08-04 23:30:00,CELL-DEL-02,Delhi NCR,32.81,249.35,0,0.577
2026-08-04 23:30:00,CELL-DEL-03,Delhi NCR,31.73,279.78,0,0.926
2026-08-04 23:30:00,CELL-KOL-01,Kolkata,28.62,263.9,0,0.208
2026-08-04 23:30:00,CELL-KOL-02,Kolkata,35.65,250.67,0,0.565
2026-08-04 23:30:00,CELL-KOL-03,Kolkata,31.86,179.17,0,0.689
2026-08-04 23:30:00,CELL-MUM-01,Mumbai,31.94,187.7,0,0.424
2026-08-04 23:30:00,CELL-MUM-02,Mumbai,29.4,221.9,0,0.519
2026-08-04 23:30:00,CELL-MUM-03,Mumbai,27.83,299.64,0,0.419
2026-08-04 23:45:00,CELL-BLR-01,Bengaluru,31.08,183.29,0,0.379
2026-08-04 23:45:00,CELL-BLR-02,Bengaluru,30.15,270.13,0,0.701
2026-08-04 23:45:00,CELL-BLR-03,Bengaluru,32.38,174.09,0,0.607
2026-08-04 23:45:00,CELL-DEL-01,Delhi NCR,30.83,302.7,0,0.483
2026-08-04 23:45:00,CELL-DEL-02,Delhi NCR,29.7,267.66,0,0.608
2026-08-04 23:45:00,CELL-DEL-03,Delhi NCR,32.24,264.75,0,0.689
2026-08-04 23:45:00,CELL-KOL-01,Kolkata,26.81,274.34,0,0.642
2026-08-04 23:45:00,CELL-KOL-02,Kolkata,35.96,242.8,0,0.646
2026-08-04 23:45:00,CELL-KOL-03,Kolkata,34.61,184.97,0,0.745
2026-08-04 23:45:00,CELL-MUM-01,Mumbai,32.21,183.81,0,0.388
2026-08-04 23:45:00,CELL-MUM-02,Mumbai,34.3,218.44,0,0.559
2026-08-04 23:45:00,CELL-MUM-03,Mumbai,29.7,295.65,0,0.543
2026-08-05 00:00:00,CELL-BLR-01,Bengaluru,30.49,191.89,0,0.634
2026-08-05 00:00:00,CELL-BLR-02,Bengaluru,30.56,279.09,0,0.369
2026-08-05 00:00:00,CELL-BLR-03,Bengaluru,30.72,205.88,0,0.436
2026-08-05 00:00:00,CELL-DEL-01,Delhi NCR,27.97,300.08,0,0.817
2026-08-05 00:00:00,CELL-DEL-02,Delhi NCR,23.82,280.79,0,0.702
2026-08-05 00:00:00,CELL-DEL-03,Delhi NCR,34.93,291.77,0,0.608
2026-08-05 00:00:00,CELL-KOL-01,Kolkata,28.8,268.94,0,0.739
2026-08-05 00:00:00,CELL-KOL-02,Kolkata,35.3,257.31,0,0.683
2026-08-05 00:00:00,CELL-KOL-03,Kolkata,31.32,201.49,0,0.789
2026-08-05 00:00:00,CELL-MUM-01,Mumbai,31.55,200.23,0,0.896
2026-08-05 00:00:00,CELL-MUM-02,Mumbai,34.01,217.3,0,0.669
2026-08-05 00:00:00,CELL-MUM-03,Mumbai,26.82,308.02,0,0.461
2026-08-05 00:15:00,CELL-BLR-01,Bengaluru,27.68,197.71,0,0.481
2026-08-05 00:15:00,CELL-BLR-02,Bengaluru,29.37,282.58,0,0.773
2026-08-05 00:15:00,CELL-BLR-03,Bengaluru,28.78,196.32,0,0.587
2026-08-05 00:15:00,CELL-DEL-01,Delhi NCR,33.04,313.88,0,0.523
2026-08-05 00:15:00,CELL-DEL-02,Delhi NCR,31.91,262.47,0,0.457
2026-08-05 00:15:00,CELL-DEL-03,Delhi NCR,30.86,272.09,0,0.533
2026-08-05 00:15:00,CELL-KOL-01,Kolkata,27.34,255.73,0,0.404
2026-08-05 00:15:00,CELL-KOL-02,Kolkata,33.77,258.1,0,0.364
2026-08-05 00:15:00,CELL-KOL-03,Kolkata,34.09,193.54,0,0.45
2026-08-05 00:15:00,CELL-MUM-01,Mumbai,29.47,190.78,0,0.495
2026-08-05 00:15:00,CELL-MUM-02,Mumbai,34.96,226.01,0,0.646
2026-08-05 00:15:00,CELL-MUM-03,Mumbai,30.35,304.81,0,0.454
2026-08-05 00:30:00,CELL-BLR-01,Bengaluru,28.77,194.45,0,0.54
2026-08-05 00:30:00,CELL-BLR-02,Bengaluru,31.79,277.7,0,0.379
2026-08-05 00:30:00,CELL-BLR-03,Bengaluru,61.55,189.51,0,0.485
2026-08-05 00:30:00,CELL-DEL-01,Delhi NCR,28.65,325.25,0,0.557
2026-08-05 00:30:00,CELL-DEL-02,Delhi NCR,31.28,259.29,0,0.282
2026-08-05 00:30:00,CELL-DEL-03,Delhi NCR,31.04,286.94,0,0.104
2026-08-05 00:30:00,CELL-KOL-01,Kolkata,28.51,289.03,0,0.775
2026-08-05 00:30:00,CELL-KOL-02,Kolkata,33.04,232.65,0,0.27
2026-08-05 00:30:00,CELL-KOL-03,Kolkata,31.68,183.08,0,0.442
2026-08-05 00:30:00,CELL-MUM-01,Mumbai,28.78,182.6,0,0.091
2026-08-05 00:30:00,CELL-MUM-02,Mumbai,33.37,227.14,0,0.327
2026-08-05 00:30:00,CELL-MUM-03,Mumbai,27.95,296.55,0,0.521
2026-08-05 00:45:00,CELL-BLR-01,Bengaluru,30.25,184.36,0,0.478
2026-08-05 00:45:00,CELL-BLR-02,Bengaluru,33.05,279.85,0,0.609
2026-08-05 00:45:00,CELL-BLR-03,Bengaluru,31.95,192.21,0,0.531
2026-08-05 00:45:00,CELL-DEL-01,Delhi NCR,28.84,305.47,0,0.911
2026-08-05 00:45:00,CELL-DEL-02,Delhi NCR,31.62,275.13,0,0.651
2026-08-05 00:45:00,CELL-DEL-03,Delhi NCR,33.58,298.09,0,0.699
2026-08-05 00:45:00,CELL-KOL-01,Kolkata,27.16,262.27,0,0.639
2026-08-05 00:45:00,CELL-KOL-02,Kolkata,33.42,262.72,0,0.323
2026-08-05 00:45:00,CELL-KOL-03,Kolkata,30.36,202.78,0,0.3
2026-08-05 00:45:00,CELL-MUM-01,Mumbai,33.4,203.99,0,0.415
2026-08-05 00:45:00,CELL-MUM-02,Mumbai,31.71,221.46,0,0.483
2026-08-05 00:45:00,CELL-MUM-03,Mumbai,28.97,293.07,0,0.334
2026-08-05 01:00:00,CELL-BLR-01,Bengaluru,27.36,181.04,0,0.253
2026-08-05 01:00:00,CELL-BLR-02,Bengaluru,32.69,287.86,0,0.575
2026-08-05 01:00:00,CELL-BLR-03,Bengaluru,31.34,173.29,0,0.159
2026-08-05 01:00:00,CELL-DEL-01,Delhi NCR,26.27,312.35,0,0.738
2026-08-05 01:00:00,CELL-DEL-02,Delhi NCR,32.52,260.01,0,0.632
2026-08-05 01:00:00,CELL-DEL-02,Delhi NCR,32.52,260.01,0,0.632
2026-08-05 01:00:00,CELL-DEL-03,Delhi NCR,31.44,284.13,0,0.658
2026-08-05 01:00:00,CELL-KOL-01,Kolkata,28.24,269.52,0,0.506
2026-08-05 01:00:00,CELL-KOL-02,Kolkata,34.04,260.68,0,0.649
2026-08-05 01:00:00,CELL-KOL-03,Kolkata,31.89,175.21,0,0.415
2026-08-05 01:00:00,CELL-MUM-01,Mumbai,29.28,185.42,0,0.444
2026-08-05 01:00:00,CELL-MUM-02,Mumbai,34.84,231.54,0,0.706
2026-08-05 01:00:00,CELL-MUM-03,Mumbai,28.78,306.07,0,0.386
2026-08-05 01:15:00,CELL-BLR-01,Bengaluru,29.7,183.52,0,0.909
2026-08-05 01:15:00,CELL-BLR-02,Bengaluru,31.44,274.57,0,0.416
2026-08-05 01:15:00,CELL-BLR-03,Bengaluru,32.27,178.62,0,0.484
2026-08-05 01:15:00,CELL-DEL-01,Delhi NCR,25.59,313.72,0,0.875
2026-08-05 01:15:00,CELL-DEL-02,Delhi NCR,31.02,261.06,0,0.781
2026-08-05 01:15:00,CELL-DEL-03,Delhi NCR,30.69,286.67,0,0.398
2026-08-05 01:15:00,CELL-KOL-01,Kolkata,31.51,276.16,0,0.489
2026-08-05 01:15:00,CELL-KOL-02,Kolkata,32.71,249.84,0,0.389
2026-08-05 01:15:00,CELL-KOL-03,Kolkata,32.19,194.99,0,0.545
2026-08-05 01:15:00,CELL-MUM-01,Mumbai,30.06,198.66,0,0.737
2026-08-05 01:15:00,CELL-MUM-02,Mumbai,31.61,241.34,0,0.644
2026-08-05 01:15:00,CELL-MUM-03,Mumbai,29.61,309.5,0,0.411
2026-08-05 01:30:00,CELL-BLR-01,Bengaluru,29.17,184.02,0,0.615
2026-08-05 01:30:00,CELL-BLR-02,Bengaluru,33.12,276.06,0,0.673
2026-08-05 01:30:00,CELL-BLR-03,Bengaluru,32.34,172.61,0,0.382
2026-08-05 01:30:00,CELL-DEL-01,Delhi NCR,29.12,309.66,0,0.601
2026-08-05 01:30:00,CELL-DEL-02,Delhi NCR,30.66,253.85,0,0.384
2026-08-05 01:30:00,CELL-DEL-03,Delhi NCR,33.84,277.15,0,0.369
2026-08-05 01:30:00,CELL-KOL-01,Kolkata,28.18,279.21,0,0.603
2026-08-05 01:30:00,CELL-KOL-02,Kolkata,32.9,248.89,0,0.523
2026-08-05 01:30:00,CELL-KOL-03,Kolkata,,0.0,15,0.0
2026-08-05 01:30:00,CELL-MUM-01,Mumbai,29.35,191.59,0,0.427
2026-08-05 01:30:00,CELL-MUM-02,Mumbai,31.02,213.23,0,0.553
2026-08-05 01:30:00,CELL-MUM-03,Mumbai,29.51,307.34,0,0.396
2026-08-05 01:45:00,CELL-BLR-01,Bengaluru,31.32,183.24,0,0.706
2026-08-05 01:45:00,CELL-BLR-02,Bengaluru,31.98,287.83,0,0.824
2026-08-05 01:45:00,CELL-BLR-03,Bengaluru,29.48,179.74,0,0.289
2026-08-05 01:45:00,CELL-DEL-01,Delhi NCR,27.88,304.5,0,0.717
2026-08-05 01:45:00,CELL-DEL-02,Delhi NCR,33.88,266.68,0,0.407
2026-08-05 01:45:00,CELL-DEL-03,Delhi NCR,29.95,267.29,0,0.506
2026-08-05 01:45:00,CELL-KOL-01,Kolkata,29.76,267.78,0,1.031
2026-08-05 01:45:00,CELL-KOL-02,Kolkata,33.64,245.18,0,0.538
2026-08-05 01:45:00,CELL-KOL-03,Kolkata,,0.0,15,0.0
2026-08-05 01:45:00,CELL-MUM-01,Mumbai,32.03,195.73,0,0.259
2026-08-05 01:45:00,CELL-MUM-02,Mumbai,33.33,216.73,0,0.397
2026-08-05 01:45:00,CELL-MUM-03,Mumbai,28.97,293.99,0,0.784
2026-08-05 02:00:00,CELL-BLR-01,Bengaluru,26.58,200.21,0,0.913
2026-08-05 02:00:00,CELL-BLR-02,Bengaluru,28.21,276.71,0,0.696
2026-08-05 02:00:00,CELL-BLR-03,Bengaluru,30.48,192.2,0,0.728
2026-08-05 02:00:00,CELL-DEL-01,Delhi NCR,26.32,315.0,0,0.621
2026-08-05 02:00:00,CELL-DEL-02,Delhi NCR,28.5,273.19,0,0.338
2026-08-05 02:00:00,CELL-DEL-03,Delhi NCR,31.08,273.83,0,0.375
2026-08-05 02:00:00,CELL-KOL-01,Kolkata,28.85,278.7,0,0.709
2026-08-05 02:00:00,CELL-KOL-02,Kolkata,33.14,249.54,0,0.605
2026-08-05 02:00:00,CELL-KOL-03,Kolkata,,0.0,15,0.0
2026-08-05 02:00:00,CELL-MUM-01,Mumbai,24.93,180.23,0,0.507
2026-08-05 02:00:00,CELL-MUM-02,Mumbai,32.93,228.06,0,0.69
2026-08-05 02:00:00,CELL-MUM-03,Mumbai,29.65,310.58,0,0.574
2026-08-05 02:15:00,CELL-BLR-01,Bengaluru,33.06,178.51,0,0.513
2026-08-05 02:15:00,CELL-BLR-02,Bengaluru,31.77,278.9,0,0.583
2026-08-05 02:15:00,CELL-BLR-03,Bengaluru,30.87,190.86,0,0.475
2026-08-05 02:15:00,CELL-DEL-01,Delhi NCR,30.57,315.31,0,0.257
2026-08-05 02:15:00,CELL-DEL-02,Delhi NCR,33.03,270.17,0,0.576
2026-08-05 02:15:00,CELL-DEL-03,Delhi NCR,29.48,281.17,0,0.373
2026-08-05 02:15:00,CELL-KOL-01,Kolkata,28.4,289.32,0,0.754
2026-08-05 02:15:00,CELL-KOL-02,Kolkata,33.07,240.08,0,0.622
2026-08-05 02:15:00,CELL-KOL-03,Kolkata,,0.0,15,0.0
2026-08-05 02:15:00,CELL-MUM-01,Mumbai,33.93,182.83,0,0.526
2026-08-05 02:15:00,CELL-MUM-02,Mumbai,33.02,206.81,0,0.702
2026-08-05 02:15:00,CELL-MUM-03,Mumbai,30.56,306.87,0,0.675
2026-08-05 02:30:00,CELL-BLR-01,Bengaluru,27.49,190.9,0,0.514
2026-08-05 02:30:00,CELL-BLR-02,Bengaluru,28.69,272.59,0,0.438
2026-08-05 02:30:00,CELL-BLR-03,Bengaluru,29.91,192.08,0,0.438
2026-08-05 02:30:00,CELL-DEL-01,Delhi NCR,26.72,315.79,0,0.607
2026-08-05 02:30:00,CELL-DEL-02,Delhi NCR,31.08,256.37,0,0.675
2026-08-05 02:30:00,CELL-DEL-03,Delhi NCR,32.76,276.29,0,0.774
2026-08-05 02:30:00,CELL-KOL-01,Kolkata,26.69,280.78,0,0.287
2026-08-05 02:30:00,CELL-KOL-02,Kolkata,32.01,248.15,0,0.217
2026-08-05 02:30:00,CELL-KOL-03,Kolkata,,0.0,15,0.0
2026-08-05 02:30:00,CELL-MUM-01,Mumbai,34.15,191.78,0,0.475
2026-08-05 02:30:00,CELL-MUM-02,Mumbai,30.99,213.94,0,0.266
2026-08-05 02:30:00,CELL-MUM-03,Mumbai,28.65,319.02,0,0.739
2026-08-05 02:45:00,CELL-BLR-01,Bengaluru,30.44,181.52,0,0.445
2026-08-05 02:45:00,CELL-BLR-02,Bengaluru,29.31,276.01,0,0.822
2026-08-05 02:45:00,CELL-BLR-03,Bengaluru,28.38,195.97,0,0.306
2026-08-05 02:45:00,CELL-DEL-01,Delhi NCR,29.96,317.69,0,0.511
2026-08-05 02:45:00,CELL-DEL-02,Delhi NCR,33.23,261.09,0,0.565
2026-08-05 02:45:00,CELL-DEL-03,Delhi NCR,31.22,266.77,0,0.514
2026-08-05 02:45:00,CELL-KOL-01,Kolkata,26.04,278.03,0,0.127
2026-08-05 02:45:00,CELL-KOL-02,Kolkata,34.55,251.51,0,0.838
2026-08-05 02:45:00,CELL-KOL-03,Kolkata,,0.0,15,0.0
2026-08-05 02:45:00,CELL-MUM-01,Mumbai,29.62,189.2,0,0.645
2026-08-05 02:45:00,CELL-MUM-02,Mumbai,34.7,218.65,0,0.81
2026-08-05 02:45:00,CELL-MUM-03,Mumbai,29.64,295.49,0,0.408
2026-08-05 03:00:00,CELL-BLR-01,Bengaluru,28.36,200.4,0,0.686
2026-08-05 03:00:00,CELL-BLR-02,Bengaluru,32.75,276.74,0,0.623
2026-08-05 03:00:00,CELL-BLR-03,Bengaluru,30.49,202.81,0,0.616
2026-08-05 03:00:00,CELL-DEL-01,Delhi NCR,29.32,310.54,0,0.624
2026-08-05 03:00:00,CELL-DEL-02,Delhi NCR,31.83,266.71,0,0.467
2026-08-05 03:00:00,CELL-DEL-03,Delhi NCR,32.84,273.54,0,0.624
2026-08-05 03:00:00,CELL-KOL-01,Kolkata,28.24,261.76,0,0.619
2026-08-05 03:00:00,CELL-KOL-02,Kolkata,31.88,240.46,0,0.922
2026-08-05 03:00:00,CELL-KOL-03,Kolkata,31.86,171.43,0,0.729
2026-08-05 03:00:00,CELL-MUM-01,Mumbai,30.31,173.87,0,0.36
2026-08-05 03:00:00,CELL-MUM-02,Mumbai,35.34,222.23,0,0.511
2026-08-05 03:00:00,CELL-MUM-03,Mumbai,28.48,303.7,0,0.573
2026-08-05 03:15:00,CELL-BLR-01,Bengaluru,75.1,183.01,0,0.312
2026-08-05 03:15:00,CELL-BLR-02,Bengaluru,31.66,272.46,0,0.807
2026-08-05 03:15:00,CELL-BLR-03,Bengaluru,31.95,192.19,0,0.322
2026-08-05 03:15:00,CELL-DEL-01,Delhi NCR,27.52,305.93,0,0.843
2026-08-05 03:15:00,CELL-DEL-02,Delhi NCR,30.35,267.54,0,0.577
2026-08-05 03:15:00,CELL-DEL-03,Delhi NCR,30.31,283.46,0,0.686
2026-08-05 03:15:00,CELL-KOL-01,Kolkata,29.91,266.16,0,0.619
2026-08-05 03:15:00,CELL-KOL-02,Kolkata,31.98,256.04,0,0.907
2026-08-05 03:15:00,CELL-KOL-03,Kolkata,30.89,183.25,0,0.592
2026-08-05 03:15:00,CELL-MUM-01,Mumbai,30.47,180.1,0,0.438
2026-08-05 03:15:00,CELL-MUM-02,Mumbai,33.64,237.65,0,0.771
2026-08-05 03:15:00,CELL-MUM-03,Mumbai,29.64,306.21,0,0.174
2026-08-05 03:30:00,CELL-BLR-01,Bengaluru,28.61,186.35,0,0.723
2026-08-05 03:30:00,CELL-BLR-02,Bengaluru,30.46,272.53,0,0.571
2026-08-05 03:30:00,CELL-BLR-03,Bengaluru,30.9,181.16,0,0.559
2026-08-05 03:30:00,CELL-DEL-01,Delhi NCR,30.33,328.39,0,0.619
2026-08-05 03:30:00,CELL-DEL-02,Delhi NCR,33.3,263.04,0,0.751
2026-08-05 03:30:00,CELL-DEL-03,Delhi NCR,30.56,276.74,0,0.58
2026-08-05 03:30:00,CELL-KOL-01,Kolkata,32.68,280.45,0,0.368
2026-08-05 03:30:00,CELL-KOL-02,Kolkata,33.27,249.29,0,0.773
2026-08-05 03:30:00,CELL-KOL-03,Kolkata,34.23,180.09,0,0.708
2026-08-05 03:30:00,CELL-MUM-01,Mumbai,29.2,187.01,0,0.476
2026-08-05 03:30:00,CELL-MUM-02,Mumbai,35.46,216.56,0,0.3
2026-08-05 03:30:00,CELL-MUM-03,Mumbai,33.93,288.49,0,0.551
2026-08-05 03:45:00,CELL-BLR-01,Bengaluru,28.75,176.02,0,0.465
2026-08-05 03:45:00,CELL-BLR-02,Bengaluru,33.24,274.69,0,0.552
2026-08-05 03:45:00,CELL-BLR-03,Bengaluru,34.18,185.02,0,0.639
2026-08-05 03:45:00,CELL-DEL-01,Delhi NCR,28.36,304.16,0,0.276
2026-08-05 03:45:00,CELL-DEL-02,Delhi NCR,31.64,282.35,0,0.653
2026-08-05 03:45:00,CELL-DEL-03,Delhi NCR,30.03,280.19,0,0.282
2026-08-05 03:45:00,CELL-KOL-01,Kolkata,30.32,263.21,0,0.358
2026-08-05 03:45:00,CELL-KOL-02,Kolkata,32.37,257.37,0,0.465
2026-08-05 03:45:00,CELL-KOL-03,Kolkata,30.54,183.71,0,0.666
2026-08-05 03:45:00,CELL-MUM-01,Mumbai,32.83,184.51,0,0.399
2026-08-05 03:45:00,CELL-MUM-02,Mumbai,31.47,213.81,0,0.74
2026-08-05 03:45:00,CELL-MUM-03,Mumbai,27.95,282.57,0,0.599
2026-08-05 04:00:00,CELL-BLR-01,Bengaluru,27.14,203.66,0,0.442
2026-08-05 04:00:00,CELL-BLR-02,Bengaluru,30.09,276.92,0,0.46
2026-08-05 04:00:00,CELL-BLR-03,Bengaluru,31.05,184.63,0,0.575
2026-08-05 04:00:00,CELL-DEL-01,Delhi NCR,28.62,314.77,0,0.434
2026-08-05 04:00:00,CELL-DEL-02,Delhi NCR,30.03,261.98,0,0.387
2026-08-05 04:00:00,CELL-DEL-03,Delhi NCR,29.82,286.9,0,0.286
2026-08-05 04:00:00,CELL-KOL-01,Kolkata,29.74,265.1,0,0.313
2026-08-05 04:00:00,CELL-KOL-02,Kolkata,35.81,264.72,0,0.677
2026-08-05 04:00:00,CELL-KOL-03,Kolkata,30.23,187.92,0,0.434
2026-08-05 04:00:00,CELL-MUM-01,Mumbai,31.78,196.31,0,0.534
2026-08-05 04:00:00,CELL-MUM-02,Mumbai,32.24,209.86,0,0.635
2026-08-05 04:00:00,CELL-MUM-03,Mumbai,31.7,309.97,0,0.772
2026-08-05 04:15:00,CELL-BLR-01,Bengaluru,27.36,191.24,0,0.488
2026-08-05 04:15:00,CELL-BLR-02,Bengaluru,30.37,281.16,0,0.429
2026-08-05 04:15:00,CELL-BLR-03,Bengaluru,30.08,174.32,0,0.244
2026-08-05 04:15:00,CELL-DEL-01,Delhi NCR,29.76,308.45,0,0.523
2026-08-05 04:15:00,CELL-DEL-02,Delhi NCR,33.47,256.78,0,0.428
2026-08-05 04:15:00,CELL-DEL-03,Delhi NCR,33.83,283.17,0,0.816
2026-08-05 04:15:00,CELL-KOL-01,Kolkata,30.32,264.39,0,0.47
2026-08-05 04:15:00,CELL-KOL-02,Kolkata,32.82,254.97,0,0.461
2026-08-05 04:15:00,CELL-KOL-03,Kolkata,28.84,188.58,0,0.612
2026-08-05 04:15:00,CELL-MUM-01,Mumbai,29.99,180.34,0,0.634
2026-08-05 04:15:00,CELL-MUM-02,Mumbai,29.52,213.28,0,0.745
2026-08-05 04:15:00,CELL-MUM-03,Mumbai,29.43,312.05,0,0.688
2026-08-05 04:30:00,CELL-BLR-01,Bengaluru,28.11,188.01,0,1.055
2026-08-05 04:30:00,CELL-BLR-02,Bengaluru,32.11,271.56,0,0.408
2026-08-05 04:30:00,CELL-BLR-03,Bengaluru,29.71,191.69,0,0.369
2026-08-05 04:30:00,CELL-DEL-01,Delhi NCR,27.03,311.49,0,0.364
2026-08-05 04:30:00,CELL-DEL-02,Delhi NCR,30.16,266.98,0,0.724
2026-08-05 04:30:00,CELL-DEL-03,Delhi NCR,34.93,291.34,0,0.423
2026-08-05 04:30:00,CELL-KOL-01,Kolkata,26.5,273.03,0,0.578
2026-08-05 04:30:00,CELL-KOL-02,Kolkata,29.59,248.0,0,0.531
2026-08-05 04:30:00,CELL-KOL-03,Kolkata,32.48,186.8,0,0.286
2026-08-05 04:30:00,CELL-MUM-01,Mumbai,28.15,167.63,0,0.864
2026-08-05 04:30:00,CELL-MUM-02,Mumbai,29.42,228.3,0,0.633
2026-08-05 04:30:00,CELL-MUM-03,Mumbai,27.18,295.32,0,0.651
2026-08-05 04:45:00,CELL-BLR-01,Bengaluru,30.83,195.8,0,0.989
2026-08-05 04:45:00,CELL-BLR-02,Bengaluru,30.9,272.74,0,0.865
2026-08-05 04:45:00,CELL-BLR-03,Bengaluru,30.39,202.74,0,0.466
2026-08-05 04:45:00,CELL-DEL-01,Delhi NCR,28.44,317.65,0,0.624
2026-08-05 04:45:00,CELL-DEL-02,Delhi NCR,31.89,273.25,0,0.656
2026-08-05 04:45:00,CELL-DEL-03,Delhi NCR,29.58,282.25,0,0.237
2026-08-05 04:45:00,CELL-KOL-01,Kolkata,32.31,280.59,0,0.434
2026-08-05 04:45:00,CELL-KOL-02,Kolkata,34.89,244.43,0,0.249
2026-08-05 04:45:00,CELL-KOL-03,Kolkata,30.86,190.38,0,0.79
2026-08-05 04:45:00,CELL-MUM-01,Mumbai,33.0,180.51,0,0.772
2026-08-05 04:45:00,CELL-MUM-02,Mumbai,29.27,223.9,0,0.427
2026-08-05 04:45:00,CELL-MUM-03,Mumbai,28.38,290.65,0,0.668
2026-08-05 05:00:00,CELL-BLR-01,Bengaluru,28.93,190.07,0,0.549
2026-08-05 05:00:00,CELL-BLR-02,Bengaluru,34.16,287.14,0,0.898
2026-08-05 05:00:00,CELL-BLR-03,Bengaluru,28.97,200.1,0,0.613
2026-08-05 05:00:00,CELL-DEL-01,Delhi NCR,28.14,315.65,0,0.414
2026-08-05 05:00:00,CELL-DEL-02,Delhi NCR,32.39,246.89,0,0.493
2026-08-05 05:00:00,CELL-DEL-03,Delhi NCR,27.19,293.92,0,0.467
2026-08-05 05:00:00,CELL-KOL-01,Kolkata,29.8,268.05,0,0.612
2026-08-05 05:00:00,CELL-KOL-02,Kolkata,35.4,238.55,0,0.623
2026-08-05 05:00:00,CELL-KOL-03,Kolkata,35.03,184.83,0,0.653
2026-08-05 05:00:00,CELL-MUM-01,Mumbai,29.84,184.25,0,0.491
2026-08-05 05:00:00,CELL-MUM-02,Mumbai,30.76,217.0,0,0.423
2026-08-05 05:00:00,CELL-MUM-03,Mumbai,29.07,319.75,0,0.207
2026-08-05 05:15:00,CELL-BLR-01,Bengaluru,29.84,189.34,0,0.519
2026-08-05 05:15:00,CELL-BLR-02,Bengaluru,31.89,271.96,0,0.505
2026-08-05 05:15:00,CELL-BLR-03,Bengaluru,27.19,195.68,0,0.398
2026-08-05 05:15:00,CELL-DEL-01,Delhi NCR,32.94,311.28,0,0.684
2026-08-05 05:15:00,CELL-DEL-02,Delhi NCR,32.2,288.49,0,0.374
2026-08-05 05:15:00,CELL-DEL-03,Delhi NCR,31.23,253.51,0,0.662
2026-08-05 05:15:00,CELL-KOL-01,Kolkata,30.79,267.63,0,0.505
2026-08-05 05:15:00,CELL-KOL-02,Kolkata,34.48,243.93,0,0.055
2026-08-05 05:15:00,CELL-KOL-03,Kolkata,31.53,199.45,0,0.33
2026-08-05 05:15:00,CELL-MUM-01,Mumbai,31.36,200.51,0,0.372
2026-08-05 05:15:00,CELL-MUM-02,Mumbai,31.49,211.02,0,0.205
2026-08-05 05:15:00,CELL-MUM-03,Mumbai,29.33,303.77,0,0.534
2026-08-05 05:30:00,CELL-BLR-01,Bengaluru,30.1,173.62,0,0.365
2026-08-05 05:30:00,CELL-BLR-02,Bengaluru,28.29,282.31,0,0.339
2026-08-05 05:30:00,CELL-BLR-03,Bengaluru,30.85,179.62,0,0.355
2026-08-05 05:30:00,CELL-DEL-01,Delhi NCR,27.46,316.37,0,0.386
2026-08-05 05:30:00,CELL-DEL-02,Delhi NCR,29.51,258.82,0,0.883
2026-08-05 05:30:00,CELL-DEL-03,Delhi NCR,33.05,277.97,0,0.739
2026-08-05 05:30:00,CELL-KOL-01,Kolkata,26.23,268.4,0,0.503
2026-08-05 05:30:00,CELL-KOL-02,Kolkata,35.4,247.99,0,0.462
2026-08-05 05:30:00,CELL-KOL-03,Kolkata,32.37,174.59,0,0.503
2026-08-05 05:30:00,CELL-MUM-01,Mumbai,30.33,191.38,0,0.53
2026-08-05 05:30:00,CELL-MUM-02,Mumbai,31.19,219.05,0,0.545
2026-08-05 05:30:00,CELL-MUM-03,Mumbai,33.11,298.82,0,0.43
2026-08-05 05:45:00,CELL-BLR-01,Bengaluru,26.5,185.64,0,0.544
2026-08-05 05:45:00,CELL-BLR-02,Bengaluru,30.37,280.81,0,0.8
2026-08-05 05:45:00,CELL-BLR-03,Bengaluru,29.75,198.25,0,0.591
2026-08-05 05:45:00,CELL-DEL-01,Delhi NCR,29.4,319.19,0,0.762
2026-08-05 05:45:00,CELL-DEL-02,Delhi NCR,28.94,260.89,0,0.244
2026-08-05 05:45:00,CELL-DEL-03,Delhi NCR,31.45,289.3,0,0.298
2026-08-05 05:45:00,CELL-KOL-01,Kolkata,28.13,271.19,0,0.546
2026-08-05 05:45:00,CELL-KOL-02,Kolkata,32.45,248.92,0,0.525
2026-08-05 05:45:00,CELL-KOL-03,Kolkata,31.96,189.21,0,0.572
2026-08-05 05:45:00,CELL-MUM-01,Mumbai,29.24,187.88,0,0.705
2026-08-05 05:45:00,CELL-MUM-02,Mumbai,34.45,230.34,0,0.463
2026-08-05 05:45:00,CELL-MUM-03,Mumbai,27.98,291.87,0,0.552
2026-08-05 06:00:00,CELL-BLR-01,Bengaluru,29.22,194.54,0,0.59
2026-08-05 06:00:00,CELL-BLR-02,Bengaluru,31.23,270.0,0,0.791
2026-08-05 06:00:00,CELL-BLR-03,Bengaluru,32.71,207.32,0,0.294
2026-08-05 06:00:00,CELL-DEL-01,Delhi NCR,26.01,324.8,0,0.423
2026-08-05 06:00:00,CELL-DEL-02,Delhi NCR,31.25,275.15,0,0.475
2026-08-05 06:00:00,CELL-DEL-03,Delhi NCR,31.63,269.49,0,0.624
2026-08-05 06:00:00,CELL-KOL-01,Kolkata,27.68,262.35,0,0.395
2026-08-05 06:00:00,CELL-KOL-02,Kolkata,34.24,258.41,0,0.514
2026-08-05 06:00:00,CELL-KOL-03,Kolkata,30.44,179.74,0,0.377
2026-08-05 06:00:00,CELL-MUM-01,Mumbai,28.44,184.2,0,0.648
2026-08-05 06:00:00,CELL-MUM-02,Mumbai,31.88,222.77,0,0.728
2026-08-05 06:00:00,CELL-MUM-03,Mumbai,28.04,299.16,0,0.65
2026-08-05 06:15:00,CELL-BLR-01,Bengaluru,30.04,176.8,0,0.565
2026-08-05 06:15:00,CELL-BLR-02,Bengaluru,29.89,277.95,0,0.591
2026-08-05 06:15:00,CELL-BLR-03,Bengaluru,29.51,194.9,0,0.511
2026-08-05 06:15:00,CELL-DEL-01,Delhi NCR,26.01,326.68,0,0.512
2026-08-05 06:15:00,CELL-DEL-02,Delhi NCR,76.33,258.67,0,0.315
2026-08-05 06:15:00,CELL-DEL-02,Delhi NCR,76.33,258.67,0,0.315
2026-08-05 06:15:00,CELL-DEL-03,Delhi NCR,30.32,277.59,0,0.61
2026-08-05 06:15:00,CELL-KOL-01,Kolkata,28.2,263.24,0,0.351
2026-08-05 06:15:00,CELL-KOL-02,Kolkata,34.81,269.69,0,0.505
2026-08-05 06:15:00,CELL-KOL-03,Kolkata,29.4,185.57,0,0.63
2026-08-05 06:15:00,CELL-MUM-01,Mumbai,29.71,182.51,0,0.675
2026-08-05 06:15:00,CELL-MUM-02,Mumbai,31.43,207.6,0,0.697
2026-08-05 06:15:00,CELL-MUM-03,Mumbai,30.42,299.4,0,0.636
2026-08-05 06:30:00,CELL-BLR-01,Bengaluru,25.89,180.62,0,0.59
2026-08-05 06:30:00,CELL-BLR-02,Bengaluru,27.89,289.01,0,0.536
2026-08-05 06:30:00,CELL-BLR-03,Bengaluru,30.45,194.52,0,0.404
2026-08-05 06:30:00,CELL-DEL-01,Delhi NCR,25.67,315.95,0,0.561
2026-08-05 06:30:00,CELL-DEL-02,Delhi NCR,30.8,257.85,0,0.783
2026-08-05 06:30:00,CELL-DEL-03,Delhi NCR,33.55,281.96,0,0.794
2026-08-05 06:30:00,CELL-KOL-01,Kolkata,27.85,266.49,0,0.319
2026-08-05 06:30:00,CELL-KOL-02,Kolkata,33.34,248.45,0,0.801
2026-08-05 06:30:00,CELL-KOL-03,Kolkata,32.2,201.27,0,0.304
2026-08-05 06:30:00,CELL-MUM-01,Mumbai,31.15,183.91,0,0.897
2026-08-05 06:30:00,CELL-MUM-02,Mumbai,29.68,219.02,0,0.497
2026-08-05 06:30:00,CELL-MUM-03,Mumbai,30.32,314.63,0,0.39
2026-08-05 06:45:00,CELL-BLR-01,Bengaluru,30.83,190.48,0,0.496
2026-08-05 06:45:00,CELL-BLR-02,Bengaluru,31.56,274.26,0,0.466
2026-08-05 06:45:00,CELL-BLR-03,Bengaluru,30.98,192.21,0,0.453
2026-08-05 06:45:00,CELL-DEL-01,Delhi NCR,28.84,304.2,0,0.727
2026-08-05 06:45:00,CELL-DEL-02,Delhi NCR,30.1,277.94,0,0.41
2026-08-05 06:45:00,CELL-DEL-03,Delhi NCR,34.03,279.83,0,0.632
2026-08-05 06:45:00,CELL-KOL-01,Kolkata,27.43,268.42,0,0.168
2026-08-05 06:45:00,CELL-KOL-02,Kolkata,35.67,257.62,0,0.477
2026-08-05 06:45:00,CELL-KOL-03,Kolkata,31.49,180.31,0,0.584
2026-08-05 06:45:00,CELL-MUM-01,Mumbai,31.14,198.76,0,0.438
2026-08-05 06:45:00,CELL-MUM-02,Mumbai,33.7,216.79,0,0.296
2026-08-05 06:45:00,CELL-MUM-03,Mumbai,28.13,296.42,0,0.714
2026-08-05 07:00:00,CELL-BLR-01,Bengaluru,28.29,187.47,0,0.232
2026-08-05 07:00:00,CELL-BLR-02,Bengaluru,35.41,258.97,0,0.561
2026-08-05 07:00:00,CELL-BLR-03,Bengaluru,29.44,194.24,0,0.383
2026-08-05 07:00:00,CELL-DEL-01,Delhi NCR,27.32,312.11,0,0.592
2026-08-05 07:00:00,CELL-DEL-02,Delhi NCR,31.2,255.2,0,0.353
2026-08-05 07:00:00,CELL-DEL-03,Delhi NCR,31.24,284.26,0,0.435
2026-08-05 07:00:00,CELL-KOL-01,Kolkata,28.82,277.01,0,0.808
2026-08-05 07:00:00,CELL-KOL-02,Kolkata,35.39,250.07,0,0.645
2026-08-05 07:00:00,CELL-KOL-03,Kolkata,30.85,181.84,0,0.67
2026-08-05 07:00:00,CELL-MUM-01,Mumbai,27.51,182.04,0,0.817
2026-08-05 07:00:00,CELL-MUM-02,Mumbai,32.55,233.84,0,0.342
2026-08-05 07:00:00,CELL-MUM-03,Mumbai,32.05,309.83,0,0.506
2026-08-05 07:15:00,CELL-BLR-01,Bengaluru,29.7,190.04,0,0.743
2026-08-05 07:15:00,CELL-BLR-02,Bengaluru,33.62,280.91,0,0.518
2026-08-05 07:15:00,CELL-BLR-03,Bengaluru,32.3,176.9,0,0.628
2026-08-05 07:15:00,CELL-DEL-01,Delhi NCR,25.83,316.91,0,0.743
2026-08-05 07:15:00,CELL-DEL-02,Delhi NCR,30.42,274.05,0,0.626
2026-08-05 07:15:00,CELL-DEL-03,Delhi NCR,31.03,281.41,0,0.785
2026-08-05 07:15:00,CELL-KOL-01,Kolkata,29.62,267.92,0,0.517
2026-08-05 07:15:00,CELL-KOL-02,Kolkata,31.73,256.01,0,0.416
2026-08-05 07:15:00,CELL-KOL-03,Kolkata,31.25,172.74,0,0.848
2026-08-05 07:15:00,CELL-MUM-01,Mumbai,29.08,178.69,0,0.333
2026-08-05 07:15:00,CELL-MUM-02,Mumbai,32.86,213.03,0,0.352
2026-08-05 07:15:00,CELL-MUM-03,Mumbai,27.41,306.56,0,0.564
2026-08-05 07:30:00,CELL-BLR-01,Bengaluru,30.5,172.99,0,0.322
2026-08-05 07:30:00,CELL-BLR-02,Bengaluru,29.22,262.15,0,0.577
2026-08-05 07:30:00,CELL-BLR-03,Bengaluru,31.39,187.47,0,0.525
2026-08-05 07:30:00,CELL-DEL-01,Delhi NCR,27.22,293.39,0,0.752
2026-08-05 07:30:00,CELL-DEL-02,Delhi NCR,25.08,271.89,0,0.658
2026-08-05 07:30:00,CELL-DEL-03,Delhi NCR,35.63,276.39,0,0.374
2026-08-05 07:30:00,CELL-KOL-01,Kolkata,31.63,267.48,0,0.498
2026-08-05 07:30:00,CELL-KOL-02,Kolkata,34.32,250.14,0,0.883
2026-08-05 07:30:00,CELL-KOL-03,Kolkata,32.21,183.35,0,0.56
2026-08-05 07:30:00,CELL-MUM-01,Mumbai,32.58,174.76,0,0.796
2026-08-05 07:30:00,CELL-MUM-02,Mumbai,36.28,226.37,0,0.673
2026-08-05 07:30:00,CELL-MUM-03,Mumbai,31.78,309.9,0,0.528
2026-08-05 07:45:00,CELL-BLR-01,Bengaluru,27.71,195.25,0,0.541
2026-08-05 07:45:00,CELL-BLR-02,Bengaluru,31.8,276.1,0,0.637
2026-08-05 07:45:00,CELL-BLR-03,Bengaluru,30.58,219.26,0,0.385
2026-08-05 07:45:00,CELL-DEL-01,Delhi NCR,31.4,304.21,0,0.768
2026-08-05 07:45:00,CELL-DEL-02,Delhi NCR,30.02,274.5,0,0.334
2026-08-05 07:45:00,CELL-DEL-03,Delhi NCR,33.85,269.73,0,0.674
2026-08-05 07:45:00,CELL-KOL-01,Kolkata,31.4,251.95,0,0.956
2026-08-05 07:45:00,CELL-KOL-02,Kolkata,30.6,242.09,0,0.741
2026-08-05 07:45:00,CELL-KOL-03,Kolkata,32.38,184.53,0,0.663
2026-08-05 07:45:00,CELL-MUM-01,Mumbai,30.62,177.69,0,0.409
2026-08-05 07:45:00,CELL-MUM-02,Mumbai,31.88,203.26,0,0.429
2026-08-05 07:45:00,CELL-MUM-03,Mumbai,27.07,294.98,0,0.754
2026-08-05 08:00:00,CELL-BLR-01,Bengaluru,28.69,181.28,0,0.679
2026-08-05 08:00:00,CELL-BLR-02,Bengaluru,32.91,266.26,0,0.528
2026-08-05 08:00:00,CELL-BLR-03,Bengaluru,30.95,182.43,0,0.343
2026-08-05 08:00:00,CELL-DEL-01,Delhi NCR,28.01,305.12,0,0.712
2026-08-05 08:00:00,CELL-DEL-02,Delhi NCR,31.52,253.48,0,0.459
2026-08-05 08:00:00,CELL-DEL-03,Delhi NCR,31.19,273.82,0,0.478
2026-08-05 08:00:00,CELL-KOL-01,Kolkata,,266.55,0,0.743
2026-08-05 08:00:00,CELL-KOL-02,Kolkata,30.08,238.52,0,0.861
2026-08-05 08:00:00,CELL-KOL-03,Kolkata,32.56,188.99,0,0.625
2026-08-05 08:00:00,CELL-MUM-01,Mumbai,31.38,172.93,0,0.875
2026-08-05 08:00:00,CELL-MUM-02,Mumbai,32.04,225.44,0,0.398
2026-08-05 08:00:00,CELL-MUM-03,Mumbai,28.78,285.33,0,0.949
2026-08-05 08:15:00,CELL-BLR-01,Bengaluru,31.79,184.86,0,0.0
2026-08-05 08:15:00,CELL-BLR-02,Bengaluru,31.9,256.54,0,0.558
2026-08-05 08:15:00,CELL-BLR-03,Bengaluru,33.85,168.0,0,0.348
2026-08-05 08:15:00,CELL-DEL-01,Delhi NCR,31.74,301.46,0,0.412
2026-08-05 08:15:00,CELL-DEL-02,Delhi NCR,32.2,243.14,0,0.674
2026-08-05 08:15:00,CELL-DEL-03,Delhi NCR,30.99,261.42,0,0.428
2026-08-05 08:15:00,CELL-KOL-01,Kolkata,29.79,260.6,0,0.439
2026-08-05 08:15:00,CELL-KOL-02,Kolkata,38.33,233.87,0,0.415
2026-08-05 08:15:00,CELL-KOL-03,Kolkata,35.87,191.13,0,0.258
2026-08-05 08:15:00,CELL-MUM-01,Mumbai,31.35,160.86,0,1.092
2026-08-05 08:15:00,CELL-MUM-02,Mumbai,33.18,221.89,0,0.92
2026-08-05 08:15:00,CELL-MUM-03,Mumbai,33.93,283.22,0,0.697
2026-08-05 08:30:00,CELL-BLR-01,Bengaluru,32.56,181.89,0,0.637
2026-08-05 08:30:00,CELL-BLR-02,Bengaluru,31.3,253.0,0,0.446
2026-08-05 08:30:00,CELL-BLR-03,Bengaluru,34.28,174.55,0,0.414
2026-08-05 08:30:00,CELL-DEL-01,Delhi NCR,34.98,281.11,0,0.547
2026-08-05 08:30:00,CELL-DEL-02,Delhi NCR,31.54,249.99,0,0.293
2026-08-05 08:30:00,CELL-DEL-03,Delhi NCR,35.26,264.75,0,0.731
2026-08-05 08:30:00,CELL-KOL-01,Kolkata,34.74,255.13,0,0.797
2026-08-05 08:30:00,CELL-KOL-02,Kolkata,39.51,231.4,0,0.495
2026-08-05 08:30:00,CELL-KOL-03,Kolkata,35.78,176.14,0,0.615
2026-08-05 08:30:00,CELL-MUM-01,Mumbai,31.72,174.16,0,0.574
2026-08-05 08:30:00,CELL-MUM-02,Mumbai,35.38,190.07,0,0.239
2026-08-05 08:30:00,CELL-MUM-03,Mumbai,32.53,278.06,0,0.506
2026-08-05 08:45:00,CELL-BLR-01,Bengaluru,33.23,163.44,0,0.549
2026-08-05 08:45:00,CELL-BLR-02,Bengaluru,35.18,243.8,0,0.742
2026-08-05 08:45:00,CELL-BLR-03,Bengaluru,31.85,167.84,0,0.802
2026-08-05 08:45:00,CELL-DEL-01,Delhi NCR,27.3,273.02,0,0.692
2026-08-05 08:45:00,CELL-DEL-02,Delhi NCR,31.41,238.49,0,0.414
2026-08-05 08:45:00,CELL-DEL-03,Delhi NCR,34.94,255.08,0,0.575
2026-08-05 08:45:00,CELL-KOL-01,Kolkata,30.24,244.39,0,0.224
2026-08-05 08:45:00,CELL-KOL-02,Kolkata,38.79,232.94,0,0.638
2026-08-05 08:45:00,CELL-KOL-03,Kolkata,35.08,158.12,0,0.847
2026-08-05 08:45:00,CELL-MUM-01,Mumbai,36.16,167.97,0,0.542
2026-08-05 08:45:00,CELL-MUM-02,Mumbai,36.02,200.88,0,0.677
2026-08-05 08:45:00,CELL-MUM-03,Mumbai,32.23,271.41,0,0.629
2026-08-05 09:00:00,CELL-BLR-01,Bengaluru,33.33,173.2,0,0.604
2026-08-05 09:00:00,CELL-BLR-02,Bengaluru,38.01,249.22,0,0.803
2026-08-05 09:00:00,CELL-BLR-03,Bengaluru,36.14,169.07,0,0.609
2026-08-05 09:00:00,CELL-DEL-01,Delhi NCR,32.81,274.05,0,0.47
2026-08-05 09:00:00,CELL-DEL-02,Delhi NCR,33.27,240.74,0,0.526
2026-08-05 09:00:00,CELL-DEL-03,Delhi NCR,36.36,251.49,0,0.625
2026-08-05 09:00:00,CELL-KOL-01,Kolkata,,213.77,0,0.964
2026-08-05 09:00:00,CELL-KOL-02,Kolkata,34.12,233.86,0,0.575
2026-08-05 09:00:00,CELL-KOL-03,Kolkata,37.79,166.05,0,0.359
2026-08-05 09:00:00,CELL-MUM-01,Mumbai,35.72,163.75,0,0.591
2026-08-05 09:00:00,CELL-MUM-02,Mumbai,37.47,175.8,0,0.151
2026-08-05 09:00:00,CELL-MUM-03,Mumbai,34.16,268.08,0,0.519
2026-08-05 09:15:00,CELL-BLR-01,Bengaluru,34.1,153.0,0,0.754
2026-08-05 09:15:00,CELL-BLR-02,Bengaluru,36.21,242.09,0,0.542
2026-08-05 09:15:00,CELL-BLR-03,Bengaluru,35.95,143.1,0,0.99
2026-08-05 09:15:00,CELL-DEL-01,Delhi NCR,28.63,263.73,0,0.425
2026-08-05 09:15:00,CELL-DEL-02,Delhi NCR,36.9,225.61,0,0.456
2026-08-05 09:15:00,CELL-DEL-03,Delhi NCR,35.49,245.1,0,0.881
2026-08-05 09:15:00,CELL-KOL-01,Kolkata,31.82,240.3,0,0.661
2026-08-05 09:15:00,CELL-KOL-02,Kolkata,35.95,206.13,0,0.768
2026-08-05 09:15:00,CELL-KOL-03,Kolkata,40.48,175.38,0,0.725
2026-08-05 09:15:00,CELL-MUM-01,Mumbai,37.93,147.49,0,0.716
2026-08-05 09:15:00,CELL-MUM-02,Mumbai,39.07,179.9,0,0.928
2026-08-05 09:15:00,CELL-MUM-03,Mumbai,35.2,262.57,0,0.999
2026-08-05 09:30:00,CELL-BLR-01,Bengaluru,39.79,162.15,0,0.572
2026-08-05 09:30:00,CELL-BLR-02,Bengaluru,40.24,221.01,0,0.531
2026-08-05 09:30:00,CELL-BLR-03,Bengaluru,36.59,153.96,0,0.418
2026-08-05 09:30:00,CELL-DEL-01,Delhi NCR,32.69,265.65,0,0.643
2026-08-05 09:30:00,CELL-DEL-02,Delhi NCR,39.09,204.22,0,0.849
2026-08-05 09:30:00,CELL-DEL-03,Delhi NCR,39.43,229.51,0,0.734
2026-08-05 09:30:00,CELL-KOL-01,Kolkata,34.49,219.36,0,0.765
2026-08-05 09:30:00,CELL-KOL-02,Kolkata,40.48,220.31,0,0.937
2026-08-05 09:30:00,CELL-KOL-03,Kolkata,38.8,152.18,0,0.577
2026-08-05 09:30:00,CELL-MUM-01,Mumbai,37.99,153.01,0,0.629
2026-08-05 09:30:00,CELL-MUM-02,Mumbai,40.81,191.18,0,0.658
2026-08-05 09:30:00,CELL-MUM-03,Mumbai,34.21,266.99,0,0.642
2026-08-05 09:45:00,CELL-BLR-01,Bengaluru,37.42,150.18,0,1.01
2026-08-05 09:45:00,CELL-BLR-02,Bengaluru,37.68,233.57,0,0.723
2026-08-05 09:45:00,CELL-BLR-03,Bengaluru,41.77,153.16,0,0.999
2026-08-05 09:45:00,CELL-DEL-01,Delhi NCR,36.31,250.72,0,0.523
2026-08-05 09:45:00,CELL-DEL-02,Delhi NCR,38.39,207.85,0,0.561
2026-08-05 09:45:00,CELL-DEL-03,Delhi NCR,40.54,228.58,0,0.863
2026-08-05 09:45:00,CELL-KOL-01,Kolkata,33.65,225.8,0,0.56
2026-08-05 09:45:00,CELL-KOL-02,Kolkata,43.55,210.94,0,0.734
2026-08-05 09:45:00,CELL-KOL-03,Kolkata,40.48,159.91,0,0.356
2026-08-05 09:45:00,CELL-MUM-01,Mumbai,36.08,154.6,0,0.815
2026-08-05 09:45:00,CELL-MUM-02,Mumbai,40.62,189.32,0,0.969
2026-08-05 09:45:00,CELL-MUM-03,Mumbai,34.95,252.3,0,0.235
2026-08-05 10:00:00,CELL-BLR-01,Bengaluru,33.8,156.03,0,0.724
2026-08-05 10:00:00,CELL-BLR-02,Bengaluru,38.74,202.31,0,0.721
2026-08-05 10:00:00,CELL-BLR-03,Bengaluru,36.61,158.78,0,0.531
2026-08-05 10:00:00,CELL-DEL-01,Delhi NCR,36.92,253.31,0,0.742
2026-08-05 10:00:00,CELL-DEL-02,Delhi NCR,38.16,225.0,0,0.79
2026-08-05 10:00:00,CELL-DEL-03,Delhi NCR,39.77,214.99,0,0.83
2026-08-05 10:00:00,CELL-KOL-01,Kolkata,37.01,221.26,0,0.578
2026-08-05 10:00:00,CELL-KOL-02,Kolkata,39.86,202.71,0,0.99
2026-08-05 10:00:00,CELL-KOL-03,Kolkata,43.61,145.62,0,0.932
2026-08-05 10:00:00,CELL-MUM-01,Mumbai,37.78,134.95,0,0.718
2026-08-05 10:00:00,CELL-MUM-02,Mumbai,39.06,180.25,0,0.547
2026-08-05 10:00:00,CELL-MUM-03,Mumbai,37.0,230.57,0,0.399
2026-08-05 10:15:00,CELL-BLR-01,Bengaluru,35.91,158.06,0,0.913
2026-08-05 10:15:00,CELL-BLR-02,Bengaluru,42.24,219.69,0,1.029
2026-08-05 10:15:00,CELL-BLR-03,Bengaluru,38.96,164.65,0,0.651
2026-08-05 10:15:00,CELL-DEL-01,Delhi NCR,36.37,251.79,0,0.481
2026-08-05 10:15:00,CELL-DEL-02,Delhi NCR,35.61,228.07,0,0.462
2026-08-05 10:15:00,CELL-DEL-03,Delhi NCR,40.71,236.37,0,0.448
2026-08-05 10:15:00,CELL-KOL-01,Kolkata,35.81,218.76,0,0.41
2026-08-05 10:15:00,CELL-KOL-02,Kolkata,43.12,190.13,0,1.177
2026-08-05 10:15:00,CELL-KOL-03,Kolkata,42.62,130.04,0,0.795
2026-08-05 10:15:00,CELL-MUM-01,Mumbai,34.65,138.22,0,0.302
2026-08-05 10:15:00,CELL-MUM-02,Mumbai,40.6,191.98,0,0.822
2026-08-05 10:15:00,CELL-MUM-03,Mumbai,36.56,256.16,0,0.606
2026-08-05 10:30:00,CELL-BLR-01,Bengaluru,34.88,159.86,0,0.859
2026-08-05 10:30:00,CELL-BLR-02,Bengaluru,41.58,230.17,0,0.635
2026-08-05 10:30:00,CELL-BLR-03,Bengaluru,36.79,145.25,0,0.643
2026-08-05 10:30:00,CELL-DEL-01,Delhi NCR,35.31,257.21,0,0.594
2026-08-05 10:30:00,CELL-DEL-02,Delhi NCR,38.53,218.52,0,0.908
2026-08-05 10:30:00,CELL-DEL-03,Delhi NCR,37.44,225.3,0,0.69
2026-08-05 10:30:00,CELL-KOL-01,Kolkata,33.94,214.19,0,0.859
2026-08-05 10:30:00,CELL-KOL-02,Kolkata,37.74,194.09,0,0.847
2026-08-05 10:30:00,CELL-KOL-03,Kolkata,38.38,148.55,0,0.707
2026-08-05 10:30:00,CELL-MUM-01,Mumbai,38.76,150.48,0,0.594
2026-08-05 10:30:00,CELL-MUM-02,Mumbai,37.27,174.71,0,0.551
2026-08-05 10:30:00,CELL-MUM-03,Mumbai,40.72,243.05,0,0.474
2026-08-05 10:45:00,CELL-BLR-01,Bengaluru,35.02,157.93,0,0.26
2026-08-05 10:45:00,CELL-BLR-02,Bengaluru,37.47,233.41,0,0.764
2026-08-05 10:45:00,CELL-BLR-03,Bengaluru,35.27,166.65,0,0.757
2026-08-05 10:45:00,CELL-DEL-01,Delhi NCR,31.92,250.89,0,0.059
2026-08-05 10:45:00,CELL-DEL-02,Delhi NCR,36.58,226.33,0,0.791
2026-08-05 10:45:00,CELL-DEL-03,Delhi NCR,36.73,240.68,0,0.697
2026-08-05 10:45:00,CELL-KOL-01,Kolkata,34.71,228.76,0,0.522
2026-08-05 10:45:00,CELL-KOL-02,Kolkata,44.37,207.05,0,0.893
2026-08-05 10:45:00,CELL-KOL-03,Kolkata,37.68,168.8,0,0.903
2026-08-05 10:45:00,CELL-MUM-01,Mumbai,31.74,165.58,0,0.413
2026-08-05 10:45:00,CELL-MUM-02,Mumbai,39.92,193.41,0,0.346
2026-08-05 10:45:00,CELL-MUM-03,Mumbai,37.04,242.74,0,0.894
2026-08-05 11:00:00,CELL-BLR-01,Bengaluru,35.41,159.77,0,0.552
2026-08-05 11:00:00,CELL-BLR-02,Bengaluru,34.65,246.57,0,0.58
2026-08-05 11:00:00,CELL-BLR-03,Bengaluru,36.84,175.06,0,0.506
2026-08-05 11:00:00,CELL-DEL-01,Delhi NCR,31.88,273.23,0,0.577
2026-08-05 11:00:00,CELL-DEL-02,Delhi NCR,34.39,241.48,0,0.261
2026-08-05 11:00:00,CELL-DEL-03,Delhi NCR,35.3,234.03,0,0.695
2026-08-05 11:00:00,CELL-KOL-01,Kolkata,32.8,232.61,0,0.822
2026-08-05 11:00:00,CELL-KOL-02,Kolkata,40.68,212.52,0,0.662
2026-08-05 11:00:00,CELL-KOL-03,Kolkata,34.74,159.54,0,0.829
2026-08-05 11:00:00,CELL-MUM-01,Mumbai,37.01,170.74,0,0.86
2026-08-05 11:00:00,CELL-MUM-02,Mumbai,39.94,194.18,0,0.43
2026-08-05 11:00:00,CELL-MUM-03,Mumbai,33.08,258.44,0,0.408
2026-08-05 11:15:00,CELL-BLR-01,Bengaluru,32.93,176.98,0,0.552
2026-08-05 11:15:00,CELL-BLR-02,Bengaluru,37.47,256.92,0,0.718
2026-08-05 11:15:00,CELL-BLR-03,Bengaluru,33.92,173.43,0,0.557
2026-08-05 11:15:00,CELL-DEL-01,Delhi NCR,29.46,288.85,0,0.361
2026-08-05 11:15:00,CELL-DEL-02,Delhi NCR,32.49,240.17,0,0.721
2026-08-05 11:15:00,CELL-DEL-03,Delhi NCR,36.2,246.81,0,0.605
2026-08-05 11:15:00,CELL-KOL-01,Kolkata,34.41,242.7,0,0.597
2026-08-05 11:15:00,CELL-KOL-02,Kolkata,35.35,228.56,0,0.518
2026-08-05 11:15:00,CELL-KOL-03,Kolkata,34.53,177.19,0,0.651
2026-08-05 11:15:00,CELL-MUM-01,Mumbai,33.1,157.16,0,0.523
2026-08-05 11:15:00,CELL-MUM-02,Mumbai,34.1,201.22,0,0.655
2026-08-05 11:15:00,CELL-MUM-03,Mumbai,35.87,260.74,0,0.614
2026-08-05 11:30:00,CELL-BLR-01,Bengaluru,31.63,158.64,0,0.477
2026-08-05 11:30:00,CELL-BLR-02,Bengaluru,35.7,251.17,0,0.397
2026-08-05 11:30:00,CELL-BLR-03,Bengaluru,34.45,174.19,0,0.276
2026-08-05 11:30:00,CELL-DEL-01,Delhi NCR,30.32,278.5,0,0.504
2026-08-05 11:30:00,CELL-DEL-02,Delhi NCR,35.74,254.95,0,0.75
2026-08-05 11:30:00,CELL-DEL-03,Delhi NCR,33.81,267.23,0,0.576
2026-08-05 11:30:00,CELL-KOL-01,Kolkata,29.82,260.08,0,0.521
2026-08-05 11:30:00,CELL-KOL-02,Kolkata,37.66,239.97,0,0.784
2026-08-05 11:30:00,CELL-KOL-03,Kolkata,36.18,176.04,0,0.394
2026-08-05 11:30:00,CELL-MUM-01,Mumbai,34.75,165.56,0,0.483
2026-08-05 11:30:00,CELL-MUM-02,Mumbai,34.1,206.38,0,0.672
2026-08-05 11:30:00,CELL-MUM-03,Mumbai,29.26,285.3,0,0.655
2026-08-05 11:45:00,CELL-BLR-01,Bengaluru,31.78,170.96,0,0.614
2026-08-05 11:45:00,CELL-BLR-02,Bengaluru,33.16,261.73,0,0.861
2026-08-05 11:45:00,CELL-BLR-03,Bengaluru,30.67,182.87,0,0.709
2026-08-05 11:45:00,CELL-DEL-01,Delhi NCR,29.14,294.47,0,0.639
2026-08-05 11:45:00,CELL-DEL-02,Delhi NCR,31.2,266.02,0,0.154
2026-08-05 11:45:00,CELL-DEL-03,Delhi NCR,35.02,256.19,0,0.068
2026-08-05 11:45:00,CELL-KOL-01,Kolkata,29.41,250.66,0,0.763
2026-08-05 11:45:00,CELL-KOL-02,Kolkata,38.5,244.84,0,0.637
2026-08-05 11:45:00,CELL-KOL-03,Kolkata,33.49,162.28,0,0.2
2026-08-05 11:45:00,CELL-MUM-01,Mumbai,35.2,162.17,0,0.473
2026-08-05 11:45:00,CELL-MUM-02,Mumbai,33.15,213.46,0,0.411
2026-08-05 11:45:00,CELL-MUM-03,Mumbai,30.63,289.02,0,0.81
2026-08-05 12:00:00,CELL-BLR-01,Bengaluru,30.6,174.73,0,0.503
2026-08-05 12:00:00,CELL-BLR-02,Bengaluru,34.16,265.24,0,0.713
2026-08-05 12:00:00,CELL-BLR-03,Bengaluru,30.02,177.39,0,0.69
2026-08-05 12:00:00,CELL-DEL-01,Delhi NCR,29.14,313.98,0,0.743
2026-08-05 12:00:00,CELL-DEL-02,Delhi NCR,31.58,261.95,0,0.635
2026-08-05 12:00:00,CELL-DEL-03,Delhi NCR,29.86,272.76,0,0.41
2026-08-05 12:00:00,CELL-KOL-01,Kolkata,29.39,267.6,0,0.95
2026-08-05 12:00:00,CELL-KOL-02,Kolkata,33.57,233.7,0,0.442
2026-08-05 12:00:00,CELL-KOL-03,Kolkata,30.48,170.27,0,0.523
2026-08-05 12:00:00,CELL-MUM-01,Mumbai,30.24,196.3,0,0.852
2026-08-05 12:00:00,CELL-MUM-02,Mumbai,35.37,225.46,0,0.289
2026-08-05 12:00:00,CELL-MUM-03,Mumbai,30.56,296.41,0,0.553
2026-08-05 12:15:00,CELL-BLR-01,Bengaluru,31.53,176.02,0,0.984
2026-08-05 12:15:00,CELL-BLR-02,Bengaluru,28.6,256.1,0,0.581
2026-08-05 12:15:00,CELL-BLR-03,Bengaluru,32.96,190.92,0,0.556
2026-08-05 12:15:00,CELL-DEL-01,Delhi NCR,28.27,304.98,0,0.671
2026-08-05 12:15:00,CELL-DEL-02,Delhi NCR,34.47,277.11,0,0.513
2026-08-05 12:15:00,CELL-DEL-03,Delhi NCR,32.4,273.85,0,0.452
2026-08-05 12:15:00,CELL-KOL-01,Kolkata,30.5,264.99,0,0.162
2026-08-05 12:15:00,CELL-KOL-02,Kolkata,33.48,247.8,0,0.931
2026-08-05 12:15:00,CELL-KOL-03,Kolkata,34.14,181.74,0,0.383
2026-08-05 12:15:00,CELL-MUM-01,Mumbai,33.65,203.27,0,0.491
2026-08-05 12:15:00,CELL-MUM-02,Mumbai,32.33,194.78,0,0.411
2026-08-05 12:15:00,CELL-MUM-03,Mumbai,28.09,296.99,0,0.688
2026-08-05 12:30:00,CELL-BLR-01,Bengaluru,30.7,173.53,0,0.316
2026-08-05 12:30:00,CELL-BLR-02,Bengaluru,32.45,260.92,0,0.946
2026-08-05 12:30:00,CELL-BLR-03,Bengaluru,33.52,196.85,0,0.569
2026-08-05 12:30:00,CELL-DEL-01,Delhi NCR,65.23,315.24,0,0.671
2026-08-05 12:30:00,CELL-DEL-02,Delhi NCR,30.81,272.23,0,1.019
2026-08-05 12:30:00,CELL-DEL-03,Delhi NCR,33.18,268.37,0,0.456
2026-08-05 12:30:00,CELL-KOL-01,Kolkata,27.45,265.97,0,0.556
2026-08-05 12:30:00,CELL-KOL-02,Kolkata,35.38,259.22,0,0.49
2026-08-05 12:30:00,CELL-KOL-03,Kolkata,30.49,178.04,0,0.554
2026-08-05 12:30:00,CELL-MUM-01,Mumbai,33.38,174.39,0,0.67
2026-08-05 12:30:00,CELL-MUM-02,Mumbai,32.64,215.73,0,0.592
2026-08-05 12:30:00,CELL-MUM-03,Mumbai,28.47,297.78,0,0.817
2026-08-05 12:45:00,CELL-BLR-01,Bengaluru,29.92,183.05,0,0.409
2026-08-05 12:45:00,CELL-BLR-02,Bengaluru,30.07,284.9,0,0.886
2026-08-05 12:45:00,CELL-BLR-03,Bengaluru,31.07,197.09,0,0.212
2026-08-05 12:45:00,CELL-DEL-01,Delhi NCR,28.49,307.75,0,0.371
2026-08-05 12:45:00,CELL-DEL-02,Delhi NCR,31.69,262.92,0,0.548
2026-08-05 12:45:00,CELL-DEL-03,Delhi NCR,33.93,286.79,0,0.52
2026-08-05 12:45:00,CELL-KOL-01,Kolkata,28.29,268.68,0,0.335
2026-08-05 12:45:00,CELL-KOL-01,Kolkata,28.29,268.68,0,0.335
2026-08-05 12:45:00,CELL-KOL-02,Kolkata,85.51,242.03,0,0.443
2026-08-05 12:45:00,CELL-KOL-03,Kolkata,32.13,181.76,0,0.588
2026-08-05 12:45:00,CELL-MUM-01,Mumbai,71.5,175.17,0,0.702
2026-08-05 12:45:00,CELL-MUM-02,Mumbai,29.78,230.59,0,0.627
2026-08-05 12:45:00,CELL-MUM-03,Mumbai,28.3,314.83,0,0.42
2026-08-05 13:00:00,CELL-BLR-01,Bengaluru,28.62,177.27,0,0.335
2026-08-05 13:00:00,CELL-BLR-02,Bengaluru,29.53,277.06,0,0.457
2026-08-05 13:00:00,CELL-BLR-03,Bengaluru,32.66,184.08,0,0.633
2026-08-05 13:00:00,CELL-DEL-01,Delhi NCR,27.06,299.09,0,0.39
2026-08-05 13:00:00,CELL-DEL-02,Delhi NCR,30.23,264.88,0,0.341
2026-08-05 13:00:00,CELL-DEL-03,Delhi NCR,32.77,273.88,0,0.343
2026-08-05 13:00:00,CELL-KOL-01,Kolkata,27.52,271.34,0,0.351
2026-08-05 13:00:00,CELL-KOL-02,Kolkata,34.03,233.85,0,0.62
2026-08-05 13:00:00,CELL-KOL-03,Kolkata,33.28,182.31,0,0.583
2026-08-05 13:00:00,CELL-MUM-01,Mumbai,30.62,181.86,0,0.473
2026-08-05 13:00:00,CELL-MUM-02,Mumbai,34.69,221.18,0,0.398
2026-08-05 13:00:00,CELL-MUM-03,Mumbai,28.78,301.33,0,0.498
2026-08-05 13:15:00,CELL-BLR-01,Bengaluru,30.29,186.49,0,0.486
2026-08-05 13:15:00,CELL-BLR-02,Bengaluru,28.39,280.0,0,0.688
2026-08-05 13:15:00,CELL-BLR-03,Bengaluru,29.98,186.16,0,0.845
2026-08-05 13:15:00,CELL-DEL-01,Delhi NCR,30.8,298.96,0,0.53
2026-08-05 13:15:00,CELL-DEL-02,Delhi NCR,31.76,270.6,0,0.717
2026-08-05 13:15:00,CELL-DEL-03,Delhi NCR,30.08,286.28,0,0.584
2026-08-05 13:15:00,CELL-KOL-01,Kolkata,28.67,282.53,0,0.396
2026-08-05 13:15:00,CELL-KOL-02,Kolkata,34.04,245.67,0,0.478
2026-08-05 13:15:00,CELL-KOL-03,Kolkata,30.55,195.09,0,0.365
2026-08-05 13:15:00,CELL-MUM-01,Mumbai,33.52,174.6,0,0.718
2026-08-05 13:15:00,CELL-MUM-02,Mumbai,32.16,216.26,0,0.501
2026-08-05 13:15:00,CELL-MUM-03,Mumbai,33.14,296.57,0,0.325
2026-08-05 13:30:00,CELL-BLR-01,Bengaluru,31.79,189.77,0,0.885
2026-08-05 13:30:00,CELL-BLR-02,Bengaluru,31.71,279.26,0,0.535
2026-08-05 13:30:00,CELL-BLR-03,Bengaluru,29.61,169.48,0,0.771
2026-08-05 13:30:00,CELL-DEL-01,Delhi NCR,23.56,310.11,0,0.614
2026-08-05 13:30:00,CELL-DEL-02,Delhi NCR,30.56,277.61,0,0.287
2026-08-05 13:30:00,CELL-DEL-03,Delhi NCR,30.11,290.67,0,0.729
2026-08-05 13:30:00,CELL-KOL-01,Kolkata,28.52,274.95,0,0.159
2026-08-05 13:30:00,CELL-KOL-02,Kolkata,35.2,257.35,0,0.783
2026-08-05 13:30:00,CELL-KOL-03,Kolkata,33.59,190.51,0,0.508
2026-08-05 13:30:00,CELL-MUM-01,Mumbai,31.69,193.76,0,0.559
2026-08-05 13:30:00,CELL-MUM-02,Mumbai,33.71,215.04,0,0.416
2026-08-05 13:30:00,CELL-MUM-03,Mumbai,30.78,304.06,0,0.591
2026-08-05 13:45:00,CELL-BLR-01,Bengaluru,27.45,183.37,0,0.688
2026-08-05 13:45:00,CELL-BLR-02,Bengaluru,32.69,285.81,0,0.7
2026-08-05 13:45:00,CELL-BLR-03,Bengaluru,30.3,205.33,0,0.552
2026-08-05 13:45:00,CELL-DEL-01,Delhi NCR,28.47,324.41,0,0.499
2026-08-05 13:45:00,CELL-DEL-02,Delhi NCR,30.81,262.19,0,0.434
2026-08-05 13:45:00,CELL-DEL-03,Delhi NCR,28.54,284.3,0,0.641
2026-08-05 13:45:00,CELL-KOL-01,Kolkata,29.36,263.81,0,0.542
2026-08-05 13:45:00,CELL-KOL-02,Kolkata,33.0,244.69,0,0.405
2026-08-05 13:45:00,CELL-KOL-03,Kolkata,33.83,187.9,0,0.612
2026-08-05 13:45:00,CELL-MUM-01,Mumbai,26.45,196.17,0,0.244
2026-08-05 13:45:00,CELL-MUM-02,Mumbai,34.32,216.16,0,0.664
2026-08-05 13:45:00,CELL-MUM-03,Mumbai,29.66,309.03,0,0.777
2026-08-05 14:00:00,CELL-BLR-01,Bengaluru,26.52,183.84,0,0.664
2026-08-05 14:00:00,CELL-BLR-02,Bengaluru,31.64,253.16,0,0.805
2026-08-05 14:00:00,CELL-BLR-03,Bengaluru,29.68,187.84,0,0.505
2026-08-05 14:00:00,CELL-DEL-01,Delhi NCR,28.22,313.96,0,0.74
2026-08-05 14:00:00,CELL-DEL-02,Delhi NCR,30.68,250.13,0,0.669
2026-08-05 14:00:00,CELL-DEL-03,Delhi NCR,32.55,273.63,0,0.563
2026-08-05 14:00:00,CELL-KOL-01,Kolkata,28.25,263.39,0,0.781
2026-08-05 14:00:00,CELL-KOL-02,Kolkata,38.83,249.47,0,0.106
2026-08-05 14:00:00,CELL-KOL-03,Kolkata,29.59,184.45,0,0.559
2026-08-05 14:00:00,CELL-MUM-01,Mumbai,29.06,179.89,0,0.476
2026-08-05 14:00:00,CELL-MUM-02,Mumbai,31.24,223.8,0,0.542
2026-08-05 14:00:00,CELL-MUM-03,Mumbai,31.59,295.94,0,0.633
2026-08-05 14:15:00,CELL-BLR-01,Bengaluru,27.57,198.02,0,0.426
2026-08-05 14:15:00,CELL-BLR-02,Bengaluru,31.04,275.76,0,0.268
2026-08-05 14:15:00,CELL-BLR-03,Bengaluru,34.35,184.52,0,0.498
2026-08-05 14:15:00,CELL-DEL-01,Delhi NCR,27.68,317.63,0,0.694
2026-08-05 14:15:00,CELL-DEL-02,Delhi NCR,29.24,254.91,0,0.772
2026-08-05 14:15:00,CELL-DEL-03,Delhi NCR,34.67,258.04,0,0.865
2026-08-05 14:15:00,CELL-KOL-01,Kolkata,26.67,288.96,0,0.485
2026-08-05 14:15:00,CELL-KOL-02,Kolkata,32.17,265.25,0,0.516
2026-08-05 14:15:00,CELL-KOL-03,Kolkata,34.61,188.88,0,0.616
2026-08-05 14:15:00,CELL-MUM-01,Mumbai,30.96,197.46,0,0.417
2026-08-05 14:15:00,CELL-MUM-02,Mumbai,31.45,225.12,0,0.598
2026-08-05 14:15:00,CELL-MUM-03,Mumbai,30.6,298.68,0,0.402
2026-08-05 14:30:00,CELL-BLR-01,Bengaluru,27.19,177.09,0,0.779
2026-08-05 14:30:00,CELL-BLR-02,Bengaluru,30.54,269.5,0,0.552
2026-08-05 14:30:00,CELL-BLR-03,Bengaluru,33.1,185.21,0,0.565
2026-08-05 14:30:00,CELL-DEL-01,Delhi NCR,30.2,314.74,0,0.55
2026-08-05 14:30:00,CELL-DEL-02,Delhi NCR,33.15,271.27,0,0.895
2026-08-05 14:30:00,CELL-DEL-03,Delhi NCR,34.2,247.25,0,0.306
2026-08-05 14:30:00,CELL-KOL-01,Kolkata,33.27,267.22,0,0.621
2026-08-05 14:30:00,CELL-KOL-02,Kolkata,,240.98,0,0.637
2026-08-05 14:30:00,CELL-KOL-03,Kolkata,31.99,174.68,0,0.351
2026-08-05 14:30:00,CELL-MUM-01,Mumbai,29.81,186.56,0,0.241
2026-08-05 14:30:00,CELL-MUM-02,Mumbai,30.32,211.42,0,0.509
2026-08-05 14:30:00,CELL-MUM-03,Mumbai,30.1,298.32,0,0.517
2026-08-05 14:45:00,CELL-BLR-01,Bengaluru,29.26,192.86,0,0.498
2026-08-05 14:45:00,CELL-BLR-02,Bengaluru,30.46,283.78,0,0.889
2026-08-05 14:45:00,CELL-BLR-03,Bengaluru,30.44,183.98,0,0.342
2026-08-05 14:45:00,CELL-DEL-01,Delhi NCR,28.77,311.34,0,0.565
2026-08-05 14:45:00,CELL-DEL-02,Delhi NCR,29.85,264.11,0,0.417
2026-08-05 14:45:00,CELL-DEL-03,Delhi NCR,40.09,223.98,0,0.57
2026-08-05 14:45:00,CELL-KOL-01,Kolkata,31.89,275.86,0,0.321
2026-08-05 14:45:00,CELL-KOL-02,Kolkata,32.02,242.3,0,0.385
2026-08-05 14:45:00,CELL-KOL-03,Kolkata,34.37,187.92,0,0.468
2026-08-05 14:45:00,CELL-MUM-01,Mumbai,28.74,179.97,0,0.496
2026-08-05 14:45:00,CELL-MUM-02,Mumbai,31.18,237.11,0,0.266
2026-08-05 14:45:00,CELL-MUM-03,Mumbai,28.18,288.46,0,0.731
2026-08-05 15:00:00,CELL-BLR-01,Bengaluru,28.47,194.47,0,0.581
2026-08-05 15:00:00,CELL-BLR-02,Bengaluru,31.44,279.05,0,0.54
2026-08-05 15:00:00,CELL-BLR-03,Bengaluru,28.57,185.3,0,0.456
2026-08-05 15:00:00,CELL-DEL-01,Delhi NCR,30.64,304.53,0,0.611
2026-08-05 15:00:00,CELL-DEL-02,Delhi NCR,31.24,275.77,0,0.62
2026-08-05 15:00:00,CELL-DEL-03,Delhi NCR,40.89,222.74,0,0.864
2026-08-05 15:00:00,CELL-KOL-01,Kolkata,32.71,258.35,0,0.414
2026-08-05 15:00:00,CELL-KOL-02,Kolkata,34.9,258.75,0,0.198
2026-08-05 15:00:00,CELL-KOL-03,Kolkata,32.48,194.78,0,0.566
2026-08-05 15:00:00,CELL-MUM-01,Mumbai,29.16,182.04,0,0.503
2026-08-05 15:00:00,CELL-MUM-02,Mumbai,31.85,222.52,0,0.378
2026-08-05 15:00:00,CELL-MUM-03,Mumbai,26.23,323.1,0,0.602
2026-08-05 15:15:00,CELL-BLR-01,Bengaluru,30.34,203.86,0,0.674
2026-08-05 15:15:00,CELL-BLR-02,Bengaluru,33.57,274.55,0,0.49
2026-08-05 15:15:00,CELL-BLR-03,Bengaluru,66.6,186.39,0,0.551
2026-08-05 15:15:00,CELL-BLR-03,Bengaluru,66.6,186.39,0,0.551
2026-08-05 15:15:00,CELL-DEL-01,Delhi NCR,29.64,316.3,0,0.534
2026-08-05 15:15:00,CELL-DEL-02,Delhi NCR,29.53,282.96,0,0.224
2026-08-05 15:15:00,CELL-DEL-03,Delhi NCR,43.91,193.65,0,0.479
2026-08-05 15:15:00,CELL-KOL-01,Kolkata,30.26,250.21,0,0.577
2026-08-05 15:15:00,CELL-KOL-02,Kolkata,36.03,241.17,0,0.45
2026-08-05 15:15:00,CELL-KOL-03,Kolkata,32.35,193.99,0,0.49
2026-08-05 15:15:00,CELL-MUM-01,Mumbai,26.9,209.77,0,0.827
2026-08-05 15:15:00,CELL-MUM-02,Mumbai,31.16,217.51,0,0.404
2026-08-05 15:15:00,CELL-MUM-03,Mumbai,29.25,297.56,0,0.462
2026-08-05 15:30:00,CELL-BLR-01,Bengaluru,28.66,177.38,0,0.644
2026-08-05 15:30:00,CELL-BLR-02,Bengaluru,32.85,268.76,0,0.478
2026-08-05 15:30:00,CELL-BLR-03,Bengaluru,33.46,184.2,0,0.686
2026-08-05 15:30:00,CELL-DEL-01,Delhi NCR,24.07,314.57,0,0.486
2026-08-05 15:30:00,CELL-DEL-02,Delhi NCR,27.44,264.35,0,0.443
2026-08-05 15:30:00,CELL-DEL-03,Delhi NCR,43.55,194.89,0,0.974
2026-08-05 15:30:00,CELL-KOL-01,Kolkata,30.52,259.25,0,0.612
2026-08-05 15:30:00,CELL-KOL-02,Kolkata,36.58,242.19,0,0.405
2026-08-05 15:30:00,CELL-KOL-03,Kolkata,33.68,191.23,0,0.492
2026-08-05 15:30:00,CELL-MUM-01,Mumbai,33.39,195.41,0,0.523
2026-08-05 15:30:00,CELL-MUM-02,Mumbai,30.56,224.92,0,0.576
2026-08-05 15:30:00,CELL-MUM-03,Mumbai,29.04,314.44,0,0.32
2026-08-05 15:45:00,CELL-BLR-01,Bengaluru,29.25,175.68,0,0.435
2026-08-05 15:45:00,CELL-BLR-02,Bengaluru,26.3,290.13,0,0.413
2026-08-05 15:45:00,CELL-BLR-03,Bengaluru,30.72,183.96,0,0.437
2026-08-05 15:45:00,CELL-DEL-01,Delhi NCR,27.95,317.83,0,0.673
2026-08-05 15:45:00,CELL-DEL-02,Delhi NCR,30.91,272.59,0,0.373
2026-08-05 15:45:00,CELL-DEL-03,Delhi NCR,51.0,185.24,0,1.051
2026-08-05 15:45:00,CELL-KOL-01,Kolkata,26.71,267.38,0,0.122
2026-08-05 15:45:00,CELL-KOL-02,Kolkata,32.02,250.39,0,0.497
2026-08-05 15:45:00,CELL-KOL-03,Kolkata,29.6,188.79,0,0.757
2026-08-05 15:45:00,CELL-MUM-01,Mumbai,31.44,183.71,0,0.574
2026-08-05 15:45:00,CELL-MUM-02,Mumbai,32.51,204.29,0,0.779
2026-08-05 15:45:00,CELL-MUM-03,Mumbai,27.73,321.05,0,0.389
2026-08-05 16:00:00,CELL-BLR-01,Bengaluru,29.22,188.58,0,0.788
2026-08-05 16:00:00,CELL-BLR-02,Bengaluru,32.61,265.05,0,0.298
2026-08-05 16:00:00,CELL-BLR-03,Bengaluru,35.59,200.46,0,0.535
2026-08-05 16:00:00,CELL-DEL-01,Delhi NCR,29.0,301.29,0,0.287
2026-08-05 16:00:00,CELL-DEL-02,Delhi NCR,32.48,281.92,0,0.487
2026-08-05 16:00:00,CELL-DEL-03,Delhi NCR,49.86,184.6,0,0.81
2026-08-05 16:00:00,CELL-KOL-01,Kolkata,28.91,273.08,0,0.68
2026-08-05 16:00:00,CELL-KOL-02,Kolkata,34.64,237.99,0,0.715
2026-08-05 16:00:00,CELL-KOL-03,Kolkata,63.94,185.79,0,0.754
2026-08-05 16:00:00,CELL-MUM-01,Mumbai,26.97,193.4,0,0.673
2026-08-05 16:00:00,CELL-MUM-02,Mumbai,31.96,230.82,0,0.488
2026-08-05 16:00:00,CELL-MUM-03,Mumbai,26.95,296.83,0,0.363
2026-08-05 16:15:00,CELL-BLR-01,Bengaluru,25.02,171.61,0,0.452
2026-08-05 16:15:00,CELL-BLR-02,Bengaluru,30.33,271.9,0,0.468
2026-08-05 16:15:00,CELL-BLR-03,Bengaluru,29.24,203.81,0,0.723
2026-08-05 16:15:00,CELL-DEL-01,Delhi NCR,28.36,318.45,0,0.64
2026-08-05 16:15:00,CELL-DEL-02,Delhi NCR,31.69,273.43,0,0.276
2026-08-05 16:15:00,CELL-DEL-03,Delhi NCR,48.12,179.83,0,1.018
2026-08-05 16:15:00,CELL-KOL-01,Kolkata,32.14,273.95,0,0.758
2026-08-05 16:15:00,CELL-KOL-02,Kolkata,33.38,257.83,0,0.485
2026-08-05 16:15:00,CELL-KOL-03,Kolkata,33.43,200.5,0,0.574
2026-08-05 16:15:00,CELL-MUM-01,Mumbai,31.22,186.44,0,0.472
2026-08-05 16:15:00,CELL-MUM-02,Mumbai,31.37,220.67,0,0.338
2026-08-05 16:15:00,CELL-MUM-03,Mumbai,27.05,307.26,0,0.628
2026-08-05 16:30:00,CELL-BLR-01,Bengaluru,28.29,180.45,0,0.781
2026-08-05 16:30:00,CELL-BLR-02,Bengaluru,30.75,282.37,0,0.83
2026-08-05 16:30:00,CELL-BLR-03,Bengaluru,32.73,195.79,0,0.66
2026-08-05 16:30:00,CELL-DEL-01,Delhi NCR,30.03,309.85,0,0.61
2026-08-05 16:30:00,CELL-DEL-02,Delhi NCR,31.16,263.68,0,0.474
2026-08-05 16:30:00,CELL-DEL-03,Delhi NCR,56.92,166.12,0,1.573
2026-08-05 16:30:00,CELL-KOL-01,Kolkata,27.84,280.22,0,0.764
2026-08-05 16:30:00,CELL-KOL-02,Kolkata,36.13,240.19,0,0.197
2026-08-05 16:30:00,CELL-KOL-03,Kolkata,31.44,192.35,0,0.754
2026-08-05 16:30:00,CELL-MUM-01,Mumbai,31.61,184.1,0,0.537
2026-08-05 16:30:00,CELL-MUM-02,Mumbai,31.93,220.32,0,0.641
2026-08-05 16:30:00,CELL-MUM-03,Mumbai,30.1,295.27,0,0.849
2026-08-05 16:45:00,CELL-BLR-01,Bengaluru,30.02,173.11,0,0.551
2026-08-05 16:45:00,CELL-BLR-02,Bengaluru,33.6,292.24,0,0.465
2026-08-05 16:45:00,CELL-BLR-03,Bengaluru,30.97,184.64,0,0.589
2026-08-05 16:45:00,CELL-DEL-01,Delhi NCR,28.99,306.04,0,0.792
2026-08-05 16:45:00,CELL-DEL-02,Delhi NCR,30.75,260.49,0,0.369
2026-08-05 16:45:00,CELL-DEL-03,Delhi NCR,52.51,158.98,0,1.132
2026-08-05 16:45:00,CELL-KOL-01,Kolkata,28.92,268.31,0,0.706
2026-08-05 16:45:00,CELL-KOL-02,Kolkata,29.81,241.76,0,0.531
2026-08-05 16:45:00,CELL-KOL-03,Kolkata,34.62,197.19,0,0.772
2026-08-05 16:45:00,CELL-MUM-01,Mumbai,29.53,186.17,0,0.441
2026-08-05 16:45:00,CELL-MUM-02,Mumbai,34.0,224.63,0,0.584
2026-08-05 16:45:00,CELL-MUM-03,Mumbai,31.38,298.32,0,0.63
2026-08-05 17:00:00,CELL-BLR-01,Bengaluru,30.07,188.78,0,0.523
2026-08-05 17:00:00,CELL-BLR-02,Bengaluru,31.72,270.83,0,0.678
2026-08-05 17:00:00,CELL-BLR-03,Bengaluru,30.03,200.88,0,0.643
2026-08-05 17:00:00,CELL-DEL-01,Delhi NCR,27.93,328.81,0,0.621
2026-08-05 17:00:00,CELL-DEL-02,Delhi NCR,31.13,266.96,0,1.045
2026-08-05 17:00:00,CELL-DEL-03,Delhi NCR,59.23,146.91,0,0.743
2026-08-05 17:00:00,CELL-KOL-01,Kolkata,28.11,268.69,0,0.376
2026-08-05 17:00:00,CELL-KOL-02,Kolkata,36.0,248.63,0,0.741
2026-08-05 17:00:00,CELL-KOL-03,Kolkata,31.64,194.96,0,0.501
2026-08-05 17:00:00,CELL-MUM-01,Mumbai,32.71,174.78,0,0.661
2026-08-05 17:00:00,CELL-MUM-02,Mumbai,33.47,223.47,0,0.743
2026-08-05 17:00:00,CELL-MUM-03,Mumbai,32.87,285.8,0,0.724
2026-08-05 17:15:00,CELL-BLR-01,Bengaluru,26.29,205.89,0,0.639
2026-08-05 17:15:00,CELL-BLR-02,Bengaluru,35.14,278.25,0,0.746
2026-08-05 17:15:00,CELL-BLR-03,Bengaluru,30.54,187.77,0,0.071
2026-08-05 17:15:00,CELL-DEL-01,Delhi NCR,29.34,309.19,0,0.62
2026-08-05 17:15:00,CELL-DEL-02,Delhi NCR,29.43,278.87,0,0.361
2026-08-05 17:15:00,CELL-DEL-03,Delhi NCR,51.11,144.05,0,1.273
2026-08-05 17:15:00,CELL-KOL-01,Kolkata,30.17,276.79,0,0.542
2026-08-05 17:15:00,CELL-KOL-02,Kolkata,35.51,236.96,0,0.816
2026-08-05 17:15:00,CELL-KOL-03,Kolkata,33.83,182.11,0,0.814
2026-08-05 17:15:00,CELL-MUM-01,Mumbai,30.49,175.91,0,0.455
2026-08-05 17:15:00,CELL-MUM-02,Mumbai,34.76,208.46,0,0.473
2026-08-05 17:15:00,CELL-MUM-03,Mumbai,30.99,311.66,0,0.581
2026-08-05 17:30:00,CELL-BLR-01,Bengaluru,30.59,189.82,0,0.227
2026-08-05 17:30:00,CELL-BLR-02,Bengaluru,29.82,259.0,0,0.404
2026-08-05 17:30:00,CELL-BLR-03,Bengaluru,29.26,176.74,0,0.627
2026-08-05 17:30:00,CELL-DEL-01,Delhi NCR,29.32,303.86,0,0.588
2026-08-05 17:30:00,CELL-DEL-02,Delhi NCR,31.85,251.98,0,0.713
2026-08-05 17:30:00,CELL-DEL-03,Delhi NCR,64.94,137.2,0,0.754
2026-08-05 17:30:00,CELL-KOL-01,Kolkata,31.64,240.58,0,0.359
2026-08-05 17:30:00,CELL-KOL-02,Kolkata,33.46,244.72,0,0.488
2026-08-05 17:30:00,CELL-KOL-03,Kolkata,34.28,169.27,0,0.994
2026-08-05 17:30:00,CELL-MUM-01,Mumbai,31.69,166.54,0,0.512
2026-08-05 17:30:00,CELL-MUM-02,Mumbai,33.17,204.62,0,0.414
2026-08-05 17:30:00,CELL-MUM-03,Mumbai,27.89,302.53,0,0.401
2026-08-05 17:45:00,CELL-BLR-01,Bengaluru,28.61,175.26,0,0.799
2026-08-05 17:45:00,CELL-BLR-02,Bengaluru,34.04,269.13,0,0.811
2026-08-05 17:45:00,CELL-BLR-03,Bengaluru,29.96,190.56,0,0.52
2026-08-05 17:45:00,CELL-DEL-01,Delhi NCR,32.02,308.49,0,0.488
2026-08-05 17:45:00,CELL-DEL-02,Delhi NCR,30.1,251.41,0,0.766
2026-08-05 17:45:00,CELL-DEL-03,Delhi NCR,66.04,124.82,0,1.2
2026-08-05 17:45:00,CELL-KOL-01,Kolkata,24.22,261.84,0,0.706
2026-08-05 17:45:00,CELL-KOL-02,Kolkata,35.96,242.06,0,0.789
2026-08-05 17:45:00,CELL-KOL-03,Kolkata,33.94,174.87,0,0.376
2026-08-05 17:45:00,CELL-MUM-01,Mumbai,32.3,165.81,0,0.526
2026-08-05 17:45:00,CELL-MUM-02,Mumbai,32.72,199.27,0,0.355
2026-08-05 17:45:00,CELL-MUM-03,Mumbai,30.68,269.76,0,0.375
2026-08-05 18:00:00,CELL-BLR-01,Bengaluru,32.65,187.39,0,0.555
2026-08-05 18:00:00,CELL-BLR-02,Bengaluru,33.52,237.77,0,0.623
2026-08-05 18:00:00,CELL-BLR-03,Bengaluru,33.84,181.33,0,0.552
2026-08-05 18:00:00,CELL-DEL-01,Delhi NCR,30.39,278.98,0,0.602
2026-08-05 18:00:00,CELL-DEL-02,Delhi NCR,36.48,244.89,0,0.541
2026-08-05 18:00:00,CELL-DEL-03,Delhi NCR,72.64,126.35,0,1.148
2026-08-05 18:00:00,CELL-KOL-01,Kolkata,32.77,249.63,0,0.344
2026-08-05 18:00:00,CELL-KOL-02,Kolkata,37.07,235.36,0,0.554
2026-08-05 18:00:00,CELL-KOL-03,Kolkata,35.81,165.81,0,0.443
2026-08-05 18:00:00,CELL-MUM-01,Mumbai,34.3,186.25,0,0.516
2026-08-05 18:00:00,CELL-MUM-02,Mumbai,35.65,205.27,0,0.887
2026-08-05 18:00:00,CELL-MUM-03,Mumbai,31.36,278.73,0,0.33
2026-08-05 18:15:00,CELL-BLR-01,Bengaluru,32.06,171.71,0,0.458
2026-08-05 18:15:00,CELL-BLR-02,Bengaluru,35.08,265.52,0,0.71
2026-08-05 18:15:00,CELL-BLR-03,Bengaluru,36.11,187.18,0,0.588
2026-08-05 18:15:00,CELL-DEL-01,Delhi NCR,32.23,283.96,0,0.584
2026-08-05 18:15:00,CELL-DEL-02,Delhi NCR,35.37,251.56,0,0.617
2026-08-05 18:15:00,CELL-DEL-03,Delhi NCR,74.06,112.84,0,1.41
2026-08-05 18:15:00,CELL-KOL-01,Kolkata,33.67,235.33,0,0.648
2026-08-05 18:15:00,CELL-KOL-02,Kolkata,37.22,213.15,0,0.677
2026-08-05 18:15:00,CELL-KOL-03,Kolkata,36.69,163.02,0,0.564
2026-08-05 18:15:00,CELL-MUM-01,Mumbai,32.49,175.85,0,0.587
2026-08-05 18:15:00,CELL-MUM-02,Mumbai,33.82,181.8,0,0.571
2026-08-05 18:15:00,CELL-MUM-03,Mumbai,33.14,279.15,0,0.745
2026-08-05 18:30:00,CELL-BLR-01,Bengaluru,32.83,165.12,0,0.607
2026-08-05 18:30:00,CELL-BLR-02,Bengaluru,35.41,253.13,0,0.814
2026-08-05 18:30:00,CELL-BLR-03,Bengaluru,35.99,170.04,0,0.993
2026-08-05 18:30:00,CELL-DEL-01,Delhi NCR,33.19,281.58,0,0.504
2026-08-05 18:30:00,CELL-DEL-02,Delhi NCR,34.82,229.65,0,1.014
2026-08-05 18:30:00,CELL-DEL-03,Delhi NCR,,105.19,0,1.582
2026-08-05 18:30:00,CELL-KOL-01,Kolkata,34.49,242.24,0,0.711
2026-08-05 18:30:00,CELL-KOL-02,Kolkata,38.83,216.87,0,0.283
2026-08-05 18:30:00,CELL-KOL-03,Kolkata,36.72,157.82,0,0.615
2026-08-05 18:30:00,CELL-MUM-01,Mumbai,35.77,163.27,0,0.341
2026-08-05 18:30:00,CELL-MUM-02,Mumbai,35.47,193.99,0,0.704
2026-08-05 18:30:00,CELL-MUM-03,Mumbai,33.37,261.8,0,0.966
2026-08-05 18:45:00,CELL-BLR-01,Bengaluru,35.69,153.43,0,0.158
2026-08-05 18:45:00,CELL-BLR-02,Bengaluru,38.64,235.1,0,0.854
2026-08-05 18:45:00,CELL-BLR-03,Bengaluru,36.85,164.91,0,0.527
2026-08-05 18:45:00,CELL-DEL-01,Delhi NCR,33.47,263.1,0,0.594
2026-08-05 18:45:00,CELL-DEL-02,Delhi NCR,36.97,228.76,0,0.698
2026-08-05 18:45:00,CELL-DEL-03,Delhi NCR,89.98,102.55,0,0.942
2026-08-05 18:45:00,CELL-KOL-01,Kolkata,34.31,219.91,0,0.439
2026-08-05 18:45:00,CELL-KOL-02,Kolkata,36.99,214.91,0,0.716
2026-08-05 18:45:00,CELL-KOL-03,Kolkata,40.56,153.95,0,0.805
2026-08-05 18:45:00,CELL-MUM-01,Mumbai,39.83,148.69,0,0.518
2026-08-05 18:45:00,CELL-MUM-02,Mumbai,39.61,180.71,0,0.389
2026-08-05 18:45:00,CELL-MUM-03,Mumbai,33.73,249.65,0,0.279
2026-08-05 19:00:00,CELL-BLR-01,Bengaluru,36.78,153.6,0,0.413
2026-08-05 19:00:00,CELL-BLR-02,Bengaluru,41.14,221.96,0,1.06
2026-08-05 19:00:00,CELL-BLR-03,Bengaluru,38.46,157.64,0,0.306
2026-08-05 19:00:00,CELL-DEL-01,Delhi NCR,35.2,250.38,0,0.677
2026-08-05 19:00:00,CELL-DEL-02,Delhi NCR,33.76,215.74,0,0.872
2026-08-05 19:00:00,CELL-DEL-03,Delhi NCR,99.4,92.5,0,1.579
2026-08-05 19:00:00,CELL-KOL-01,Kolkata,35.98,217.44,0,0.649
2026-08-05 19:00:00,CELL-KOL-02,Kolkata,42.02,184.94,0,0.513
2026-08-05 19:00:00,CELL-KOL-03,Kolkata,37.74,151.44,0,0.654
2026-08-05 19:00:00,CELL-MUM-01,Mumbai,37.3,164.16,0,0.613
2026-08-05 19:00:00,CELL-MUM-02,Mumbai,43.17,183.01,0,0.943
2026-08-05 19:00:00,CELL-MUM-03,Mumbai,36.54,238.97,0,0.606
2026-08-05 19:15:00,CELL-BLR-01,Bengaluru,40.37,147.28,0,0.595
2026-08-05 19:15:00,CELL-BLR-02,Bengaluru,43.06,206.9,0,0.721
2026-08-05 19:15:00,CELL-BLR-03,Bengaluru,42.07,-1.0,0,0.613
2026-08-05 19:15:00,CELL-DEL-01,Delhi NCR,38.26,251.01,0,0.53
2026-08-05 19:15:00,CELL-DEL-02,Delhi NCR,39.39,198.73,0,0.52
2026-08-05 19:15:00,CELL-DEL-03,Delhi NCR,100.67,92.25,0,1.618
2026-08-05 19:15:00,CELL-DEL-03,Delhi NCR,100.67,92.25,0,1.618
2026-08-05 19:15:00,CELL-KOL-01,Kolkata,38.09,209.29,0,0.881
2026-08-05 19:15:00,CELL-KOL-02,Kolkata,46.17,175.82,0,0.721
2026-08-05 19:15:00,CELL-KOL-03,Kolkata,42.41,135.64,0,0.471
2026-08-05 19:15:00,CELL-MUM-01,Mumbai,40.16,135.67,0,0.572
2026-08-05 19:15:00,CELL-MUM-02,Mumbai,43.75,162.0,0,0.677
2026-08-05 19:15:00,CELL-MUM-03,Mumbai,39.08,240.79,0,0.215
2026-08-05 19:30:00,CELL-BLR-01,Bengaluru,39.8,125.74,0,0.605
2026-08-05 19:30:00,CELL-BLR-02,Bengaluru,41.78,196.42,0,0.862
2026-08-05 19:30:00,CELL-BLR-03,Bengaluru,40.55,131.58,0,0.777
2026-08-05 19:30:00,CELL-DEL-01,Delhi NCR,37.56,218.95,0,0.92
2026-08-05 19:30:00,CELL-DEL-02,Delhi NCR,43.69,198.01,0,1.14
2026-08-05 19:30:00,CELL-DEL-03,Delhi NCR,117.88,80.76,0,2.146
2026-08-05 19:30:00,CELL-DEL-03,Delhi NCR,117.88,80.76,0,2.146
2026-08-05 19:30:00,CELL-KOL-01,Kolkata,41.08,194.67,0,0.738
2026-08-05 19:30:00,CELL-KOL-02,Kolkata,49.66,174.94,0,0.391
2026-08-05 19:30:00,CELL-KOL-03,Kolkata,43.28,126.19,0,0.616
2026-08-05 19:30:00,CELL-MUM-01,Mumbai,42.93,139.81,0,1.173
2026-08-05 19:30:00,CELL-MUM-02,Mumbai,49.66,162.75,0,0.711
2026-08-05 19:30:00,CELL-MUM-03,Mumbai,42.6,227.19,0,1.168
2026-08-05 19:45:00,CELL-BLR-01,Bengaluru,43.75,129.84,0,0.937
2026-08-05 19:45:00,CELL-BLR-02,Bengaluru,45.03,194.15,0,0.072
2026-08-05 19:45:00,CELL-BLR-03,Bengaluru,45.76,138.9,0,0.507
2026-08-05 19:45:00,CELL-DEL-01,Delhi NCR,41.19,219.33,0,0.656
2026-08-05 19:45:00,CELL-DEL-02,Delhi NCR,45.38,188.1,0,0.595
2026-08-05 19:45:00,CELL-DEL-03,Delhi NCR,120.95,74.29,0,1.917
2026-08-05 19:45:00,CELL-DEL-03,Delhi NCR,120.95,74.29,0,1.917
2026-08-05 19:45:00,CELL-KOL-01,Kolkata,42.78,189.34,0,0.902
2026-08-05 19:45:00,CELL-KOL-02,Kolkata,48.47,169.79,0,0.444
2026-08-05 19:45:00,CELL-KOL-03,Kolkata,48.11,126.95,0,0.74
2026-08-05 19:45:00,CELL-MUM-01,Mumbai,46.93,139.81,0,0.58
2026-08-05 19:45:00,CELL-MUM-02,Mumbai,44.33,141.0,0,0.851
2026-08-05 19:45:00,CELL-MUM-03,Mumbai,43.84,233.23,0,0.749
2026-08-05 20:00:00,CELL-BLR-01,Bengaluru,43.3,127.32,0,0.973
2026-08-05 20:00:00,CELL-BLR-02,Bengaluru,45.52,176.59,0,0.931
2026-08-05 20:00:00,CELL-BLR-03,Bengaluru,47.56,145.07,0,0.823
2026-08-05 20:00:00,CELL-DEL-01,Delhi NCR,42.75,204.69,0,0.605
2026-08-05 20:00:00,CELL-DEL-02,Delhi NCR,45.84,168.62,0,0.876
2026-08-05 20:00:00,CELL-DEL-03,Delhi NCR,129.66,69.9,0,2.248
2026-08-05 20:00:00,CELL-KOL-01,Kolkata,40.95,169.47,0,0.804
2026-08-05 20:00:00,CELL-KOL-02,Kolkata,50.97,162.15,0,1.205
2026-08-05 20:00:00,CELL-KOL-03,Kolkata,49.73,128.19,0,0.589
2026-08-05 20:00:00,CELL-MUM-01,Mumbai,45.47,118.6,0,0.88
2026-08-05 20:00:00,CELL-MUM-02,Mumbai,50.26,146.23,0,0.679
2026-08-05 20:00:00,CELL-MUM-03,Mumbai,41.66,209.59,0,1.014
2026-08-05 20:15:00,CELL-BLR-01,Bengaluru,43.38,115.42,0,0.096
2026-08-05 20:15:00,CELL-BLR-02,Bengaluru,48.54,178.96,0,1.114
2026-08-05 20:15:00,CELL-BLR-03,Bengaluru,48.43,124.91,0,0.715
2026-08-05 20:15:00,CELL-DEL-01,Delhi NCR,42.79,202.41,0,0.755
2026-08-05 20:15:00,CELL-DEL-02,Delhi NCR,49.85,156.75,0,0.585
2026-08-05 20:15:00,CELL-DEL-03,Delhi NCR,131.23,66.2,0,2.707
2026-08-05 20:15:00,CELL-KOL-01,Kolkata,43.69,177.22,0,0.543
2026-08-05 20:15:00,CELL-KOL-02,Kolkata,51.82,167.63,0,0.784
2026-08-05 20:15:00,CELL-KOL-03,Kolkata,45.79,115.42,0,1.449
2026-08-05 20:15:00,CELL-MUM-01,Mumbai,43.98,120.9,0,0.911
2026-08-05 20:15:00,CELL-MUM-02,Mumbai,52.97,125.42,0,1.384
2026-08-05 20:15:00,CELL-MUM-03,Mumbai,44.49,204.11,0,0.7
2026-08-05 20:30:00,CELL-BLR-01,Bengaluru,43.62,125.61,0,0.912
2026-08-05 20:30:00,CELL-BLR-02,Bengaluru,48.01,181.4,0,0.54
2026-08-05 20:30:00,CELL-BLR-03,Bengaluru,43.07,111.43,0,0.963
2026-08-05 20:30:00,CELL-DEL-01,Delhi NCR,44.84,188.79,0,1.064
2026-08-05 20:30:00,CELL-DEL-02,Delhi NCR,45.7,184.0,0,1.178
2026-08-05 20:30:00,CELL-DEL-03,Delhi NCR,143.77,62.92,0,1.834
2026-08-05 20:30:00,CELL-DEL-03,Delhi NCR,143.77,62.92,0,1.834
2026-08-05 20:30:00,CELL-KOL-01,Kolkata,44.89,181.36,0,0.892
2026-08-05 20:30:00,CELL-KOL-02,Kolkata,51.67,160.32,0,0.453
2026-08-05 20:30:00,CELL-KOL-03,Kolkata,49.28,121.89,0,0.969
2026-08-05 20:30:00,CELL-MUM-01,Mumbai,52.03,112.29,0,0.644
2026-08-05 20:30:00,CELL-MUM-02,Mumbai,52.45,150.75,0,0.656
2026-08-05 20:30:00,CELL-MUM-03,Mumbai,47.65,194.85,0,0.509
2026-08-05 20:45:00,CELL-BLR-01,Bengaluru,44.5,130.8,0,0.815
2026-08-05 20:45:00,CELL-BLR-02,Bengaluru,46.06,174.55,0,1.292
2026-08-05 20:45:00,CELL-BLR-03,Bengaluru,46.7,109.41,0,0.771
2026-08-05 20:45:00,CELL-DEL-01,Delhi NCR,43.24,216.47,0,1.013
2026-08-05 20:45:00,CELL-DEL-02,Delhi NCR,44.61,160.82,0,0.751
2026-08-05 20:45:00,CELL-DEL-03,Delhi NCR,142.42,62.3,0,2.044
2026-08-05 20:45:00,CELL-KOL-01,Kolkata,42.92,182.43,0,0.923
2026-08-05 20:45:00,CELL-KOL-02,Kolkata,47.44,164.91,0,1.103
2026-08-05 20:45:00,CELL-KOL-03,Kolkata,51.64,115.34,0,0.747
2026-08-05 20:45:00,CELL-MUM-01,Mumbai,43.99,114.7,0,0.213
2026-08-05 20:45:00,CELL-MUM-02,Mumbai,49.3,139.26,0,0.999
2026-08-05 20:45:00,CELL-MUM-03,Mumbai,45.34,196.07,0,0.283
2026-08-05 21:00:00,CELL-BLR-01,Bengaluru,44.2,116.66,0,0.811
2026-08-05 21:00:00,CELL-BLR-02,Bengaluru,,177.69,0,0.828
2026-08-05 21:00:00,CELL-BLR-03,Bengaluru,45.32,119.76,0,0.719
2026-08-05 21:00:00,CELL-DEL-01,Delhi NCR,45.35,211.12,0,0.835
2026-08-05 21:00:00,CELL-DEL-02,Delhi NCR,47.14,183.28,0,0.407
2026-08-05 21:00:00,CELL-DEL-03,Delhi NCR,49.21,179.76,0,1.028
2026-08-05 21:00:00,CELL-KOL-01,Kolkata,44.91,164.53,0,1.08
2026-08-05 21:00:00,CELL-KOL-02,Kolkata,51.02,160.13,0,1.047
2026-08-05 21:00:00,CELL-KOL-03,Kolkata,48.84,117.8,0,0.945
2026-08-05 21:00:00,CELL-MUM-01,Mumbai,48.12,137.18,0,0.943
2026-08-05 21:00:00,CELL-MUM-02,Mumbai,51.54,136.4,0,0.578
2026-08-05 21:00:00,CELL-MUM-03,Mumbai,44.34,201.46,0,0.557
2026-08-05 21:15:00,CELL-BLR-01,Bengaluru,41.26,128.16,0,1.152
2026-08-05 21:15:00,CELL-BLR-02,Bengaluru,47.32,202.93,0,1.398
2026-08-05 21:15:00,CELL-BLR-03,Bengaluru,46.67,140.44,0,0.985
2026-08-05 21:15:00,CELL-DEL-01,Delhi NCR,42.14,204.79,0,1.185
2026-08-05 21:15:00,CELL-DEL-02,Delhi NCR,43.0,198.75,0,0.519
2026-08-05 21:15:00,CELL-DEL-03,Delhi NCR,46.69,186.52,0,0.87
2026-08-05 21:15:00,CELL-KOL-01,Kolkata,41.87,200.62,0,0.619
2026-08-05 21:15:00,CELL-KOL-02,Kolkata,49.61,180.4,0,0.974
2026-08-05 21:15:00,CELL-KOL-03,Kolkata,47.33,148.14,0,1.04
2026-08-05 21:15:00,CELL-MUM-01,Mumbai,44.62,125.28,0,0.7
2026-08-05 21:15:00,CELL-MUM-02,Mumbai,47.98,153.88,0,1.142
2026-08-05 21:15:00,CELL-MUM-03,Mumbai,43.05,213.38,0,0.599
2026-08-05 21:30:00,CELL-BLR-01,Bengaluru,36.6,140.16,0,1.153
2026-08-05 21:30:00,CELL-BLR-02,Bengaluru,41.53,197.69,0,0.885
2026-08-05 21:30:00,CELL-BLR-03,Bengaluru,39.74,129.46,0,0.626
2026-08-05 21:30:00,CELL-DEL-01,Delhi NCR,40.42,225.42,0,0.922
2026-08-05 21:30:00,CELL-DEL-02,Delhi NCR,42.44,183.3,0,0.838
2026-08-05 21:30:00,CELL-DEL-03,Delhi NCR,45.81,197.87,0,0.988
2026-08-05 21:30:00,CELL-KOL-01,Kolkata,39.76,204.6,0,0.399
2026-08-05 21:30:00,CELL-KOL-02,Kolkata,45.42,200.02,0,0.978
2026-08-05 21:30:00,CELL-KOL-03,Kolkata,47.94,132.06,0,1.035
2026-08-05 21:30:00,CELL-MUM-01,Mumbai,41.89,124.42,0,1.112
2026-08-05 21:30:00,CELL-MUM-02,Mumbai,43.95,177.89,0,0.694
2026-08-05 21:30:00,CELL-MUM-03,Mumbai,40.77,220.32,0,0.802
2026-08-05 21:45:00,CELL-BLR-01,Bengaluru,41.45,141.16,0,0.629
2026-08-05 21:45:00,CELL-BLR-02,Bengaluru,39.21,212.1,0,0.799
2026-08-05 21:45:00,CELL-BLR-03,Bengaluru,40.75,151.47,0,0.242
2026-08-05 21:45:00,CELL-DEL-01,Delhi NCR,,253.63,0,0.621
2026-08-05 21:45:00,CELL-DEL-02,Delhi NCR,41.36,220.68,0,0.694
2026-08-05 21:45:00,CELL-DEL-03,Delhi NCR,41.73,203.01,0,0.516
2026-08-05 21:45:00,CELL-KOL-01,Kolkata,37.32,202.16,0,0.843
2026-08-05 21:45:00,CELL-KOL-02,Kolkata,41.79,192.22,0,0.848
2026-08-05 21:45:00,CELL-KOL-03,Kolkata,41.78,136.81,0,0.281
2026-08-05 21:45:00,CELL-MUM-01,Mumbai,37.77,135.07,0,0.997
2026-08-05 21:45:00,CELL-MUM-02,Mumbai,45.04,161.41,0,0.532
2026-08-05 21:45:00,CELL-MUM-03,Mumbai,37.53,229.39,0,0.984
2026-08-05 22:00:00,CELL-BLR-01,Bengaluru,36.88,160.18,0,0.921
2026-08-05 22:00:00,CELL-BLR-02,Bengaluru,38.18,217.82,0,0.638
2026-08-05 22:00:00,CELL-BLR-03,Bengaluru,37.01,156.96,0,0.615
2026-08-05 22:00:00,CELL-DEL-01,Delhi NCR,38.03,236.65,0,0.643
2026-08-05 22:00:00,CELL-DEL-02,Delhi NCR,37.86,213.38,0,0.671
2026-08-05 22:00:00,CELL-DEL-03,Delhi NCR,38.17,223.7,0,1.092
2026-08-05 22:00:00,CELL-KOL-01,Kolkata,35.39,222.94,0,0.596
2026-08-05 22:00:00,CELL-KOL-02,Kolkata,42.02,182.01,0,1.149
2026-08-05 22:00:00,CELL-KOL-03,Kolkata,39.53,147.25,0,0.559
2026-08-05 22:00:00,CELL-MUM-01,Mumbai,37.91,154.02,0,0.464
2026-08-05 22:00:00,CELL-MUM-02,Mumbai,40.02,172.1,0,0.582
2026-08-05 22:00:00,CELL-MUM-03,Mumbai,36.63,247.62,0,0.64
2026-08-05 22:15:00,CELL-BLR-01,Bengaluru,38.91,158.31,0,0.692
2026-08-05 22:15:00,CELL-BLR-02,Bengaluru,33.76,226.58,0,0.837
2026-08-05 22:15:00,CELL-BLR-03,Bengaluru,39.32,159.46,0,0.442
2026-08-05 22:15:00,CELL-DEL-01,Delhi NCR,34.4,272.94,0,0.732
2026-08-05 22:15:00,CELL-DEL-02,Delhi NCR,34.91,219.57,0,0.577
2026-08-05 22:15:00,CELL-DEL-03,Delhi NCR,38.73,235.84,0,0.463
2026-08-05 22:15:00,CELL-KOL-01,Kolkata,34.96,245.23,0,0.978
2026-08-05 22:15:00,CELL-KOL-02,Kolkata,38.59,203.09,0,0.863
2026-08-05 22:15:00,CELL-KOL-03,Kolkata,39.72,147.65,0,0.657
2026-08-05 22:15:00,CELL-MUM-01,Mumbai,37.52,162.41,0,0.936
2026-08-05 22:15:00,CELL-MUM-02,Mumbai,36.51,184.52,0,0.379
2026-08-05 22:15:00,CELL-MUM-03,Mumbai,37.32,266.83,0,0.974
2026-08-05 22:30:00,CELL-BLR-01,Bengaluru,31.39,163.31,0,0.417
2026-08-05 22:30:00,CELL-BLR-02,Bengaluru,33.19,232.56,0,0.379
2026-08-05 22:30:00,CELL-BLR-03,Bengaluru,37.44,176.17,0,0.666
2026-08-05 22:30:00,CELL-DEL-01,Delhi NCR,32.14,266.99,0,0.798
2026-08-05 22:30:00,CELL-DEL-02,Delhi NCR,33.53,240.27,0,0.444
2026-08-05 22:30:00,CELL-DEL-03,Delhi NCR,37.93,251.66,0,0.621
2026-08-05 22:30:00,CELL-KOL-01,Kolkata,34.82,232.48,0,0.503
2026-08-05 22:30:00,CELL-KOL-02,Kolkata,37.63,224.85,0,0.637
2026-08-05 22:30:00,CELL-KOL-03,Kolkata,39.42,152.2,0,0.855
2026-08-05 22:30:00,CELL-MUM-01,Mumbai,33.94,160.82,0,0.584
2026-08-05 22:30:00,CELL-MUM-02,Mumbai,36.84,193.87,0,0.353
2026-08-05 22:30:00,CELL-MUM-03,Mumbai,32.8,268.56,0,0.276
2026-08-05 22:45:00,CELL-BLR-01,Bengaluru,35.99,163.6,0,0.234
2026-08-05 22:45:00,CELL-BLR-02,Bengaluru,36.99,259.19,0,0.465
2026-08-05 22:45:00,CELL-BLR-03,Bengaluru,34.47,159.11,0,1.036
2026-08-05 22:45:00,CELL-DEL-01,Delhi NCR,33.61,290.7,0,0.316
2026-08-05 22:45:00,CELL-DEL-02,Delhi NCR,34.37,240.38,0,0.86
2026-08-05 22:45:00,CELL-DEL-03,Delhi NCR,34.63,251.44,0,0.429
2026-08-05 22:45:00,CELL-KOL-01,Kolkata,33.23,252.27,0,0.31
2026-08-05 22:45:00,CELL-KOL-02,Kolkata,35.73,239.9,0,0.501
2026-08-05 22:45:00,CELL-KOL-03,Kolkata,37.06,182.02,0,0.749
2026-08-05 22:45:00,CELL-MUM-01,Mumbai,33.76,180.26,0,0.46
2026-08-05 22:45:00,CELL-MUM-02,Mumbai,35.88,208.56,0,0.334
2026-08-05 22:45:00,CELL-MUM-03,Mumbai,33.92,285.73,0,0.434
2026-08-05 23:00:00,CELL-BLR-01,Bengaluru,30.47,185.46,0,0.404
2026-08-05 23:00:00,CELL-BLR-02,Bengaluru,35.69,264.03,0,0.548
2026-08-05 23:00:00,CELL-BLR-03,Bengaluru,35.7,173.67,0,0.73
2026-08-05 23:00:00,CELL-DEL-01,Delhi NCR,28.69,292.86,0,0.391
2026-08-05 23:00:00,CELL-DEL-02,Delhi NCR,33.77,241.44,0,0.468
2026-08-05 23:00:00,CELL-DEL-03,Delhi NCR,35.15,256.74,0,0.467
2026-08-05 23:00:00,CELL-KOL-01,Kolkata,26.27,273.8,0,0.617
2026-08-05 23:00:00,CELL-KOL-02,Kolkata,36.07,227.06,0,0.379
2026-08-05 23:00:00,CELL-KOL-03,Kolkata,33.68,181.58,0,0.753
2026-08-05 23:00:00,CELL-MUM-01,Mumbai,34.74,176.7,0,0.689
2026-08-05 23:00:00,CELL-MUM-02,Mumbai,36.41,212.57,0,0.313
2026-08-05 23:00:00,CELL-MUM-03,Mumbai,32.32,286.87,0,0.456
2026-08-05 23:15:00,CELL-BLR-01,Bengaluru,31.07,176.61,0,0.272
2026-08-05 23:15:00,CELL-BLR-02,Bengaluru,32.93,256.13,0,0.176
2026-08-05 23:15:00,CELL-BLR-03,Bengaluru,31.93,186.62,0,0.52
2026-08-05 23:15:00,CELL-DEL-01,Delhi NCR,32.48,289.51,0,0.578
2026-08-05 23:15:00,CELL-DEL-02,Delhi NCR,31.16,260.15,0,0.734
2026-08-05 23:15:00,CELL-DEL-03,Delhi NCR,33.28,262.16,0,0.871
2026-08-05 23:15:00,CELL-KOL-01,Kolkata,30.04,268.4,0,0.29
2026-08-05 23:15:00,CELL-KOL-02,Kolkata,33.0,243.78,0,0.688
2026-08-05 23:15:00,CELL-KOL-03,Kolkata,32.63,185.26,0,0.719
2026-08-05 23:15:00,CELL-MUM-01,Mumbai,34.95,179.18,0,0.551
2026-08-05 23:15:00,CELL-MUM-02,Mumbai,32.23,196.22,0,0.975
2026-08-05 23:15:00,CELL-MUM-03,Mumbai,30.19,274.73,0,0.605
2026-08-05 23:30:00,CELL-BLR-01,Bengaluru,28.58,165.86,0,0.722
2026-08-05 23:30:00,CELL-BLR-02,Bengaluru,34.02,267.25,0,0.367
2026-08-05 23:30:00,CELL-BLR-03,Bengaluru,34.65,177.56,0,0.61
2026-08-05 23:30:00,CELL-DEL-01,Delhi NCR,29.5,305.65,0,0.554
2026-08-05 23:30:00,CELL-DEL-02,Delhi NCR,30.84,267.96,0,0.718
2026-08-05 23:30:00,CELL-DEL-03,Delhi NCR,34.4,269.48,0,0.623
2026-08-05 23:30:00,CELL-KOL-01,Kolkata,32.24,257.79,0,0.669
2026-08-05 23:30:00,CELL-KOL-02,Kolkata,33.02,243.59,0,0.571
2026-08-05 23:30:00,CELL-KOL-03,Kolkata,34.03,184.76,0,1.015
2026-08-05 23:30:00,CELL-MUM-01,Mumbai,30.8,176.57,0,0.408
2026-08-05 23:30:00,CELL-MUM-02,Mumbai,32.57,216.77,0,0.737
2026-08-05 23:30:00,CELL-MUM-03,Mumbai,28.48,304.25,0,0.64
2026-08-05 23:45:00,CELL-BLR-01,Bengaluru,29.04,190.0,0,0.635
2026-08-05 23:45:00,CELL-BLR-02,Bengaluru,33.27,277.65,0,0.719
2026-08-05 23:45:00,CELL-BLR-03,Bengaluru,31.49,181.18,0,0.577
2026-08-05 23:45:00,CELL-DEL-01,Delhi NCR,30.72,286.28,0,0.035
2026-08-05 23:45:00,CELL-DEL-02,Delhi NCR,30.82,280.09,0,0.661
2026-08-05 23:45:00,CELL-DEL-03,Delhi NCR,30.77,288.57,0,0.701
2026-08-05 23:45:00,CELL-KOL-01,Kolkata,27.16,273.01,0,0.374
2026-08-05 23:45:00,CELL-KOL-02,Kolkata,33.65,252.49,0,0.656
2026-08-05 23:45:00,CELL-KOL-03,Kolkata,32.2,166.95,0,0.56
2026-08-05 23:45:00,CELL-MUM-01,Mumbai,31.26,191.72,0,0.338
2026-08-05 23:45:00,CELL-MUM-02,Mumbai,35.16,223.5,0,0.513
2026-08-05 23:45:00,CELL-MUM-03,Mumbai,29.44,306.16,0,0.646
2026-08-06 00:00:00,CELL-BLR-01,Bengaluru,28.1,178.59,0,0.375
2026-08-06 00:00:00,CELL-BLR-02,Bengaluru,32.88,284.08,0,0.462
2026-08-06 00:00:00,CELL-BLR-03,Bengaluru,31.68,188.35,0,0.338
2026-08-06 00:00:00,CELL-DEL-01,Delhi NCR,26.63,294.92,0,0.695
2026-08-06 00:00:00,CELL-DEL-02,Delhi NCR,29.58,273.84,0,0.653
2026-08-06 00:00:00,CELL-DEL-03,Delhi NCR,31.15,274.67,0,0.58
2026-08-06 00:00:00,CELL-KOL-01,Kolkata,28.19,263.33,0,0.462
2026-08-06 00:00:00,CELL-KOL-02,Kolkata,30.87,235.4,0,0.587
2026-08-06 00:00:00,CELL-KOL-03,Kolkata,29.65,194.72,0,0.597
2026-08-06 00:00:00,CELL-MUM-01,Mumbai,29.82,193.9,0,0.587
2026-08-06 00:00:00,CELL-MUM-02,Mumbai,31.69,233.28,0,0.749
2026-08-06 00:00:00,CELL-MUM-03,Mumbai,30.37,298.24,0,0.508
2026-08-06 00:15:00,CELL-BLR-01,Bengaluru,29.13,172.0,0,0.642
2026-08-06 00:15:00,CELL-BLR-02,Bengaluru,32.93,268.67,0,0.621
2026-08-06 00:15:00,CELL-BLR-03,Bengaluru,67.18,200.59,0,0.338
2026-08-06 00:15:00,CELL-DEL-01,Delhi NCR,23.99,309.51,0,0.408
2026-08-06 00:15:00,CELL-DEL-02,Delhi NCR,32.07,276.7,0,0.413
2026-08-06 00:15:00,CELL-DEL-03,Delhi NCR,28.35,276.93,0,0.515
2026-08-06 00:15:00,CELL-KOL-01,Kolkata,27.29,285.47,0,0.523
2026-08-06 00:15:00,CELL-KOL-02,Kolkata,33.57,251.38,0,0.714
2026-08-06 00:15:00,CELL-KOL-03,Kolkata,77.19,183.56,0,0.539
2026-08-06 00:15:00,CELL-MUM-01,Mumbai,29.26,187.07,0,0.842
2026-08-06 00:15:00,CELL-MUM-02,Mumbai,35.41,218.04,0,0.418
2026-08-06 00:15:00,CELL-MUM-03,Mumbai,53.97,307.95,0,0.755
2026-08-06 00:30:00,CELL-BLR-01,Bengaluru,27.49,198.16,0,0.449
2026-08-06 00:30:00,CELL-BLR-02,Bengaluru,30.29,279.07,0,0.342
2026-08-06 00:30:00,CELL-BLR-03,Bengaluru,32.4,196.17,0,0.559
2026-08-06 00:30:00,CELL-DEL-01,Delhi NCR,28.85,297.11,0,0.318
2026-08-06 00:30:00,CELL-DEL-02,Delhi NCR,28.95,-1.0,0,0.605
2026-08-06 00:30:00,CELL-DEL-03,Delhi NCR,32.08,288.31,0,0.517
2026-08-06 00:30:00,CELL-KOL-01,Kolkata,27.76,272.7,0,0.902
2026-08-06 00:30:00,CELL-KOL-02,Kolkata,31.6,243.52,0,0.613
2026-08-06 00:30:00,CELL-KOL-03,Kolkata,32.28,192.65,0,0.529
2026-08-06 00:30:00,CELL-MUM-01,Mumbai,27.95,198.93,0,0.593
2026-08-06 00:30:00,CELL-MUM-02,Mumbai,32.32,205.92,0,0.496
2026-08-06 00:30:00,CELL-MUM-03,Mumbai,66.52,310.11,0,0.451
2026-08-06 00:45:00,CELL-BLR-01,Bengaluru,26.35,182.63,0,0.635
2026-08-06 00:45:00,CELL-BLR-02,Bengaluru,30.36,296.48,0,0.436
2026-08-06 00:45:00,CELL-BLR-03,Bengaluru,32.62,205.93,0,0.367
2026-08-06 00:45:00,CELL-DEL-01,Delhi NCR,28.63,305.36,0,0.677
2026-08-06 00:45:00,CELL-DEL-02,Delhi NCR,27.27,268.76,0,0.353
2026-08-06 00:45:00,CELL-DEL-03,Delhi NCR,33.13,269.94,0,0.484
2026-08-06 00:45:00,CELL-KOL-01,Kolkata,27.11,278.42,0,0.475
2026-08-06 00:45:00,CELL-KOL-02,Kolkata,35.76,260.26,0,0.521
2026-08-06 00:45:00,CELL-KOL-03,Kolkata,32.53,192.97,0,0.903
2026-08-06 00:45:00,CELL-MUM-01,Mumbai,28.6,188.46,0,0.798
2026-08-06 00:45:00,CELL-MUM-02,Mumbai,30.83,204.35,0,0.849
2026-08-06 00:45:00,CELL-MUM-03,Mumbai,31.37,310.15,0,0.592
2026-08-06 01:00:00,CELL-BLR-01,Bengaluru,29.25,184.04,0,0.718
2026-08-06 01:00:00,CELL-BLR-02,Bengaluru,29.43,284.05,0,0.726
2026-08-06 01:00:00,CELL-BLR-03,Bengaluru,33.49,188.16,0,0.532
2026-08-06 01:00:00,CELL-DEL-01,Delhi NCR,28.36,317.86,0,0.787
2026-08-06 01:00:00,CELL-DEL-02,Delhi NCR,31.14,262.0,0,0.49
2026-08-06 01:00:00,CELL-DEL-03,Delhi NCR,29.53,287.39,0,0.487
2026-08-06 01:00:00,CELL-KOL-01,Kolkata,27.97,279.22,0,0.363
2026-08-06 01:00:00,CELL-KOL-02,Kolkata,33.48,252.05,0,0.5
2026-08-06 01:00:00,CELL-KOL-03,Kolkata,35.43,189.15,0,0.576
2026-08-06 01:00:00,CELL-MUM-01,Mumbai,30.13,171.76,0,0.288
2026-08-06 01:00:00,CELL-MUM-02,Mumbai,36.08,209.91,0,0.018
2026-08-06 01:00:00,CELL-MUM-03,Mumbai,32.43,294.83,0,0.672
2026-08-06 01:15:00,CELL-BLR-01,Bengaluru,32.42,188.35,0,0.646
2026-08-06 01:15:00,CELL-BLR-02,Bengaluru,26.86,275.25,0,0.856
2026-08-06 01:15:00,CELL-BLR-02,Bengaluru,26.86,275.25,0,0.856
2026-08-06 01:15:00,CELL-BLR-03,Bengaluru,32.97,187.18,0,0.736
2026-08-06 01:15:00,CELL-DEL-01,Delhi NCR,26.09,307.75,0,0.583
2026-08-06 01:15:00,CELL-DEL-02,Delhi NCR,28.32,273.36,0,0.618
2026-08-06 01:15:00,CELL-DEL-03,Delhi NCR,28.0,271.36,0,0.273
2026-08-06 01:15:00,CELL-KOL-01,Kolkata,29.91,268.19,0,0.628
2026-08-06 01:15:00,CELL-KOL-02,Kolkata,33.87,242.46,0,0.513
2026-08-06 01:15:00,CELL-KOL-03,Kolkata,31.63,188.51,0,0.624
2026-08-06 01:15:00,CELL-MUM-01,Mumbai,32.27,201.64,0,0.528
2026-08-06 01:15:00,CELL-MUM-02,Mumbai,33.71,213.99,0,0.455
2026-08-06 01:15:00,CELL-MUM-03,Mumbai,62.55,312.78,0,0.713
2026-08-06 01:30:00,CELL-BLR-01,Bengaluru,26.07,189.29,0,0.587
2026-08-06 01:30:00,CELL-BLR-02,Bengaluru,36.32,279.56,0,0.535
2026-08-06 01:30:00,CELL-BLR-03,Bengaluru,30.96,192.81,0,0.587
2026-08-06 01:30:00,CELL-DEL-01,Delhi NCR,25.54,313.07,0,0.76
2026-08-06 01:30:00,CELL-DEL-02,Delhi NCR,30.6,265.82,0,0.378
2026-08-06 01:30:00,CELL-DEL-03,Delhi NCR,31.03,288.88,0,0.661
2026-08-06 01:30:00,CELL-KOL-01,Kolkata,29.22,279.84,0,0.777
2026-08-06 01:30:00,CELL-KOL-02,Kolkata,34.34,252.83,0,0.788
2026-08-06 01:30:00,CELL-KOL-03,Kolkata,32.38,180.52,0,0.732
2026-08-06 01:30:00,CELL-MUM-01,Mumbai,31.36,185.92,0,1.018
2026-08-06 01:30:00,CELL-MUM-02,Mumbai,31.2,225.33,0,0.528
2026-08-06 01:30:00,CELL-MUM-03,Mumbai,29.95,306.6,0,0.767
2026-08-06 01:45:00,CELL-BLR-01,Bengaluru,29.78,189.14,0,0.473
2026-08-06 01:45:00,CELL-BLR-02,Bengaluru,32.82,285.17,0,0.324
2026-08-06 01:45:00,CELL-BLR-03,Bengaluru,30.0,189.63,0,0.5
2026-08-06 01:45:00,CELL-DEL-01,Delhi NCR,24.52,308.13,0,0.804
2026-08-06 01:45:00,CELL-DEL-02,Delhi NCR,31.2,254.31,0,0.196
2026-08-06 01:45:00,CELL-DEL-03,Delhi NCR,34.78,267.41,0,0.53
2026-08-06 01:45:00,CELL-KOL-01,Kolkata,30.75,265.14,0,0.546
2026-08-06 01:45:00,CELL-KOL-02,Kolkata,35.86,238.78,0,0.427
2026-08-06 01:45:00,CELL-KOL-03,Kolkata,32.16,178.07,0,0.765
2026-08-06 01:45:00,CELL-MUM-01,Mumbai,30.48,183.56,0,0.524
2026-08-06 01:45:00,CELL-MUM-02,Mumbai,32.13,216.52,0,0.555
2026-08-06 01:45:00,CELL-MUM-03,Mumbai,31.19,303.43,0,0.641
2026-08-06 02:00:00,CELL-BLR-01,Bengaluru,25.21,193.28,0,0.697
2026-08-06 02:00:00,CELL-BLR-02,Bengaluru,,0.0,15,0.0
2026-08-06 02:00:00,CELL-BLR-03,Bengaluru,28.41,179.89,0,0.505
2026-08-06 02:00:00,CELL-DEL-01,Delhi NCR,27.18,334.83,0,0.558
2026-08-06 02:00:00,CELL-DEL-02,Delhi NCR,29.08,273.28,0,0.496
2026-08-06 02:00:00,CELL-DEL-03,Delhi NCR,30.74,291.55,0,0.653
2026-08-06 02:00:00,CELL-KOL-01,Kolkata,29.38,278.86,0,0.591
2026-08-06 02:00:00,CELL-KOL-02,Kolkata,30.66,245.16,0,0.55
2026-08-06 02:00:00,CELL-KOL-03,Kolkata,35.58,204.55,0,0.296
2026-08-06 02:00:00,CELL-MUM-01,Mumbai,29.67,174.73,0,0.499
2026-08-06 02:00:00,CELL-MUM-02,Mumbai,31.71,215.45,0,0.904
2026-08-06 02:00:00,CELL-MUM-03,Mumbai,28.72,295.5,0,0.404
2026-08-06 02:15:00,CELL-BLR-01,Bengaluru,29.95,190.18,0,0.607
2026-08-06 02:15:00,CELL-BLR-02,Bengaluru,,0.0,15,0.0
2026-08-06 02:15:00,CELL-BLR-03,Bengaluru,32.97,191.31,0,0.487
2026-08-06 02:15:00,CELL-DEL-01,Delhi NCR,30.82,311.48,0,0.51
2026-08-06 02:15:00,CELL-DEL-02,Delhi NCR,31.95,259.65,0,0.786
2026-08-06 02:15:00,CELL-DEL-03,Delhi NCR,29.72,259.89,0,0.548
2026-08-06 02:15:00,CELL-KOL-01,Kolkata,29.77,288.67,0,0.512
2026-08-06 02:15:00,CELL-KOL-02,Kolkata,36.87,237.56,0,0.843
2026-08-06 02:15:00,CELL-KOL-03,Kolkata,31.37,193.35,0,0.605
2026-08-06 02:15:00,CELL-MUM-01,Mumbai,28.56,183.99,0,0.581
2026-08-06 02:15:00,CELL-MUM-02,Mumbai,31.89,220.7,0,0.27
2026-08-06 02:15:00,CELL-MUM-03,Mumbai,28.72,299.01,0,0.53
2026-08-06 02:30:00,CELL-BLR-01,Bengaluru,30.13,194.86,0,0.822
2026-08-06 02:30:00,CELL-BLR-02,Bengaluru,,0.0,15,0.0
2026-08-06 02:30:00,CELL-BLR-02,Bengaluru,,0.0,15,0.0
2026-08-06 02:30:00,CELL-BLR-03,Bengaluru,30.64,203.39,0,0.171
2026-08-06 02:30:00,CELL-DEL-01,Delhi NCR,28.75,313.84,0,0.276
2026-08-06 02:30:00,CELL-DEL-02,Delhi NCR,65.77,262.47,0,0.289
2026-08-06 02:30:00,CELL-DEL-03,Delhi NCR,27.83,271.64,0,0.54
2026-08-06 02:30:00,CELL-KOL-01,Kolkata,28.71,269.0,0,0.726
2026-08-06 02:30:00,CELL-KOL-02,Kolkata,31.04,246.75,0,0.378
2026-08-06 02:30:00,CELL-KOL-03,Kolkata,30.62,197.36,0,0.504
2026-08-06 02:30:00,CELL-MUM-01,Mumbai,30.76,161.23,0,0.383
2026-08-06 02:30:00,CELL-MUM-02,Mumbai,29.79,219.99,0,0.208
2026-08-06 02:30:00,CELL-MUM-03,Mumbai,29.79,296.44,0,0.521
2026-08-06 02:45:00,CELL-BLR-01,Bengaluru,29.71,192.6,0,0.896
2026-08-06 02:45:00,CELL-BLR-02,Bengaluru,,0.0,15,0.0
2026-08-06 02:45:00,CELL-BLR-03,Bengaluru,29.73,184.26,0,0.615
2026-08-06 02:45:00,CELL-DEL-01,Delhi NCR,32.77,318.69,0,0.586
2026-08-06 02:45:00,CELL-DEL-02,Delhi NCR,29.39,279.06,0,0.741
2026-08-06 02:45:00,CELL-DEL-03,Delhi NCR,27.13,251.17,0,0.803
2026-08-06 02:45:00,CELL-KOL-01,Kolkata,29.45,296.52,0,0.448
2026-08-06 02:45:00,CELL-KOL-02,Kolkata,32.6,232.57,0,0.824
2026-08-06 02:45:00,CELL-KOL-03,Kolkata,30.82,189.72,0,0.51
2026-08-06 02:45:00,CELL-MUM-01,Mumbai,33.83,193.62,0,0.217
2026-08-06 02:45:00,CELL-MUM-02,Mumbai,35.91,216.85,0,0.51
2026-08-06 02:45:00,CELL-MUM-03,Mumbai,26.67,307.05,0,0.523
2026-08-06 03:00:00,CELL-BLR-01,Bengaluru,27.35,181.42,0,0.354
2026-08-06 03:00:00,CELL-BLR-02,Bengaluru,,0.0,15,0.0
2026-08-06 03:00:00,CELL-BLR-03,Bengaluru,29.62,181.75,0,0.905
2026-08-06 03:00:00,CELL-DEL-01,Delhi NCR,28.08,324.02,0,0.244
2026-08-06 03:00:00,CELL-DEL-02,Delhi NCR,26.99,278.44,0,0.709
2026-08-06 03:00:00,CELL-DEL-03,Delhi NCR,34.47,284.7,0,0.326
2026-08-06 03:00:00,CELL-KOL-01,Kolkata,27.55,262.44,0,0.347
2026-08-06 03:00:00,CELL-KOL-02,Kolkata,33.05,241.86,0,0.445
2026-08-06 03:00:00,CELL-KOL-03,Kolkata,30.59,186.09,0,0.356
2026-08-06 03:00:00,CELL-MUM-01,Mumbai,33.3,192.01,0,0.65
2026-08-06 03:00:00,CELL-MUM-02,Mumbai,32.56,221.31,0,0.222
2026-08-06 03:00:00,CELL-MUM-03,Mumbai,26.66,310.32,0,0.72
2026-08-06 03:15:00,CELL-BLR-01,Bengaluru,31.3,200.73,0,0.616
2026-08-06 03:15:00,CELL-BLR-02,Bengaluru,,0.0,15,0.0
2026-08-06 03:15:00,CELL-BLR-03,Bengaluru,33.78,192.6,0,0.339
2026-08-06 03:15:00,CELL-DEL-01,Delhi NCR,28.73,310.86,0,0.9
2026-08-06 03:15:00,CELL-DEL-02,Delhi NCR,27.32,272.76,0,0.236
2026-08-06 03:15:00,CELL-DEL-03,Delhi NCR,31.19,269.51,0,0.505
2026-08-06 03:15:00,CELL-KOL-01,Kolkata,27.24,274.0,0,0.514
2026-08-06 03:15:00,CELL-KOL-02,Kolkata,35.53,258.48,0,0.321
2026-08-06 03:15:00,CELL-KOL-03,Kolkata,33.73,167.69,0,0.604
2026-08-06 03:15:00,CELL-MUM-01,Mumbai,28.82,194.55,0,0.332
2026-08-06 03:15:00,CELL-MUM-02,Mumbai,31.25,218.91,0,0.117
2026-08-06 03:15:00,CELL-MUM-03,Mumbai,70.16,318.23,0,0.411
2026-08-06 03:30:00,CELL-BLR-01,Bengaluru,30.79,188.42,0,0.479
2026-08-06 03:30:00,CELL-BLR-02,Bengaluru,29.03,288.99,0,0.421
2026-08-06 03:30:00,CELL-BLR-03,Bengaluru,29.91,194.84,0,0.929
2026-08-06 03:30:00,CELL-DEL-01,Delhi NCR,26.14,308.44,0,0.547
2026-08-06 03:30:00,CELL-DEL-02,Delhi NCR,29.11,261.05,0,0.526
2026-08-06 03:30:00,CELL-DEL-03,Delhi NCR,30.05,285.92,0,0.63
2026-08-06 03:30:00,CELL-KOL-01,Kolkata,29.87,273.8,0,0.414
2026-08-06 03:30:00,CELL-KOL-02,Kolkata,32.06,244.98,0,0.839
2026-08-06 03:30:00,CELL-KOL-03,Kolkata,35.33,188.02,0,0.725
2026-08-06 03:30:00,CELL-MUM-01,Mumbai,29.27,197.47,0,0.365
2026-08-06 03:30:00,CELL-MUM-02,Mumbai,34.96,211.3,0,0.704
2026-08-06 03:30:00,CELL-MUM-03,Mumbai,29.06,313.76,0,0.659
2026-08-06 03:45:00,CELL-BLR-01,Bengaluru,28.74,180.26,0,0.538
2026-08-06 03:45:00,CELL-BLR-02,Bengaluru,32.49,287.88,0,0.572
2026-08-06 03:45:00,CELL-BLR-03,Bengaluru,31.56,188.32,0,0.394
2026-08-06 03:45:00,CELL-DEL-01,Delhi NCR,29.05,310.38,0,0.574
2026-08-06 03:45:00,CELL-DEL-02,Delhi NCR,26.58,265.03,0,0.439
2026-08-06 03:45:00,CELL-DEL-03,Delhi NCR,33.36,280.4,0,0.421
2026-08-06 03:45:00,CELL-KOL-01,Kolkata,27.09,281.1,0,0.933
2026-08-06 03:45:00,CELL-KOL-02,Kolkata,35.39,259.09,0,0.748
2026-08-06 03:45:00,CELL-KOL-03,Kolkata,34.73,177.78,0,0.685
2026-08-06 03:45:00,CELL-MUM-01,Mumbai,28.86,189.58,0,0.48
2026-08-06 03:45:00,CELL-MUM-02,Mumbai,35.6,213.54,0,0.244
2026-08-06 03:45:00,CELL-MUM-03,Mumbai,27.89,287.52,0,0.374
2026-08-06 04:00:00,CELL-BLR-01,Bengaluru,26.76,186.93,0,0.346
2026-08-06 04:00:00,CELL-BLR-02,Bengaluru,30.87,290.2,0,0.62
2026-08-06 04:00:00,CELL-BLR-03,Bengaluru,29.81,190.72,0,0.831
2026-08-06 04:00:00,CELL-DEL-01,Delhi NCR,25.91,313.13,0,0.501
2026-08-06 04:00:00,CELL-DEL-02,Delhi NCR,29.54,257.38,0,0.68
2026-08-06 04:00:00,CELL-DEL-03,Delhi NCR,30.12,285.15,0,0.392
2026-08-06 04:00:00,CELL-KOL-01,Kolkata,27.31,278.58,0,0.16
2026-08-06 04:00:00,CELL-KOL-02,Kolkata,34.46,250.21,0,0.734
2026-08-06 04:00:00,CELL-KOL-03,Kolkata,32.34,181.12,0,0.405
2026-08-06 04:00:00,CELL-MUM-01,Mumbai,26.96,184.21,0,0.624
2026-08-06 04:00:00,CELL-MUM-02,Mumbai,33.33,228.23,0,0.58
2026-08-06 04:00:00,CELL-MUM-03,Mumbai,28.39,310.09,0,0.969
2026-08-06 04:15:00,CELL-BLR-01,Bengaluru,28.76,211.81,0,0.824
2026-08-06 04:15:00,CELL-BLR-02,Bengaluru,29.15,275.27,0,0.68
2026-08-06 04:15:00,CELL-BLR-03,Bengaluru,30.73,184.15,0,0.809
2026-08-06 04:15:00,CELL-DEL-01,Delhi NCR,29.26,317.5,0,0.365
2026-08-06 04:15:00,CELL-DEL-02,Delhi NCR,27.54,276.75,0,0.331
2026-08-06 04:15:00,CELL-DEL-03,Delhi NCR,31.1,278.0,0,0.701
2026-08-06 04:15:00,CELL-KOL-01,Kolkata,27.39,275.54,0,0.626
2026-08-06 04:15:00,CELL-KOL-02,Kolkata,35.05,255.75,0,0.693
2026-08-06 04:15:00,CELL-KOL-03,Kolkata,29.87,203.95,0,0.207
2026-08-06 04:15:00,CELL-MUM-01,Mumbai,31.62,181.89,0,0.376
2026-08-06 04:15:00,CELL-MUM-02,Mumbai,29.02,230.0,0,0.9
2026-08-06 04:15:00,CELL-MUM-03,Mumbai,28.47,303.4,0,0.647
2026-08-06 04:30:00,CELL-BLR-01,Bengaluru,29.25,207.71,0,0.477
2026-08-06 04:30:00,CELL-BLR-02,Bengaluru,36.34,283.16,0,0.506
2026-08-06 04:30:00,CELL-BLR-03,Bengaluru,31.6,193.57,0,0.434
2026-08-06 04:30:00,CELL-DEL-01,Delhi NCR,27.55,297.66,0,0.284
2026-08-06 04:30:00,CELL-DEL-02,Delhi NCR,29.26,265.25,0,0.758
2026-08-06 04:30:00,CELL-DEL-03,Delhi NCR,33.64,273.97,0,0.455
2026-08-06 04:30:00,CELL-KOL-01,Kolkata,27.33,286.72,0,0.015
2026-08-06 04:30:00,CELL-KOL-02,Kolkata,34.12,257.18,0,0.729
2026-08-06 04:30:00,CELL-KOL-03,Kolkata,32.85,197.74,0,0.586
2026-08-06 04:30:00,CELL-MUM-01,Mumbai,31.69,188.66,0,0.428
2026-08-06 04:30:00,CELL-MUM-02,Mumbai,33.18,214.75,0,0.533
2026-08-06 04:30:00,CELL-MUM-03,Mumbai,26.69,299.39,0,0.777
2026-08-06 04:45:00,CELL-BLR-01,Bengaluru,26.83,186.64,0,0.563
2026-08-06 04:45:00,CELL-BLR-02,Bengaluru,29.79,288.23,0,0.882
2026-08-06 04:45:00,CELL-BLR-03,Bengaluru,33.2,198.05,0,0.483
2026-08-06 04:45:00,CELL-DEL-01,Delhi NCR,25.58,311.54,0,0.627
2026-08-06 04:45:00,CELL-DEL-02,Delhi NCR,30.77,273.83,0,0.54
2026-08-06 04:45:00,CELL-DEL-03,Delhi NCR,31.13,285.71,0,0.575
2026-08-06 04:45:00,CELL-KOL-01,Kolkata,29.11,263.61,0,0.358
2026-08-06 04:45:00,CELL-KOL-02,Kolkata,33.86,258.02,0,0.505
2026-08-06 04:45:00,CELL-KOL-03,Kolkata,32.05,194.2,0,0.325
2026-08-06 04:45:00,CELL-MUM-01,Mumbai,31.17,175.93,0,0.442
2026-08-06 04:45:00,CELL-MUM-02,Mumbai,33.46,195.74,0,0.417
2026-08-06 04:45:00,CELL-MUM-03,Mumbai,26.66,301.28,0,0.543
2026-08-06 05:00:00,CELL-BLR-01,Bengaluru,30.58,200.75,0,0.453
2026-08-06 05:00:00,CELL-BLR-02,Bengaluru,28.18,274.89,0,0.401
2026-08-06 05:00:00,CELL-BLR-03,Bengaluru,62.04,185.25,0,0.702
2026-08-06 05:00:00,CELL-DEL-01,Delhi NCR,27.36,311.25,0,0.519
2026-08-06 05:00:00,CELL-DEL-02,Delhi NCR,30.41,245.19,0,0.956
2026-08-06 05:00:00,CELL-DEL-03,Delhi NCR,30.73,292.13,0,0.348
2026-08-06 05:00:00,CELL-KOL-01,Kolkata,31.62,286.5,0,0.577
2026-08-06 05:00:00,CELL-KOL-02,Kolkata,34.99,246.02,0,0.599
2026-08-06 05:00:00,CELL-KOL-03,Kolkata,32.42,201.82,0,0.598
2026-08-06 05:00:00,CELL-MUM-01,Mumbai,25.31,182.88,0,0.693
2026-08-06 05:00:00,CELL-MUM-02,Mumbai,32.73,218.61,0,0.456
2026-08-06 05:00:00,CELL-MUM-03,Mumbai,29.53,306.88,0,0.79
2026-08-06 05:15:00,CELL-BLR-01,Bengaluru,30.39,195.56,0,0.717
2026-08-06 05:15:00,CELL-BLR-02,Bengaluru,30.86,283.96,0,0.3
2026-08-06 05:15:00,CELL-BLR-03,Bengaluru,30.27,179.44,0,0.739
2026-08-06 05:15:00,CELL-DEL-01,Delhi NCR,24.91,303.49,0,0.627
2026-08-06 05:15:00,CELL-DEL-02,Delhi NCR,28.88,274.05,0,0.395
2026-08-06 05:15:00,CELL-DEL-03,Delhi NCR,30.07,265.19,0,0.436
2026-08-06 05:15:00,CELL-KOL-01,Kolkata,25.24,283.41,0,0.675
2026-08-06 05:15:00,CELL-KOL-02,Kolkata,35.2,245.39,0,0.422
2026-08-06 05:15:00,CELL-KOL-03,Kolkata,31.77,197.75,0,0.486
2026-08-06 05:15:00,CELL-MUM-01,Mumbai,32.05,165.53,0,0.683
2026-08-06 05:15:00,CELL-MUM-02,Mumbai,32.37,208.86,0,0.467
2026-08-06 05:15:00,CELL-MUM-03,Mumbai,31.77,299.39,0,0.649
2026-08-06 05:30:00,CELL-BLR-01,Bengaluru,28.67,197.41,0,0.257
2026-08-06 05:30:00,CELL-BLR-02,Bengaluru,29.84,273.85,0,0.338
2026-08-06 05:30:00,CELL-BLR-03,Bengaluru,26.7,186.07,0,0.326
2026-08-06 05:30:00,CELL-DEL-01,Delhi NCR,28.01,312.14,0,0.717
2026-08-06 05:30:00,CELL-DEL-02,Delhi NCR,32.34,269.79,0,0.328
2026-08-06 05:30:00,CELL-DEL-03,Delhi NCR,29.32,276.17,0,0.411
2026-08-06 05:30:00,CELL-KOL-01,Kolkata,28.65,260.37,0,0.21
2026-08-06 05:30:00,CELL-KOL-02,Kolkata,32.21,254.22,0,0.503
2026-08-06 05:30:00,CELL-KOL-03,Kolkata,34.05,196.95,0,0.531
2026-08-06 05:30:00,CELL-MUM-01,Mumbai,31.84,200.53,0,0.675
2026-08-06 05:30:00,CELL-MUM-02,Mumbai,31.12,224.18,0,0.747
2026-08-06 05:30:00,CELL-MUM-03,Mumbai,28.32,302.97,0,0.482
2026-08-06 05:45:00,CELL-BLR-01,Bengaluru,26.92,194.55,0,0.849
2026-08-06 05:45:00,CELL-BLR-02,Bengaluru,34.06,296.64,0,0.522
2026-08-06 05:45:00,CELL-BLR-03,Bengaluru,28.68,184.82,0,0.292
2026-08-06 05:45:00,CELL-DEL-01,Delhi NCR,29.26,287.68,0,0.541
2026-08-06 05:45:00,CELL-DEL-02,Delhi NCR,28.67,272.22,0,0.713
2026-08-06 05:45:00,CELL-DEL-03,Delhi NCR,29.89,280.53,0,0.612
2026-08-06 05:45:00,CELL-KOL-01,Kolkata,26.31,273.66,0,0.565
2026-08-06 05:45:00,CELL-KOL-02,Kolkata,35.01,247.77,0,0.804
2026-08-06 05:45:00,CELL-KOL-03,Kolkata,31.97,186.78,0,0.367
2026-08-06 05:45:00,CELL-MUM-01,Mumbai,32.07,177.68,0,0.666
2026-08-06 05:45:00,CELL-MUM-02,Mumbai,32.01,228.67,0,0.688
2026-08-06 05:45:00,CELL-MUM-03,Mumbai,30.79,309.73,0,0.52
2026-08-06 06:00:00,CELL-BLR-01,Bengaluru,29.04,181.26,0,0.34
2026-08-06 06:00:00,CELL-BLR-02,Bengaluru,30.98,279.03,0,0.596
2026-08-06 06:00:00,CELL-BLR-03,Bengaluru,30.42,196.68,0,0.345
2026-08-06 06:00:00,CELL-DEL-01,Delhi NCR,27.09,300.11,0,0.58
2026-08-06 06:00:00,CELL-DEL-02,Delhi NCR,30.22,280.62,0,0.655
2026-08-06 06:00:00,CELL-DEL-03,Delhi NCR,33.19,269.32,0,0.579
2026-08-06 06:00:00,CELL-KOL-01,Kolkata,26.58,276.45,0,0.303
2026-08-06 06:00:00,CELL-KOL-02,Kolkata,35.59,253.78,0,0.433
2026-08-06 06:00:00,CELL-KOL-03,Kolkata,33.27,201.47,0,0.559
2026-08-06 06:00:00,CELL-MUM-01,Mumbai,27.25,187.9,0,0.393
2026-08-06 06:00:00,CELL-MUM-02,Mumbai,29.54,230.84,0,0.413
2026-08-06 06:00:00,CELL-MUM-03,Mumbai,32.46,304.34,0,0.529
2026-08-06 06:15:00,CELL-BLR-01,Bengaluru,28.03,179.6,0,0.512
2026-08-06 06:15:00,CELL-BLR-02,Bengaluru,29.02,270.42,0,0.556
2026-08-06 06:15:00,CELL-BLR-03,Bengaluru,30.73,187.44,0,0.541
2026-08-06 06:15:00,CELL-DEL-01,Delhi NCR,28.32,321.14,0,0.432
2026-08-06 06:15:00,CELL-DEL-02,Delhi NCR,30.04,287.77,0,0.334
2026-08-06 06:15:00,CELL-DEL-03,Delhi NCR,29.23,284.34,0,0.312
2026-08-06 06:15:00,CELL-KOL-01,Kolkata,29.67,275.21,0,0.625
2026-08-06 06:15:00,CELL-KOL-02,Kolkata,33.28,270.9,0,0.784
2026-08-06 06:15:00,CELL-KOL-03,Kolkata,36.69,206.08,0,0.499
2026-08-06 06:15:00,CELL-MUM-01,Mumbai,32.43,193.48,0,0.618
2026-08-06 06:15:00,CELL-MUM-02,Mumbai,32.76,213.04,0,0.791
2026-08-06 06:15:00,CELL-MUM-03,Mumbai,29.21,307.26,0,0.478
2026-08-06 06:30:00,CELL-BLR-01,Bengaluru,28.87,178.42,0,0.543
2026-08-06 06:30:00,CELL-BLR-02,Bengaluru,29.36,272.48,0,0.509
2026-08-06 06:30:00,CELL-BLR-03,Bengaluru,30.61,198.64,0,0.614
2026-08-06 06:30:00,CELL-DEL-01,Delhi NCR,31.16,321.8,0,0.439
2026-08-06 06:30:00,CELL-DEL-02,Delhi NCR,30.46,267.75,0,0.75
2026-08-06 06:30:00,CELL-DEL-03,Delhi NCR,32.74,258.59,0,0.489
2026-08-06 06:30:00,CELL-KOL-01,Kolkata,28.66,273.62,0,0.518
2026-08-06 06:30:00,CELL-KOL-02,Kolkata,31.17,237.15,0,0.543
2026-08-06 06:30:00,CELL-KOL-03,Kolkata,36.18,173.02,0,0.7
2026-08-06 06:30:00,CELL-MUM-01,Mumbai,29.24,184.96,0,0.464
2026-08-06 06:30:00,CELL-MUM-02,Mumbai,31.57,226.31,0,0.448
2026-08-06 06:30:00,CELL-MUM-03,Mumbai,30.14,314.05,0,0.531
2026-08-06 06:45:00,CELL-BLR-01,Bengaluru,29.34,175.67,0,0.381
2026-08-06 06:45:00,CELL-BLR-02,Bengaluru,28.04,272.25,0,0.483
2026-08-06 06:45:00,CELL-BLR-03,Bengaluru,32.63,195.39,0,0.175
2026-08-06 06:45:00,CELL-DEL-01,Delhi NCR,30.64,296.05,0,0.371
2026-08-06 06:45:00,CELL-DEL-02,Delhi NCR,31.84,253.39,0,0.405
2026-08-06 06:45:00,CELL-DEL-03,Delhi NCR,33.65,281.08,0,1.169
2026-08-06 06:45:00,CELL-KOL-01,Kolkata,28.49,268.25,0,0.51
2026-08-06 06:45:00,CELL-KOL-02,Kolkata,33.6,256.06,0,0.734
2026-08-06 06:45:00,CELL-KOL-03,Kolkata,29.87,176.82,0,0.505
2026-08-06 06:45:00,CELL-MUM-01,Mumbai,30.61,190.52,0,0.713
2026-08-06 06:45:00,CELL-MUM-02,Mumbai,29.55,234.25,0,0.65
2026-08-06 06:45:00,CELL-MUM-03,Mumbai,25.58,299.75,0,0.418
2026-08-06 07:00:00,CELL-BLR-01,Bengaluru,,197.12,0,0.351
2026-08-06 07:00:00,CELL-BLR-02,Bengaluru,31.62,286.43,0,0.59
2026-08-06 07:00:00,CELL-BLR-03,Bengaluru,28.8,194.18,0,0.69
2026-08-06 07:00:00,CELL-DEL-01,Delhi NCR,31.42,311.18,0,0.435
2026-08-06 07:00:00,CELL-DEL-02,Delhi NCR,28.74,265.79,0,0.622
2026-08-06 07:00:00,CELL-DEL-03,Delhi NCR,32.16,275.5,0,0.749
2026-08-06 07:00:00,CELL-KOL-01,Kolkata,28.08,280.24,0,0.607
2026-08-06 07:00:00,CELL-KOL-02,Kolkata,31.57,234.54,0,0.456
2026-08-06 07:00:00,CELL-KOL-03,Kolkata,33.4,188.17,0,0.148
2026-08-06 07:00:00,CELL-MUM-01,Mumbai,31.91,169.86,0,0.523
2026-08-06 07:00:00,CELL-MUM-02,Mumbai,32.11,212.71,0,0.739
2026-08-06 07:00:00,CELL-MUM-03,Mumbai,27.84,308.75,0,0.694
2026-08-06 07:15:00,CELL-BLR-01,Bengaluru,29.42,198.86,0,0.493
2026-08-06 07:15:00,CELL-BLR-02,Bengaluru,31.66,274.27,0,0.639
2026-08-06 07:15:00,CELL-BLR-03,Bengaluru,30.82,176.67,0,0.747
2026-08-06 07:15:00,CELL-DEL-01,Delhi NCR,27.55,299.86,0,0.789
2026-08-06 07:15:00,CELL-DEL-02,Delhi NCR,62.77,272.92,0,0.437
2026-08-06 07:15:00,CELL-DEL-03,Delhi NCR,36.09,286.58,0,0.786
2026-08-06 07:15:00,CELL-KOL-01,Kolkata,26.76,280.49,0,0.193
2026-08-06 07:15:00,CELL-KOL-02,Kolkata,36.15,231.29,0,0.421
2026-08-06 07:15:00,CELL-KOL-03,Kolkata,32.59,196.59,0,0.508
2026-08-06 07:15:00,CELL-MUM-01,Mumbai,30.26,180.89,0,0.379
2026-08-06 07:15:00,CELL-MUM-02,Mumbai,32.51,218.11,0,0.694
2026-08-06 07:15:00,CELL-MUM-03,Mumbai,27.13,307.08,0,0.81
2026-08-06 07:30:00,CELL-BLR-01,Bengaluru,30.35,174.44,0,1.018
2026-08-06 07:30:00,CELL-BLR-02,Bengaluru,30.77,283.18,0,0.686
2026-08-06 07:30:00,CELL-BLR-03,Bengaluru,31.41,193.27,0,0.347
2026-08-06 07:30:00,CELL-DEL-01,Delhi NCR,31.43,313.65,0,0.571
2026-08-06 07:30:00,CELL-DEL-02,Delhi NCR,33.5,255.7,0,0.421
2026-08-06 07:30:00,CELL-DEL-03,Delhi NCR,31.86,272.19,0,0.435
2026-08-06 07:30:00,CELL-KOL-01,Kolkata,29.86,255.11,0,0.485
2026-08-06 07:30:00,CELL-KOL-02,Kolkata,32.0,236.37,0,0.313
2026-08-06 07:30:00,CELL-KOL-03,Kolkata,32.34,171.11,0,0.949
2026-08-06 07:30:00,CELL-MUM-01,Mumbai,32.23,179.47,0,0.36
2026-08-06 07:30:00,CELL-MUM-02,Mumbai,32.87,213.3,0,0.559
2026-08-06 07:30:00,CELL-MUM-03,Mumbai,31.63,293.95,0,0.394
2026-08-06 07:45:00,CELL-BLR-01,Bengaluru,28.67,193.65,0,0.775
2026-08-06 07:45:00,CELL-BLR-02,Bengaluru,33.16,268.54,0,0.886
2026-08-06 07:45:00,CELL-BLR-03,Bengaluru,30.73,189.93,0,0.422
2026-08-06 07:45:00,CELL-DEL-01,Delhi NCR,32.01,299.88,0,0.536
2026-08-06 07:45:00,CELL-DEL-02,Delhi NCR,31.89,269.44,0,0.589
2026-08-06 07:45:00,CELL-DEL-03,Delhi NCR,30.9,258.05,0,0.68
2026-08-06 07:45:00,CELL-KOL-01,Kolkata,30.4,275.21,0,0.468
2026-08-06 07:45:00,CELL-KOL-02,Kolkata,36.33,251.8,0,0.83
2026-08-06 07:45:00,CELL-KOL-03,Kolkata,36.32,177.95,0,0.434
2026-08-06 07:45:00,CELL-MUM-01,Mumbai,32.09,189.8,0,0.533
2026-08-06 07:45:00,CELL-MUM-02,Mumbai,31.73,212.71,0,0.722
2026-08-06 07:45:00,CELL-MUM-03,Mumbai,29.17,301.56,0,0.699
2026-08-06 08:00:00,CELL-BLR-01,Bengaluru,28.09,181.88,0,0.54
2026-08-06 08:00:00,CELL-BLR-02,Bengaluru,32.02,261.76,0,0.586
2026-08-06 08:00:00,CELL-BLR-03,Bengaluru,32.46,170.66,0,0.669
2026-08-06 08:00:00,CELL-DEL-01,Delhi NCR,29.03,312.31,0,0.783
2026-08-06 08:00:00,CELL-DEL-02,Delhi NCR,30.56,278.47,0,0.678
2026-08-06 08:00:00,CELL-DEL-03,Delhi NCR,33.71,267.28,0,0.626
2026-08-06 08:00:00,CELL-KOL-01,Kolkata,38.0,264.6,0,0.714
2026-08-06 08:00:00,CELL-KOL-02,Kolkata,37.61,252.86,0,0.461
2026-08-06 08:00:00,CELL-KOL-03,Kolkata,35.02,164.19,0,0.432
2026-08-06 08:00:00,CELL-MUM-01,Mumbai,31.88,188.12,0,0.394
2026-08-06 08:00:00,CELL-MUM-02,Mumbai,31.4,206.95,0,0.759
2026-08-06 08:00:00,CELL-MUM-03,Mumbai,30.3,297.3,0,0.593
2026-08-06 08:15:00,CELL-BLR-01,Bengaluru,31.45,178.0,0,0.345
2026-08-06 08:15:00,CELL-BLR-02,Bengaluru,35.99,273.57,0,0.504
2026-08-06 08:15:00,CELL-BLR-03,Bengaluru,35.04,178.44,0,0.514
2026-08-06 08:15:00,CELL-DEL-01,Delhi NCR,29.92,290.07,0,0.54
2026-08-06 08:15:00,CELL-DEL-02,Delhi NCR,,255.58,0,0.726
2026-08-06 08:15:00,CELL-DEL-03,Delhi NCR,34.41,262.48,0,0.729
2026-08-06 08:15:00,CELL-KOL-01,Kolkata,38.0,255.62,0,0.539
2026-08-06 08:15:00,CELL-KOL-02,Kolkata,36.31,232.48,0,0.379
2026-08-06 08:15:00,CELL-KOL-03,Kolkata,31.67,188.54,0,0.847
2026-08-06 08:15:00,CELL-MUM-01,Mumbai,32.68,188.94,0,0.495
2026-08-06 08:15:00,CELL-MUM-02,Mumbai,37.3,194.13,0,0.821
2026-08-06 08:15:00,CELL-MUM-03,Mumbai,29.07,306.81,0,0.554
2026-08-06 08:30:00,CELL-BLR-01,Bengaluru,30.64,182.75,0,0.771
2026-08-06 08:30:00,CELL-BLR-02,Bengaluru,34.48,256.24,0,0.405
2026-08-06 08:30:00,CELL-BLR-03,Bengaluru,32.75,188.9,0,0.505
2026-08-06 08:30:00,CELL-DEL-01,Delhi NCR,29.92,280.69,0,0.452
2026-08-06 08:30:00,CELL-DEL-02,Delhi NCR,33.66,268.44,0,0.625
2026-08-06 08:30:00,CELL-DEL-03,Delhi NCR,35.31,248.03,0,0.997
2026-08-06 08:30:00,CELL-KOL-01,Kolkata,38.0,264.1,0,0.576
2026-08-06 08:30:00,CELL-KOL-02,Kolkata,37.01,236.8,0,0.611
2026-08-06 08:30:00,CELL-KOL-03,Kolkata,41.4,173.2,0,0.822
2026-08-06 08:30:00,CELL-MUM-01,Mumbai,33.08,166.89,0,0.594
2026-08-06 08:30:00,CELL-MUM-02,Mumbai,34.19,199.59,0,0.608
2026-08-06 08:30:00,CELL-MUM-03,Mumbai,28.31,288.24,0,0.68
2026-08-06 08:45:00,CELL-BLR-01,Bengaluru,33.86,160.56,0,0.779
2026-08-06 08:45:00,CELL-BLR-02,Bengaluru,37.64,255.79,0,0.621
2026-08-06 08:45:00,CELL-BLR-03,Bengaluru,32.85,176.27,0,0.505
2026-08-06 08:45:00,CELL-DEL-01,Delhi NCR,32.12,287.81,0,0.304
2026-08-06 08:45:00,CELL-DEL-02,Delhi NCR,34.05,251.15,0,0.582
2026-08-06 08:45:00,CELL-DEL-03,Delhi NCR,35.58,236.72,0,0.584
2026-08-06 08:45:00,CELL-KOL-01,Kolkata,38.0,243.04,0,0.954
2026-08-06 08:45:00,CELL-KOL-02,Kolkata,39.57,222.55,0,0.638
2026-08-06 08:45:00,CELL-KOL-03,Kolkata,38.51,154.04,0,0.528
2026-08-06 08:45:00,CELL-MUM-01,Mumbai,,167.64,0,0.731
2026-08-06 08:45:00,CELL-MUM-02,Mumbai,36.26,210.25,0,0.647
2026-08-06 08:45:00,CELL-MUM-03,Mumbai,35.1,279.08,0,0.753
2026-08-06 09:00:00,CELL-BLR-01,Bengaluru,,158.14,0,1.115
2026-08-06 09:00:00,CELL-BLR-02,Bengaluru,37.69,245.44,0,0.779
2026-08-06 09:00:00,CELL-BLR-03,Bengaluru,,163.55,0,0.189
2026-08-06 09:00:00,CELL-DEL-01,Delhi NCR,33.45,272.73,0,0.67
2026-08-06 09:00:00,CELL-DEL-02,Delhi NCR,35.11,225.44,0,0.601
2026-08-06 09:00:00,CELL-DEL-03,Delhi NCR,34.56,255.91,0,0.628
2026-08-06 09:00:00,CELL-KOL-01,Kolkata,38.0,240.58,0,0.658
2026-08-06 09:00:00,CELL-KOL-02,Kolkata,39.21,212.16,0,0.544
2026-08-06 09:00:00,CELL-KOL-03,Kolkata,37.27,166.64,0,0.835
2026-08-06 09:00:00,CELL-MUM-01,Mumbai,35.61,168.5,0,0.685
2026-08-06 09:00:00,CELL-MUM-02,Mumbai,40.22,190.83,0,0.914
2026-08-06 09:00:00,CELL-MUM-03,Mumbai,33.56,249.92,0,0.527
2026-08-06 09:15:00,CELL-BLR-01,Bengaluru,33.62,147.56,0,0.814
2026-08-06 09:15:00,CELL-BLR-02,Bengaluru,36.26,234.26,0,0.841
2026-08-06 09:15:00,CELL-BLR-03,Bengaluru,39.73,156.58,0,0.512
2026-08-06 09:15:00,CELL-DEL-01,Delhi NCR,,260.05,0,0.713
2026-08-06 09:15:00,CELL-DEL-02,Delhi NCR,36.12,234.1,0,0.737
2026-08-06 09:15:00,CELL-DEL-03,Delhi NCR,38.44,246.42,0,0.595
2026-08-06 09:15:00,CELL-KOL-01,Kolkata,38.0,238.25,0,0.426
2026-08-06 09:15:00,CELL-KOL-02,Kolkata,35.78,206.56,0,0.756
2026-08-06 09:15:00,CELL-KOL-03,Kolkata,,160.52,0,0.83
2026-08-06 09:15:00,CELL-MUM-01,Mumbai,35.11,154.88,0,0.381
2026-08-06 09:15:00,CELL-MUM-02,Mumbai,38.05,184.79,0,0.463
2026-08-06 09:15:00,CELL-MUM-03,Mumbai,36.09,261.25,0,1.098
2026-08-06 09:30:00,CELL-BLR-01,Bengaluru,33.76,161.45,0,0.865
2026-08-06 09:30:00,CELL-BLR-02,Bengaluru,36.57,230.09,0,0.715
2026-08-06 09:30:00,CELL-BLR-03,Bengaluru,37.29,145.18,0,0.83
2026-08-06 09:30:00,CELL-DEL-01,Delhi NCR,35.58,255.25,0,0.469
2026-08-06 09:30:00,CELL-DEL-02,Delhi NCR,37.95,205.81,0,0.273
2026-08-06 09:30:00,CELL-DEL-03,Delhi NCR,38.3,223.08,0,0.452
2026-08-06 09:30:00,CELL-KOL-01,Kolkata,38.0,231.09,0,0.64
2026-08-06 09:30:00,CELL-KOL-02,Kolkata,102.96,197.12,0,0.844
2026-08-06 09:30:00,CELL-KOL-03,Kolkata,37.2,148.71,0,0.441
2026-08-06 09:30:00,CELL-MUM-01,Mumbai,36.04,155.27,0,0.594
2026-08-06 09:30:00,CELL-MUM-02,Mumbai,37.59,179.19,0,0.507
2026-08-06 09:30:00,CELL-MUM-03,Mumbai,36.89,247.73,0,0.49
2026-08-06 09:45:00,CELL-BLR-01,Bengaluru,90.06,161.3,0,1.033
2026-08-06 09:45:00,CELL-BLR-01,Bengaluru,90.06,161.3,0,1.033
2026-08-06 09:45:00,CELL-BLR-02,Bengaluru,36.64,224.41,0,0.167
2026-08-06 09:45:00,CELL-BLR-03,Bengaluru,42.3,159.0,0,0.97
2026-08-06 09:45:00,CELL-DEL-01,Delhi NCR,34.79,244.53,0,0.753
2026-08-06 09:45:00,CELL-DEL-02,Delhi NCR,37.35,202.55,0,0.774
2026-08-06 09:45:00,CELL-DEL-03,Delhi NCR,38.36,208.35,0,0.829
2026-08-06 09:45:00,CELL-KOL-01,Kolkata,38.0,239.58,0,0.646
2026-08-06 09:45:00,CELL-KOL-02,Kolkata,39.74,188.91,0,0.558
2026-08-06 09:45:00,CELL-KOL-03,Kolkata,39.82,156.63,0,0.455
2026-08-06 09:45:00,CELL-MUM-01,Mumbai,35.94,143.97,0,0.847
2026-08-06 09:45:00,CELL-MUM-02,Mumbai,40.49,179.64,0,0.302
2026-08-06 09:45:00,CELL-MUM-03,Mumbai,36.05,244.99,0,0.228
2026-08-06 10:00:00,CELL-BLR-01,Bengaluru,39.6,143.3,0,0.442
2026-08-06 10:00:00,CELL-BLR-02,Bengaluru,40.51,233.95,0,0.886
2026-08-06 10:00:00,CELL-BLR-03,Bengaluru,38.97,144.57,0,0.29
2026-08-06 10:00:00,CELL-DEL-01,Delhi NCR,37.37,261.33,0,0.622
2026-08-06 10:00:00,CELL-DEL-02,Delhi NCR,36.68,237.96,0,0.723
2026-08-06 10:00:00,CELL-DEL-03,Delhi NCR,36.94,226.56,0,0.789
2026-08-06 10:00:00,CELL-KOL-01,Kolkata,38.0,217.85,0,0.995
2026-08-06 10:00:00,CELL-KOL-02,Kolkata,43.08,190.6,0,0.841
2026-08-06 10:00:00,CELL-KOL-03,Kolkata,37.99,145.97,0,0.892
2026-08-06 10:00:00,CELL-MUM-01,Mumbai,39.6,148.5,0,0.969
2026-08-06 10:00:00,CELL-MUM-02,Mumbai,39.67,178.49,0,0.674
2026-08-06 10:00:00,CELL-MUM-03,Mumbai,38.17,247.6,0,0.874
2026-08-06 10:15:00,CELL-BLR-01,Bengaluru,36.82,157.09,0,0.725
2026-08-06 10:15:00,CELL-BLR-02,Bengaluru,39.38,235.63,0,1.044
2026-08-06 10:15:00,CELL-BLR-03,Bengaluru,36.38,141.92,0,0.666
2026-08-06 10:15:00,CELL-DEL-01,Delhi NCR,34.99,254.28,0,0.735
2026-08-06 10:15:00,CELL-DEL-02,Delhi NCR,36.06,201.95,0,0.261
2026-08-06 10:15:00,CELL-DEL-03,Delhi NCR,41.22,225.4,0,0.759
2026-08-06 10:15:00,CELL-KOL-01,Kolkata,38.0,223.37,0,0.943
2026-08-06 10:15:00,CELL-KOL-02,Kolkata,40.63,200.43,0,0.0
2026-08-06 10:15:00,CELL-KOL-03,Kolkata,42.77,-1.0,0,1.075
2026-08-06 10:15:00,CELL-MUM-01,Mumbai,39.03,149.02,0,0.217
2026-08-06 10:15:00,CELL-MUM-02,Mumbai,41.99,182.59,0,0.565
2026-08-06 10:15:00,CELL-MUM-03,Mumbai,34.67,238.32,0,0.19
2026-08-06 10:30:00,CELL-BLR-01,Bengaluru,34.11,161.39,0,0.324
2026-08-06 10:30:00,CELL-BLR-02,Bengaluru,35.7,211.05,0,0.688
2026-08-06 10:30:00,CELL-BLR-03,Bengaluru,38.03,162.88,0,0.592
2026-08-06 10:30:00,CELL-DEL-01,Delhi NCR,32.91,253.42,0,0.649
2026-08-06 10:30:00,CELL-DEL-02,Delhi NCR,37.95,223.23,0,0.713
2026-08-06 10:30:00,CELL-DEL-03,Delhi NCR,42.74,223.14,0,0.421
2026-08-06 10:30:00,CELL-KOL-01,Kolkata,38.0,230.89,0,0.572
2026-08-06 10:30:00,CELL-KOL-02,Kolkata,41.53,198.82,0,0.727
2026-08-06 10:30:00,CELL-KOL-03,Kolkata,41.91,151.16,0,0.999
2026-08-06 10:30:00,CELL-MUM-01,Mumbai,37.02,162.6,0,0.937
2026-08-06 10:30:00,CELL-MUM-02,Mumbai,39.47,166.84,0,0.888
2026-08-06 10:30:00,CELL-MUM-03,Mumbai,36.56,242.13,0,0.672
2026-08-06 10:45:00,CELL-BLR-01,Bengaluru,32.5,161.29,0,0.478
2026-08-06 10:45:00,CELL-BLR-02,Bengaluru,37.44,250.03,0,0.599
2026-08-06 10:45:00,CELL-BLR-03,Bengaluru,34.17,147.59,0,0.695
2026-08-06 10:45:00,CELL-DEL-01,Delhi NCR,34.28,242.38,0,0.644
2026-08-06 10:45:00,CELL-DEL-02,Delhi NCR,36.18,243.88,0,0.692
2026-08-06 10:45:00,CELL-DEL-03,Delhi NCR,39.58,232.12,0,0.535
2026-08-06 10:45:00,CELL-KOL-01,Kolkata,38.0,226.47,0,0.694
2026-08-06 10:45:00,CELL-KOL-02,Kolkata,39.79,208.08,0,0.311
2026-08-06 10:45:00,CELL-KOL-03,Kolkata,37.97,160.86,0,0.912
2026-08-06 10:45:00,CELL-MUM-01,Mumbai,35.51,146.51,0,0.789
2026-08-06 10:45:00,CELL-MUM-02,Mumbai,36.73,178.98,0,0.695
2026-08-06 10:45:00,CELL-MUM-03,Mumbai,36.22,259.5,0,0.51
2026-08-06 11:00:00,CELL-BLR-01,Bengaluru,29.98,148.69,0,0.679
2026-08-06 11:00:00,CELL-BLR-02,Bengaluru,34.44,233.06,0,0.567
2026-08-06 11:00:00,CELL-BLR-03,Bengaluru,37.0,178.52,0,0.665
2026-08-06 11:00:00,CELL-DEL-01,Delhi NCR,32.2,263.22,0,0.607
2026-08-06 11:00:00,CELL-DEL-02,Delhi NCR,83.86,217.39,0,0.633
2026-08-06 11:00:00,CELL-DEL-03,Delhi NCR,39.75,244.96,0,0.818
2026-08-06 11:00:00,CELL-KOL-01,Kolkata,38.0,243.59,0,0.429
2026-08-06 11:00:00,CELL-KOL-02,Kolkata,37.99,206.04,0,1.041
2026-08-06 11:00:00,CELL-KOL-03,Kolkata,32.22,164.2,0,0.587
2026-08-06 11:00:00,CELL-MUM-01,Mumbai,34.51,152.05,0,0.683
2026-08-06 11:00:00,CELL-MUM-02,Mumbai,,189.86,0,0.933
2026-08-06 11:00:00,CELL-MUM-03,Mumbai,33.76,254.71,0,0.821
2026-08-06 11:15:00,CELL-BLR-01,Bengaluru,31.66,160.36,0,0.649
2026-08-06 11:15:00,CELL-BLR-02,Bengaluru,32.46,267.6,0,0.497
2026-08-06 11:15:00,CELL-BLR-03,Bengaluru,34.18,177.01,0,0.21
2026-08-06 11:15:00,CELL-DEL-01,Delhi NCR,,270.37,0,0.706
2026-08-06 11:15:00,CELL-DEL-02,Delhi NCR,35.76,246.4,0,0.32
2026-08-06 11:15:00,CELL-DEL-03,Delhi NCR,31.57,261.35,0,0.772
2026-08-06 11:15:00,CELL-KOL-01,Kolkata,38.0,248.2,0,0.423
2026-08-06 11:15:00,CELL-KOL-02,Kolkata,37.43,220.9,0,0.9
2026-08-06 11:15:00,CELL-KOL-03,Kolkata,35.58,182.31,0,0.492
2026-08-06 11:15:00,CELL-MUM-01,Mumbai,36.14,169.05,0,0.797
2026-08-06 11:15:00,CELL-MUM-02,Mumbai,35.27,186.56,0,0.659
2026-08-06 11:15:00,CELL-MUM-03,Mumbai,35.47,267.41,0,0.48
2026-08-06 11:30:00,CELL-BLR-01,Bengaluru,31.9,177.31,0,0.399
2026-08-06 11:30:00,CELL-BLR-02,Bengaluru,36.09,261.07,0,0.77
2026-08-06 11:30:00,CELL-BLR-03,Bengaluru,35.82,183.54,0,0.502
2026-08-06 11:30:00,CELL-DEL-01,Delhi NCR,28.7,283.46,0,0.466
2026-08-06 11:30:00,CELL-DEL-02,Delhi NCR,30.04,241.47,0,0.586
2026-08-06 11:30:00,CELL-DEL-03,Delhi NCR,35.05,254.23,0,0.727
2026-08-06 11:30:00,CELL-KOL-01,Kolkata,38.0,249.17,0,0.532
2026-08-06 11:30:00,CELL-KOL-02,Kolkata,37.29,240.41,0,0.871
2026-08-06 11:30:00,CELL-KOL-03,Kolkata,34.4,173.91,0,0.61
2026-08-06 11:30:00,CELL-MUM-01,Mumbai,31.99,187.32,0,0.886
2026-08-06 11:30:00,CELL-MUM-02,Mumbai,32.05,201.43,0,0.661
2026-08-06 11:30:00,CELL-MUM-03,Mumbai,30.05,276.19,0,0.44
2026-08-06 11:45:00,CELL-BLR-01,Bengaluru,32.81,186.18,0,0.246
2026-08-06 11:45:00,CELL-BLR-02,Bengaluru,31.54,279.26,0,0.598
2026-08-06 11:45:00,CELL-BLR-03,Bengaluru,31.59,196.33,0,0.452
2026-08-06 11:45:00,CELL-DEL-01,Delhi NCR,30.23,291.35,0,0.825
2026-08-06 11:45:00,CELL-DEL-02,Delhi NCR,32.42,239.38,0,0.313
2026-08-06 11:45:00,CELL-DEL-03,Delhi NCR,35.73,252.63,0,0.768
2026-08-06 11:45:00,CELL-KOL-01,Kolkata,38.0,267.92,0,0.349
2026-08-06 11:45:00,CELL-KOL-02,Kolkata,34.37,236.79,0,0.06
2026-08-06 11:45:00,CELL-KOL-03,Kolkata,34.89,178.45,0,0.6
2026-08-06 11:45:00,CELL-MUM-01,Mumbai,29.67,172.11,0,0.513
2026-08-06 11:45:00,CELL-MUM-02,Mumbai,35.68,222.16,0,0.425
2026-08-06 11:45:00,CELL-MUM-03,Mumbai,30.46,289.64,0,0.15
2026-08-06 12:00:00,CELL-BLR-01,Bengaluru,30.2,171.24,0,0.642
2026-08-06 12:00:00,CELL-BLR-02,Bengaluru,30.95,253.47,0,0.614
2026-08-06 12:00:00,CELL-BLR-03,Bengaluru,29.04,167.41,0,0.553
2026-08-06 12:00:00,CELL-DEL-01,Delhi NCR,30.5,307.57,0,0.369
2026-08-06 12:00:00,CELL-DEL-02,Delhi NCR,31.53,254.79,0,0.432
2026-08-06 12:00:00,CELL-DEL-03,Delhi NCR,33.94,265.83,0,0.65
2026-08-06 12:00:00,CELL-KOL-01,Kolkata,38.0,274.4,0,0.681
2026-08-06 12:00:00,CELL-KOL-02,Kolkata,38.63,244.73,0,0.435
2026-08-06 12:00:00,CELL-KOL-03,Kolkata,32.9,197.56,0,0.37
2026-08-06 12:00:00,CELL-MUM-01,Mumbai,32.93,180.35,0,0.086
2026-08-06 12:00:00,CELL-MUM-02,Mumbai,30.33,208.06,0,0.661
2026-08-06 12:00:00,CELL-MUM-03,Mumbai,27.57,285.49,0,0.568
2026-08-06 12:15:00,CELL-BLR-01,Bengaluru,30.93,189.03,0,0.491
2026-08-06 12:15:00,CELL-BLR-02,Bengaluru,30.89,261.29,0,0.592
2026-08-06 12:15:00,CELL-BLR-03,Bengaluru,27.34,191.71,0,0.709
2026-08-06 12:15:00,CELL-DEL-01,Delhi NCR,27.8,322.49,0,0.511
2026-08-06 12:15:00,CELL-DEL-02,Delhi NCR,30.49,269.36,0,0.351
2026-08-06 12:15:00,CELL-DEL-03,Delhi NCR,33.81,269.14,0,0.688
2026-08-06 12:15:00,CELL-KOL-01,Kolkata,38.0,254.19,0,0.566
2026-08-06 12:15:00,CELL-KOL-02,Kolkata,33.46,247.7,0,0.898
2026-08-06 12:15:00,CELL-KOL-03,Kolkata,33.68,198.13,0,0.596
2026-08-06 12:15:00,CELL-MUM-01,Mumbai,30.59,178.68,0,0.617
2026-08-06 12:15:00,CELL-MUM-02,Mumbai,31.32,202.62,0,0.769
2026-08-06 12:15:00,CELL-MUM-03,Mumbai,29.83,300.36,0,0.801
2026-08-06 12:30:00,CELL-BLR-01,Bengaluru,30.77,191.17,0,0.795
2026-08-06 12:30:00,CELL-BLR-02,Bengaluru,32.82,274.81,0,0.354
2026-08-06 12:30:00,CELL-BLR-03,Bengaluru,32.06,176.97,0,0.681
2026-08-06 12:30:00,CELL-DEL-01,Delhi NCR,26.71,314.34,0,0.448
2026-08-06 12:30:00,CELL-DEL-02,Delhi NCR,32.05,241.1,0,0.258
2026-08-06 12:30:00,CELL-DEL-03,Delhi NCR,34.35,271.33,0,0.747
2026-08-06 12:30:00,CELL-KOL-01,Kolkata,38.0,276.24,0,0.55
2026-08-06 12:30:00,CELL-KOL-02,Kolkata,31.08,254.95,0,0.645
2026-08-06 12:30:00,CELL-KOL-03,Kolkata,34.86,169.11,0,0.349
2026-08-06 12:30:00,CELL-MUM-01,Mumbai,31.73,179.96,0,0.533
2026-08-06 12:30:00,CELL-MUM-02,Mumbai,30.83,222.94,0,0.457
2026-08-06 12:30:00,CELL-MUM-03,Mumbai,28.91,310.13,0,0.812
2026-08-06 12:45:00,CELL-BLR-01,Bengaluru,28.53,180.26,0,0.7
2026-08-06 12:45:00,CELL-BLR-02,Bengaluru,31.44,261.12,0,0.356
2026-08-06 12:45:00,CELL-BLR-03,Bengaluru,29.55,184.43,0,0.622
2026-08-06 12:45:00,CELL-DEL-01,Delhi NCR,28.53,319.72,0,0.38
2026-08-06 12:45:00,CELL-DEL-02,Delhi NCR,31.01,281.03,0,0.469
2026-08-06 12:45:00,CELL-DEL-03,Delhi NCR,31.14,286.43,0,0.399
2026-08-06 12:45:00,CELL-KOL-01,Kolkata,38.0,263.45,0,0.438
2026-08-06 12:45:00,CELL-KOL-02,Kolkata,34.65,257.46,0,0.082
2026-08-06 12:45:00,CELL-KOL-03,Kolkata,34.76,180.38,0,0.495
2026-08-06 12:45:00,CELL-MUM-01,Mumbai,30.51,175.01,0,0.782
2026-08-06 12:45:00,CELL-MUM-02,Mumbai,33.37,198.87,0,0.56
2026-08-06 12:45:00,CELL-MUM-03,Mumbai,31.45,307.15,0,0.678
2026-08-06 13:00:00,CELL-BLR-01,Bengaluru,28.73,184.06,0,0.492
2026-08-06 13:00:00,CELL-BLR-02,Bengaluru,30.06,267.6,0,0.383
2026-08-06 13:00:00,CELL-BLR-03,Bengaluru,29.92,166.91,0,0.209
2026-08-06 13:00:00,CELL-DEL-01,Delhi NCR,30.83,309.01,0,0.546
2026-08-06 13:00:00,CELL-DEL-02,Delhi NCR,33.63,274.58,0,0.528
2026-08-06 13:00:00,CELL-DEL-03,Delhi NCR,33.9,269.96,0,0.602
2026-08-06 13:00:00,CELL-KOL-01,Kolkata,29.03,270.51,0,0.426
2026-08-06 13:00:00,CELL-KOL-02,Kolkata,31.52,262.25,0,0.577
2026-08-06 13:00:00,CELL-KOL-03,Kolkata,33.21,189.91,0,0.496
2026-08-06 13:00:00,CELL-MUM-01,Mumbai,31.42,172.09,0,0.481
2026-08-06 13:00:00,CELL-MUM-02,Mumbai,33.1,216.39,0,0.419
2026-08-06 13:00:00,CELL-MUM-03,Mumbai,29.63,303.98,0,0.583
2026-08-06 13:15:00,CELL-BLR-01,Bengaluru,31.9,191.77,0,0.982
2026-08-06 13:15:00,CELL-BLR-02,Bengaluru,30.56,269.45,0,0.479
2026-08-06 13:15:00,CELL-BLR-03,Bengaluru,31.6,181.52,0,0.845
2026-08-06 13:15:00,CELL-DEL-01,Delhi NCR,28.08,317.95,0,0.627
2026-08-06 13:15:00,CELL-DEL-02,Delhi NCR,29.47,276.89,0,0.53
2026-08-06 13:15:00,CELL-DEL-03,Delhi NCR,33.52,273.19,0,0.671
2026-08-06 13:15:00,CELL-KOL-01,Kolkata,32.11,268.11,0,0.791
2026-08-06 13:15:00,CELL-KOL-02,Kolkata,32.7,256.95,0,0.548
2026-08-06 13:15:00,CELL-KOL-03,Kolkata,34.1,179.18,0,0.557
2026-08-06 13:15:00,CELL-MUM-01,Mumbai,26.65,171.3,0,0.266
2026-08-06 13:15:00,CELL-MUM-02,Mumbai,33.83,205.72,0,0.512
2026-08-06 13:15:00,CELL-MUM-03,Mumbai,31.31,304.91,0,0.555
2026-08-06 13:30:00,CELL-BLR-01,Bengaluru,28.1,192.91,0,0.731
2026-08-06 13:30:00,CELL-BLR-02,Bengaluru,32.09,295.35,0,0.512
2026-08-06 13:30:00,CELL-BLR-03,Bengaluru,35.2,192.1,0,0.393
2026-08-06 13:30:00,CELL-DEL-01,Delhi NCR,31.4,316.4,0,0.686
2026-08-06 13:30:00,CELL-DEL-02,Delhi NCR,27.35,282.43,0,0.382
2026-08-06 13:30:00,CELL-DEL-03,Delhi NCR,31.69,285.67,0,0.416
2026-08-06 13:30:00,CELL-KOL-01,Kolkata,26.69,277.82,0,0.585
2026-08-06 13:30:00,CELL-KOL-02,Kolkata,31.83,254.05,0,0.362
2026-08-06 13:30:00,CELL-KOL-03,Kolkata,32.14,183.3,0,0.74
2026-08-06 13:30:00,CELL-MUM-01,Mumbai,32.9,213.82,0,0.566
2026-08-06 13:30:00,CELL-MUM-02,Mumbai,30.36,208.75,0,0.688
2026-08-06 13:30:00,CELL-MUM-03,Mumbai,32.83,314.72,0,0.567
2026-08-06 13:45:00,CELL-BLR-01,Bengaluru,30.29,194.14,0,0.475
2026-08-06 13:45:00,CELL-BLR-02,Bengaluru,30.97,276.21,0,0.378
2026-08-06 13:45:00,CELL-BLR-03,Bengaluru,32.8,179.22,0,0.645
2026-08-06 13:45:00,CELL-DEL-01,Delhi NCR,26.47,324.05,0,0.47
2026-08-06 13:45:00,CELL-DEL-02,Delhi NCR,33.76,269.33,0,0.372
2026-08-06 13:45:00,CELL-DEL-03,Delhi NCR,32.51,282.38,0,0.385
2026-08-06 13:45:00,CELL-KOL-01,Kolkata,28.03,261.36,0,0.514
2026-08-06 13:45:00,CELL-KOL-02,Kolkata,35.03,270.31,0,0.847
2026-08-06 13:45:00,CELL-KOL-03,Kolkata,30.43,191.78,0,0.663
2026-08-06 13:45:00,CELL-MUM-01,Mumbai,28.45,175.93,0,0.798
2026-08-06 13:45:00,CELL-MUM-02,Mumbai,33.78,224.57,0,0.252
2026-08-06 13:45:00,CELL-MUM-03,Mumbai,27.81,297.67,0,0.466
2026-08-06 14:00:00,CELL-BLR-01,Bengaluru,27.94,198.09,0,0.597
2026-08-06 14:00:00,CELL-BLR-02,Bengaluru,34.64,292.6,0,0.649
2026-08-06 14:00:00,CELL-BLR-03,Bengaluru,75.96,191.81,0,0.44
2026-08-06 14:00:00,CELL-DEL-01,Delhi NCR,28.28,316.88,0,0.554
2026-08-06 14:00:00,CELL-DEL-02,Delhi NCR,30.2,263.41,0,0.403
2026-08-06 14:00:00,CELL-DEL-03,Delhi NCR,29.99,262.03,0,0.474
2026-08-06 14:00:00,CELL-KOL-01,Kolkata,28.72,289.2,0,0.396
2026-08-06 14:00:00,CELL-KOL-02,Kolkata,35.09,251.32,0,0.19
2026-08-06 14:00:00,CELL-KOL-03,Kolkata,36.56,192.23,0,0.472
2026-08-06 14:00:00,CELL-MUM-01,Mumbai,31.51,189.69,0,0.567
2026-08-06 14:00:00,CELL-MUM-02,Mumbai,31.19,221.17,0,0.279
2026-08-06 14:00:00,CELL-MUM-03,Mumbai,30.27,305.85,0,0.333
2026-08-06 14:15:00,CELL-BLR-01,Bengaluru,28.81,192.52,0,0.346
2026-08-06 14:15:00,CELL-BLR-02,Bengaluru,32.46,281.35,0,0.571
2026-08-06 14:15:00,CELL-BLR-03,Bengaluru,31.8,186.21,0,0.43
2026-08-06 14:15:00,CELL-DEL-01,Delhi NCR,28.09,305.44,0,0.731
2026-08-06 14:15:00,CELL-DEL-02,Delhi NCR,29.41,270.03,0,0.547
2026-08-06 14:15:00,CELL-DEL-03,Delhi NCR,32.06,267.85,0,0.78
2026-08-06 14:15:00,CELL-KOL-01,Kolkata,25.81,268.43,0,0.524
2026-08-06 14:15:00,CELL-KOL-02,Kolkata,36.55,233.05,0,0.685
2026-08-06 14:15:00,CELL-KOL-03,Kolkata,30.61,185.36,0,0.335
2026-08-06 14:15:00,CELL-MUM-01,Mumbai,29.89,192.12,0,0.824
2026-08-06 14:15:00,CELL-MUM-02,Mumbai,32.5,213.15,0,0.615
2026-08-06 14:15:00,CELL-MUM-03,Mumbai,29.26,309.46,0,1.004
2026-08-06 14:30:00,CELL-BLR-01,Bengaluru,27.47,181.48,0,0.556
2026-08-06 14:30:00,CELL-BLR-02,Bengaluru,33.89,281.93,0,0.318
2026-08-06 14:30:00,CELL-BLR-03,Bengaluru,31.97,193.13,0,0.747
2026-08-06 14:30:00,CELL-DEL-01,Delhi NCR,28.16,320.15,0,0.568
2026-08-06 14:30:00,CELL-DEL-02,Delhi NCR,28.01,281.82,0,0.584
2026-08-06 14:30:00,CELL-DEL-03,Delhi NCR,35.24,274.9,0,0.564
2026-08-06 14:30:00,CELL-KOL-01,Kolkata,26.7,278.14,0,0.649
2026-08-06 14:30:00,CELL-KOL-02,Kolkata,33.75,265.55,0,0.652
2026-08-06 14:30:00,CELL-KOL-03,Kolkata,32.48,188.87,0,1.042
2026-08-06 14:30:00,CELL-MUM-01,Mumbai,31.09,187.89,0,0.427
2026-08-06 14:30:00,CELL-MUM-02,Mumbai,34.24,224.9,0,0.574
2026-08-06 14:30:00,CELL-MUM-03,Mumbai,29.46,313.13,0,0.36
2026-08-06 14:45:00,CELL-BLR-01,Bengaluru,30.35,183.45,0,0.575
2026-08-06 14:45:00,CELL-BLR-02,Bengaluru,29.78,281.62,0,0.388
2026-08-06 14:45:00,CELL-BLR-03,Bengaluru,32.57,184.74,0,0.189
2026-08-06 14:45:00,CELL-DEL-01,Delhi NCR,31.04,319.08,0,0.517
2026-08-06 14:45:00,CELL-DEL-02,Delhi NCR,31.9,266.59,0,0.624
2026-08-06 14:45:00,CELL-DEL-03,Delhi NCR,34.5,282.72,0,0.658
2026-08-06 14:45:00,CELL-KOL-01,Kolkata,29.67,263.81,0,0.464
2026-08-06 14:45:00,CELL-KOL-02,Kolkata,33.16,250.53,0,0.34
2026-08-06 14:45:00,CELL-KOL-03,Kolkata,32.32,206.98,0,0.372
2026-08-06 14:45:00,CELL-MUM-01,Mumbai,59.32,189.1,0,0.315
2026-08-06 14:45:00,CELL-MUM-02,Mumbai,32.56,207.99,0,0.985
2026-08-06 14:45:00,CELL-MUM-03,Mumbai,30.65,322.29,0,0.473
2026-08-06 15:00:00,CELL-BLR-01,Bengaluru,30.94,177.96,0,0.273
2026-08-06 15:00:00,CELL-BLR-02,Bengaluru,30.03,284.06,0,0.332
2026-08-06 15:00:00,CELL-BLR-03,Bengaluru,29.13,178.74,0,0.39
2026-08-06 15:00:00,CELL-DEL-01,Delhi NCR,27.93,324.07,0,0.73
2026-08-06 15:00:00,CELL-DEL-02,Delhi NCR,28.77,260.05,0,0.281
2026-08-06 15:00:00,CELL-DEL-03,Delhi NCR,33.2,290.67,0,0.383
2026-08-06 15:00:00,CELL-KOL-01,Kolkata,31.27,261.74,0,0.345
2026-08-06 15:00:00,CELL-KOL-02,Kolkata,34.14,243.57,0,0.555
2026-08-06 15:00:00,CELL-KOL-03,Kolkata,30.38,176.41,0,0.654
2026-08-06 15:00:00,CELL-MUM-01,Mumbai,30.37,171.35,0,0.501
2026-08-06 15:00:00,CELL-MUM-02,Mumbai,31.75,216.93,0,0.487
2026-08-06 15:00:00,CELL-MUM-03,Mumbai,28.08,316.52,0,0.414
2026-08-06 15:15:00,CELL-BLR-01,Bengaluru,29.68,193.22,0,0.541
2026-08-06 15:15:00,CELL-BLR-02,Bengaluru,29.59,283.8,0,0.418
2026-08-06 15:15:00,CELL-BLR-03,Bengaluru,28.62,186.31,0,0.38
2026-08-06 15:15:00,CELL-DEL-01,Delhi NCR,32.43,308.47,0,0.554
2026-08-06 15:15:00,CELL-DEL-02,Delhi NCR,29.6,273.07,0,0.425
2026-08-06 15:15:00,CELL-DEL-03,Delhi NCR,32.25,299.44,0,0.636
2026-08-06 15:15:00,CELL-KOL-01,Kolkata,28.92,281.79,0,0.659
2026-08-06 15:15:00,CELL-KOL-02,Kolkata,36.27,249.48,0,0.34
2026-08-06 15:15:00,CELL-KOL-03,Kolkata,29.34,179.57,0,0.333
2026-08-06 15:15:00,CELL-MUM-01,Mumbai,29.98,187.77,0,0.536
2026-08-06 15:15:00,CELL-MUM-02,Mumbai,34.61,209.67,0,0.859
2026-08-06 15:15:00,CELL-MUM-03,Mumbai,32.89,304.21,0,0.767
2026-08-06 15:30:00,CELL-BLR-01,Bengaluru,28.37,187.17,0,0.512
2026-08-06 15:30:00,CELL-BLR-02,Bengaluru,30.8,284.07,0,0.513
2026-08-06 15:30:00,CELL-BLR-03,Bengaluru,31.06,181.35,0,0.383
2026-08-06 15:30:00,CELL-DEL-01,Delhi NCR,26.93,307.95,0,0.661
2026-08-06 15:30:00,CELL-DEL-02,Delhi NCR,34.89,266.38,0,0.541
2026-08-06 15:30:00,CELL-DEL-03,Delhi NCR,29.29,284.74,0,0.866
2026-08-06 15:30:00,CELL-KOL-01,Kolkata,24.75,268.21,0,0.588
2026-08-06 15:30:00,CELL-KOL-02,Kolkata,34.9,261.66,0,0.472
2026-08-06 15:30:00,CELL-KOL-03,Kolkata,34.9,203.26,0,0.368
2026-08-06 15:30:00,CELL-MUM-01,Mumbai,32.92,196.54,0,0.857
2026-08-06 15:30:00,CELL-MUM-02,Mumbai,31.76,229.0,0,0.496
2026-08-06 15:30:00,CELL-MUM-03,Mumbai,26.87,307.25,0,0.528
2026-08-06 15:45:00,CELL-BLR-01,Bengaluru,28.85,196.43,0,0.647
2026-08-06 15:45:00,CELL-BLR-02,Bengaluru,26.32,265.39,0,0.548
2026-08-06 15:45:00,CELL-BLR-03,Bengaluru,33.97,212.33,0,0.341
2026-08-06 15:45:00,CELL-DEL-01,Delhi NCR,29.5,312.52,0,0.505
2026-08-06 15:45:00,CELL-DEL-02,Delhi NCR,30.12,266.65,0,0.818
2026-08-06 15:45:00,CELL-DEL-03,Delhi NCR,31.6,281.95,0,0.615
2026-08-06 15:45:00,CELL-KOL-01,Kolkata,26.24,290.86,0,0.669
2026-08-06 15:45:00,CELL-KOL-02,Kolkata,33.73,247.7,0,0.536
2026-08-06 15:45:00,CELL-KOL-03,Kolkata,35.03,185.48,0,0.41
2026-08-06 15:45:00,CELL-MUM-01,Mumbai,32.23,183.37,0,0.634
2026-08-06 15:45:00,CELL-MUM-02,Mumbai,30.09,213.14,0,1.014
2026-08-06 15:45:00,CELL-MUM-03,Mumbai,27.01,296.0,0,0.616
2026-08-06 16:00:00,CELL-BLR-01,Bengaluru,29.4,197.25,0,0.715
2026-08-06 16:00:00,CELL-BLR-02,Bengaluru,33.43,275.81,0,0.5
2026-08-06 16:00:00,CELL-BLR-03,Bengaluru,31.13,202.16,0,0.659
2026-08-06 16:00:00,CELL-DEL-01,Delhi NCR,29.12,308.95,0,0.414
2026-08-06 16:00:00,CELL-DEL-02,Delhi NCR,30.95,262.1,0,0.612
2026-08-06 16:00:00,CELL-DEL-03,Delhi NCR,31.87,283.63,0,0.584
2026-08-06 16:00:00,CELL-KOL-01,Kolkata,31.65,272.4,0,0.856
2026-08-06 16:00:00,CELL-KOL-02,Kolkata,32.91,239.87,0,0.657
2026-08-06 16:00:00,CELL-KOL-03,Kolkata,32.65,188.34,0,0.564
2026-08-06 16:00:00,CELL-MUM-01,Mumbai,34.18,188.2,0,0.405
2026-08-06 16:00:00,CELL-MUM-02,Mumbai,32.69,219.43,0,0.828
2026-08-06 16:00:00,CELL-MUM-03,Mumbai,31.21,310.68,0,0.89
2026-08-06 16:15:00,CELL-BLR-01,Bengaluru,29.0,191.18,0,0.475
2026-08-06 16:15:00,CELL-BLR-02,Bengaluru,29.04,279.02,0,0.304
2026-08-06 16:15:00,CELL-BLR-03,Bengaluru,30.31,183.08,0,0.668
2026-08-06 16:15:00,CELL-DEL-01,Delhi NCR,63.73,307.68,0,0.444
2026-08-06 16:15:00,CELL-DEL-02,Delhi NCR,30.37,261.21,0,0.412
2026-08-06 16:15:00,CELL-DEL-03,Delhi NCR,31.32,268.9,0,0.441
2026-08-06 16:15:00,CELL-KOL-01,Kolkata,26.3,284.13,0,0.569
2026-08-06 16:15:00,CELL-KOL-02,Kolkata,75.66,239.57,0,0.487
2026-08-06 16:15:00,CELL-KOL-03,Kolkata,32.0,199.87,0,0.583
2026-08-06 16:15:00,CELL-MUM-01,Mumbai,30.39,195.45,0,0.399
2026-08-06 16:15:00,CELL-MUM-02,Mumbai,33.03,216.24,0,0.58
2026-08-06 16:15:00,CELL-MUM-03,Mumbai,26.33,309.56,0,0.712
2026-08-06 16:30:00,CELL-BLR-01,Bengaluru,26.52,174.23,0,0.766
2026-08-06 16:30:00,CELL-BLR-02,Bengaluru,33.46,275.28,0,0.465
2026-08-06 16:30:00,CELL-BLR-03,Bengaluru,30.89,193.4,0,0.342
2026-08-06 16:30:00,CELL-DEL-01,Delhi NCR,29.47,310.47,0,0.632
2026-08-06 16:30:00,CELL-DEL-02,Delhi NCR,29.47,277.07,0,0.358
2026-08-06 16:30:00,CELL-DEL-03,Delhi NCR,30.86,285.19,0,0.366
2026-08-06 16:30:00,CELL-KOL-01,Kolkata,28.41,282.75,0,0.733
2026-08-06 16:30:00,CELL-KOL-02,Kolkata,36.7,252.94,0,0.569
2026-08-06 16:30:00,CELL-KOL-03,Kolkata,31.89,183.76,0,0.565
2026-08-06 16:30:00,CELL-MUM-01,Mumbai,30.97,190.64,0,0.49
2026-08-06 16:30:00,CELL-MUM-02,Mumbai,32.24,218.07,0,0.119
2026-08-06 16:30:00,CELL-MUM-03,Mumbai,30.89,306.04,0,0.392
2026-08-06 16:45:00,CELL-BLR-01,Bengaluru,29.31,181.83,0,0.613
2026-08-06 16:45:00,CELL-BLR-02,Bengaluru,28.09,285.41,0,0.656
2026-08-06 16:45:00,CELL-BLR-03,Bengaluru,33.42,197.96,0,0.275
2026-08-06 16:45:00,CELL-DEL-01,Delhi NCR,27.13,313.6,0,0.623
2026-08-06 16:45:00,CELL-DEL-02,Delhi NCR,31.99,260.53,0,0.597
2026-08-06 16:45:00,CELL-DEL-03,Delhi NCR,33.43,267.81,0,0.823
2026-08-06 16:45:00,CELL-KOL-01,Kolkata,26.45,278.22,0,0.568
2026-08-06 16:45:00,CELL-KOL-02,Kolkata,,251.19,0,0.537
2026-08-06 16:45:00,CELL-KOL-03,Kolkata,30.36,173.66,0,0.31
2026-08-06 16:45:00,CELL-MUM-01,Mumbai,29.77,192.53,0,0.931
2026-08-06 16:45:00,CELL-MUM-02,Mumbai,29.95,212.38,0,0.322
2026-08-06 16:45:00,CELL-MUM-03,Mumbai,29.43,309.94,0,0.311
2026-08-06 17:00:00,CELL-BLR-01,Bengaluru,30.24,181.35,0,0.425
2026-08-06 17:00:00,CELL-BLR-02,Bengaluru,31.64,284.23,0,0.625
2026-08-06 17:00:00,CELL-BLR-03,Bengaluru,31.58,187.74,0,0.374
2026-08-06 17:00:00,CELL-DEL-01,Delhi NCR,30.45,309.45,0,0.506
2026-08-06 17:00:00,CELL-DEL-02,Delhi NCR,31.72,267.99,0,0.646
2026-08-06 17:00:00,CELL-DEL-03,Delhi NCR,32.02,281.06,0,0.357
2026-08-06 17:00:00,CELL-KOL-01,Kolkata,28.31,271.67,0,0.497
2026-08-06 17:00:00,CELL-KOL-02,Kolkata,33.05,247.21,0,0.68
2026-08-06 17:00:00,CELL-KOL-03,Kolkata,33.31,183.8,0,0.348
2026-08-06 17:00:00,CELL-MUM-01,Mumbai,29.97,193.13,0,0.354
2026-08-06 17:00:00,CELL-MUM-02,Mumbai,30.41,218.97,0,0.542
2026-08-06 17:00:00,CELL-MUM-03,Mumbai,28.8,303.22,0,0.305
2026-08-06 17:15:00,CELL-BLR-01,Bengaluru,33.67,185.03,0,0.431
2026-08-06 17:15:00,CELL-BLR-02,Bengaluru,34.36,271.59,0,0.693
2026-08-06 17:15:00,CELL-BLR-03,Bengaluru,32.86,197.57,0,0.362
2026-08-06 17:15:00,CELL-DEL-01,Delhi NCR,30.6,311.73,0,0.554
2026-08-06 17:15:00,CELL-DEL-02,Delhi NCR,28.9,267.0,0,0.519
2026-08-06 17:15:00,CELL-DEL-03,Delhi NCR,32.29,265.52,0,0.461
2026-08-06 17:15:00,CELL-KOL-01,Kolkata,31.23,265.43,0,0.336
2026-08-06 17:15:00,CELL-KOL-02,Kolkata,37.41,248.15,0,0.655
2026-08-06 17:15:00,CELL-KOL-03,Kolkata,32.81,173.68,0,0.538
2026-08-06 17:15:00,CELL-MUM-01,Mumbai,30.42,192.23,0,0.642
2026-08-06 17:15:00,CELL-MUM-02,Mumbai,35.56,214.16,0,0.583
2026-08-06 17:15:00,CELL-MUM-03,Mumbai,56.15,305.86,0,0.612
2026-08-06 17:30:00,CELL-BLR-01,Bengaluru,30.16,181.67,0,0.101
2026-08-06 17:30:00,CELL-BLR-02,Bengaluru,31.71,262.56,0,0.757
2026-08-06 17:30:00,CELL-BLR-03,Bengaluru,30.16,182.24,0,0.409
2026-08-06 17:30:00,CELL-DEL-01,Delhi NCR,28.88,322.87,0,0.594
2026-08-06 17:30:00,CELL-DEL-02,Delhi NCR,33.07,241.19,0,1.003
2026-08-06 17:30:00,CELL-DEL-03,Delhi NCR,33.96,270.4,0,0.622
2026-08-06 17:30:00,CELL-KOL-01,Kolkata,26.22,259.87,0,0.724
2026-08-06 17:30:00,CELL-KOL-02,Kolkata,35.81,238.3,0,0.63
2026-08-06 17:30:00,CELL-KOL-03,Kolkata,33.25,199.58,0,0.927
2026-08-06 17:30:00,CELL-MUM-01,Mumbai,,188.65,0,0.428
2026-08-06 17:30:00,CELL-MUM-02,Mumbai,33.21,214.9,0,1.011
2026-08-06 17:30:00,CELL-MUM-03,Mumbai,30.91,304.29,0,0.764
2026-08-06 17:45:00,CELL-BLR-01,Bengaluru,30.32,191.04,0,0.698
2026-08-06 17:45:00,CELL-BLR-02,Bengaluru,33.93,269.33,0,0.369
2026-08-06 17:45:00,CELL-BLR-03,Bengaluru,27.74,184.46,0,0.486
2026-08-06 17:45:00,CELL-DEL-01,Delhi NCR,29.44,309.82,0,0.72
2026-08-06 17:45:00,CELL-DEL-02,Delhi NCR,27.37,244.65,0,0.564
2026-08-06 17:45:00,CELL-DEL-03,Delhi NCR,33.86,275.32,0,0.404
2026-08-06 17:45:00,CELL-KOL-01,Kolkata,29.31,255.59,0,0.841
2026-08-06 17:45:00,CELL-KOL-02,Kolkata,33.38,252.98,0,0.721
2026-08-06 17:45:00,CELL-KOL-03,Kolkata,33.32,181.14,0,0.219
2026-08-06 17:45:00,CELL-MUM-01,Mumbai,31.33,180.42,0,0.444
2026-08-06 17:45:00,CELL-MUM-02,Mumbai,35.24,216.44,0,0.781
2026-08-06 17:45:00,CELL-MUM-03,Mumbai,32.92,282.88,0,0.54
2026-08-06 18:00:00,CELL-BLR-01,Bengaluru,33.02,177.16,0,0.773
2026-08-06 18:00:00,CELL-BLR-02,Bengaluru,36.03,266.69,0,0.696
2026-08-06 18:00:00,CELL-BLR-03,Bengaluru,35.7,167.59,0,0.528
2026-08-06 18:00:00,CELL-DEL-01,Delhi NCR,31.27,297.6,0,0.636
2026-08-06 18:00:00,CELL-DEL-02,Delhi NCR,34.63,254.13,0,0.292
2026-08-06 18:00:00,CELL-DEL-03,Delhi NCR,34.44,257.62,0,0.229
2026-08-06 18:00:00,CELL-KOL-01,Kolkata,30.41,261.27,0,0.354
2026-08-06 18:00:00,CELL-KOL-02,Kolkata,37.26,235.17,0,0.373
2026-08-06 18:00:00,CELL-KOL-03,Kolkata,34.41,166.83,0,0.63
2026-08-06 18:00:00,CELL-MUM-01,Mumbai,30.68,187.19,0,0.545
2026-08-06 18:00:00,CELL-MUM-02,Mumbai,34.57,203.11,0,0.868
2026-08-06 18:00:00,CELL-MUM-03,Mumbai,28.01,279.86,0,0.442
2026-08-06 18:15:00,CELL-BLR-01,Bengaluru,33.51,160.11,0,0.856
2026-08-06 18:15:00,CELL-BLR-02,Bengaluru,32.82,258.85,0,0.609
2026-08-06 18:15:00,CELL-BLR-03,Bengaluru,32.94,167.36,0,0.743
2026-08-06 18:15:00,CELL-DEL-01,Delhi NCR,34.7,292.0,0,0.785
2026-08-06 18:15:00,CELL-DEL-02,Delhi NCR,34.22,249.03,0,0.168
2026-08-06 18:15:00,CELL-DEL-03,Delhi NCR,36.56,251.09,0,0.493
2026-08-06 18:15:00,CELL-KOL-01,Kolkata,34.61,247.63,0,0.766
2026-08-06 18:15:00,CELL-KOL-02,Kolkata,38.4,233.15,0,0.843
2026-08-06 18:15:00,CELL-KOL-03,Kolkata,33.22,161.93,0,0.165
2026-08-06 18:15:00,CELL-MUM-01,Mumbai,32.2,172.56,0,0.591
2026-08-06 18:15:00,CELL-MUM-02,Mumbai,33.55,220.05,0,0.401
2026-08-06 18:15:00,CELL-MUM-03,Mumbai,33.81,275.25,0,0.328
2026-08-06 18:30:00,CELL-BLR-01,Bengaluru,26.79,165.24,0,0.434
2026-08-06 18:30:00,CELL-BLR-02,Bengaluru,34.48,247.49,0,0.448
2026-08-06 18:30:00,CELL-BLR-03,Bengaluru,34.99,174.62,0,0.576
2026-08-06 18:30:00,CELL-DEL-01,Delhi NCR,34.81,273.01,0,0.354
2026-08-06 18:30:00,CELL-DEL-02,Delhi NCR,35.32,221.52,0,0.827
2026-08-06 18:30:00,CELL-DEL-03,Delhi NCR,36.85,252.09,0,0.221
2026-08-06 18:30:00,CELL-KOL-01,Kolkata,35.69,230.05,0,0.582
2026-08-06 18:30:00,CELL-KOL-02,Kolkata,40.68,200.42,0,0.781
2026-08-06 18:30:00,CELL-KOL-03,Kolkata,36.94,165.23,0,0.688
2026-08-06 18:30:00,CELL-MUM-01,Mumbai,31.02,150.3,0,0.67
2026-08-06 18:30:00,CELL-MUM-02,Mumbai,40.51,185.84,0,0.815
2026-08-06 18:30:00,CELL-MUM-03,Mumbai,36.12,256.23,0,0.718
2026-08-06 18:45:00,CELL-BLR-01,Bengaluru,35.55,172.89,0,0.36
2026-08-06 18:45:00,CELL-BLR-02,Bengaluru,36.56,244.76,0,0.699
2026-08-06 18:45:00,CELL-BLR-03,Bengaluru,34.2,147.04,0,0.527
2026-08-06 18:45:00,CELL-DEL-01,Delhi NCR,31.31,260.19,0,0.607
2026-08-06 18:45:00,CELL-DEL-02,Delhi NCR,36.5,213.38,0,0.972
2026-08-06 18:45:00,CELL-DEL-03,Delhi NCR,36.62,238.79,0,0.407
2026-08-06 18:45:00,CELL-DEL-03,Delhi NCR,36.62,238.79,0,0.407
2026-08-06 18:45:00,CELL-KOL-01,Kolkata,35.12,227.14,0,0.554
2026-08-06 18:45:00,CELL-KOL-02,Kolkata,39.5,214.04,0,0.668
2026-08-06 18:45:00,CELL-KOL-03,Kolkata,39.73,163.37,0,0.681
2026-08-06 18:45:00,CELL-MUM-01,Mumbai,39.78,149.0,0,0.603
2026-08-06 18:45:00,CELL-MUM-02,Mumbai,39.48,195.83,0,0.247
2026-08-06 18:45:00,CELL-MUM-03,Mumbai,43.08,186.17,0,0.637
2026-08-06 19:00:00,CELL-BLR-01,Bengaluru,38.13,141.38,0,0.845
2026-08-06 19:00:00,CELL-BLR-02,Bengaluru,42.13,215.04,0,0.543
2026-08-06 19:00:00,CELL-BLR-03,Bengaluru,39.32,156.24,0,0.612
2026-08-06 19:00:00,CELL-DEL-01,Delhi NCR,37.15,251.36,0,0.77
2026-08-06 19:00:00,CELL-DEL-02,Delhi NCR,37.77,227.85,0,1.063
2026-08-06 19:00:00,CELL-DEL-03,Delhi NCR,39.88,212.45,0,0.507
2026-08-06 19:00:00,CELL-KOL-01,Kolkata,36.86,221.2,0,0.482
2026-08-06 19:00:00,CELL-KOL-02,Kolkata,42.99,194.27,0,0.754
2026-08-06 19:00:00,CELL-KOL-03,Kolkata,39.73,152.0,0,0.522
2026-08-06 19:00:00,CELL-MUM-01,Mumbai,89.26,145.65,0,0.763
2026-08-06 19:00:00,CELL-MUM-02,Mumbai,44.56,165.65,0,0.477
2026-08-06 19:00:00,CELL-MUM-03,Mumbai,57.75,158.48,0,0.49
2026-08-06 19:15:00,CELL-BLR-01,Bengaluru,39.88,143.47,0,1.158
2026-08-06 19:15:00,CELL-BLR-02,Bengaluru,39.76,194.3,0,0.861
2026-08-06 19:15:00,CELL-BLR-03,Bengaluru,39.57,149.93,0,0.689
2026-08-06 19:15:00,CELL-DEL-01,Delhi NCR,38.0,227.82,0,0.744
2026-08-06 19:15:00,CELL-DEL-02,Delhi NCR,39.85,206.65,0,0.425
2026-08-06 19:15:00,CELL-DEL-03,Delhi NCR,41.56,208.04,0,0.322
2026-08-06 19:15:00,CELL-KOL-01,Kolkata,38.07,213.73,0,0.679
2026-08-06 19:15:00,CELL-KOL-02,Kolkata,46.0,208.32,0,0.971
2026-08-06 19:15:00,CELL-KOL-03,Kolkata,42.46,136.31,0,0.992
2026-08-06 19:15:00,CELL-MUM-01,Mumbai,43.46,123.05,0,0.915
2026-08-06 19:15:00,CELL-MUM-02,Mumbai,,167.16,0,0.747
2026-08-06 19:15:00,CELL-MUM-03,Mumbai,75.81,122.12,0,0.521
2026-08-06 19:30:00,CELL-BLR-01,Bengaluru,41.38,130.56,0,0.758
2026-08-06 19:30:00,CELL-BLR-02,Bengaluru,41.28,195.57,0,0.711
2026-08-06 19:30:00,CELL-BLR-03,Bengaluru,47.21,131.17,0,1.136
2026-08-06 19:30:00,CELL-DEL-01,Delhi NCR,40.21,216.79,0,0.217
2026-08-06 19:30:00,CELL-DEL-02,Delhi NCR,44.01,182.71,0,0.607
2026-08-06 19:30:00,CELL-DEL-03,Delhi NCR,45.29,202.19,0,0.704
2026-08-06 19:30:00,CELL-KOL-01,Kolkata,39.28,177.72,0,0.608
2026-08-06 19:30:00,CELL-KOL-02,Kolkata,47.04,184.09,0,0.628
2026-08-06 19:30:00,CELL-KOL-03,Kolkata,44.31,149.92,0,0.891
2026-08-06 19:30:00,CELL-MUM-01,Mumbai,43.81,122.13,0,0.772
2026-08-06 19:30:00,CELL-MUM-02,Mumbai,44.53,159.48,0,0.811
2026-08-06 19:30:00,CELL-MUM-03,Mumbai,84.21,101.9,0,1.082
2026-08-06 19:45:00,CELL-BLR-01,Bengaluru,39.08,144.37,0,0.81
2026-08-06 19:45:00,CELL-BLR-02,Bengaluru,46.49,185.22,0,0.827
2026-08-06 19:45:00,CELL-BLR-03,Bengaluru,42.49,120.6,0,0.726
2026-08-06 19:45:00,CELL-DEL-01,Delhi NCR,42.92,218.96,0,0.75
2026-08-06 19:45:00,CELL-DEL-02,Delhi NCR,43.15,179.91,0,0.944
2026-08-06 19:45:00,CELL-DEL-03,Delhi NCR,47.38,187.93,0,0.812
2026-08-06 19:45:00,CELL-KOL-01,Kolkata,40.94,194.93,0,0.358
2026-08-06 19:45:00,CELL-KOL-02,Kolkata,50.77,173.8,0,0.85
2026-08-06 19:45:00,CELL-KOL-03,Kolkata,46.53,150.8,0,0.615
2026-08-06 19:45:00,CELL-MUM-01,Mumbai,44.73,131.19,0,1.289
2026-08-06 19:45:00,CELL-MUM-02,Mumbai,44.13,147.96,0,0.631
2026-08-06 19:45:00,CELL-MUM-03,Mumbai,86.9,97.24,0,0.999
2026-08-06 20:00:00,CELL-BLR-01,Bengaluru,44.85,123.44,0,0.954
2026-08-06 20:00:00,CELL-BLR-02,Bengaluru,47.99,176.13,0,1.165
2026-08-06 20:00:00,CELL-BLR-03,Bengaluru,45.49,139.5,0,0.59
2026-08-06 20:00:00,CELL-DEL-01,Delhi NCR,40.42,207.2,0,0.687
2026-08-06 20:00:00,CELL-DEL-02,Delhi NCR,47.86,184.53,0,0.327
2026-08-06 20:00:00,CELL-DEL-03,Delhi NCR,49.76,201.16,0,0.489
2026-08-06 20:00:00,CELL-KOL-01,Kolkata,40.82,163.17,0,0.409
2026-08-06 20:00:00,CELL-KOL-02,Kolkata,49.13,168.18,0,1.108
2026-08-06 20:00:00,CELL-KOL-03,Kolkata,52.61,137.29,0,0.828
2026-08-06 20:00:00,CELL-MUM-01,Mumbai,49.39,126.99,0,0.699
2026-08-06 20:00:00,CELL-MUM-02,Mumbai,49.14,150.4,0,0.491
2026-08-06 20:00:00,CELL-MUM-03,Mumbai,78.99,98.31,0,0.375
2026-08-06 20:00:00,CELL-MUM-03,Mumbai,78.99,98.31,0,0.375
2026-08-06 20:15:00,CELL-BLR-01,Bengaluru,42.78,106.58,0,0.976
2026-08-06 20:15:00,CELL-BLR-02,Bengaluru,46.69,174.65,0,0.862
2026-08-06 20:15:00,CELL-BLR-03,Bengaluru,48.26,118.54,0,0.725
2026-08-06 20:15:00,CELL-DEL-01,Delhi NCR,43.09,182.74,0,0.869
2026-08-06 20:15:00,CELL-DEL-02,Delhi NCR,45.27,179.46,0,1.11
2026-08-06 20:15:00,CELL-DEL-03,Delhi NCR,50.26,192.47,0,1.019
2026-08-06 20:15:00,CELL-KOL-01,Kolkata,46.4,167.33,0,0.987
2026-08-06 20:15:00,CELL-KOL-02,Kolkata,49.8,140.87,0,0.659
2026-08-06 20:15:00,CELL-KOL-03,Kolkata,106.91,133.72,0,0.665
2026-08-06 20:15:00,CELL-MUM-01,Mumbai,43.44,124.73,0,0.86
2026-08-06 20:15:00,CELL-MUM-02,Mumbai,53.28,149.44,0,0.56
2026-08-06 20:15:00,CELL-MUM-03,Mumbai,69.7,124.57,0,0.193
2026-08-06 20:30:00,CELL-BLR-01,Bengaluru,46.46,95.65,0,0.792
2026-08-06 20:30:00,CELL-BLR-02,Bengaluru,48.96,184.37,0,0.565
2026-08-06 20:30:00,CELL-BLR-03,Bengaluru,48.84,117.68,0,1.047
2026-08-06 20:30:00,CELL-DEL-01,Delhi NCR,43.97,191.78,0,0.56
2026-08-06 20:30:00,CELL-DEL-02,Delhi NCR,47.51,169.42,0,1.036
2026-08-06 20:30:00,CELL-DEL-03,Delhi NCR,45.83,166.13,0,0.69
2026-08-06 20:30:00,CELL-KOL-01,Kolkata,44.83,187.81,0,0.613
2026-08-06 20:30:00,CELL-KOL-02,Kolkata,52.61,161.07,0,0.549
2026-08-06 20:30:00,CELL-KOL-03,Kolkata,49.51,129.55,0,1.064
2026-08-06 20:30:00,CELL-MUM-01,Mumbai,49.29,129.59,0,0.727
2026-08-06 20:30:00,CELL-MUM-02,Mumbai,46.93,134.56,0,0.831
2026-08-06 20:30:00,CELL-MUM-03,Mumbai,60.6,155.33,0,1.023
2026-08-06 20:45:00,CELL-BLR-01,Bengaluru,45.52,138.86,0,0.331
2026-08-06 20:45:00,CELL-BLR-02,Bengaluru,48.71,179.09,0,0.977
2026-08-06 20:45:00,CELL-BLR-03,Bengaluru,44.37,129.1,0,0.549
2026-08-06 20:45:00,CELL-DEL-01,Delhi NCR,45.95,208.7,0,0.99
2026-08-06 20:45:00,CELL-DEL-02,Delhi NCR,44.8,168.62,0,0.538
2026-08-06 20:45:00,CELL-DEL-03,Delhi NCR,46.05,180.93,0,0.379
2026-08-06 20:45:00,CELL-KOL-01,Kolkata,43.84,180.74,0,0.542
2026-08-06 20:45:00,CELL-KOL-02,Kolkata,52.36,158.5,0,0.859
2026-08-06 20:45:00,CELL-KOL-03,Kolkata,47.57,116.81,0,0.734
2026-08-06 20:45:00,CELL-MUM-01,Mumbai,46.96,106.23,0,0.655
2026-08-06 20:45:00,CELL-MUM-02,Mumbai,50.74,145.89,0,0.0
2026-08-06 20:45:00,CELL-MUM-03,Mumbai,46.32,182.09,0,0.345
2026-08-06 21:00:00,CELL-BLR-01,Bengaluru,44.74,124.57,0,0.889
2026-08-06 21:00:00,CELL-BLR-02,Bengaluru,46.95,186.16,0,0.657
2026-08-06 21:00:00,CELL-BLR-03,Bengaluru,45.5,132.47,0,0.881
2026-08-06 21:00:00,CELL-DEL-01,Delhi NCR,41.46,214.16,0,1.162
2026-08-06 21:00:00,CELL-DEL-02,Delhi NCR,42.44,179.46,0,1.432
2026-08-06 21:00:00,CELL-DEL-03,Delhi NCR,50.26,175.15,0,1.207
2026-08-06 21:00:00,CELL-KOL-01,Kolkata,42.54,167.87,0,0.619
2026-08-06 21:00:00,CELL-KOL-02,Kolkata,48.25,157.92,0,0.995
2026-08-06 21:00:00,CELL-KOL-03,Kolkata,50.29,135.48,0,0.661
2026-08-06 21:00:00,CELL-MUM-01,Mumbai,113.19,128.87,0,0.767
2026-08-06 21:00:00,CELL-MUM-02,Mumbai,51.54,138.51,0,0.795
2026-08-06 21:00:00,CELL-MUM-03,Mumbai,43.26,211.63,0,0.52
2026-08-06 21:15:00,CELL-BLR-01,Bengaluru,38.48,123.69,0,0.686
2026-08-06 21:15:00,CELL-BLR-02,Bengaluru,46.29,192.94,0,0.321
2026-08-06 21:15:00,CELL-BLR-03,Bengaluru,43.52,125.1,0,0.607
2026-08-06 21:15:00,CELL-DEL-01,Delhi NCR,39.9,216.85,0,0.983
2026-08-06 21:15:00,CELL-DEL-02,Delhi NCR,44.17,200.83,0,0.89
2026-08-06 21:15:00,CELL-DEL-03,Delhi NCR,44.95,200.78,0,0.734
2026-08-06 21:15:00,CELL-KOL-01,Kolkata,42.7,193.79,0,0.581
2026-08-06 21:15:00,CELL-KOL-02,Kolkata,47.14,171.47,0,0.466
2026-08-06 21:15:00,CELL-KOL-03,Kolkata,46.28,113.31,0,0.299
2026-08-06 21:15:00,CELL-MUM-01,Mumbai,46.23,139.95,0,1.046
2026-08-06 21:15:00,CELL-MUM-02,Mumbai,45.04,155.01,0,0.297
2026-08-06 21:15:00,CELL-MUM-03,Mumbai,41.91,199.22,0,1.031
2026-08-06 21:30:00,CELL-BLR-01,Bengaluru,40.28,141.76,0,1.451
2026-08-06 21:30:00,CELL-BLR-02,Bengaluru,44.82,187.02,0,1.23
2026-08-06 21:30:00,CELL-BLR-03,Bengaluru,41.02,139.75,0,0.913
2026-08-06 21:30:00,CELL-DEL-01,Delhi NCR,40.54,218.98,0,0.486
2026-08-06 21:30:00,CELL-DEL-02,Delhi NCR,41.59,190.36,0,1.447
2026-08-06 21:30:00,CELL-DEL-03,Delhi NCR,44.87,213.74,0,0.589
2026-08-06 21:30:00,CELL-KOL-01,Kolkata,42.69,183.92,0,0.838
2026-08-06 21:30:00,CELL-KOL-02,Kolkata,44.88,185.92,0,0.778
2026-08-06 21:30:00,CELL-KOL-03,Kolkata,43.56,122.03,0,1.342
2026-08-06 21:30:00,CELL-MUM-01,Mumbai,43.61,128.11,0,1.097
2026-08-06 21:30:00,CELL-MUM-02,Mumbai,45.53,162.63,0,0.865
2026-08-06 21:30:00,CELL-MUM-03,Mumbai,40.03,214.05,0,1.233
2026-08-06 21:45:00,CELL-BLR-01,Bengaluru,37.8,134.97,0,0.765
2026-08-06 21:45:00,CELL-BLR-02,Bengaluru,41.29,221.69,0,0.217
2026-08-06 21:45:00,CELL-BLR-03,Bengaluru,40.66,150.6,0,0.867
2026-08-06 21:45:00,CELL-DEL-01,Delhi NCR,35.91,243.37,0,1.038
2026-08-06 21:45:00,CELL-DEL-02,Delhi NCR,39.53,198.98,0,0.731
2026-08-06 21:45:00,CELL-DEL-03,Delhi NCR,41.02,220.24,0,0.645
2026-08-06 21:45:00,CELL-KOL-01,Kolkata,34.94,217.39,0,0.727
2026-08-06 21:45:00,CELL-KOL-02,Kolkata,47.13,194.34,0,0.522
2026-08-06 21:45:00,CELL-KOL-03,Kolkata,44.29,150.72,0,1.023
2026-08-06 21:45:00,CELL-MUM-01,Mumbai,40.2,141.44,0,0.636
2026-08-06 21:45:00,CELL-MUM-02,Mumbai,41.25,173.16,0,0.565
2026-08-06 21:45:00,CELL-MUM-03,Mumbai,36.16,242.97,0,0.719
2026-08-06 22:00:00,CELL-BLR-01,Bengaluru,33.67,141.28,0,0.91
2026-08-06 22:00:00,CELL-BLR-02,Bengaluru,36.59,236.71,0,0.419
2026-08-06 22:00:00,CELL-BLR-03,Bengaluru,34.19,147.14,0,0.769
2026-08-06 22:00:00,CELL-DEL-01,Delhi NCR,36.54,239.37,0,0.803
2026-08-06 22:00:00,CELL-DEL-02,Delhi NCR,39.99,211.94,0,0.829
2026-08-06 22:00:00,CELL-DEL-03,Delhi NCR,43.34,216.4,0,0.725
2026-08-06 22:00:00,CELL-KOL-01,Kolkata,37.05,216.4,0,0.855
2026-08-06 22:00:00,CELL-KOL-02,Kolkata,42.07,210.53,0,1.21
2026-08-06 22:00:00,CELL-KOL-03,Kolkata,37.57,147.24,0,0.792
2026-08-06 22:00:00,CELL-MUM-01,Mumbai,39.84,144.73,0,0.939
2026-08-06 22:00:00,CELL-MUM-02,Mumbai,38.34,180.39,0,0.653
2026-08-06 22:00:00,CELL-MUM-03,Mumbai,35.47,234.32,0,0.777
2026-08-06 22:15:00,CELL-BLR-01,Bengaluru,38.73,167.46,0,0.457
2026-08-06 22:15:00,CELL-BLR-02,Bengaluru,36.46,229.55,0,0.785
2026-08-06 22:15:00,CELL-BLR-03,Bengaluru,37.64,147.1,0,0.897
2026-08-06 22:15:00,CELL-DEL-01,Delhi NCR,31.74,269.25,0,0.39
2026-08-06 22:15:00,CELL-DEL-02,Delhi NCR,33.95,233.34,0,0.972
2026-08-06 22:15:00,CELL-DEL-03,Delhi NCR,35.89,227.9,0,0.531
2026-08-06 22:15:00,CELL-KOL-01,Kolkata,34.01,232.49,0,0.681
2026-08-06 22:15:00,CELL-KOL-02,Kolkata,43.23,214.8,0,0.391
2026-08-06 22:15:00,CELL-KOL-03,Kolkata,37.23,165.46,0,1.136
2026-08-06 22:15:00,CELL-MUM-01,Mumbai,35.49,157.59,0,0.447
2026-08-06 22:15:00,CELL-MUM-02,Mumbai,36.21,201.11,0,0.035
2026-08-06 22:15:00,CELL-MUM-03,Mumbai,32.07,242.0,0,0.391
2026-08-06 22:30:00,CELL-BLR-01,Bengaluru,31.69,158.84,0,0.777
2026-08-06 22:30:00,CELL-BLR-02,Bengaluru,39.51,253.82,0,0.348
2026-08-06 22:30:00,CELL-BLR-03,Bengaluru,35.97,168.86,0,0.522
2026-08-06 22:30:00,CELL-DEL-01,Delhi NCR,36.9,271.4,0,0.31
2026-08-06 22:30:00,CELL-DEL-02,Delhi NCR,34.77,230.56,0,0.729
2026-08-06 22:30:00,CELL-DEL-03,Delhi NCR,34.77,232.21,0,0.631
2026-08-06 22:30:00,CELL-KOL-01,Kolkata,34.18,243.01,0,0.503
2026-08-06 22:30:00,CELL-KOL-02,Kolkata,42.53,227.07,0,0.71
2026-08-06 22:30:00,CELL-KOL-03,Kolkata,36.12,171.09,0,0.484
2026-08-06 22:30:00,CELL-MUM-01,Mumbai,36.37,175.44,0,0.83
2026-08-06 22:30:00,CELL-MUM-02,Mumbai,35.36,192.19,0,0.738
2026-08-06 22:30:00,CELL-MUM-03,Mumbai,32.9,249.87,0,0.556
2026-08-06 22:45:00,CELL-BLR-01,Bengaluru,32.9,167.87,0,0.524
2026-08-06 22:45:00,CELL-BLR-02,Bengaluru,36.2,249.64,0,1.322
2026-08-06 22:45:00,CELL-BLR-03,Bengaluru,34.85,179.12,0,0.775
2026-08-06 22:45:00,CELL-DEL-01,Delhi NCR,31.28,273.28,0,0.76
2026-08-06 22:45:00,CELL-DEL-02,Delhi NCR,35.47,248.79,0,0.585
2026-08-06 22:45:00,CELL-DEL-03,Delhi NCR,38.01,244.03,0,0.729
2026-08-06 22:45:00,CELL-KOL-01,Kolkata,33.47,252.93,0,0.65
2026-08-06 22:45:00,CELL-KOL-02,Kolkata,36.27,227.51,0,0.921
2026-08-06 22:45:00,CELL-KOL-03,Kolkata,35.6,166.54,0,0.771
2026-08-06 22:45:00,CELL-MUM-01,Mumbai,32.73,175.0,0,0.74
2026-08-06 22:45:00,CELL-MUM-02,Mumbai,39.93,211.25,0,0.803
2026-08-06 22:45:00,CELL-MUM-03,Mumbai,30.68,277.62,0,0.658
2026-08-06 23:00:00,CELL-BLR-01,Bengaluru,30.13,182.4,0,0.141
2026-08-06 23:00:00,CELL-BLR-02,Bengaluru,34.19,256.02,0,0.549
2026-08-06 23:00:00,CELL-BLR-03,Bengaluru,31.27,177.96,0,1.03
2026-08-06 23:00:00,CELL-DEL-01,Delhi NCR,27.16,280.79,0,0.739
2026-08-06 23:00:00,CELL-DEL-02,Delhi NCR,30.79,251.53,0,0.262
2026-08-06 23:00:00,CELL-DEL-03,Delhi NCR,33.8,253.6,0,0.439
2026-08-06 23:00:00,CELL-KOL-01,Kolkata,31.88,256.76,0,0.492
2026-08-06 23:00:00,CELL-KOL-02,Kolkata,38.81,238.15,0,0.872
2026-08-06 23:00:00,CELL-KOL-03,Kolkata,32.77,171.49,0,0.532
2026-08-06 23:00:00,CELL-MUM-01,Mumbai,31.89,179.22,0,0.753
2026-08-06 23:00:00,CELL-MUM-02,Mumbai,34.95,200.49,0,0.408
2026-08-06 23:00:00,CELL-MUM-03,Mumbai,34.31,290.81,0,0.391
2026-08-06 23:15:00,CELL-BLR-01,Bengaluru,33.38,179.81,0,0.479
2026-08-06 23:15:00,CELL-BLR-02,Bengaluru,32.45,273.63,0,0.42
2026-08-06 23:15:00,CELL-BLR-03,Bengaluru,27.7,185.55,0,0.402
2026-08-06 23:15:00,CELL-DEL-01,Delhi NCR,30.28,300.32,0,0.744
2026-08-06 23:15:00,CELL-DEL-02,Delhi NCR,32.05,248.95,0,0.457
2026-08-06 23:15:00,CELL-DEL-03,Delhi NCR,31.55,261.58,0,1.05
2026-08-06 23:15:00,CELL-KOL-01,Kolkata,26.28,267.14,0,0.592
2026-08-06 23:15:00,CELL-KOL-02,Kolkata,34.76,243.98,0,0.403
2026-08-06 23:15:00,CELL-KOL-03,Kolkata,35.12,181.43,0,0.332
2026-08-06 23:15:00,CELL-MUM-01,Mumbai,31.16,166.02,0,0.363
2026-08-06 23:15:00,CELL-MUM-02,Mumbai,34.85,210.89,0,0.149
2026-08-06 23:15:00,CELL-MUM-03,Mumbai,30.14,300.38,0,0.484
2026-08-06 23:30:00,CELL-BLR-01,Bengaluru,30.13,169.62,0,0.579
2026-08-06 23:30:00,CELL-BLR-02,Bengaluru,34.52,264.59,0,0.939
2026-08-06 23:30:00,CELL-BLR-03,Bengaluru,32.25,183.78,0,0.636
2026-08-06 23:30:00,CELL-DEL-01,Delhi NCR,28.15,294.01,0,0.491
2026-08-06 23:30:00,CELL-DEL-02,Delhi NCR,31.83,243.8,0,0.622
2026-08-06 23:30:00,CELL-DEL-03,Delhi NCR,33.07,277.86,0,0.5
2026-08-06 23:30:00,CELL-KOL-01,Kolkata,32.33,263.11,0,0.573
2026-08-06 23:30:00,CELL-KOL-02,Kolkata,36.41,241.89,0,0.565
2026-08-06 23:30:00,CELL-KOL-03,Kolkata,32.49,181.27,0,0.708
2026-08-06 23:30:00,CELL-MUM-01,Mumbai,33.72,165.21,0,0.531
2026-08-06 23:30:00,CELL-MUM-02,Mumbai,29.24,198.2,0,0.653
2026-08-06 23:30:00,CELL-MUM-03,Mumbai,27.14,298.15,0,0.643
2026-08-06 23:45:00,CELL-BLR-01,Bengaluru,30.37,208.01,0,0.32
2026-08-06 23:45:00,CELL-BLR-02,Bengaluru,31.51,293.69,0,0.572
2026-08-06 23:45:00,CELL-BLR-03,Bengaluru,31.77,179.4,0,0.61
2026-08-06 23:45:00,CELL-DEL-01,Delhi NCR,28.25,303.8,0,0.624
2026-08-06 23:45:00,CELL-DEL-02,Delhi NCR,31.0,278.29,0,0.729
2026-08-06 23:45:00,CELL-DEL-03,Delhi NCR,30.1,280.11,0,0.624
2026-08-06 23:45:00,CELL-KOL-01,Kolkata,29.66,260.26,0,0.77
2026-08-06 23:45:00,CELL-KOL-02,Kolkata,33.75,253.5,0,0.642
2026-08-06 23:45:00,CELL-KOL-03,Kolkata,30.02,202.93,0,0.436
2026-08-06 23:45:00,CELL-MUM-01,Mumbai,30.84,187.94,0,0.773
2026-08-06 23:45:00,CELL-MUM-02,Mumbai,32.55,211.66,0,0.526
2026-08-06 23:45:00,CELL-MUM-03,Mumbai,26.03,291.99,0,0.337
