reading_ts,cell_id,region,latency_ms,throughput_mbps,downtime_min,drop_call_rate_pct,active_users
2026-08-04 06:30:00,CELL-BLR-01,Bengaluru,39.22,194.69,0,0.847,473
2026-08-01 16:30:00,CELL-MUM-02,Mumbai,44.42,165.47,0,0.363,268
2026-08-03 21:15:00,CELL-DEL-02,Delhi,56.29,190.52,0,0.921,352
2026-08-02 05:45:00,CELL-HYD-01,Hyderabad,33.93,135.6,0,0.44,285
2026-08-02 17:00:00,CELL-CHE-02,Chennai,27.93,126.54,0,0.246,469
2026-08-03 07:30:00,CELL-BLR-03,Bengaluru,39.97,193.2,0,0.162,447
2026-08-05 12:00:00,CELL-HYD-03,Hyderabad,36.08,-219.9,0,0.641,386
2026-08-03 05:30:00,CELL-KOL-01,Kolkata,48.0,198.69,0,0.502,332
2026-08-05 07:45:00,CELL-CHE-01,Chennai,31.01,184.55,0,0.491,66
2026-08-04 06:15:00,CELL-BLR-01,Bengaluru,39.74,191.13,0,0.453,254
2026-08-05 06:30:00,CELL-DEL-03,Delhi,34.1,169.24,0,1.035,316
2026-08-02 16:15:00,CELL-KOL-01,Kolkata,44.27,169.63,0,0.65,303
2026-08-03 00:30:00,CELL-CHE-01,Chennai,36.79,197.42,0,0.143,392
2026-08-04 16:00:00,CELL-HYD-03,Hyderabad,34.49,151.49,0,0.841,261
2026-08-02 05:15:00,CELL-DEL-03,Delhi,34.51,219.1,0,0.76,312
2026-08-02 23:45:00,CELL-BLR-01,Bengaluru,46.42,186.96,0,0.578,415
2026-08-01 01:30:00,CELL-KOL-03,Kolkata,29.2,241.64,0,0.596,247
2026-08-01 02:30:00,CELL-KOL-01,Kolkata,39.38,194.27,0,0.35,121
2026-08-05 17:45:00,CELL-CHE-01,Chennai,41.62,152.06,0,0.52,405
2026-08-02 16:00:00,CELL-DEL-02,Delhi,49.15,222.26,0,0.12,550
2026-08-02 20:30:00,CELL-CHE-02,Chennai,43.36,110.76,0,1.445,156
2026-08-01 16:15:00,CELL-HYD-03,Hyderabad,30.23,140.78,0,0.772,228
2026-08-03 21:30:00,CELL-CHE-01,Chennai,41.05,146.35,0,0.649,216
2026-08-04 10:00:00,CELL-HYD-02,Hyderabad,33.57,199.09,0,0.405,384
2026-08-03 05:15:00,CELL-DEL-01,Delhi,25.21,237.67,0,0.395,200
2026-08-01 23:45:00,CELL-HYD-03,Hyderabad,35.21,107.3,0,0.641,210
2026-08-01 14:30:00,CELL-MUM-01,Mumbai,32.67,222.35,0,0.759,329
2026-08-05 23:00:00,CELL-CHE-02,Chennai,33.85,134.08,0,0.655,358
2026-08-04 14:00:00,CELL-CHE-01,Chennai,38.0,161.27,0,0.306,225
2026-08-05 13:45:00,CELL-BLR-01,Bengaluru,33.77,172.56,0,0.492,410
2026-08-05 21:15:00,CELL-BLR-02,Bengaluru,35.59,-558.91,0,0.412,430
2026-08-01 10:15:00,CELL-HYD-01,Hyderabad,31.93,158.6,0,0.463,439
2026-08-01 17:15:00,CELL-DEL-02,Delhi,41.11,227.97,0,0.441,332
2026-08-04 03:30:00,CELL-KOL-02,Kolkata,26.05,196.12,0,0.305,214
2026-08-04 15:30:00,CELL-MUM-03,Mumbai,44.39,153.41,0,1.079,146
2026-08-02 19:30:00,CELL-CHE-01,Chennai,44.06,124.67,0,0.75,625
2026-08-01 03:15:00,CELL-BLR-01,Bengaluru,35.66,176.36,0,0.592,266
2026-08-01 17:00:00,CELL-CHE-02,Chennai,30.14,139.02,0,0.595,431
2026-08-02 05:30:00,CELL-BLR-01,Bengaluru,40.17,218.34,0,0.401,252
2026-08-03 05:30:00,CELL-BLR-01,Bengaluru,40.54,185.87,0,0.416,223
2026-08-02 11:00:00,CELL-CHE-03,Chennai,41.19,201.94,0,0.618,233
2026-08-04 08:30:00,CELL-BLR-02,Bengaluru,26.34,231.5,0,0.413,430
2026-08-05 23:00:00,CELL-CHE-03,Chennai,42.55,217.67,0,0.643,370
2026-08-04 17:00:00,CELL-MUM-02,Mumbai,48.53,157.55,0,0.701,332
2026-08-04 10:15:00,CELL-BLR-02,Bengaluru,28.34,217.12,0,0.676,474
2026-08-05 12:45:00,CELL-CHE-02,Chennai,36.83,141.1,0,0.865,432
2026-08-01 04:00:00,CELL-BLR-03,Bengaluru,41.02,199.01,0,0.642,237
2026-08-04 00:15:00,CELL-KOL-02,Kolkata,28.48,181.77,0,0.328,391
2026-08-02 17:30:00,CELL-BLR-02,Bengaluru,35.92,186.76,0,0.78,442
2026-08-01 22:00:00,CELL-CHE-01,Chennai,43.01,138.09,0,0.433,391
2026-08-01 12:00:00,CELL-MUM-03,Mumbai,54.48,126.25,0,0.965,208
2026-08-01 08:00:00,CELL-KOL-03,Kolkata,31.58,209.6,0,0.607,488
2026-08-05 04:00:00,CELL-BLR-02,Bengaluru,27.54,269.3,0,0.71,421
2026-08-02 17:30:00,CELL-BLR-01,Bengaluru,40.36,160.65,0,0.586,464
2026-08-01 12:45:00,CELL-MUM-03,Mumbai,56.18,122.12,0,0.895,350
2026-08-01 15:45:00,CELL-KOL-01,Kolkata,49.87,191.66,0,0.882,327
2026-08-02 23:30:00,CELL-BLR-02,Bengaluru,33.8,227.56,0,0.533,273
2026-08-04 02:45:00,CELL-BLR-02,Bengaluru,,0.0,15,0.423,374
2026-08-02 09:15:00,CELL-MUM-02,Mumbai,44.98,165.45,0,0.12,251
2026-08-05 03:45:00,CELL-DEL-03,Delhi,23.54,169.14,0,0.337,195
2026-08-02 18:30:00,CELL-MUM-02,Mumbai,54.8,142.54,0,0.758,582
2026-08-04 17:15:00,CELL-CHE-02,Chennai,28.84,139.41,0,0.909,383
2026-08-02 08:00:00,CELL-DEL-02,Delhi,40.16,225.82,0,0.223,368
2026-08-03 04:15:00,CELL-BLR-01,Bengaluru,32.04,233.54,0,0.653,389
2026-08-02 15:00:00,CELL-CHE-01,Chennai,27.83,191.74,0,0.549,287
2026-08-02 19:45:00,CELL-DEL-01,Delhi,37.66,153.27,0,0.954,328
2026-08-01 13:15:00,CELL-HYD-02,Hyderabad,39.77,173.84,0,0.827,276
2026-08-04 05:30:00,CELL-CHE-02,Chennai,30.01,169.25,0,0.539,246
2026-08-02 19:30:00,CELL-BLR-02,Bengaluru,38.43,165.45,0,0.845,559
2026-08-03 16:30:00,CELL-DEL-03,Delhi,30.97,149.29,0,0.641,376
2026-08-03 22:30:00,CELL-HYD-02,Hyderabad,37.29,187.1,0,0.621,470
2026-08-04 18:45:00,CELL-DEL-03,Delhi,40.85,125.76,0,0.867,627
2026-08-03 11:15:00,CELL-MUM-02,Mumbai,62.1,179.82,0,0.635,400
2026-08-02 12:15:00,CELL-BLR-01,Bengaluru,43.29,178.29,0,0.814,369
2026-08-02 23:00:00,CELL-CHE-02,Chennai,36.77,128.12,0,0.609,248
2026-08-05 15:45:00,CELL-KOL-02,Kolkata,26.39,198.48,0,0.621,138
2026-08-02 13:30:00,CELL-MUM-02,Mumbai,40.96,135.1,0,0.67,346
2026-08-03 14:00:00,CELL-DEL-01,Delhi,32.23,259.53,0,0.461,257
2026-08-04 21:15:00,CELL-CHE-03,Chennai,49.0,200.27,0,1.011,657
2026-08-05 01:30:00,CELL-MUM-01,Mumbai,29.5,247.24,0,0.364,241
2026-08-01 12:15:00,CELL-BLR-01,Bengaluru,50.81,185.93,0,0.604,285
2026-08-05 09:00:00,CELL-KOL-02,Kolkata,33.38,134.47,0,0.853,272
2026-08-04 17:45:00,CELL-HYD-01,Hyderabad,39.84,140.37,0,0.902,171
2026-08-02 11:15:00,CELL-KOL-03,Kolkata,34.29,174.91,0,1.127,404
2026-08-04 14:45:00,CELL-HYD-01,Hyderabad,29.06,174.27,0,0.478,438
2026-08-01 01:45:00,CELL-KOL-01,Kolkata,48.69,195.42,0,0.581,302
2026-08-05 19:00:00,CELL-DEL-03,Delhi,44.36,135.87,0,0.402,236
2026-08-01 03:45:00,CELL-HYD-02,Hyderabad,37.01,185.05,0,0.888,371
2026-08-01 12:30:00,CELL-BLR-02,Bengaluru,33.56,232.42,0,0.851,534
2026-08-01 10:45:00,CELL-DEL-02,Delhi,50.54,211.99,0,0.785,509
2026-08-05 09:30:00,CELL-DEL-01,Delhi,36.74,244.74,0,0.262,439
2026-08-03 01:00:00,CELL-MUM-02,Mumbai,48.32,182.63,0,0.582,357
2026-08-01 20:15:00,CELL-BLR-03,Bengaluru,48.8,156.67,0,1.08,491
2026-08-05 17:15:00,CELL-BLR-03,Bengaluru,52.52,154.92,0,0.603,261
2026-08-03 17:30:00,CELL-CHE-01,Chennai,43.05,143.91,0,0.936,262
2026-08-05 02:00:00,CELL-HYD-03,Hyderabad,27.49,149.55,0,0.761,292
2026-08-03 22:15:00,CELL-CHE-03,Chennai,46.31,194.86,0,0.844,520
2026-08-03 06:45:00,CELL-DEL-01,Delhi,26.4,262.4,0,0.704,291
2026-08-04 19:30:00,CELL-DEL-01,Delhi,43.96,166.64,0,1.047,505
2026-08-05 14:30:00,CELL-DEL-03,Delhi,31.69,146.65,0,0.636,262
2026-08-01 21:00:00,CELL-HYD-03,Hyderabad,45.46,107.51,0,1.048,472
2026-08-05 16:45:00,CELL-DEL-02,Delhi,54.91,213.96,0,0.534,313
2026-08-05 11:15:00,CELL-DEL-03,Delhi,33.37,176.61,0,0.835,633
2026-08-03 01:00:00,CELL-CHE-02,Chennai,28.81,175.26,0,0.916,155
2026-08-01 00:00:00,CELL-KOL-01,Kolkata,38.01,193.76,0,1.017,374
2026-08-04 21:15:00,CELL-HYD-01,Hyderabad,45.26,129.24,0,1.175,419
2026-08-04 01:30:00,CELL-HYD-02,Hyderabad,37.46,182.07,0,0.69,343
2026-08-03 12:30:00,CELL-MUM-03,Mumbai,56.34,111.48,0,0.542,342
2026-08-05 14:45:00,CELL-HYD-01,Hyderabad,39.48,154.13,0,0.77,314
2026-08-04 05:30:00,CELL-KOL-03,Kolkata,34.94,233.63,0,0.774,398
2026-08-05 21:15:00,CELL-MUM-03,Mumbai,52.3,116.5,0,0.564,293
2026-08-01 18:30:00,CELL-KOL-02,Kolkata,39.72,134.03,0,0.946,333
2026-08-05 13:00:00,CELL-BLR-01,Bengaluru,38.47,151.81,0,0.626,424
2026-08-02 21:00:00,CELL-CHE-01,Chennai,44.21,130.14,0,0.827,295
2026-08-01 06:00:00,CELL-DEL-03,Delhi,28.68,205.33,0,0.002,346
2026-08-02 22:15:00,CELL-MUM-03,Mumbai,59.2,105.83,0,0.043,422
2026-08-02 19:30:00,CELL-MUM-03,Mumbai,58.74,123.57,0,0.837,504
2026-08-03 11:15:00,CELL-HYD-03,Hyderabad,36.5,134.58,0,0.347,317
2026-08-05 17:45:00,CELL-MUM-02,Mumbai,54.15,163.78,0,0.754,252
2026-08-04 17:30:00,CELL-MUM-02,Mumbai,55.3,150.74,0,0.364,535
2026-08-03 11:00:00,CELL-CHE-02,Chennai,36.69,153.39,0,0.228,453
2026-08-03 01:45:00,CELL-HYD-02,Hyderabad,35.14,202.43,0,0.48,353
2026-08-04 17:15:00,CELL-MUM-03,Mumbai,51.07,109.38,0,0.502,547
2026-08-04 06:15:00,CELL-KOL-03,Kolkata,31.78,233.53,0,0.282,171
2026-08-01 12:00:00,CELL-DEL-01,Delhi,34.83,177.96,0,0.716,376
2026-08-04 23:30:00,CELL-KOL-03,Kolkata,29.28,213.63,0,0.793,248
2026-08-03 05:15:00,CELL-BLR-01,Bengaluru,37.6,162.03,0,0.406,257
2026-08-05 03:30:00,CELL-CHE-03,Chennai,36.59,251.8,0,0.694,357
2026-08-03 03:45:00,CELL-HYD-02,Hyderabad,36.63,190.28,0,0.392,351
2026-08-05 06:30:00,CELL-KOL-01,Kolkata,46.13,178.38,0,0.678,251
2026-08-05 14:15:00,CELL-DEL-03,Delhi,31.97,145.9,0,0.523,550
2026-08-02 20:30:00,CELL-MUM-02,Mumbai,64.78,114.22,0,1.086,325
2026-08-05 13:00:00,CELL-DEL-01,Delhi,32.81,211.89,0,0.35,318
2026-08-03 15:45:00,CELL-BLR-03,Bengaluru,44.27,174.12,0,0.346,427
2026-08-04 08:15:00,CELL-DEL-02,Delhi,40.98,256.6,0,0.425,245
2026-08-04 20:00:00,CELL-DEL-01,Delhi,36.69,167.25,0,1.024,537
2026-08-05 20:15:00,CELL-KOL-02,Kolkata,43.19,112.85,0,1.038,545
2026-08-01 08:45:00,CELL-MUM-01,Mumbai,26.61,241.14,0,0.608,379
2026-08-01 01:15:00,CELL-BLR-03,Bengaluru,48.3,205.15,0,0.648,296
2026-08-03 07:00:00,CELL-DEL-02,Delhi,38.86,240.98,0,0.383,272
2026-08-01 08:00:00,CELL-BLR-02,Bengaluru,23.43,223.49,0,0.461,573
2026-08-03 19:00:00,CELL-BLR-02,Bengaluru,39.38,197.94,0,0.713,481
2026-08-01 23:30:00,CELL-HYD-03,Hyderabad,39.29,141.85,0,0.603,226
2026-08-01 21:45:00,CELL-MUM-02,Mumbai,54.85,151.54,0,1.097,313
2026-08-04 17:15:00,CELL-DEL-01,Delhi,36.46,181.07,0,0.921,453
2026-08-05 01:00:00,CELL-KOL-02,Kolkata,29.88,149.4,0,0.623,131
2026-08-03 11:45:00,CELL-DEL-01,Delhi,40.49,200.92,0,0.62,240
2026-08-04 20:30:00,CELL-CHE-01,Chennai,40.79,109.92,0,1.055,232
2026-08-05 06:30:00,CELL-DEL-02,Delhi,39.72,218.67,0,0.502,455
2026-08-02 07:15:00,CELL-CHE-03,Chennai,35.24,236.91,0,0.779,377
2026-08-02 09:45:00,CELL-BLR-03,Bengaluru,44.2,171.53,0,0.459,356
2026-08-01 17:45:00,CELL-KOL-01,Kolkata,55.35,149.66,0,0.382,386
2026-08-01 11:00:00,CELL-HYD-02,Hyderabad,40.19,179.48,0,0.894,546
2026-08-02 03:15:00,CELL-KOL-01,Kolkata,48.01,213.73,0,0.629,318
2026-08-05 06:45:00,CELL-HYD-01,Hyderabad,34.61,157.39,0,0.21,271
2026-08-01 10:15:00,CELL-MUM-01,Mumbai,33.53,204.61,0,0.239,346
2026-08-05 19:30:00,CELL-KOL-02,Kolkata,35.9,125.1,0,0.619,330
2026-08-04 05:15:00,CELL-MUM-03,Mumbai,45.54,149.03,0,0.824,201
2026-08-05 15:15:00,CELL-HYD-02,Hyderabad,33.72,222.3,0,0.66,537
2026-08-05 16:00:00,CELL-CHE-01,Chennai,33.83,172.38,0,0.761,506
2026-08-05 12:45:00,CELL-KOL-01,Kolkata,52.19,191.73,0,1.172,647
2026-08-05 10:45:00,CELL-CHE-03,Chennai,39.88,228.67,0,0.863,395
2026-08-02 03:00:00,CELL-KOL-02,Kolkata,24.93,166.72,0,0.57,214
2026-08-05 07:00:00,CELL-DEL-03,Delhi,33.33,186.76,0,0.597,489
2026-08-05 22:30:00,CELL-KOL-01,Kolkata,50.61,174.38,0,0.608,309
2026-08-04 10:00:00,CELL-HYD-03,Hyderabad,31.14,129.79,0,0.493,320
2026-08-03 07:45:00,CELL-KOL-01,Kolkata,53.36,192.61,0,0.6,380
2026-08-03 04:15:00,CELL-HYD-03,Hyderabad,32.35,156.07,0,0.658,340
2026-08-05 19:45:00,CELL-BLR-01,Bengaluru,45.33,129.72,0,0.745,445
2026-08-04 19:45:00,CELL-KOL-02,Kolkata,44.39,126.68,0,1.288,363
2026-08-02 21:45:00,CELL-BLR-03,Bengaluru,55.96,140.31,0,0.856,313
2026-08-03 16:30:00,CELL-BLR-03,Bengaluru,35.43,179.21,0,0.695,188
2026-08-02 05:15:00,CELL-MUM-03,Mumbai,43.76,155.97,0,0.684,245
2026-08-05 21:30:00,CELL-DEL-03,Delhi,38.05,158.75,0,0.919,389
2026-08-05 03:45:00,CELL-HYD-02,Hyderabad,31.78,189.21,0,0.718,292
2026-08-05 19:15:00,CELL-HYD-02,Hyderabad,51.81,134.77,0,0.269,631
2026-08-01 20:15:00,CELL-BLR-02,Bengaluru,45.3,164.29,0,0.683,642
2026-08-02 03:15:00,CELL-KOL-03,Kolkata,28.45,249.0,0,0.365,293
2026-08-02 22:15:00,CELL-BLR-03,Bengaluru,53.75,189.65,0,0.138,569
2026-08-01 12:15:00,CELL-HYD-01,Hyderabad,42.1,141.19,0,0.653,403
2026-08-02 14:30:00,CELL-DEL-01,Delhi,35.07,208.17,0,0.585,326
2026-08-05 02:45:00,CELL-MUM-03,Mumbai,35.07,160.36,0,0.338,453
2026-08-02 04:15:00,CELL-CHE-02,Chennai,30.03,149.01,0,0.336,283
2026-08-05 20:00:00,CELL-BLR-03,Bengaluru,65.27,132.77,0,0.472,240
2026-08-03 13:30:00,CELL-CHE-01,Chennai,38.75,166.15,0,0.805,598
2026-08-03 19:00:00,CELL-BLR-01,Bengaluru,53.29,152.95,0,0.912,592
2026-08-05 05:30:00,CELL-MUM-02,Mumbai,39.62,192.98,0,0.481,381
2026-08-01 16:30:00,CELL-HYD-03,Hyderabad,34.43,119.37,0,0.095,262
2026-08-01 21:00:00,CELL-BLR-02,Bengaluru,32.65,178.41,0,1.492,598
2026-08-02 20:00:00,CELL-BLR-02,Bengaluru,37.01,213.48,0,0.568,604
2026-08-01 11:15:00,CELL-MUM-01,Mumbai,29.78,188.22,0,0.645,272
2026-08-03 14:30:00,CELL-KOL-01,Kolkata,51.34,182.62,0,0.619,305
2026-08-05 03:00:00,CELL-KOL-02,Kolkata,24.96,196.46,0,1.177,338
2026-08-04 12:30:00,CELL-MUM-03,Mumbai,49.17,111.28,0,0.792,285
2026-08-01 16:45:00,CELL-DEL-01,Delhi,27.37,229.11,0,0.325,172
2026-08-05 21:15:00,CELL-CHE-03,Chennai,48.45,195.19,0,0.83,273
2026-08-05 21:15:00,CELL-BLR-03,Bengaluru,52.25,151.04,0,0.81,293
2026-08-05 08:15:00,CELL-BLR-02,Bengaluru,26.95,251.81,0,0.961,395
2026-08-01 14:00:00,CELL-HYD-03,Hyderabad,32.75,102.6,0,0.73,325
2026-08-05 05:00:00,CELL-HYD-03,Hyderabad,24.51,138.42,0,0.404,396
2026-08-01 08:00:00,CELL-DEL-02,Delhi,36.48,270.42,0,0.492,341
2026-08-04 07:00:00,CELL-HYD-02,Hyderabad,,172.13,0,0.661,401
2026-08-02 13:15:00,CELL-DEL-02,Delhi,45.97,187.68,0,0.765,274
2026-08-03 21:30:00,CELL-DEL-03,Delhi,116.37,135.56,0,2.248,380
2026-08-03 00:45:00,CELL-BLR-01,Bengaluru,38.72,210.44,0,1.054,510
2026-08-01 21:45:00,CELL-CHE-02,Chennai,36.38,137.94,0,1.325,614
2026-08-01 16:00:00,CELL-HYD-03,Hyderabad,34.99,138.95,0,0.504,218
2026-08-01 09:45:00,CELL-CHE-02,Chennai,32.4,158.06,0,0.767,406
2026-08-04 05:45:00,CELL-DEL-03,Delhi,24.28,208.64,0,0.642,386
2026-08-01 19:15:00,CELL-DEL-01,Delhi,40.91,172.07,0,0.806,428
2026-08-02 00:45:00,CELL-CHE-02,Chennai,27.77,140.02,0,0.703,183
2026-08-05 16:45:00,CELL-HYD-01,Hyderabad,34.29,151.89,0,0.892,434
2026-08-05 17:15:00,CELL-CHE-01,Chennai,31.78,152.55,0,0.844,574
2026-08-04 09:30:00,CELL-BLR-03,Bengaluru,46.22,200.08,0,0.303,456
2026-08-01 03:30:00,CELL-BLR-03,Bengaluru,34.11,189.61,0,0.578,319
2026-08-04 15:00:00,CELL-CHE-01,Chennai,37.99,129.12,0,0.62,228
2026-08-04 02:30:00,CELL-BLR-02,Bengaluru,,0.0,15,0.373,258
2026-08-05 20:15:00,CELL-MUM-03,Mumbai,64.22,104.82,0,0.39,364
2026-08-03 22:00:00,CELL-CHE-03,Chennai,49.17,197.86,0,0.422,354
2026-08-01 13:30:00,CELL-KOL-02,Kolkata,36.33,169.71,0,0.408,409
2026-08-05 04:30:00,CELL-DEL-01,Delhi,30.2,250.67,0,0.845,325
2026-08-02 08:30:00,CELL-CHE-03,Chennai,41.21,237.07,0,0.464,528
2026-08-04 13:45:00,CELL-MUM-01,Mumbai,34.05,211.76,0,0.544,290
2026-08-02 18:15:00,CELL-DEL-03,Delhi,41.8,140.73,0,1.006,530
2026-08-03 14:45:00,CELL-MUM-02,Mumbai,50.59,211.99,0,0.404,422
2026-08-05 23:45:00,CELL-HYD-01,Hyderabad,36.61,174.16,0,0.736,438
2026-08-03 14:00:00,CELL-KOL-01,Kolkata,51.82,180.89,0,0.543,297
2026-08-01 15:00:00,CELL-MUM-01,Mumbai,31.73,175.78,0,0.622,378
2026-08-04 11:30:00,CELL-KOL-03,Kolkata,35.72,182.51,0,0.817,201
2026-08-04 14:45:00,CELL-DEL-02,Delhi,45.07,203.64,0,0.499,366
2026-08-04 01:15:00,CELL-MUM-03,Mumbai,43.46,151.81,0,0.606,311
2026-08-05 08:30:00,CELL-CHE-02,Chennai,30.92,132.49,0,0.85,240
2026-08-01 00:45:00,CELL-BLR-02,Bengaluru,31.48,276.43,0,0.852,354
2026-08-04 06:15:00,CELL-DEL-02,Delhi,,274.59,0,0.761,217
2026-08-04 00:45:00,CELL-CHE-01,Chennai,31.03,172.08,0,0.552,356
2026-08-05 04:00:00,CELL-BLR-03,Bengaluru,42.11,203.77,0,0.625,79
2026-08-02 12:15:00,CELL-HYD-03,Hyderabad,32.43,119.27,0,0.576,411
2026-08-01 01:45:00,CELL-MUM-03,Mumbai,44.01,144.43,0,0.389,390
2026-08-01 07:15:00,CELL-HYD-01,Hyderabad,30.57,165.93,0,0.707,267
2026-08-01 01:15:00,CELL-MUM-02,Mumbai,46.82,192.12,0,0.34,415
2026-08-04 00:45:00,CELL-BLR-01,Bengaluru,38.02,178.92,0,0.483,412
2026-08-04 19:30:00,CELL-HYD-02,Hyderabad,60.42,135.41,0,0.434,593
2026-08-05 00:30:00,CELL-CHE-02,Chennai,22.1,137.33,0,0.409,193
2026-08-01 00:15:00,CELL-BLR-01,Bengaluru,30.19,180.57,0,0.712,348
2026-08-05 21:15:00,CELL-KOL-01,Kolkata,55.56,172.67,0,1.309,657
2026-08-03 13:15:00,CELL-DEL-01,Delhi,38.22,253.84,0,0.462,289
2026-08-04 11:00:00,CELL-KOL-01,Kolkata,60.88,155.14,0,0.681,238
2026-08-03 03:30:00,CELL-BLR-01,Bengaluru,32.34,166.17,0,0.708,319
2026-08-02 12:30:00,CELL-HYD-02,Hyderabad,40.96,156.2,0,1.075,319
2026-08-01 13:45:00,CELL-CHE-03,Chennai,41.15,232.8,0,0.563,489
2026-08-04 10:30:00,CELL-DEL-01,Delhi,30.57,182.05,0,0.468,106
2026-08-04 07:45:00,CELL-MUM-01,Mumbai,30.55,202.41,0,0.562,336
2026-08-05 13:30:00,CELL-DEL-03,Delhi,31.22,162.38,0,0.566,446
2026-08-05 01:15:00,CELL-HYD-02,Hyderabad,38.06,210.52,0,1.007,260
2026-08-02 00:15:00,CELL-KOL-01,Kolkata,39.7,219.12,0,0.962,401
2026-08-05 02:15:00,CELL-KOL-03,Kolkata,38.91,223.03,0,0.512,223
2026-08-01 10:15:00,CELL-MUM-02,Mumbai,52.9,152.28,0,0.417,169
2026-08-04 14:30:00,CELL-KOL-02,Kolkata,31.03,160.66,0,0.632,426
2026-08-02 00:00:00,CELL-HYD-01,Hyderabad,32.37,191.62,0,0.507,356
2026-08-04 01:00:00,CELL-BLR-02,Bengaluru,31.62,257.13,0,0.653,88
2026-08-04 00:45:00,CELL-KOL-02,Kolkata,29.29,154.98,0,0.472,316
2026-08-05 19:00:00,CELL-CHE-03,Chennai,42.51,188.09,0,0.599,378
2026-08-02 17:30:00,CELL-KOL-01,Kolkata,56.58,162.33,0,1.03,430
2026-08-05 18:45:00,CELL-CHE-03,Chennai,57.62,165.36,0,0.98,435
2026-08-02 16:30:00,CELL-BLR-03,Bengaluru,51.11,181.38,0,0.329,331
2026-08-02 16:45:00,CELL-HYD-03,Hyderabad,31.29,128.02,0,0.648,402
2026-08-01 12:15:00,CELL-MUM-02,Mumbai,57.88,156.85,0,0.3,505
2026-08-02 03:30:00,CELL-KOL-02,Kolkata,25.24,183.99,0,0.244,174
2026-08-03 05:00:00,CELL-MUM-03,Mumbai,37.32,180.72,0,0.474,248
2026-08-04 01:00:00,CELL-CHE-03,Chennai,26.39,247.33,0,0.754,226
2026-08-02 19:45:00,CELL-HYD-01,Hyderabad,47.63,119.71,0,0.614,502
2026-08-01 03:30:00,CELL-HYD-01,Hyderabad,31.11,165.72,0,0.527,485
2026-08-02 22:45:00,CELL-CHE-01,Chennai,36.05,125.15,0,1.096,239
2026-08-05 21:15:00,CELL-MUM-01,Mumbai,46.69,145.73,0,1.044,504
2026-08-02 01:45:00,CELL-BLR-01,Bengaluru,39.39,190.66,0,0.459,268
2026-08-02 22:30:00,CELL-CHE-02,Chennai,37.48,139.41,0,0.882,136
2026-08-02 05:30:00,CELL-KOL-03,Kolkata,32.0,240.68,0,0.496,214
2026-08-05 22:15:00,CELL-HYD-02,Hyderabad,44.64,175.46,0,0.993,381
2026-08-04 10:00:00,CELL-MUM-03,Mumbai,44.33,135.94,0,0.803,409
2026-08-05 17:15:00,CELL-HYD-02,Hyderabad,50.83,177.4,0,0.824,199
2026-08-02 16:15:00,CELL-MUM-03,Mumbai,48.1,141.3,0,0.631,377
2026-08-02 17:45:00,CELL-KOL-01,Kolkata,55.56,149.17,0,0.595,278
2026-08-01 18:45:00,CELL-DEL-02,Delhi,56.3,174.57,0,0.751,414
2026-08-03 15:00:00,CELL-MUM-01,Mumbai,29.89,181.69,0,0.713,348
2026-08-03 13:15:00,CELL-CHE-01,Chennai,42.18,160.09,0,0.501,394
2026-08-04 02:30:00,CELL-HYD-02,Hyderabad,35.28,208.76,0,0.482,349
2026-08-05 19:15:00,CELL-BLR-01,Bengaluru,59.26,146.12,0,0.76,374
2026-08-04 01:45:00,CELL-BLR-03,Bengaluru,37.41,193.15,0,0.668,238
2026-08-01 02:00:00,CELL-CHE-01,Chennai,27.17,149.03,0,0.681,381
2026-08-04 01:30:00,CELL-BLR-02,Bengaluru,24.93,232.4,0,0.854,319
2026-08-01 20:30:00,CELL-CHE-01,Chennai,41.77,141.42,0,0.882,244
2026-08-01 18:30:00,CELL-CHE-02,Chennai,34.7,122.09,0,0.068,395
2026-08-01 20:00:00,CELL-MUM-02,Mumbai,58.95,132.48,0,0.847,284
2026-08-01 06:45:00,CELL-MUM-02,Mumbai,38.74,214.2,0,0.454,271
2026-08-05 22:00:00,CELL-KOL-03,Kolkata,41.75,169.8,0,0.98,385
2026-08-01 18:45:00,CELL-BLR-01,Bengaluru,50.29,149.38,0,1.075,555
2026-08-04 23:45:00,CELL-MUM-01,Mumbai,22.63,176.46,0,0.471,492
2026-08-02 11:00:00,CELL-HYD-02,Hyderabad,35.41,173.06,0,0.774,536
2026-08-04 20:45:00,CELL-KOL-03,Kolkata,38.13,191.37,0,0.72,405
2026-08-03 09:45:00,CELL-HYD-03,Hyderabad,33.74,141.74,0,0.376,302
2026-08-01 05:30:00,CELL-CHE-03,Chennai,34.26,232.54,0,0.174,331
2026-08-01 16:00:00,CELL-KOL-03,Kolkata,34.12,214.74,0,0.814,301
2026-08-05 14:45:00,CELL-DEL-01,Delhi,28.11,242.8,0,0.692,390
2026-08-05 07:00:00,CELL-HYD-01,Hyderabad,30.94,158.22,0,0.899,248
2026-08-05 18:15:00,CELL-CHE-03,Chennai,46.79,193.34,0,1.246,658
2026-08-05 05:15:00,CELL-DEL-01,Delhi,25.53,216.9,0,0.439,508
2026-08-04 10:45:00,CELL-DEL-03,Delhi,33.96,163.14,0,0.754,547
2026-08-04 21:45:00,CELL-DEL-03,Delhi,35.98,121.21,0,1.043,318
2026-08-05 21:45:00,CELL-BLR-02,Bengaluru,36.27,214.16,0,0.474,475
2026-08-04 22:15:00,CELL-MUM-03,Mumbai,53.21,129.31,0,1.046,381
2026-08-02 12:30:00,CELL-DEL-03,Delhi,40.72,169.8,0,0.487,445
2026-08-05 04:15:00,CELL-DEL-03,Delhi,27.64,180.63,0,0.112,289
2026-08-02 20:00:00,CELL-DEL-01,Delhi,38.22,175.73,0,0.186,412
2026-08-01 18:45:00,CELL-MUM-01,Mumbai,40.0,175.6,0,0.591,600
2026-08-03 07:00:00,CELL-HYD-02,Hyderabad,37.79,207.82,0,0.582,364
2026-08-04 00:15:00,CELL-BLR-02,Bengaluru,26.04,268.34,0,0.721,314
2026-08-01 22:00:00,CELL-CHE-02,Chennai,35.35,121.56,0,0.758,473
2026-08-04 12:30:00,CELL-MUM-02,Mumbai,56.9,130.79,0,0.062,214
2026-08-01 23:30:00,CELL-HYD-01,Hyderabad,40.6,153.24,0,0.623,312
2026-08-01 22:15:00,CELL-HYD-03,Hyderabad,38.61,126.46,0,0.785,248
2026-08-01 14:15:00,CELL-DEL-01,Delhi,37.91,216.84,0,0.504,446
2026-08-02 09:00:00,CELL-BLR-03,Bengaluru,48.54,181.64,0,0.888,376
2026-08-04 01:15:00,CELL-MUM-02,Mumbai,37.83,156.61,0,0.565,345
2026-08-01 21:45:00,CELL-CHE-01,Chennai,40.73,117.96,0,0.673,513
2026-08-04 23:30:00,CELL-MUM-01,Mumbai,26.07,187.7,0,0.407,501
2026-08-02 17:45:00,CELL-KOL-03,Kolkata,38.93,176.07,0,0.277,383
2026-08-05 02:15:00,CELL-MUM-02,Mumbai,44.9,177.6,0,0.871,403
2026-08-03 16:30:00,CELL-BLR-01,Bengaluru,44.16,166.09,0,0.442,282
2026-08-01 00:45:00,CELL-DEL-01,Delhi,23.37,219.02,0,0.2,318
2026-08-05 01:45:00,CELL-HYD-03,Hyderabad,28.19,137.95,0,0.616,212
2026-08-03 09:30:00,CELL-CHE-02,Chennai,29.07,139.09,0,0.671,660
2026-08-05 08:45:00,CELL-BLR-02,Bengaluru,26.48,225.88,0,0.435,164
2026-08-02 04:00:00,CELL-CHE-03,Chennai,37.18,282.25,0,0.65,281
2026-08-03 23:15:00,CELL-DEL-02,Delhi,35.6,172.89,0,0.546,461
2026-08-01 13:15:00,CELL-CHE-01,Chennai,28.98,139.62,0,0.638,481
2026-08-03 04:00:00,CELL-CHE-02,Chennai,28.62,165.23,0,0.645,225
2026-08-05 03:45:00,CELL-MUM-02,Mumbai,40.49,185.92,0,0.287,289
2026-08-02 21:45:00,CELL-DEL-03,Delhi,43.42,171.58,0,0.554,247
2026-08-01 10:45:00,CELL-HYD-02,Hyderabad,46.99,169.32,0,0.338,461
2026-08-04 05:00:00,CELL-DEL-01,Delhi,28.6,267.21,0,0.247,480
2026-08-05 08:30:00,CELL-CHE-01,Chennai,32.23,156.68,0,0.463,337
2026-08-02 08:30:00,CELL-CHE-01,Chennai,30.68,167.53,0,0.989,436
2026-08-01 17:30:00,CELL-CHE-01,Chennai,38.29,125.34,0,0.46,317
2026-08-01 10:30:00,CELL-KOL-03,Kolkata,33.34,164.12,0,0.94,390
2026-08-04 18:45:00,CELL-MUM-03,Mumbai,65.58,105.15,0,1.068,379
2026-08-01 18:15:00,CELL-CHE-02,Chennai,42.16,116.09,0,0.779,617
2026-08-05 10:00:00,CELL-DEL-03,Delhi,31.41,160.7,0,0.719,440
2026-08-02 20:30:00,CELL-BLR-03,Bengaluru,57.23,131.18,0,1.172,208
2026-08-04 22:00:00,CELL-BLR-01,Bengaluru,42.38,178.24,0,0.221,193
2026-08-05 09:30:00,CELL-KOL-02,Kolkata,35.08,188.57,0,0.249,340
2026-08-02 09:45:00,CELL-DEL-01,Delhi,33.71,237.7,0,0.574,457
2026-08-02 10:30:00,CELL-HYD-03,Hyderabad,39.32,129.35,0,0.717,517
2026-08-05 19:30:00,CELL-MUM-03,Mumbai,56.71,124.37,0,0.825,648
2026-08-01 15:15:00,CELL-KOL-01,Kolkata,44.68,193.0,0,0.717,358
2026-08-02 07:00:00,CELL-HYD-03,Hyderabad,34.75,146.83,0,0.803,233
2026-08-03 06:00:00,CELL-DEL-03,Delhi,31.31,171.55,0,0.14,265
2026-08-01 03:45:00,CELL-KOL-03,Kolkata,28.62,238.52,0,1.125,321
2026-08-01 17:30:00,CELL-BLR-01,Bengaluru,44.07,123.08,0,0.46,574
2026-08-05 10:15:00,CELL-DEL-02,Delhi,39.43,208.19,0,0.58,411
2026-08-05 13:00:00,CELL-DEL-02,Delhi,40.65,241.37,0,0.586,518
2026-08-01 17:45:00,CELL-DEL-02,Delhi,46.62,209.18,0,0.704,551
2026-08-05 22:45:00,CELL-BLR-03,Bengaluru,45.1,141.97,0,0.628,186
2026-08-01 08:30:00,CELL-BLR-03,Bengaluru,31.77,203.22,0,0.43,460
2026-08-02 01:45:00,CELL-HYD-02,Hyderabad,37.0,205.08,0,0.41,395
2026-08-01 06:00:00,CELL-KOL-03,Kolkata,30.7,218.02,0,0.64,395
2026-08-05 17:45:00,CELL-HYD-01,Hyderabad,39.45,160.34,0,0.89,402
2026-08-05 14:00:00,CELL-BLR-02,Bengaluru,30.34,239.58,0,0.429,362
2026-08-03 16:15:00,CELL-BLR-01,Bengaluru,36.21,178.6,0,0.704,382
2026-08-02 13:00:00,CELL-DEL-03,Delhi,40.14,123.68,0,0.493,548
2026-08-03 09:30:00,CELL-KOL-03,Kolkata,31.82,216.43,0,0.684,146
2026-08-03 21:45:00,CELL-CHE-01,Chennai,37.83,144.74,0,0.729,438
2026-08-02 23:45:00,CELL-CHE-02,Chennai,33.11,131.09,0,0.512,393
2026-08-03 02:30:00,CELL-HYD-01,Hyderabad,29.81,178.32,0,0.458,130
2026-08-03 02:45:00,CELL-MUM-01,Mumbai,30.06,224.81,0,0.764,150
2026-08-04 01:15:00,CELL-MUM-01,Mumbai,31.29,249.33,0,0.299,123
2026-08-05 04:00:00,CELL-MUM-01,Mumbai,25.48,231.17,0,0.374,396
2026-08-04 18:15:00,CELL-DEL-03,Delhi,39.01,132.23,0,0.98,272
2026-08-02 09:15:00,CELL-HYD-02,Hyderabad,41.45,163.0,0,0.886,345
2026-08-02 00:45:00,CELL-KOL-03,Kolkata,35.12,233.92,0,0.614,434
2026-08-05 22:30:00,CELL-DEL-01,Delhi,34.93,199.18,0,0.62,506
2026-08-04 20:45:00,CELL-BLR-01,Bengaluru,56.03,146.31,0,0.642,573
2026-08-05 00:45:00,CELL-KOL-03,Kolkata,26.66,219.59,0,0.759,342
2026-08-03 06:45:00,CELL-BLR-03,Bengaluru,39.42,183.03,0,0.675,310
2026-08-01 04:45:00,CELL-DEL-01,Delhi,28.63,223.61,0,0.546,469
2026-08-01 18:00:00,CELL-HYD-03,Hyderabad,30.98,104.64,0,0.781,367
2026-08-05 23:30:00,CELL-MUM-02,Mumbai,49.4,154.99,0,0.754,397
2026-08-04 08:30:00,CELL-CHE-02,Chennai,23.9,186.47,0,0.187,375
2026-08-04 05:30:00,CELL-MUM-03,Mumbai,37.84,164.31,0,0.803,256
2026-08-04 21:30:00,CELL-BLR-02,Bengaluru,37.43,197.96,0,1.179,495
2026-08-02 22:45:00,CELL-KOL-01,Kolkata,46.66,173.63,0,0.964,538
2026-08-04 19:15:00,CELL-MUM-02,Mumbai,58.15,110.33,0,0.69,316
2026-08-01 17:15:00,CELL-DEL-03,Delhi,35.11,170.37,0,0.412,330
2026-08-03 07:45:00,CELL-CHE-02,Chennai,25.21,165.46,0,1.022,378
2026-08-04 19:30:00,CELL-MUM-02,Mumbai,62.83,132.4,0,0.97,411
2026-08-04 12:00:00,CELL-KOL-02,Kolkata,35.56,149.27,0,0.391,431
2026-08-05 02:00:00,CELL-KOL-02,Kolkata,28.33,210.8,0,0.257,304
2026-08-03 08:15:00,CELL-KOL-02,Kolkata,32.99,177.3,0,0.781,241
2026-08-02 16:30:00,CELL-MUM-03,Mumbai,36.73,152.85,0,0.463,224
2026-08-05 07:00:00,CELL-KOL-03,Kolkata,31.21,225.58,0,0.573,268
2026-08-04 19:00:00,CELL-DEL-01,Delhi,38.56,193.12,0,1.156,495
2026-08-02 18:30:00,CELL-KOL-01,Kolkata,61.3,136.09,0,0.581,432
2026-08-01 21:15:00,CELL-DEL-01,Delhi,46.05,191.83,0,0.945,464
2026-08-02 18:15:00,CELL-DEL-02,Delhi,60.15,214.26,0,0.359,316
2026-08-01 19:30:00,CELL-DEL-01,Delhi,38.98,151.55,0,0.384,204
2026-08-04 12:00:00,CELL-DEL-02,Delhi,51.56,194.55,0,1.367,291
2026-08-03 17:45:00,CELL-MUM-02,Mumbai,48.09,144.6,0,0.606,392
2026-08-01 22:15:00,CELL-CHE-03,Chennai,45.26,243.0,0,0.515,345
2026-08-01 04:00:00,CELL-MUM-02,Mumbai,55.78,188.2,0,0.144,361
2026-08-03 04:00:00,CELL-BLR-03,Bengaluru,41.55,179.46,0,0.262,320
2026-08-04 10:30:00,CELL-MUM-02,Mumbai,47.85,164.37,0,0.536,397
2026-08-05 18:15:00,CELL-KOL-02,Kolkata,40.46,160.94,0,0.602,322
2026-08-05 13:15:00,CELL-HYD-02,Hyderabad,37.49,152.37,0,0.731,341
2026-08-02 02:00:00,CELL-BLR-01,Bengaluru,36.63,168.36,0,0.476,47
2026-08-05 14:00:00,CELL-CHE-02,Chennai,34.93,136.5,0,0.573,343
2026-08-02 14:30:00,CELL-KOL-01,Kolkata,51.63,205.69,0,0.266,443
2026-08-04 02:30:00,CELL-HYD-03,Hyderabad,27.91,163.99,0,0.732,462
2026-08-01 13:15:00,CELL-KOL-03,Kolkata,40.56,196.03,0,0.767,361
2026-08-04 18:15:00,CELL-DEL-02,Delhi,52.35,183.83,0,0.467,503
2026-08-04 23:45:00,CELL-HYD-03,Hyderabad,31.91,113.39,0,0.75,249
2026-08-05 12:00:00,CELL-KOL-02,Kolkata,40.23,155.91,0,0.565,455
2026-08-03 20:45:00,CELL-CHE-02,Chennai,38.47,105.74,0,0.864,634
2026-08-04 09:00:00,CELL-BLR-02,Bengaluru,24.82,184.14,0,0.782,481
2026-08-01 00:45:00,CELL-MUM-02,Mumbai,39.14,182.05,0,0.979,348
2026-08-01 13:45:00,CELL-KOL-01,Kolkata,48.05,174.19,0,0.638,428
2026-08-01 21:45:00,CELL-KOL-01,Kolkata,60.4,153.84,0,0.656,365
2026-08-01 18:15:00,CELL-BLR-03,Bengaluru,55.86,151.58,0,1.108,446
2026-08-05 00:15:00,CELL-CHE-02,Chennai,24.15,173.28,0,0.728,377
2026-08-05 08:00:00,CELL-MUM-03,Mumbai,48.0,162.42,0,0.898,119
2026-08-03 18:15:00,CELL-KOL-02,Kolkata,40.2,131.1,0,0.615,554
2026-08-01 20:30:00,CELL-CHE-03,Chennai,54.18,164.93,0,1.291,210
2026-08-05 15:30:00,CELL-MUM-02,Mumbai,42.65,178.67,0,0.672,335
2026-08-02 22:45:00,CELL-CHE-02,Chennai,27.87,132.45,0,0.59,402
2026-08-02 06:00:00,CELL-BLR-02,Bengaluru,22.25,284.97,0,0.462,391
2026-08-04 06:45:00,CELL-DEL-02,Delhi,37.18,209.67,0,0.167,317
2026-08-05 03:30:00,CELL-BLR-01,Bengaluru,27.1,196.9,0,0.703,387
2026-08-03 11:15:00,CELL-KOL-01,Kolkata,47.24,174.34,0,0.548,415
2026-08-01 08:15:00,CELL-MUM-02,Mumbai,37.7,201.88,0,0.558,282
2026-08-01 14:30:00,CELL-CHE-01,Chennai,42.22,181.97,0,0.316,98
2026-08-04 21:45:00,CELL-MUM-02,Mumbai,53.93,152.25,0,0.863,730
2026-08-02 03:30:00,CELL-CHE-03,Chennai,27.25,241.66,0,0.72,281
2026-08-05 04:00:00,CELL-KOL-02,Kolkata,29.01,187.92,0,0.578,474
2026-08-02 11:00:00,CELL-KOL-03,Kolkata,36.58,202.73,0,0.465,413
2026-08-04 02:15:00,CELL-CHE-01,Chennai,36.97,170.04,0,0.586,386
2026-08-03 23:30:00,CELL-BLR-01,Bengaluru,31.77,179.25,0,0.439,314
2026-08-05 20:15:00,CELL-HYD-03,Hyderabad,41.62,89.35,0,0.631,461
2026-08-01 23:15:00,CELL-BLR-01,Bengaluru,34.72,180.94,0,0.48,308
2026-08-01 06:15:00,CELL-DEL-03,Delhi,25.97,214.91,0,0.787,321
2026-08-01 20:15:00,CELL-KOL-03,Kolkata,45.4,173.21,0,0.747,381
2026-08-04 01:45:00,CELL-MUM-02,Mumbai,39.49,229.28,0,0.234,442
2026-08-04 20:30:00,CELL-DEL-03,Delhi,43.75,122.18,0,1.058,470
2026-08-04 14:00:00,CELL-BLR-02,Bengaluru,37.5,199.96,0,0.605,302
2026-08-05 14:00:00,CELL-MUM-01,Mumbai,34.22,186.35,0,0.815,79
2026-08-04 22:30:00,CELL-CHE-01,Chennai,38.6,164.8,0,0.785,402
2026-08-05 02:00:00,CELL-HYD-01,Hyderabad,33.4,169.67,0,0.575,294
2026-08-02 20:30:00,CELL-KOL-01,Kolkata,81.17,141.32,0,0.885,510
2026-08-05 06:45:00,CELL-HYD-03,Hyderabad,34.98,144.21,0,0.038,307
2026-08-05 04:45:00,CELL-KOL-03,Kolkata,28.79,227.66,0,0.551,451
2026-08-05 22:30:00,CELL-BLR-01,Bengaluru,57.19,154.87,0,0.878,392
2026-08-03 01:00:00,CELL-KOL-02,Kolkata,32.46,170.81,0,0.827,312
2026-08-05 18:00:00,CELL-DEL-01,Delhi,38.47,213.54,0,0.284,546
2026-08-03 06:30:00,CELL-HYD-02,Hyderabad,36.06,187.47,0,0.489,256
2026-08-03 01:30:00,CELL-DEL-01,Delhi,28.26,237.25,0,0.731,170
2026-08-03 20:45:00,CELL-BLR-03,Bengaluru,58.16,145.79,0,0.695,460
2026-08-01 00:45:00,CELL-KOL-03,Kolkata,29.3,285.42,0,0.538,335
2026-08-02 07:15:00,CELL-MUM-03,Mumbai,44.49,147.4,0,0.62,377
2026-08-03 11:15:00,CELL-BLR-02,Bengaluru,31.67,204.7,0,0.842,390
2026-08-05 07:00:00,CELL-KOL-02,Kolkata,34.18,180.35,0,0.545,312
2026-08-01 07:00:00,CELL-CHE-01,Chennai,29.3,177.1,0,0.391,292
2026-08-01 06:00:00,CELL-MUM-01,Mumbai,29.21,228.15,0,0.486,343
2026-08-04 05:00:00,CELL-BLR-02,Bengaluru,26.43,306.8,0,0.848,417
2026-08-04 21:15:00,CELL-KOL-01,Kolkata,62.78,161.57,0,0.422,556
2026-08-01 04:30:00,CELL-MUM-01,Mumbai,26.22,191.56,0,0.1,288
2026-08-02 07:45:00,CELL-BLR-01,Bengaluru,41.39,183.2,0,0.256,292
2026-08-02 21:45:00,CELL-CHE-03,Chennai,39.7,211.52,0,0.801,520
2026-08-01 05:30:00,CELL-HYD-01,Hyderabad,23.04,171.04,0,0.941,428
2026-08-05 16:15:00,CELL-DEL-02,Delhi,37.39,213.44,0,0.812,348
2026-08-01 07:30:00,CELL-DEL-03,Delhi,30.01,191.85,0,0.675,211
2026-08-01 19:00:00,CELL-KOL-03,Kolkata,41.72,190.3,0,0.153,439
2026-08-03 23:45:00,CELL-BLR-01,Bengaluru,43.36,176.45,0,0.653,667
2026-08-03 07:15:00,CELL-MUM-02,Mumbai,42.42,202.04,0,0.682,433
2026-08-03 04:30:00,CELL-CHE-02,Chennai,31.0,136.18,0,0.762,378
2026-08-02 14:30:00,CELL-BLR-03,Bengaluru,45.42,167.98,0,0.622,387
2026-08-02 00:45:00,CELL-KOL-01,Kolkata,47.89,218.54,0,0.818,317
2026-08-02 13:45:00,CELL-CHE-01,Chennai,37.54,142.58,0,0.813,229
2026-08-03 03:00:00,CELL-DEL-01,Delhi,34.15,211.02,0,0.789,310
2026-08-01 03:30:00,CELL-CHE-03,Chennai,28.7,249.29,0,0.69,385
2026-08-05 19:00:00,CELL-MUM-01,Mumbai,39.19,159.95,0,1.247,245
2026-08-02 20:00:00,CELL-DEL-02,Delhi,52.93,167.95,0,0.254,262
2026-08-03 00:45:00,CELL-DEL-02,Delhi,38.7,254.62,0,0.822,331
2026-08-02 02:30:00,CELL-KOL-01,Kolkata,37.42,196.07,0,0.177,386
2026-08-03 00:00:00,CELL-MUM-01,Mumbai,31.98,186.04,0,0.367,204
2026-08-05 05:30:00,CELL-MUM-03,Mumbai,36.59,139.12,0,0.487,188
2026-08-01 19:45:00,CELL-HYD-02,Hyderabad,53.54,135.71,0,0.529,578
2026-08-03 23:00:00,CELL-BLR-01,Bengaluru,32.46,194.59,0,0.14,359
2026-08-05 06:45:00,CELL-HYD-02,Hyderabad,35.84,196.04,0,0.23,333
2026-08-01 11:30:00,CELL-MUM-03,Mumbai,52.38,120.72,0,0.421,417
2026-08-04 20:30:00,CELL-KOL-02,Kolkata,51.58,130.39,0,0.757,603
2026-08-04 05:30:00,CELL-CHE-03,Chennai,39.63,228.93,0,0.866,371
2026-08-01 13:30:00,CELL-MUM-02,Mumbai,59.02,172.49,0,0.404,304
2026-08-02 23:45:00,CELL-CHE-03,Chennai,30.39,226.51,0,0.529,341
2026-08-01 05:15:00,CELL-BLR-01,Bengaluru,40.98,185.74,0,0.462,291
2026-08-01 21:00:00,CELL-BLR-03,Bengaluru,44.79,140.32,0,0.39,483
2026-08-01 02:45:00,CELL-DEL-01,Delhi,31.49,262.98,0,0.84,189
2026-08-04 22:15:00,CELL-BLR-02,Bengaluru,36.16,205.74,0,0.301,318
2026-08-01 18:30:00,CELL-CHE-01,Chennai,41.14,113.75,0,0.944,353
2026-08-05 14:30:00,CELL-MUM-01,Mumbai,35.85,207.54,0,0.451,299
2026-08-04 15:30:00,CELL-MUM-02,Mumbai,46.7,166.46,0,0.592,242
2026-08-01 04:30:00,CELL-MUM-03,Mumbai,37.69,175.45,0,0.154,375
2026-08-02 06:45:00,CELL-MUM-02,Mumbai,45.87,185.24,0,0.35,258
2026-08-03 20:30:00,CELL-CHE-03,Chennai,49.92,178.87,0,1.163,482
2026-08-04 23:30:00,CELL-BLR-03,Bengaluru,44.84,180.34,0,1.013,308
2026-08-04 21:15:00,CELL-DEL-01,Delhi,40.39,187.92,0,0.626,351
2026-08-04 15:45:00,CELL-KOL-03,Kolkata,28.14,219.28,0,0.252,239
2026-08-03 14:45:00,CELL-DEL-02,Delhi,38.9,244.52,0,0.579,376
2026-08-05 03:00:00,CELL-CHE-01,Chennai,33.17,154.5,0,0.637,432
2026-08-05 03:15:00,CELL-BLR-03,Bengaluru,31.92,186.52,0,0.402,169
2026-08-04 00:00:00,CELL-BLR-03,Bengaluru,38.94,164.62,0,0.938,350
2026-08-04 05:45:00,CELL-DEL-02,Delhi,41.07,245.79,0,0.392,208
2026-08-01 10:45:00,CELL-MUM-03,Mumbai,40.14,132.01,0,0.507,517
2026-08-04 06:45:00,CELL-BLR-02,Bengaluru,27.12,259.7,0,0.478,394
2026-08-01 03:15:00,CELL-KOL-02,Kolkata,28.47,208.24,0,0.187,372
2026-08-04 12:30:00,CELL-MUM-01,Mumbai,31.53,199.35,0,0.541,302
2026-08-01 13:15:00,CELL-MUM-03,Mumbai,43.09,132.95,0,1.478,391
2026-08-02 00:45:00,CELL-BLR-03,Bengaluru,40.71,163.14,0,0.572,296
2026-08-01 07:45:00,CELL-KOL-03,Kolkata,29.59,257.43,0,0.158,330
2026-08-01 13:45:00,CELL-BLR-01,Bengaluru,40.31,178.06,0,1.098,192
2026-08-03 02:15:00,CELL-MUM-02,Mumbai,53.45,194.33,0,0.172,283
2026-08-03 16:15:00,CELL-DEL-02,Delhi,43.45,240.2,0,0.415,383
2026-08-05 05:15:00,CELL-BLR-03,Bengaluru,48.63,170.18,0,0.729,354
2026-08-03 15:45:00,CELL-KOL-01,Kolkata,42.98,180.56,0,0.633,269
2026-08-01 09:30:00,CELL-KOL-03,Kolkata,34.24,212.72,0,0.648,280
2026-08-02 19:15:00,CELL-HYD-01,Hyderabad,43.71,142.75,0,0.577,211
2026-08-04 03:00:00,CELL-KOL-02,Kolkata,31.1,191.49,0,0.625,384
2026-08-01 07:45:00,CELL-MUM-03,Mumbai,39.54,160.3,0,0.499,434
2026-08-01 22:45:00,CELL-HYD-03,Hyderabad,33.63,129.89,0,0.453,382
2026-08-01 11:45:00,CELL-BLR-01,Bengaluru,47.59,153.87,0,0.371,214
2026-08-04 23:00:00,CELL-CHE-01,Chennai,38.2,170.48,0,0.502,419
2026-08-03 23:30:00,CELL-HYD-02,Hyderabad,40.44,171.2,0,0.729,238
2026-08-04 19:15:00,CELL-DEL-03,Delhi,45.1,127.18,0,0.99,404
2026-08-02 06:15:00,CELL-HYD-01,Hyderabad,30.84,169.77,0,0.524,156
2026-08-02 00:00:00,CELL-CHE-01,Chennai,34.95,174.41,0,0.303,348
2026-08-01 15:00:00,CELL-DEL-01,Delhi,31.64,256.83,0,0.323,361
2026-08-05 15:30:00,CELL-HYD-01,Hyderabad,33.28,155.12,0,0.243,279
2026-08-03 00:15:00,CELL-MUM-01,Mumbai,26.81,230.44,0,0.77,410
2026-08-05 05:00:00,CELL-CHE-03,Chennai,29.64,254.39,0,0.697,431
2026-08-02 20:00:00,CELL-BLR-01,Bengaluru,64.09,148.15,0,0.692,259
2026-08-01 04:15:00,CELL-KOL-03,Kolkata,31.88,226.6,0,0.657,393
2026-08-05 04:30:00,CELL-CHE-03,Chennai,34.13,254.07,0,0.251,168
2026-08-01 20:45:00,CELL-HYD-03,Hyderabad,38.69,91.94,0,0.674,490
2026-08-05 16:00:00,CELL-BLR-03,Bengaluru,50.44,181.83,0,0.054,349
2026-08-04 23:30:00,CELL-DEL-03,Delhi,35.84,162.39,0,0.42,331
2026-08-02 22:00:00,CELL-MUM-02,Mumbai,63.8,157.95,0,1.043,385
2026-08-04 04:30:00,CELL-KOL-02,Kolkata,29.08,181.12,0,0.214,268
2026-08-04 03:00:00,CELL-BLR-02,Bengaluru,,0.0,15,0.508,350
2026-08-02 10:00:00,CELL-HYD-02,Hyderabad,44.62,157.11,0,0.508,318
2026-08-04 23:30:00,CELL-KOL-01,Kolkata,49.85,175.62,0,0.376,626
2026-08-02 22:00:00,CELL-HYD-03,Hyderabad,35.88,101.15,0,1.141,375
2026-08-04 01:15:00,CELL-BLR-01,Bengaluru,32.64,212.31,0,0.563,220
2026-08-01 19:15:00,CELL-DEL-03,Delhi,46.29,121.29,0,0.472,610
2026-08-04 17:15:00,CELL-HYD-02,Hyderabad,38.47,177.25,0,0.214,332
2026-08-02 04:00:00,CELL-MUM-02,Mumbai,44.55,175.56,0,0.713,313
2026-08-02 23:00:00,CELL-DEL-02,Delhi,48.54,223.11,0,0.793,159
2026-08-02 10:30:00,CELL-BLR-01,Bengaluru,44.13,159.56,0,0.754,434
2026-08-03 08:45:00,CELL-BLR-01,Bengaluru,38.63,205.56,0,0.345,351
2026-08-04 09:15:00,CELL-DEL-03,Delhi,25.81,184.26,0,0.059,381
2026-08-05 08:00:00,CELL-BLR-02,Bengaluru,31.97,247.46,0,0.529,443
2026-08-01 01:00:00,CELL-HYD-02,Hyderabad,34.12,199.29,0,0.745,313
2026-08-03 15:30:00,CELL-HYD-01,Hyderabad,33.41,166.83,0,0.575,320
2026-08-03 18:45:00,CELL-DEL-01,Delhi,38.14,194.24,0,0.811,485
2026-08-01 15:45:00,CELL-CHE-01,Chennai,36.5,165.64,0,0.731,416
2026-08-01 04:30:00,CELL-BLR-02,Bengaluru,29.6,249.31,0,0.799,173
2026-08-01 21:30:00,CELL-CHE-03,Chennai,44.95,181.21,0,1.319,347
2026-08-03 13:45:00,CELL-BLR-01,Bengaluru,42.37,172.96,0,0.729,523
2026-08-02 03:15:00,CELL-CHE-02,Chennai,24.97,152.23,0,0.918,299
2026-08-02 03:00:00,CELL-MUM-01,Mumbai,29.38,221.16,0,0.774,163
2026-08-01 05:45:00,CELL-CHE-03,Chennai,37.53,286.33,0,0.502,498
2026-08-04 17:45:00,CELL-CHE-01,Chennai,39.46,156.49,0,0.757,348
2026-08-02 15:15:00,CELL-DEL-01,Delhi,29.99,209.99,0,0.28,495
2026-08-04 23:15:00,CELL-KOL-01,Kolkata,41.15,197.76,0,0.561,402
2026-08-05 05:45:00,CELL-KOL-03,Kolkata,30.11,222.29,0,0.827,354
2026-08-02 13:45:00,CELL-MUM-01,Mumbai,36.55,209.27,0,0.461,345
2026-08-04 02:15:00,CELL-DEL-03,Delhi,28.42,219.42,0,0.137,193
2026-08-02 18:30:00,CELL-MUM-01,Mumbai,33.17,164.61,0,0.245,559
2026-08-02 17:45:00,CELL-BLR-01,Bengaluru,45.49,169.12,0,0.69,271
2026-08-04 04:30:00,CELL-HYD-01,Hyderabad,31.83,222.21,0,0.537,339
2026-08-02 17:45:00,CELL-CHE-01,Chennai,38.73,165.65,0,0.773,256
2026-08-03 05:30:00,CELL-DEL-01,Delhi,27.44,249.0,0,0.315,266
2026-08-02 18:00:00,CELL-KOL-01,Kolkata,58.51,137.83,0,0.45,444
2026-08-01 06:45:00,CELL-BLR-03,Bengaluru,42.05,203.79,0,0.59,398
2026-08-02 19:30:00,CELL-KOL-02,Kolkata,43.73,130.68,0,0.883,412
2026-08-04 17:30:00,CELL-BLR-01,Bengaluru,44.31,169.34,0,1.159,316
2026-08-02 03:00:00,CELL-HYD-02,Hyderabad,32.13,190.61,0,0.633,373
2026-08-03 14:45:00,CELL-CHE-03,Chennai,38.05,243.59,0,0.128,227
2026-08-02 07:00:00,CELL-KOL-02,Kolkata,33.96,168.63,0,0.209,343
2026-08-02 05:00:00,CELL-BLR-02,Bengaluru,28.06,223.89,0,0.597,304
2026-08-02 01:15:00,CELL-MUM-03,Mumbai,41.29,151.02,0,0.64,291
2026-08-05 11:30:00,CELL-BLR-01,Bengaluru,44.7,161.43,0,0.797,485
2026-08-02 06:30:00,CELL-KOL-01,Kolkata,37.75,228.31,0,0.666,354
2026-08-01 16:15:00,CELL-CHE-02,Chennai,33.96,143.69,0,0.606,327
2026-08-02 00:45:00,CELL-CHE-03,Chennai,35.65,274.98,0,0.535,359
2026-08-01 01:45:00,CELL-MUM-02,Mumbai,,208.57,0,0.456,403
2026-08-02 21:30:00,CELL-DEL-03,Delhi,41.13,158.37,0,0.784,434
2026-08-05 08:00:00,CELL-KOL-01,Kolkata,45.04,207.98,0,0.669,402
2026-08-03 04:00:00,CELL-HYD-01,Hyderabad,32.73,172.07,0,0.473,267
2026-08-01 07:15:00,CELL-KOL-02,Kolkata,31.8,197.48,0,0.622,513
2026-08-05 03:15:00,CELL-DEL-02,Delhi,31.63,283.36,0,0.402,251
2026-08-02 13:15:00,CELL-MUM-03,Mumbai,43.65,123.05,0,1.043,424
2026-08-03 08:00:00,CELL-MUM-03,Mumbai,41.94,165.82,0,0.619,327
2026-08-02 17:15:00,CELL-DEL-02,Delhi,38.73,187.68,0,0.848,250
2026-08-03 08:00:00,CELL-MUM-02,Mumbai,47.46,197.04,0,0.861,322
2026-08-05 12:15:00,CELL-CHE-03,Chennai,42.76,202.1,0,0.195,356
2026-08-04 17:30:00,CELL-DEL-03,Delhi,30.12,163.57,0,0.785,305
2026-08-04 15:45:00,CELL-BLR-01,Bengaluru,36.49,193.3,0,0.389,376
2026-08-03 18:30:00,CELL-DEL-03,Delhi,67.62,153.87,0,1.421,341
2026-08-01 19:15:00,CELL-BLR-03,Bengaluru,54.11,126.1,0,0.877,430
2026-08-03 15:00:00,CELL-DEL-03,Delhi,32.75,178.62,0,0.408,554
2026-08-01 19:45:00,CELL-KOL-03,Kolkata,35.09,148.27,0,1.11,424
2026-08-01 17:15:00,CELL-CHE-03,Chennai,37.62,231.14,0,0.464,496
2026-08-01 12:45:00,CELL-DEL-01,Delhi,47.9,199.31,0,0.631,409
2026-08-02 02:15:00,CELL-CHE-03,Chennai,36.83,246.84,0,0.598,328
2026-08-04 04:30:00,CELL-DEL-02,Delhi,46.56,232.89,0,0.46,494
2026-08-01 20:15:00,CELL-DEL-02,Delhi,59.37,176.39,0,0.543,429
2026-08-02 03:30:00,CELL-DEL-03,Delhi,31.18,185.27,0,0.67,411
2026-08-01 02:15:00,CELL-MUM-02,Mumbai,47.96,201.47,0,0.413,225
2026-08-05 17:30:00,CELL-MUM-03,Mumbai,47.31,128.99,0,0.482,395
2026-08-05 15:15:00,CELL-MUM-02,Mumbai,42.22,189.43,0,0.772,375
2026-08-04 19:00:00,CELL-CHE-02,Chennai,37.93,98.62,0,0.683,280
2026-08-03 12:00:00,CELL-CHE-02,Chennai,40.58,128.89,0,0.778,548
2026-08-05 17:45:00,CELL-BLR-01,Bengaluru,46.12,170.81,0,0.725,230
2026-08-05 01:00:00,CELL-DEL-01,Delhi,30.7,223.34,0,0.565,422
2026-08-03 09:00:00,CELL-MUM-03,Mumbai,44.24,139.92,0,0.532,161
2026-08-01 07:30:00,CELL-CHE-02,Chennai,30.15,136.48,0,0.344,176
2026-08-01 02:00:00,CELL-HYD-03,Hyderabad,26.18,141.71,0,0.595,291
2026-08-02 14:45:00,CELL-MUM-02,Mumbai,42.47,176.47,0,0.563,411
2026-08-05 19:15:00,CELL-DEL-02,Delhi,49.75,172.07,0,0.804,561
2026-08-02 02:30:00,CELL-DEL-02,Delhi,38.67,261.73,0,0.665,280
2026-08-03 01:00:00,CELL-HYD-03,Hyderabad,35.27,127.6,0,0.676,217
2026-08-04 05:45:00,CELL-KOL-03,Kolkata,32.89,237.77,0,0.468,194
2026-08-01 21:30:00,CELL-CHE-01,Chennai,42.11,146.01,0,1.062,440
2026-08-05 15:45:00,CELL-MUM-03,Mumbai,39.11,148.09,0,0.981,265
2026-08-02 05:00:00,CELL-MUM-01,Mumbai,25.88,227.58,0,0.808,275
2026-08-02 07:00:00,CELL-BLR-01,Bengaluru,36.18,176.95,0,0.384,352
2026-08-04 08:15:00,CELL-MUM-01,Mumbai,27.93,219.9,0,0.313,218
2026-08-04 23:30:00,CELL-KOL-02,Kolkata,34.46,167.48,0,0.579,457
2026-08-02 15:45:00,CELL-HYD-02,Hyderabad,36.42,187.07,0,0.488,297
2026-08-01 22:45:00,CELL-CHE-03,Chennai,,239.54,0,0.399,384
2026-08-04 08:00:00,CELL-CHE-02,Chennai,32.41,175.21,0,0.775,292
2026-08-03 10:30:00,CELL-CHE-03,Chennai,47.56,237.78,0,0.736,572
2026-08-01 07:00:00,CELL-MUM-03,Mumbai,39.11,173.44,0,0.67,274
2026-08-03 13:15:00,CELL-CHE-02,Chennai,30.08,120.83,0,0.882,438
2026-08-03 08:45:00,CELL-HYD-03,Hyderabad,31.49,153.52,0,0.275,399
2026-08-02 02:15:00,CELL-DEL-01,Delhi,31.43,245.96,0,0.434,474
2026-08-05 01:15:00,CELL-CHE-01,Chennai,31.17,190.16,0,0.719,398
2026-08-04 22:30:00,CELL-KOL-03,Kolkata,32.68,203.09,0,0.676,357
2026-08-03 13:45:00,CELL-KOL-03,Kolkata,36.42,193.32,0,0.775,412
2026-08-05 00:30:00,CELL-HYD-02,Hyderabad,38.87,229.78,0,0.378,434
2026-08-04 23:00:00,CELL-DEL-01,Delhi,28.71,220.57,0,0.933,362
2026-08-03 17:45:00,CELL-BLR-02,Bengaluru,35.55,221.05,0,0.735,391
2026-08-05 21:00:00,CELL-DEL-03,Delhi,46.09,118.19,0,0.365,289
2026-08-03 06:45:00,CELL-DEL-02,Delhi,45.35,248.64,0,0.588,284
2026-08-03 13:45:00,CELL-MUM-01,Mumbai,34.83,205.14,0,0.429,384
2026-08-04 01:30:00,CELL-CHE-01,Chennai,33.66,166.18,0,0.116,269
2026-08-04 03:30:00,CELL-KOL-03,Kolkata,30.32,278.76,0,0.243,270
2026-08-03 09:15:00,CELL-BLR-01,Bengaluru,37.23,174.08,0,0.748,407
2026-08-04 08:45:00,CELL-CHE-01,Chennai,32.87,160.06,0,0.383,394
2026-08-05 17:00:00,CELL-KOL-02,Kolkata,30.41,123.76,0,0.74,425
2026-08-04 20:15:00,CELL-KOL-01,Kolkata,58.45,167.34,0,0.719,548
2026-08-04 05:00:00,CELL-DEL-03,Delhi,30.01,201.77,0,0.547,261
2026-08-03 01:45:00,CELL-HYD-01,Hyderabad,31.83,171.43,0,0.69,345
2026-08-04 08:45:00,CELL-KOL-03,Kolkata,28.63,239.23,0,0.442,278
2026-08-01 18:15:00,CELL-MUM-03,Mumbai,56.81,100.63,0,0.321,301
2026-08-01 13:30:00,CELL-MUM-03,Mumbai,36.89,123.55,0,0.198,347
2026-08-05 22:30:00,CELL-MUM-03,Mumbai,46.03,134.78,0,0.967,378
2026-08-05 19:30:00,CELL-MUM-01,Mumbai,54.01,149.83,0,0.636,469
2026-08-03 21:30:00,CELL-MUM-01,Mumbai,36.09,181.58,0,0.456,338
2026-08-05 09:00:00,CELL-MUM-03,Mumbai,42.81,166.95,0,0.55,294
2026-08-04 06:15:00,CELL-DEL-03,Delhi,30.34,201.38,0,0.411,215
2026-08-01 20:15:00,CELL-KOL-01,Kolkata,62.68,102.7,0,1.095,478
2026-08-01 12:30:00,CELL-DEL-02,Delhi,42.02,182.02,0,0.857,500
2026-08-03 20:45:00,CELL-HYD-02,Hyderabad,53.7,136.16,0,1.061,335
2026-08-01 09:15:00,CELL-HYD-03,Hyderabad,27.44,120.59,0,0.639,458
2026-08-03 22:45:00,CELL-HYD-01,Hyderabad,30.5,122.33,0,0.694,286
2026-08-03 01:00:00,CELL-MUM-01,Mumbai,30.94,192.75,0,0.779,284
2026-08-02 16:45:00,CELL-KOL-02,Kolkata,35.1,163.48,0,0.527,208
2026-08-02 16:45:00,CELL-DEL-02,Delhi,49.17,246.8,0,0.656,168
2026-08-04 00:15:00,CELL-KOL-03,Kolkata,29.57,228.92,0,0.417,334
2026-08-03 14:30:00,CELL-DEL-03,Delhi,30.14,161.08,0,0.889,458
2026-08-02 05:30:00,CELL-KOL-02,Kolkata,29.79,219.24,0,0.699,474
2026-08-02 21:45:00,CELL-CHE-02,Chennai,40.47,130.21,0,0.672,493
2026-08-01 01:45:00,CELL-HYD-03,Hyderabad,29.28,140.06,0,0.311,175
2026-08-02 18:45:00,CELL-MUM-01,Mumbai,40.19,137.39,0,0.377,452
2026-08-04 16:30:00,CELL-HYD-02,Hyderabad,41.25,187.97,0,0.639,373
2026-08-02 20:00:00,CELL-HYD-01,Hyderabad,44.66,127.94,0,0.127,515
2026-08-03 04:45:00,CELL-MUM-03,Mumbai,37.29,164.65,0,0.566,246
2026-08-04 22:45:00,CELL-DEL-01,Delhi,38.84,234.11,0,0.799,494
2026-08-02 15:00:00,CELL-MUM-02,Mumbai,47.52,175.1,0,0.086,472
2026-08-02 10:15:00,CELL-KOL-01,Kolkata,48.38,204.69,0,0.626,235
2026-08-02 04:00:00,CELL-CHE-02,Chennai,30.36,196.07,0,0.877,398
2026-08-05 08:45:00,CELL-CHE-03,Chennai,35.21,235.28,0,0.738,200
2026-08-04 01:00:00,CELL-KOL-01,Kolkata,45.73,183.33,0,0.693,384
2026-08-01 00:15:00,CELL-DEL-03,Delhi,29.6,183.78,0,0.37,250
2026-08-02 17:30:00,CELL-KOL-02,Kolkata,37.44,187.1,0,0.456,409
2026-08-04 15:15:00,CELL-MUM-02,Mumbai,49.71,195.93,0,0.512,253
2026-08-01 08:45:00,CELL-CHE-01,Chennai,32.26,150.66,0,1.057,281
2026-08-01 16:15:00,CELL-BLR-03,Bengaluru,43.2,179.69,0,0.32,435
2026-08-05 10:45:00,CELL-BLR-01,Bengaluru,41.38,129.26,0,1.323,143
2026-08-01 06:30:00,CELL-CHE-02,Chennai,29.07,166.51,0,0.692,352
2026-08-04 19:30:00,CELL-KOL-02,Kolkata,36.32,134.0,0,0.912,381
2026-08-05 04:30:00,CELL-MUM-02,Mumbai,44.54,197.23,0,0.502,308
2026-08-02 04:30:00,CELL-DEL-01,Delhi,34.03,278.33,0,0.418,497
2026-08-03 14:45:00,CELL-DEL-01,Delhi,28.46,236.89,0,0.765,401
2026-08-05 17:00:00,CELL-KOL-03,Kolkata,33.69,196.02,0,0.474,278
2026-08-05 10:15:00,CELL-KOL-03,Kolkata,32.21,200.0,0,0.614,292
2026-08-01 08:30:00,CELL-KOL-02,Kolkata,28.95,171.1,0,0.667,389
2026-08-05 02:45:00,CELL-MUM-01,Mumbai,33.33,215.18,0,0.651,161
2026-08-02 11:45:00,CELL-HYD-01,Hyderabad,38.26,146.14,0,0.628,446
2026-08-03 03:00:00,CELL-MUM-01,Mumbai,25.52,210.39,0,0.654,330
2026-08-05 10:00:00,CELL-DEL-02,Delhi,46.83,202.03,0,0.711,398
2026-08-05 12:15:00,CELL-MUM-01,Mumbai,39.32,166.67,0,0.939,245
2026-08-02 07:45:00,CELL-MUM-01,Mumbai,21.25,240.85,0,0.646,376
2026-08-03 01:00:00,CELL-HYD-01,Hyderabad,33.36,185.92,0,1.156,315
2026-08-04 09:45:00,CELL-HYD-02,Hyderabad,39.44,168.28,0,0.707,329
2026-08-05 12:00:00,CELL-CHE-02,Chennai,33.08,113.77,0,1.034,430
2026-08-02 14:15:00,CELL-HYD-01,Hyderabad,32.72,133.11,0,0.602,387
2026-08-03 06:45:00,CELL-MUM-02,Mumbai,47.9,190.83,0,0.371,268
2026-08-02 21:15:00,CELL-HYD-02,Hyderabad,61.82,138.86,0,1.228,438
2026-08-01 07:00:00,CELL-HYD-03,Hyderabad,29.19,136.72,0,0.561,184
2026-08-05 07:00:00,CELL-CHE-02,Chennai,26.13,168.68,0,0.424,453
2026-08-02 10:15:00,CELL-BLR-02,Bengaluru,33.34,243.02,0,0.851,245
2026-08-02 18:30:00,CELL-CHE-01,Chennai,36.55,138.71,0,0.373,546
2026-08-02 03:30:00,CELL-BLR-02,Bengaluru,31.8,227.15,0,0.429,269
2026-08-03 20:45:00,CELL-HYD-03,Hyderabad,32.35,104.79,0,1.226,414
2026-08-03 20:15:00,CELL-MUM-02,Mumbai,59.72,134.59,0,0.991,384
2026-08-03 00:00:00,CELL-CHE-02,Chennai,30.49,181.09,0,0.717,350
2026-08-02 12:30:00,CELL-CHE-02,Chennai,32.5,121.51,0,0.41,432
2026-08-05 00:45:00,CELL-DEL-01,Delhi,18.09,251.02,0,0.74,288
2026-08-03 04:00:00,CELL-MUM-01,Mumbai,30.11,204.85,0,0.286,374
2026-08-01 16:15:00,CELL-HYD-01,Hyderabad,35.11,151.64,0,0.948,439
2026-08-04 12:15:00,CELL-CHE-03,Chennai,38.76,210.88,0,0.526,368
2026-08-03 13:00:00,CELL-MUM-03,Mumbai,,149.51,0,0.804,467
2026-08-03 13:30:00,CELL-DEL-03,Delhi,33.28,174.82,0,1.098,413
2026-08-02 20:45:00,CELL-HYD-01,Hyderabad,44.56,128.13,0,0.173,494
2026-08-01 10:30:00,CELL-CHE-02,Chennai,,136.09,0,0.394,235
2026-08-05 07:30:00,CELL-KOL-03,Kolkata,26.03,220.75,0,0.677,562
2026-08-04 21:45:00,CELL-BLR-03,Bengaluru,53.64,155.69,0,0.95,313
2026-08-02 13:15:00,CELL-HYD-03,Hyderabad,37.12,115.66,0,1.018,420
2026-08-05 17:00:00,CELL-CHE-02,Chennai,32.5,144.83,0,0.544,263
2026-08-03 07:00:00,CELL-MUM-03,Mumbai,39.66,166.46,0,0.567,296
2026-08-05 17:30:00,CELL-MUM-02,Mumbai,45.94,121.79,0,0.96,287
2026-08-05 17:15:00,CELL-MUM-02,Mumbai,60.83,167.92,0,0.469,464
2026-08-04 06:45:00,CELL-MUM-03,Mumbai,39.35,167.25,0,0.375,269
2026-08-01 14:30:00,CELL-BLR-03,Bengaluru,,174.89,0,0.602,338
2026-08-02 04:30:00,CELL-CHE-03,Chennai,31.76,210.9,0,0.842,298
2026-08-02 16:15:00,CELL-KOL-02,Kolkata,34.23,151.14,0,0.895,379
2026-08-05 02:45:00,CELL-CHE-03,Chennai,34.35,238.08,0,0.905,455
2026-08-03 15:00:00,CELL-BLR-02,Bengaluru,32.84,220.48,0,0.576,373
2026-08-01 03:45:00,CELL-CHE-03,Chennai,32.35,258.7,0,0.799,311
2026-08-01 23:45:00,CELL-MUM-03,Mumbai,50.32,130.27,0,0.633,418
2026-08-03 14:45:00,CELL-KOL-01,Kolkata,,177.06,0,0.598,278
2026-08-02 15:30:00,CELL-HYD-03,Hyderabad,32.47,126.55,0,0.353,283
2026-08-02 13:45:00,CELL-BLR-01,Bengaluru,41.02,170.93,0,1.223,352
2026-08-02 01:00:00,CELL-BLR-02,Bengaluru,26.83,246.61,0,0.811,188
2026-08-01 00:45:00,CELL-HYD-03,Hyderabad,30.0,151.51,0,0.455,343
2026-08-04 15:00:00,CELL-DEL-01,Delhi,30.09,229.46,0,0.724,465
2026-08-01 14:15:00,CELL-CHE-01,Chennai,32.1,164.64,0,0.486,454
2026-08-01 16:30:00,CELL-KOL-02,Kolkata,31.05,173.64,0,0.502,420
2026-08-02 07:30:00,CELL-MUM-01,Mumbai,33.89,204.76,0,0.683,239
2026-08-03 00:45:00,CELL-DEL-01,Delhi,28.06,231.05,0,0.507,383
2026-08-05 08:15:00,CELL-BLR-01,Bengaluru,35.26,217.13,0,0.578,263
2026-08-04 02:15:00,CELL-DEL-02,Delhi,38.97,206.67,0,0.468,467
2026-08-01 23:45:00,CELL-KOL-01,Kolkata,48.47,196.67,0,0.798,378
2026-08-03 02:30:00,CELL-DEL-01,Delhi,24.8,284.37,0,0.382,132
2026-08-02 19:00:00,CELL-KOL-01,Kolkata,56.84,172.53,0,0.831,567
2026-08-04 09:00:00,CELL-MUM-01,Mumbai,34.26,217.92,0,0.179,315
2026-08-01 05:15:00,CELL-DEL-03,Delhi,28.99,208.61,0,0.548,281
2026-08-05 21:45:00,CELL-MUM-01,Mumbai,34.4,158.42,0,0.564,486
2026-08-01 18:45:00,CELL-KOL-02,Kolkata,36.66,120.15,0,1.061,424
2026-08-03 15:30:00,CELL-HYD-03,Hyderabad,31.46,137.18,0,0.741,392
2026-08-04 08:45:00,CELL-CHE-02,Chennai,27.11,174.13,0,0.504,250
2026-08-02 16:30:00,CELL-DEL-03,Delhi,34.6,150.47,0,0.321,378
2026-08-01 19:30:00,CELL-HYD-01,Hyderabad,44.74,115.09,0,0.987,530
2026-08-01 04:15:00,CELL-MUM-01,Mumbai,28.92,249.52,0,0.277,111
2026-08-01 22:30:00,CELL-DEL-03,Delhi,33.56,155.81,0,0.109,381
2026-08-03 15:45:00,CELL-MUM-03,Mumbai,42.54,178.27,0,0.532,530
2026-08-04 03:15:00,CELL-BLR-02,Bengaluru,,0.0,15,0.455,526
2026-08-05 22:15:00,CELL-MUM-02,Mumbai,60.77,157.75,0,1.492,473
2026-08-01 08:15:00,CELL-BLR-01,Bengaluru,39.35,197.98,0,0.415,233
2026-08-02 21:45:00,CELL-BLR-01,Bengaluru,51.52,115.03,0,0.961,625
2026-08-02 20:30:00,CELL-CHE-01,Chennai,49.45,135.26,0,0.661,436
2026-08-03 01:45:00,CELL-KOL-01,Kolkata,39.41,211.26,0,0.786,272
2026-08-05 16:30:00,CELL-BLR-01,Bengaluru,43.71,223.31,0,0.625,306
2026-08-03 23:45:00,CELL-CHE-01,Chennai,37.66,182.86,0,0.677,312
2026-08-01 03:45:00,CELL-BLR-02,Bengaluru,28.89,303.39,0,0.459,468
2026-08-02 09:00:00,CELL-KOL-03,Kolkata,26.77,195.48,0,0.412,538
2026-08-03 14:15:00,CELL-HYD-01,Hyderabad,41.51,179.55,0,0.16,297
2026-08-02 14:45:00,CELL-CHE-01,Chennai,32.31,154.38,0,0.78,348
2026-08-01 07:30:00,CELL-CHE-03,Chennai,39.33,269.65,0,0.948,257
2026-08-03 21:15:00,CELL-BLR-01,Bengaluru,46.99,118.6,0,0.836,487
2026-08-02 09:30:00,CELL-MUM-01,Mumbai,29.59,211.53,0,0.696,333
2026-08-02 23:15:00,CELL-DEL-01,Delhi,29.42,239.29,0,0.973,360
2026-08-01 12:45:00,CELL-HYD-02,Hyderabad,39.28,150.45,0,1.229,304
2026-08-02 08:00:00,CELL-MUM-01,Mumbai,29.35,192.32,0,0.704,462
2026-08-04 19:15:00,CELL-KOL-03,Kolkata,53.03,176.12,0,1.126,254
2026-08-01 04:30:00,CELL-HYD-02,Hyderabad,32.35,169.96,0,0.76,158
2026-08-04 12:00:00,CELL-CHE-01,Chennai,40.82,132.36,0,1.296,273
2026-08-01 02:15:00,CELL-BLR-02,Bengaluru,25.74,232.38,0,0.84,421
2026-08-04 10:00:00,CELL-CHE-02,Chennai,27.88,143.93,0,0.515,222
2026-08-01 08:45:00,CELL-KOL-01,Kolkata,41.68,188.96,0,0.666,390
2026-08-05 08:00:00,CELL-KOL-03,Kolkata,32.6,226.86,0,0.802,350
2026-08-02 09:30:00,CELL-MUM-02,Mumbai,43.62,160.3,0,0.916,375
2026-08-04 23:15:00,CELL-MUM-02,Mumbai,48.22,184.41,0,0.099,418
2026-08-01 08:30:00,CELL-MUM-03,Mumbai,40.79,139.89,0,0.756,204
2026-08-03 20:00:00,CELL-HYD-03,Hyderabad,50.48,94.52,0,1.0,356
2026-08-04 11:30:00,CELL-CHE-03,Chennai,41.39,215.14,0,0.251,447
2026-08-04 18:15:00,CELL-KOL-01,Kolkata,50.5,137.57,0,0.839,332
2026-08-03 17:00:00,CELL-BLR-02,Bengaluru,33.38,229.13,0,0.55,278
2026-08-02 09:30:00,CELL-KOL-02,Kolkata,39.61,183.47,0,0.894,346
2026-08-03 17:45:00,CELL-HYD-02,Hyderabad,46.03,151.38,0,0.831,220
2026-08-03 16:00:00,CELL-DEL-03,Delhi,29.22,195.23,0,0.666,471
2026-08-02 07:30:00,CELL-HYD-02,Hyderabad,33.94,182.52,0,0.85,349
2026-08-01 07:45:00,CELL-BLR-03,Bengaluru,38.5,226.05,0,0.11,292
2026-08-01 17:45:00,CELL-BLR-01,Bengaluru,49.25,169.21,0,0.439,465
2026-08-05 21:45:00,CELL-KOL-01,Kolkata,66.27,152.41,0,0.573,236
2026-08-05 14:15:00,CELL-BLR-02,Bengaluru,29.93,250.47,0,0.428,414
2026-08-01 22:00:00,CELL-CHE-03,Chennai,38.58,204.9,0,0.233,279
2026-08-05 16:45:00,CELL-DEL-01,Delhi,30.3,216.64,0,0.886,364
2026-08-01 22:45:00,CELL-MUM-03,Mumbai,44.61,130.0,0,0.223,346
2026-08-01 06:30:00,CELL-CHE-01,Chennai,30.25,189.12,0,0.766,407
2026-08-04 16:45:00,CELL-DEL-03,Delhi,34.82,157.9,0,0.324,465
2026-08-01 06:00:00,CELL-KOL-02,Kolkata,34.23,194.31,0,0.121,364
2026-08-02 04:00:00,CELL-MUM-03,Mumbai,43.15,166.15,0,0.618,380
2026-08-04 04:15:00,CELL-CHE-02,Chennai,27.62,182.06,0,0.374,332
2026-08-04 14:15:00,CELL-MUM-02,Mumbai,48.82,154.58,0,0.677,534
2026-08-05 08:00:00,CELL-HYD-03,Hyderabad,27.11,146.72,0,0.432,92
2026-08-03 03:15:00,CELL-HYD-02,Hyderabad,35.53,203.83,0,0.839,203
2026-08-04 07:45:00,CELL-CHE-01,Chennai,32.58,181.78,0,0.675,124
2026-08-05 18:00:00,CELL-CHE-03,Chennai,51.9,179.07,0,0.655,238
2026-08-05 02:15:00,CELL-KOL-02,Kolkata,32.75,175.22,0,0.517,352
2026-08-03 14:30:00,CELL-KOL-02,Kolkata,33.0,151.22,0,0.545,157
2026-08-02 23:45:00,CELL-BLR-03,Bengaluru,38.02,197.07,0,0.889,420
2026-08-01 23:00:00,CELL-DEL-02,Delhi,41.65,226.93,0,0.254,497
2026-08-04 19:00:00,CELL-KOL-02,Kolkata,51.91,135.55,0,1.071,505
2026-08-05 12:45:00,CELL-KOL-02,Kolkata,42.64,159.9,0,0.782,454
2026-08-05 11:15:00,CELL-CHE-03,Chennai,43.26,214.32,0,0.3,248
2026-08-03 17:00:00,CELL-KOL-01,Kolkata,57.7,154.18,0,0.658,435
2026-08-01 05:45:00,CELL-MUM-01,Mumbai,32.15,228.03,0,0.634,195
2026-08-05 07:45:00,CELL-KOL-02,Kolkata,30.01,183.55,0,0.461,368
2026-08-04 09:30:00,CELL-MUM-01,Mumbai,34.93,178.73,0,0.873,382
2026-08-05 12:00:00,CELL-DEL-03,Delhi,38.95,169.33,0,0.68,466
2026-08-03 14:45:00,CELL-CHE-01,Chennai,32.73,166.21,0,0.045,353
2026-08-04 09:15:00,CELL-KOL-03,Kolkata,29.6,234.46,0,0.865,414
2026-08-05 15:30:00,CELL-KOL-01,Kolkata,50.48,201.2,0,0.461,343
2026-08-01 06:45:00,CELL-CHE-01,Chennai,34.84,170.63,0,0.809,382
2026-08-04 18:30:00,CELL-CHE-01,Chennai,48.9,127.92,0,0.606,464
2026-08-05 17:00:00,CELL-CHE-03,Chennai,44.43,217.19,0,1.017,246
2026-08-04 23:30:00,CELL-BLR-01,Bengaluru,46.76,155.71,0,0.929,303
2026-08-02 01:00:00,CELL-CHE-03,Chennai,27.8,219.25,0,0.097,445
2026-08-03 14:30:00,CELL-BLR-03,Bengaluru,49.44,184.5,0,0.457,224
2026-08-03 12:00:00,CELL-KOL-03,Kolkata,45.67,195.2,0,0.83,578
2026-08-05 22:45:00,CELL-KOL-01,Kolkata,53.55,170.59,0,0.636,407
2026-08-02 08:45:00,CELL-MUM-01,Mumbai,33.59,212.59,0,0.48,314
2026-08-01 08:15:00,CELL-KOL-03,Kolkata,30.81,198.13,0,0.373,207
2026-08-02 03:15:00,CELL-MUM-01,Mumbai,30.82,214.49,0,0.523,316
2026-08-02 01:45:00,CELL-BLR-01,Bengaluru,39.39,190.66,0,0.459,268
2026-08-02 22:30:00,CELL-KOL-03,Kolkata,26.42,196.12,0,0.183,568
2026-08-01 10:45:00,CELL-CHE-01,Chennai,39.23,140.94,0,0.29,338
2026-08-04 02:15:00,CELL-CHE-02,Chennai,25.23,171.85,0,0.586,401
2026-08-03 14:30:00,CELL-HYD-01,Hyderabad,29.97,164.18,0,0.569,479
2026-08-05 03:30:00,CELL-HYD-02,Hyderabad,35.93,208.26,0,0.3,301
2026-08-02 06:30:00,CELL-DEL-03,Delhi,23.23,176.58,0,0.428,304
2026-08-03 19:30:00,CELL-BLR-01,Bengaluru,51.13,135.16,0,0.995,234
2026-08-04 00:45:00,CELL-HYD-02,Hyderabad,34.76,187.89,0,0.011,240
2026-08-01 00:30:00,CELL-MUM-01,Mumbai,30.86,210.37,0,0.422,410
2026-08-04 22:30:00,CELL-CHE-02,Chennai,35.24,139.64,0,0.333,245
2026-08-02 12:15:00,CELL-KOL-01,Kolkata,67.18,178.72,0,0.321,334
2026-08-02 05:45:00,CELL-KOL-02,Kolkata,26.11,173.84,0,0.746,255
2026-08-04 16:15:00,CELL-BLR-03,Bengaluru,38.57,196.52,0,0.151,277
2026-08-02 01:45:00,CELL-DEL-03,Delhi,37.73,207.7,0,0.266,362
2026-08-03 03:00:00,CELL-CHE-03,Chennai,29.51,255.84,0,0.757,227
2026-08-04 11:45:00,CELL-BLR-03,Bengaluru,53.77,184.0,0,1.277,435
2026-08-02 18:15:00,CELL-MUM-02,Mumbai,60.96,141.49,0,1.201,383
2026-08-01 09:45:00,CELL-DEL-03,Delhi,31.43,175.19,0,0.503,231
2026-08-04 13:15:00,CELL-DEL-03,Delhi,30.62,143.46,0,0.518,289
2026-08-03 18:00:00,CELL-HYD-02,Hyderabad,46.44,135.03,0,0.642,424
2026-08-04 17:45:00,CELL-BLR-03,Bengaluru,54.82,168.79,0,0.74,317
2026-08-03 13:30:00,CELL-BLR-02,Bengaluru,29.28,197.07,0,0.744,221
2026-08-04 06:15:00,CELL-MUM-02,Mumbai,34.41,182.87,0,0.479,322
2026-08-05 18:15:00,CELL-DEL-03,Delhi,36.31,155.27,0,0.67,400
2026-08-01 14:45:00,CELL-HYD-02,Hyderabad,36.08,160.27,0,0.517,276
2026-08-04 04:15:00,CELL-HYD-03,Hyderabad,32.34,162.56,0,0.354,402
2026-08-05 01:00:00,CELL-KOL-03,Kolkata,28.7,288.29,0,0.411,241
2026-08-05 22:15:00,CELL-KOL-01,Kolkata,58.67,187.86,0,0.77,204
2026-08-03 08:45:00,CELL-CHE-01,Chennai,33.54,187.64,0,0.08,403
2026-08-05 11:15:00,CELL-HYD-02,Hyderabad,44.38,161.12,0,0.545,362
2026-08-02 07:15:00,CELL-BLR-01,Bengaluru,38.53,200.46,0,0.296,320
2026-08-05 04:45:00,CELL-BLR-03,Bengaluru,40.88,218.01,0,0.416,320
2026-08-02 23:15:00,CELL-KOL-01,Kolkata,49.33,160.37,0,0.469,402
2026-08-02 09:00:00,CELL-HYD-03,Hyderabad,33.26,139.09,0,0.279,259
2026-08-01 08:15:00,CELL-DEL-03,Delhi,28.19,174.9,0,0.728,253
2026-08-01 19:45:00,CELL-HYD-01,Hyderabad,49.7,97.61,0,0.85,421
2026-08-05 12:30:00,CELL-KOL-01,Kolkata,57.97,153.43,0,0.552,585
2026-08-01 11:30:00,CELL-BLR-02,Bengaluru,41.62,230.53,0,0.882,653
2026-08-01 06:15:00,CELL-CHE-02,Chennai,31.2,160.59,0,0.299,368
2026-08-01 22:30:00,CELL-HYD-02,Hyderabad,45.54,166.87,0,0.947,510
2026-08-03 15:30:00,CELL-BLR-01,Bengaluru,35.89,184.08,0,0.596,246
2026-08-01 21:15:00,CELL-HYD-01,Hyderabad,48.21,120.27,0,0.646,545
2026-08-03 06:15:00,CELL-KOL-02,Kolkata,33.65,204.35,0,0.768,276
2026-08-01 21:45:00,CELL-HYD-02,Hyderabad,45.94,163.0,0,1.027,500
2026-08-05 20:30:00,CELL-KOL-01,Kolkata,68.73,161.77,0,0.485,466
2026-08-01 11:15:00,CELL-DEL-02,Delhi,48.49,174.08,0,0.826,454
2026-08-01 20:45:00,CELL-DEL-01,Delhi,40.49,199.22,0,0.464,486
2026-08-02 16:00:00,CELL-HYD-02,Hyderabad,32.45,184.05,0,0.653,321
2026-08-04 09:30:00,CELL-MUM-03,Mumbai,46.39,157.16,0,0.237,363
2026-08-01 04:45:00,CELL-KOL-02,Kolkata,30.17,176.94,0,0.366,417
2026-08-03 11:00:00,CELL-KOL-02,Kolkata,41.97,140.07,0,0.371,317
2026-08-05 17:00:00,CELL-DEL-02,Delhi,40.71,218.39,0,0.451,313
2026-08-01 05:45:00,CELL-BLR-01,Bengaluru,34.61,195.59,0,0.579,190
2026-08-05 00:45:00,CELL-KOL-02,Kolkata,36.04,213.79,0,0.533,438
2026-08-03 13:15:00,CELL-BLR-03,Bengaluru,46.73,200.61,0,0.682,487
2026-08-02 04:00:00,CELL-MUM-01,Mumbai,31.32,194.07,0,0.423,274
2026-08-03 03:30:00,CELL-MUM-03,Mumbai,42.78,133.79,0,0.217,235
2026-08-05 21:00:00,CELL-CHE-02,Chennai,31.78,127.42,0,0.467,391
2026-08-03 12:15:00,CELL-HYD-02,Hyderabad,45.3,181.65,0,0.592,520
2026-08-05 15:00:00,CELL-BLR-02,Bengaluru,25.55,222.77,0,0.227,449
2026-08-01 04:15:00,CELL-CHE-01,Chennai,27.83,186.22,0,0.574,301
2026-08-01 11:30:00,CELL-CHE-02,Chennai,38.26,122.38,0,0.716,545
2026-08-01 13:00:00,CELL-MUM-01,Mumbai,33.84,212.54,0,0.732,490
2026-08-03 08:00:00,CELL-KOL-01,Kolkata,45.01,232.51,0,0.543,235
2026-08-04 04:15:00,CELL-BLR-03,Bengaluru,38.81,179.97,0,0.055,449
2026-08-05 01:00:00,CELL-KOL-01,Kolkata,44.12,224.95,0,0.28,373
2026-08-04 16:15:00,CELL-BLR-02,Bengaluru,33.26,259.71,0,0.468,336
2026-08-05 11:30:00,CELL-DEL-01,Delhi,33.25,187.32,0,0.721,360
2026-08-04 18:00:00,CELL-HYD-03,Hyderabad,38.81,107.85,0,0.798,393
2026-08-05 07:15:00,CELL-CHE-03,Chennai,40.58,267.11,0,0.718,288
2026-08-03 01:15:00,CELL-HYD-02,Hyderabad,35.0,180.39,0,0.47,439
2026-08-05 08:45:00,CELL-DEL-02,Delhi,35.28,224.28,0,0.286,409
2026-08-05 13:15:00,CELL-BLR-03,Bengaluru,49.59,142.65,0,0.905,373
2026-08-02 09:15:00,CELL-CHE-01,Chennai,35.28,169.69,0,0.708,427
2026-08-04 18:00:00,CELL-HYD-01,Hyderabad,41.79,144.74,0,0.902,332
2026-08-01 08:00:00,CELL-MUM-01,Mumbai,28.48,207.98,0,0.392,285
2026-08-03 15:45:00,CELL-MUM-02,Mumbai,43.31,200.38,0,0.682,331
2026-08-03 07:00:00,CELL-CHE-03,Chennai,31.14,295.99,0,0.595,281
2026-08-01 11:45:00,CELL-KOL-02,Kolkata,36.74,133.72,0,0.805,400
2026-08-01 15:45:00,CELL-DEL-03,Delhi,37.85,155.76,0,0.738,517
2026-08-04 22:45:00,CELL-MUM-02,Mumbai,59.15,156.51,0,1.228,659
2026-08-01 04:00:00,CELL-HYD-03,Hyderabad,30.93,139.47,0,0.246,256
2026-08-04 08:30:00,CELL-HYD-01,Hyderabad,37.08,183.76,0,0.196,197
2026-08-02 07:45:00,CELL-CHE-03,Chennai,30.55,199.54,0,0.585,284
2026-08-02 11:30:00,CELL-MUM-01,Mumbai,32.32,161.94,0,0.349,325
2026-08-05 10:00:00,CELL-CHE-02,Chennai,33.83,177.76,0,0.765,286
2026-08-02 22:30:00,CELL-DEL-02,Delhi,43.26,221.45,0,0.728,425
2026-08-05 17:00:00,CELL-DEL-01,Delhi,34.18,192.25,0,0.788,446
2026-08-04 00:45:00,CELL-MUM-02,Mumbai,48.02,205.85,0,0.498,334
2026-08-03 06:15:00,CELL-BLR-02,Bengaluru,27.6,248.17,0,0.648,413
2026-08-02 00:00:00,CELL-HYD-03,Hyderabad,27.32,154.34,0,1.036,464
2026-08-04 07:45:00,CELL-BLR-01,Bengaluru,43.19,170.65,0,0.449,374
2026-08-01 07:45:00,CELL-DEL-03,Delhi,34.09,192.64,0,0.496,338
2026-08-01 02:15:00,CELL-KOL-02,Kolkata,29.32,182.89,0,0.4,228
2026-08-05 00:15:00,CELL-DEL-03,Delhi,28.79,200.91,0,0.526,214
2026-08-03 01:30:00,CELL-KOL-03,Kolkata,,0.0,15,0.521,240
2026-08-05 05:00:00,CELL-DEL-01,Delhi,28.72,286.38,0,0.595,295
2026-08-02 16:45:00,CELL-DEL-01,Delhi,33.1,213.2,0,0.821,257
2026-08-01 15:15:00,CELL-KOL-02,Kolkata,34.75,160.63,0,0.818,477
2026-08-04 22:45:00,CELL-HYD-01,Hyderabad,35.08,145.59,0,0.791,432
2026-08-01 07:15:00,CELL-DEL-01,Delhi,28.45,242.56,0,0.766,289
2026-08-05 22:45:00,CELL-CHE-01,Chennai,37.61,136.43,0,0.628,511
2026-08-03 13:30:00,CELL-KOL-03,Kolkata,37.07,185.38,0,1.093,342
2026-08-01 20:45:00,CELL-CHE-01,Chennai,41.56,130.47,0,0.172,410
2026-08-05 18:00:00,CELL-MUM-01,Mumbai,37.91,175.38,0,0.594,464
2026-08-01 10:45:00,CELL-DEL-01,Delhi,36.95,197.0,0,0.591,133
2026-08-02 01:45:00,CELL-MUM-02,Mumbai,43.03,187.93,0,0.81,374
2026-08-04 15:00:00,CELL-DEL-03,Delhi,25.96,129.62,0,0.384,369
2026-08-01 23:00:00,CELL-CHE-02,Chennai,32.57,137.94,0,0.127,393
2026-08-03 03:00:00,CELL-HYD-01,Hyderabad,30.93,203.85,0,0.476,105
2026-08-04 06:15:00,CELL-MUM-01,Mumbai,32.18,187.36,0,0.365,511
2026-08-04 16:30:00,CELL-CHE-02,Chennai,32.74,144.72,0,0.543,518
2026-08-04 16:30:00,CELL-HYD-01,Hyderabad,37.62,168.12,0,0.82,422
2026-08-03 06:15:00,CELL-KOL-03,Kolkata,29.41,224.29,0,0.916,404
2026-08-01 07:15:00,CELL-CHE-02,Chennai,28.42,163.37,0,0.079,351
2026-08-05 22:45:00,CELL-CHE-02,Chennai,30.63,127.93,0,0.556,330
2026-08-02 05:15:00,CELL-BLR-03,Bengaluru,39.34,230.17,0,0.561,360
2026-08-03 06:45:00,CELL-BLR-02,Bengaluru,29.45,230.23,0,0.352,384
2026-08-01 17:15:00,CELL-HYD-03,Hyderabad,34.61,120.89,0,0.708,662
2026-08-05 12:00:00,CELL-DEL-02,Delhi,52.94,174.37,0,1.036,386
2026-08-04 23:45:00,CELL-CHE-03,Chennai,43.66,260.67,0,0.36,473
2026-08-02 21:45:00,CELL-KOL-02,Kolkata,41.4,143.7,0,0.463,194
2026-08-04 08:45:00,CELL-MUM-02,Mumbai,54.69,171.55,0,0.488,256
2026-08-01 05:00:00,CELL-MUM-02,Mumbai,40.67,191.11,0,0.443,436
2026-08-03 01:15:00,CELL-BLR-02,Bengaluru,30.97,262.64,0,0.628,379
2026-08-03 05:45:00,CELL-MUM-02,Mumbai,46.03,162.73,0,0.582,400
2026-08-01 07:30:00,CELL-MUM-02,Mumbai,45.91,149.38,0,0.729,389
2026-08-05 16:45:00,CELL-KOL-03,Kolkata,31.22,184.4,0,0.597,426
2026-08-03 02:30:00,CELL-DEL-03,Delhi,34.51,213.92,0,0.883,363
2026-08-04 01:15:00,CELL-DEL-01,Delhi,26.26,225.0,0,0.492,278
2026-08-01 15:00:00,CELL-CHE-02,Chennai,29.46,146.41,0,0.663,342
2026-08-01 20:45:00,CELL-HYD-01,Hyderabad,38.27,108.96,0,0.635,731
2026-08-05 17:30:00,CELL-BLR-03,Bengaluru,48.05,120.49,0,0.437,320
2026-08-04 06:00:00,CELL-HYD-01,Hyderabad,27.42,144.5,0,0.798,399
2026-08-03 22:45:00,CELL-MUM-02,Mumbai,55.25,168.62,0,0.214,394
2026-08-01 13:15:00,CELL-MUM-01,Mumbai,36.99,182.07,0,0.74,448
2026-08-01 06:00:00,CELL-KOL-01,Kolkata,30.51,189.6,0,0.52,310
2026-08-03 19:15:00,CELL-DEL-01,Delhi,42.96,145.52,0,1.047,534
2026-08-04 20:00:00,CELL-KOL-01,Kolkata,64.19,147.99,0,0.661,434
2026-08-04 12:30:00,CELL-CHE-01,Chennai,39.02,116.33,0,0.557,397
2026-08-04 16:00:00,CELL-KOL-01,Kolkata,52.25,164.35,0,0.514,149
2026-08-04 19:45:00,CELL-KOL-01,Kolkata,55.65,146.75,0,0.57,743
2026-08-02 06:15:00,CELL-KOL-03,Kolkata,27.09,253.52,0,0.53,245
2026-08-04 02:45:00,CELL-DEL-01,Delhi,30.72,242.0,0,0.607,433
2026-08-03 22:00:00,CELL-MUM-01,Mumbai,32.33,189.14,0,0.664,291
2026-08-01 09:30:00,CELL-CHE-03,Chennai,36.31,220.72,0,0.556,413
2026-08-05 05:45:00,CELL-CHE-01,Chennai,33.5,183.38,0,0.568,320
2026-08-05 00:15:00,CELL-KOL-02,Kolkata,27.8,197.72,0,0.58,407
2026-08-01 17:45:00,CELL-HYD-01,Hyderabad,36.34,152.74,0,0.713,451
2026-08-04 15:30:00,CELL-MUM-01,Mumbai,28.2,196.67,0,0.653,296
2026-08-03 14:15:00,CELL-MUM-01,Mumbai,28.03,173.57,0,0.647,340
2026-08-05 05:45:00,CELL-KOL-01,Kolkata,45.11,211.41,0,0.106,256
2026-08-04 10:00:00,CELL-BLR-03,Bengaluru,,187.32,0,0.439,450
2026-08-03 12:00:00,CELL-HYD-02,Hyderabad,,136.66,0,0.66,562
2026-08-05 21:00:00,CELL-MUM-03,Mumbai,60.14,113.67,0,1.621,397
2026-08-02 02:00:00,CELL-HYD-02,Hyderabad,36.24,208.43,0,0.192,385
2026-08-02 12:45:00,CELL-MUM-03,Mumbai,51.66,120.17,0,0.962,265
2026-08-05 10:15:00,CELL-BLR-03,Bengaluru,35.85,177.82,0,0.81,492
2026-08-02 23:45:00,CELL-BLR-02,Bengaluru,26.02,199.23,0,0.587,392
2026-08-01 21:00:00,CELL-DEL-02,Delhi,62.93,172.95,0,0.821,371
2026-08-05 00:00:00,CELL-BLR-01,Bengaluru,34.61,166.18,0,0.105,457
2026-08-02 18:00:00,CELL-DEL-01,Delhi,33.44,210.14,0,0.436,597
2026-08-03 13:30:00,CELL-CHE-03,Chennai,45.96,246.09,0,0.574,211
2026-08-01 01:15:00,CELL-BLR-01,Bengaluru,37.95,206.94,0,0.198,340
2026-08-01 02:15:00,CELL-CHE-01,Chennai,32.24,162.57,0,0.727,416
2026-08-01 19:15:00,CELL-MUM-02,Mumbai,69.01,137.91,0,0.413,396
2026-08-02 14:45:00,CELL-HYD-01,Hyderabad,27.44,149.07,0,0.53,338
2026-08-01 15:30:00,CELL-CHE-03,Chennai,38.42,221.22,0,0.511,300
2026-08-03 08:30:00,CELL-KOL-03,Kolkata,35.04,212.17,0,0.936,422
2026-08-04 23:30:00,CELL-DEL-01,Delhi,35.26,253.72,0,0.306,193
2026-08-02 07:15:00,CELL-HYD-01,Hyderabad,34.51,158.93,0,0.04,206
2026-08-05 19:30:00,CELL-KOL-01,Kolkata,61.52,144.27,0,0.27,359
2026-08-03 17:45:00,CELL-HYD-03,Hyderabad,37.25,111.79,0,0.76,382
2026-08-02 13:15:00,CELL-CHE-03,Chennai,47.07,207.11,0,0.499,331
2026-08-02 21:00:00,CELL-BLR-03,Bengaluru,55.85,138.33,0,0.507,454
2026-08-05 14:45:00,CELL-DEL-03,Delhi,31.66,143.87,0,0.391,308
2026-08-01 07:00:00,CELL-KOL-03,Kolkata,27.38,234.31,0,0.541,349
2026-08-04 11:00:00,CELL-CHE-02,Chennai,27.6,126.98,0,1.191,309
2026-08-05 09:45:00,CELL-BLR-03,Bengaluru,43.28,175.36,0,0.867,321
2026-08-03 15:15:00,CELL-BLR-02,Bengaluru,32.39,266.73,0,0.524,345
2026-08-04 23:30:00,CELL-MUM-02,Mumbai,,174.07,0,0.546,271
2026-08-02 21:15:00,CELL-CHE-03,Chennai,54.0,168.14,0,0.744,487
2026-08-01 07:15:00,CELL-BLR-01,Bengaluru,39.93,221.19,0,0.799,310
2026-08-02 02:30:00,CELL-CHE-01,Chennai,32.96,159.45,0,0.107,351
2026-08-03 20:00:00,CELL-DEL-01,Delhi,41.75,163.39,0,0.763,625
2026-08-02 23:30:00,CELL-HYD-02,Hyderabad,41.13,192.48,0,0.362,300
2026-08-04 15:15:00,CELL-HYD-03,Hyderabad,26.68,141.63,0,0.646,268
2026-08-05 05:45:00,CELL-HYD-01,Hyderabad,33.88,182.44,0,0.699,345
2026-08-03 07:30:00,CELL-BLR-01,Bengaluru,37.21,171.81,0,0.822,437
2026-08-05 05:15:00,CELL-MUM-02,Mumbai,48.33,192.66,0,0.688,317
2026-08-01 01:15:00,CELL-DEL-02,Delhi,38.29,217.48,0,0.818,160
2026-08-03 23:00:00,CELL-MUM-01,Mumbai,33.53,175.33,0,0.766,258
2026-08-02 22:45:00,CELL-KOL-02,Kolkata,43.35,140.51,0,0.662,417
2026-08-05 01:15:00,CELL-BLR-02,Bengaluru,32.59,260.92,0,0.137,203
2026-08-03 20:45:00,CELL-CHE-01,Chennai,47.29,124.78,0,0.717,519
2026-08-05 14:00:00,CELL-MUM-02,Mumbai,58.42,174.49,0,0.762,356
2026-08-04 03:00:00,CELL-CHE-03,Chennai,31.36,236.81,0,0.848,348
2026-08-01 10:15:00,CELL-CHE-03,Chennai,29.48,232.18,0,0.637,271
2026-08-01 19:45:00,CELL-BLR-01,Bengaluru,55.39,123.48,0,0.929,558
2026-08-01 20:30:00,CELL-KOL-01,Kolkata,59.36,157.61,0,0.615,715
2026-08-03 09:00:00,CELL-CHE-02,Chennai,27.51,135.29,0,0.636,281
2026-08-03 05:00:00,CELL-KOL-03,Kolkata,29.92,236.99,0,0.61,284
2026-08-03 20:00:00,CELL-KOL-01,Kolkata,69.59,178.58,0,0.611,319
2026-08-01 02:00:00,CELL-MUM-02,Mumbai,49.47,200.49,0,0.53,233
2026-08-01 10:30:00,CELL-DEL-01,Delhi,30.98,211.44,0,0.348,504
2026-08-02 08:45:00,CELL-BLR-02,Bengaluru,29.38,248.19,0,0.511,361
2026-08-01 15:00:00,CELL-HYD-02,Hyderabad,37.62,197.53,0,0.853,230
2026-08-03 23:30:00,CELL-KOL-02,Kolkata,30.63,152.5,0,0.261,194
2026-08-05 22:00:00,CELL-HYD-02,Hyderabad,46.91,160.1,0,0.718,415
2026-08-01 02:30:00,CELL-BLR-02,Bengaluru,26.0,214.97,0,0.761,206
2026-08-03 12:45:00,CELL-MUM-01,Mumbai,31.84,182.37,0,1.283,310
2026-08-04 11:15:00,CELL-MUM-01,Mumbai,30.22,184.17,0,0.741,303
2026-08-04 21:00:00,CELL-HYD-01,Hyderabad,43.16,136.68,0,0.754,650
2026-08-03 19:30:00,CELL-CHE-03,Chennai,48.44,160.4,0,0.88,480
2026-08-01 10:15:00,CELL-KOL-03,Kolkata,35.25,196.02,0,0.552,401
2026-08-02 00:00:00,CELL-KOL-01,Kolkata,37.08,182.34,0,0.682,256
2026-08-01 11:00:00,CELL-KOL-02,Kolkata,28.65,152.9,0,0.985,498
2026-08-05 15:15:00,CELL-BLR-01,Bengaluru,36.87,176.4,0,0.531,448
2026-08-02 17:15:00,CELL-MUM-01,Mumbai,35.28,178.25,0,0.871,518
2026-08-01 01:15:00,CELL-DEL-01,Delhi,27.06,226.56,0,0.122,385
2026-08-02 04:15:00,CELL-BLR-01,Bengaluru,39.08,164.99,0,0.365,313
2026-08-01 13:45:00,CELL-BLR-03,Bengaluru,39.57,166.39,0,0.711,414
2026-08-05 13:45:00,CELL-MUM-02,Mumbai,46.67,165.51,0,0.688,310
2026-08-04 20:00:00,CELL-MUM-02,Mumbai,48.29,133.15,0,0.52,487
2026-08-05 03:00:00,CELL-HYD-02,Hyderabad,35.94,220.92,0,0.392,420
2026-08-04 09:45:00,CELL-CHE-03,Chennai,41.65,239.14,0,0.758,345
2026-08-01 07:30:00,CELL-BLR-01,Bengaluru,30.91,210.09,0,0.478,242
2026-08-02 12:15:00,CELL-DEL-01,Delhi,36.71,229.25,0,0.389,156
2026-08-03 12:15:00,CELL-HYD-03,Hyderabad,28.59,119.14,0,0.319,551
2026-08-02 13:30:00,CELL-KOL-01,Kolkata,48.7,173.39,0,0.678,364
2026-08-05 18:45:00,CELL-DEL-01,Delhi,33.42,206.33,0,0.701,418
2026-08-01 06:45:00,CELL-HYD-01,Hyderabad,29.85,179.07,0,0.686,182
2026-08-03 11:15:00,CELL-DEL-02,Delhi,43.84,216.67,0,1.069,402
2026-08-04 00:30:00,CELL-KOL-02,Kolkata,24.69,186.85,0,0.678,195
2026-08-05 02:30:00,CELL-DEL-03,Delhi,29.93,189.88,0,0.067,324
2026-08-04 14:00:00,CELL-KOL-02,Kolkata,32.51,157.96,0,0.49,350
2026-08-05 16:15:00,CELL-BLR-01,Bengaluru,36.07,171.03,0,0.0,244
2026-08-02 18:45:00,CELL-KOL-02,Kolkata,34.32,134.8,0,0.705,324
2026-08-02 07:15:00,CELL-BLR-03,Bengaluru,38.21,186.79,0,0.464,302
2026-08-05 16:15:00,CELL-KOL-02,Kolkata,32.53,157.23,0,0.336,376
2026-08-04 15:45:00,CELL-HYD-01,Hyderabad,34.11,134.08,0,0.639,237
2026-08-04 22:45:00,CELL-CHE-02,Chennai,33.85,132.45,0,0.781,442
2026-08-04 20:00:00,CELL-HYD-01,Hyderabad,41.11,127.44,0,1.245,518
2026-08-04 05:00:00,CELL-HYD-02,Hyderabad,34.72,190.19,0,0.527,353
2026-08-05 17:00:00,CELL-BLR-02,Bengaluru,30.73,220.11,0,0.567,597
2026-08-04 03:45:00,CELL-CHE-02,Chennai,27.06,154.52,0,0.162,244
2026-08-01 03:30:00,CELL-MUM-03,Mumbai,36.54,166.7,0,0.969,381
2026-08-03 08:15:00,CELL-CHE-01,Chennai,28.19,139.0,0,0.935,399
2026-08-05 07:45:00,CELL-BLR-02,Bengaluru,28.56,195.53,0,0.599,269
2026-08-04 20:00:00,CELL-MUM-03,Mumbai,56.29,101.92,0,0.552,393
2026-08-03 07:45:00,CELL-MUM-03,Mumbai,42.7,153.54,0,0.804,331
2026-08-03 19:30:00,CELL-HYD-02,Hyderabad,48.67,155.42,0,0.295,564
2026-08-01 01:15:00,CELL-CHE-02,Chennai,27.78,176.2,0,0.487,237
2026-08-02 22:00:00,CELL-DEL-02,Delhi,51.69,197.79,0,0.839,248
2026-08-04 09:30:00,CELL-CHE-03,Chennai,39.84,272.74,0,0.206,419
2026-08-01 02:00:00,CELL-DEL-03,Delhi,,184.96,0,0.37,309
2026-08-05 05:30:00,CELL-DEL-02,Delhi,47.19,244.32,0,0.604,547
2026-08-03 22:45:00,CELL-HYD-03,Hyderabad,32.93,116.73,0,0.719,372
2026-08-01 00:00:00,CELL-HYD-02,Hyderabad,33.37,180.26,0,0.395,341
2026-08-02 00:30:00,CELL-CHE-03,Chennai,38.39,229.55,0,1.004,414
2026-08-02 01:00:00,CELL-KOL-03,Kolkata,33.63,209.68,0,0.724,347
2026-08-02 13:45:00,CELL-DEL-03,Delhi,27.77,195.01,0,0.285,487
2026-08-04 10:15:00,CELL-HYD-03,Hyderabad,36.18,125.33,0,0.829,382
2026-08-01 00:15:00,CELL-KOL-01,Kolkata,30.6,159.24,0,0.59,386
2026-08-02 15:45:00,CELL-CHE-02,Chennai,26.86,152.76,0,0.582,378
2026-08-02 09:15:00,CELL-KOL-01,Kolkata,42.03,188.28,0,0.853,359
2026-08-02 11:15:00,CELL-DEL-02,Delhi,58.34,183.17,0,0.452,365
2026-08-04 21:45:00,CELL-KOL-02,Kolkata,34.15,156.31,0,0.371,299
2026-08-03 07:45:00,CELL-HYD-02,Hyderabad,35.9,169.77,0,0.611,229
2026-08-01 12:00:00,CELL-MUM-02,Mumbai,51.71,138.8,0,0.878,519
2026-08-05 06:30:00,CELL-BLR-02,Bengaluru,28.06,249.54,0,0.754,285
2026-08-05 23:30:00,CELL-BLR-01,Bengaluru,36.26,198.88,0,0.783,428
2026-08-01 16:45:00,CELL-KOL-03,Kolkata,35.28,235.35,0,0.376,374
2026-08-03 23:15:00,CELL-CHE-01,Chennai,37.19,175.79,0,0.611,553
2026-08-04 22:00:00,CELL-KOL-02,Kolkata,41.76,166.36,0,0.686,377
2026-08-05 16:15:00,CELL-KOL-03,Kolkata,34.06,235.08,0,0.76,294
2026-08-05 18:00:00,CELL-KOL-02,Kolkata,41.32,152.55,0,1.25,569
2026-08-02 23:45:00,CELL-MUM-03,Mumbai,48.08,134.18,0,0.314,429
2026-08-03 11:30:00,CELL-KOL-03,Kolkata,33.33,176.87,0,0.671,209
2026-08-05 07:15:00,CELL-MUM-02,Mumbai,50.81,178.5,0,0.593,332
2026-08-02 22:15:00,CELL-CHE-03,Chennai,35.71,177.84,0,0.482,482
2026-08-01 05:30:00,CELL-DEL-03,Delhi,33.53,197.27,0,0.434,477
2026-08-04 22:00:00,CELL-MUM-02,Mumbai,53.12,136.76,0,0.992,556
2026-08-03 07:30:00,CELL-BLR-02,Bengaluru,22.01,248.39,0,0.548,231
2026-08-01 06:30:00,CELL-KOL-03,Kolkata,,209.93,0,0.797,290
2026-08-01 13:15:00,CELL-MUM-02,Mumbai,48.67,152.37,0,0.902,258
2026-08-04 13:45:00,CELL-KOL-01,Kolkata,57.94,161.62,0,0.689,371
2026-08-03 03:45:00,CELL-MUM-01,Mumbai,28.54,246.73,0,0.483,440
2026-08-05 00:00:00,CELL-MUM-01,Mumbai,30.02,237.48,0,0.817,337
2026-08-05 07:15:00,CELL-BLR-01,Bengaluru,37.5,217.53,0,0.52,209
2026-08-04 19:45:00,CELL-HYD-03,Hyderabad,48.59,110.1,0,1.132,303
2026-08-04 13:45:00,CELL-CHE-03,Chennai,42.01,198.42,0,0.678,295
2026-08-02 15:00:00,CELL-CHE-03,Chennai,32.68,235.13,0,0.527,379
2026-08-01 14:00:00,CELL-CHE-02,Chennai,32.65,126.2,0,0.814,435
2026-08-05 01:45:00,CELL-MUM-02,Mumbai,51.33,149.64,0,0.738,329
2026-08-02 11:00:00,CELL-MUM-01,Mumbai,38.32,169.3,0,0.397,383
2026-08-05 01:30:00,CELL-BLR-01,Bengaluru,34.31,191.08,0,0.266,462
2026-08-01 19:15:00,CELL-MUM-03,Mumbai,59.46,103.83,0,0.754,369
2026-08-01 10:15:00,CELL-HYD-02,Hyderabad,35.87,164.4,0,0.414,397
2026-08-04 12:15:00,CELL-BLR-02,Bengaluru,31.3,206.51,0,0.489,576
2026-08-03 20:15:00,CELL-KOL-03,Kolkata,45.12,165.55,0,0.881,558
2026-08-03 09:15:00,CELL-CHE-03,Chennai,40.35,214.54,0,0.296,384
2026-08-01 05:30:00,CELL-DEL-01,Delhi,32.21,240.03,0,0.608,191
2026-08-04 21:45:00,CELL-MUM-03,Mumbai,57.37,111.48,0,0.575,209
2026-08-02 13:45:00,CELL-KOL-03,Kolkata,34.54,220.61,0,0.48,389
2026-08-03 06:15:00,CELL-MUM-02,Mumbai,37.32,206.5,0,0.606,416
2026-08-02 01:30:00,CELL-DEL-01,Delhi,33.72,270.04,0,0.362,373
2026-08-03 01:00:00,CELL-CHE-01,Chennai,21.55,171.88,0,0.781,275
2026-08-01 14:15:00,CELL-KOL-03,Kolkata,32.81,234.53,0,0.737,494
2026-08-03 09:45:00,CELL-MUM-01,Mumbai,30.16,208.76,0,0.065,559
2026-08-04 12:30:00,CELL-HYD-01,Hyderabad,33.83,153.46,0,0.168,397
2026-08-02 02:30:00,CELL-BLR-03,Bengaluru,42.54,209.58,0,0.397,371
2026-08-03 13:00:00,CELL-CHE-02,Chennai,31.85,123.23,0,0.377,414
2026-08-04 05:00:00,CELL-KOL-01,Kolkata,40.72,203.27,0,0.467,436
2026-08-02 01:00:00,CELL-HYD-02,Hyderabad,33.5,153.46,0,0.895,401
2026-08-03 01:00:00,CELL-MUM-03,Mumbai,40.36,151.59,0,0.618,264
2026-08-04 21:00:00,CELL-KOL-02,Kolkata,41.16,132.48,0,0.573,460
2026-08-03 01:15:00,CELL-CHE-01,Chennai,34.01,172.61,0,0.629,433
2026-08-04 06:30:00,CELL-MUM-01,Mumbai,20.61,189.41,0,0.377,236
2026-08-04 10:00:00,CELL-KOL-03,Kolkata,25.74,201.35,0,0.32,296
2026-08-03 19:15:00,CELL-CHE-01,Chennai,46.8,136.27,0,0.341,369
2026-08-02 08:00:00,CELL-CHE-02,Chennai,30.67,186.81,0,0.464,273
2026-08-05 09:00:00,CELL-BLR-02,Bengaluru,32.44,192.06,0,0.34,575
2026-08-03 12:45:00,CELL-CHE-01,Chennai,40.12,163.47,0,0.973,268
2026-08-03 17:30:00,CELL-KOL-03,Kolkata,39.06,184.99,0,0.545,389
2026-08-03 20:45:00,CELL-KOL-01,Kolkata,60.42,159.65,0,0.731,612
2026-08-03 18:30:00,CELL-MUM-02,Mumbai,56.58,119.29,0,0.307,410
2026-08-01 13:45:00,CELL-DEL-03,Delhi,43.15,165.65,0,0.548,330
2026-08-04 21:45:00,CELL-DEL-01,Delhi,42.09,212.82,0,0.868,626
2026-08-01 16:45:00,CELL-MUM-03,Mumbai,44.15,134.91,0,0.266,374
2026-08-05 02:00:00,CELL-MUM-01,Mumbai,25.97,207.92,0,0.78,308
2026-08-01 05:30:00,CELL-KOL-03,Kolkata,33.9,233.9,0,0.272,195
2026-08-02 19:00:00,CELL-HYD-01,Hyderabad,45.59,130.43,0,0.744,451
2026-08-03 04:15:00,CELL-KOL-01,Kolkata,41.63,210.63,0,0.247,389
2026-08-05 01:00:00,CELL-DEL-03,Delhi,30.83,193.48,0,0.719,281
2026-08-04 15:45:00,CELL-DEL-01,Delhi,33.99,225.67,0,0.273,421
2026-08-05 11:15:00,CELL-DEL-02,Delhi,,208.56,0,0.642,355
2026-08-01 06:45:00,CELL-KOL-03,Kolkata,31.04,222.81,0,0.011,318
2026-08-02 22:15:00,CELL-KOL-03,Kolkata,31.12,235.39,0,0.419,610
2026-08-02 11:30:00,CELL-MUM-03,Mumbai,51.16,130.78,0,0.621,544
2026-08-03 11:15:00,CELL-CHE-01,Chennai,38.3,150.96,0,0.569,417
2026-08-04 22:00:00,CELL-BLR-03,Bengaluru,45.57,170.96,0,1.117,401
2026-08-05 22:00:00,CELL-MUM-03,Mumbai,56.43,123.72,0,0.967,572
2026-08-02 08:30:00,CELL-DEL-03,Delhi,29.92,174.63,0,0.577,193
2026-08-01 12:30:00,CELL-BLR-01,Bengaluru,59.15,154.66,0,1.145,325
2026-08-05 22:00:00,CELL-MUM-02,Mumbai,51.18,134.39,0,0.485,507
2026-08-05 16:00:00,CELL-MUM-02,Mumbai,48.2,172.0,0,0.63,458
2026-08-03 06:45:00,CELL-HYD-02,Hyderabad,35.63,203.97,0,0.448,187
2026-08-03 10:45:00,CELL-KOL-03,Kolkata,34.55,207.85,0,0.923,340
2026-08-05 21:45:00,CELL-CHE-03,Chennai,45.44,185.01,0,0.865,602
2026-08-02 08:15:00,CELL-CHE-03,Chennai,36.29,267.5,0,0.384,348
2026-08-04 15:15:00,CELL-KOL-01,Kolkata,48.7,219.49,0,0.906,290
2026-08-02 18:15:00,CELL-HYD-01,Hyderabad,42.04,122.97,0,0.871,211
2026-08-02 01:00:00,CELL-BLR-01,Bengaluru,37.32,192.0,0,0.665,291
2026-08-01 02:30:00,CELL-HYD-01,Hyderabad,31.08,171.99,0,0.478,191
2026-08-03 20:15:00,CELL-DEL-02,Delhi,61.46,167.04,0,0.436,278
2026-08-01 13:45:00,CELL-DEL-02,Delhi,48.62,211.39,0,0.566,363
2026-08-04 20:45:00,CELL-HYD-02,Hyderabad,42.16,117.17,0,0.607,661
2026-08-04 18:30:00,CELL-KOL-02,Kolkata,33.51,140.56,0,0.725,344
2026-08-01 00:45:00,CELL-KOL-01,Kolkata,44.72,214.76,0,0.496,258
2026-08-02 09:45:00,CELL-MUM-03,Mumbai,51.37,143.49,0,0.548,519
2026-08-02 04:45:00,CELL-DEL-02,Delhi,35.15,239.16,0,0.393,371
2026-08-04 01:45:00,CELL-CHE-01,Chennai,32.66,195.01,0,0.689,145
2026-08-01 16:45:00,CELL-BLR-03,Bengaluru,41.35,172.1,0,0.41,328
2026-08-05 02:30:00,CELL-HYD-01,Hyderabad,35.55,172.49,0,0.705,435
2026-08-04 10:15:00,CELL-CHE-02,Chennai,35.33,130.31,0,0.774,430
2026-08-02 22:45:00,CELL-BLR-03,Bengaluru,47.13,148.74,0,0.509,449
2026-08-04 13:30:00,CELL-DEL-02,Delhi,41.34,240.43,0,0.43,429
2026-08-04 11:45:00,CELL-CHE-03,Chennai,42.38,214.17,0,0.582,420
2026-08-01 03:45:00,CELL-MUM-03,Mumbai,39.61,156.49,0,0.501,357
2026-08-04 10:30:00,CELL-HYD-03,Hyderabad,29.94,124.74,0,0.483,456
2026-08-04 08:30:00,CELL-KOL-01,Kolkata,42.55,174.21,0,0.539,229
2026-08-05 08:45:00,CELL-MUM-02,Mumbai,48.36,176.04,0,1.012,367
2026-08-02 04:45:00,CELL-KOL-01,Kolkata,47.1,193.57,0,0.438,373
2026-08-01 17:00:00,CELL-HYD-03,Hyderabad,37.57,140.85,0,0.394,518
2026-08-01 06:30:00,CELL-MUM-02,Mumbai,48.64,190.38,0,0.493,322
2026-08-05 10:45:00,CELL-MUM-02,Mumbai,52.75,143.81,0,0.554,385
2026-08-02 18:45:00,CELL-CHE-01,Chennai,45.5,137.54,0,0.743,470
2026-08-04 12:30:00,CELL-HYD-03,Hyderabad,37.35,113.26,0,0.561,220
2026-08-02 16:45:00,CELL-KOL-01,Kolkata,50.76,160.93,0,0.411,294
2026-08-03 20:45:00,CELL-HYD-01,Hyderabad,40.11,113.49,0,0.703,176
2026-08-01 22:15:00,CELL-BLR-02,Bengaluru,34.44,219.37,0,0.682,316
2026-08-05 18:45:00,CELL-HYD-03,Hyderabad,38.2,105.4,0,1.395,472
2026-08-02 11:30:00,CELL-KOL-01,Kolkata,52.95,156.72,0,0.648,334
2026-08-04 11:45:00,CELL-CHE-02,Chennai,42.85,110.13,0,0.898,471
2026-08-04 02:30:00,CELL-BLR-02,Bengaluru,,0.0,15,0.373,258
2026-08-04 18:30:00,CELL-DEL-03,Delhi,40.74,139.63,0,0.969,339
2026-08-01 23:45:00,CELL-MUM-01,Mumbai,31.29,206.74,0,0.699,261
2026-08-03 11:00:00,CELL-KOL-01,Kolkata,54.55,163.7,0,0.65,284
2026-08-04 21:00:00,CELL-DEL-02,Delhi,51.46,171.53,0,1.05,405
2026-08-05 19:15:00,CELL-KOL-02,Kolkata,37.08,137.84,0,1.175,306
2026-08-05 09:45:00,CELL-CHE-02,Chennai,32.43,153.34,0,0.917,468
2026-08-03 01:15:00,CELL-KOL-03,Kolkata,31.42,231.34,0,0.391,480
2026-08-04 20:15:00,CELL-KOL-02,Kolkata,32.29,112.39,0,0.145,286
2026-08-04 20:00:00,CELL-BLR-03,Bengaluru,54.46,148.19,0,0.555,321
2026-08-02 02:30:00,CELL-MUM-03,Mumbai,43.84,156.39,0,0.794,229
2026-08-04 00:15:00,CELL-HYD-03,Hyderabad,27.11,134.15,0,0.56,549
2026-08-02 08:00:00,CELL-KOL-01,Kolkata,49.7,171.86,0,0.021,234
2026-08-05 10:30:00,CELL-DEL-03,Delhi,38.87,156.37,0,0.123,480
2026-08-04 11:00:00,CELL-BLR-02,Bengaluru,37.59,209.18,0,0.585,611
2026-08-04 05:30:00,CELL-CHE-01,Chennai,30.97,155.43,0,0.591,369
2026-08-03 10:45:00,CELL-CHE-01,Chennai,43.73,137.76,0,0.284,532
2026-08-04 23:45:00,CELL-CHE-01,Chennai,33.27,182.75,0,0.617,302
2026-08-01 23:00:00,CELL-KOL-02,Kolkata,34.95,151.49,0,0.802,272
2026-08-03 08:30:00,CELL-KOL-02,Kolkata,31.22,194.42,0,0.74,307
2026-08-01 16:30:00,CELL-BLR-01,Bengaluru,41.45,207.35,0,0.843,298
2026-08-04 11:15:00,CELL-DEL-01,Delhi,35.43,221.82,0,0.887,664
2026-08-04 07:15:00,CELL-BLR-03,Bengaluru,40.77,217.46,0,0.504,300
2026-08-03 13:15:00,CELL-HYD-01,Hyderabad,39.82,144.9,0,0.937,225
2026-08-02 06:00:00,CELL-DEL-02,Delhi,37.57,252.9,0,0.722,343
2026-08-05 22:30:00,CELL-MUM-02,Mumbai,53.69,175.95,0,0.031,276
2026-08-02 17:30:00,CELL-HYD-03,Hyderabad,34.02,136.72,0,0.53,206
2026-08-05 00:30:00,CELL-MUM-02,Mumbai,45.04,187.16,0,0.428,296
2026-08-03 21:45:00,CELL-CHE-02,Chennai,38.78,126.62,0,0.202,543
2026-08-04 11:45:00,CELL-MUM-02,Mumbai,58.77,162.4,0,0.696,612
2026-08-02 03:15:00,CELL-BLR-03,Bengaluru,42.18,193.43,0,0.137,496
2026-08-02 11:15:00,CELL-DEL-03,Delhi,39.15,178.25,0,0.608,493
2026-08-01 15:00:00,CELL-CHE-01,Chennai,36.19,130.16,0,0.608,350
2026-08-04 17:00:00,CELL-CHE-01,Chennai,35.04,158.98,0,0.742,457
2026-08-02 12:30:00,CELL-CHE-03,Chennai,46.4,213.61,0,0.407,412
2026-08-01 00:15:00,CELL-BLR-02,Bengaluru,26.61,269.38,0,0.364,316
2026-08-02 21:45:00,CELL-BLR-02,Bengaluru,31.7,210.25,0,0.849,339
2026-08-04 08:30:00,CELL-DEL-03,Delhi,30.14,195.5,0,0.866,264
2026-08-04 16:30:00,CELL-MUM-01,Mumbai,31.55,205.48,0,0.882,352
2026-08-03 06:30:00,CELL-HYD-01,Hyderabad,33.43,199.01,0,0.849,342
2026-08-04 11:45:00,CELL-MUM-03,Mumbai,44.22,140.28,0,0.586,396
2026-08-04 02:15:00,CELL-MUM-02,Mumbai,36.73,153.65,0,0.122,380
2026-08-02 23:00:00,CELL-DEL-01,Delhi,36.42,205.67,0,0.988,319
2026-08-03 19:15:00,CELL-KOL-02,Kolkata,45.57,138.31,0,1.124,338
2026-08-03 03:15:00,CELL-CHE-03,Chennai,32.89,206.06,0,0.502,448
2026-08-05 02:15:00,CELL-CHE-02,Chennai,28.45,167.84,0,0.603,290
2026-08-04 19:30:00,CELL-HYD-03,Hyderabad,38.37,96.99,0,0.671,515
2026-08-01 09:45:00,CELL-HYD-03,Hyderabad,30.86,119.29,0,0.932,364
2026-08-01 01:45:00,CELL-BLR-02,Bengaluru,29.2,281.74,0,0.448,292
2026-08-04 03:00:00,CELL-BLR-03,Bengaluru,36.34,189.28,0,0.676,125
2026-08-01 22:00:00,CELL-HYD-01,Hyderabad,37.96,135.16,0,0.56,292
2026-08-03 12:45:00,CELL-CHE-03,Chennai,46.78,206.92,0,0.817,626
2026-08-05 06:15:00,CELL-MUM-03,Mumbai,36.01,158.06,0,0.546,309
2026-08-02 14:00:00,CELL-DEL-01,Delhi,37.75,227.36,0,0.532,641
2026-08-03 12:15:00,CELL-KOL-03,Kolkata,34.21,185.47,0,0.792,376
2026-08-03 03:15:00,CELL-DEL-02,Delhi,43.02,263.17,0,0.871,310
2026-08-03 13:45:00,CELL-DEL-03,Delhi,37.94,172.28,0,0.587,298
2026-08-05 22:45:00,CELL-BLR-02,Bengaluru,39.88,220.65,0,0.181,254
2026-08-04 07:00:00,CELL-CHE-03,Chennai,37.91,274.91,0,0.335,266
2026-08-03 16:15:00,CELL-BLR-02,Bengaluru,30.98,234.8,0,0.8,371
2026-08-02 21:45:00,CELL-KOL-03,Kolkata,35.59,165.48,0,0.8,303
2026-08-04 00:15:00,CELL-MUM-01,Mumbai,26.11,235.7,0,0.307,189
2026-08-02 08:00:00,CELL-DEL-01,Delhi,32.75,221.32,0,0.659,352
2026-08-02 06:15:00,CELL-BLR-02,Bengaluru,28.02,269.53,0,0.553,496
2026-08-03 20:00:00,CELL-MUM-02,Mumbai,54.44,137.59,0,0.898,343
2026-08-02 16:15:00,CELL-HYD-01,Hyderabad,36.84,172.46,0,0.652,431
2026-08-03 06:15:00,CELL-DEL-02,Delhi,47.2,246.39,0,0.474,297
2026-08-05 21:00:00,CELL-HYD-02,Hyderabad,48.28,120.18,0,0.984,190
2026-08-03 01:15:00,CELL-KOL-02,Kolkata,31.48,176.21,0,0.48,332
2026-08-04 09:30:00,CELL-KOL-03,Kolkata,32.39,198.76,0,0.703,489
2026-08-02 12:45:00,CELL-HYD-01,Hyderabad,42.82,142.17,0,0.556,451
2026-08-01 18:45:00,CELL-KOL-03,Kolkata,36.69,168.84,0,0.9,305
2026-08-02 17:30:00,CELL-MUM-02,Mumbai,51.08,166.49,0,0.464,482
2026-08-02 06:30:00,CELL-BLR-02,Bengaluru,26.75,286.35,0,0.399,295
2026-08-02 09:30:00,CELL-DEL-02,Delhi,44.0,189.36,0,0.642,327
2026-08-02 13:45:00,CELL-DEL-01,Delhi,35.7,200.07,0,0.391,470
2026-08-01 17:15:00,CELL-HYD-01,Hyderabad,37.06,136.44,0,0.925,318
2026-08-01 04:45:00,CELL-DEL-03,Delhi,25.54,193.74,0,0.599,380
2026-08-01 07:30:00,CELL-CHE-01,Chennai,25.41,177.22,0,0.515,337
2026-08-05 09:45:00,CELL-KOL-02,Kolkata,29.56,139.29,0,0.645,135
2026-08-05 02:30:00,CELL-KOL-02,Kolkata,27.93,192.28,0,0.443,301
2026-08-04 11:30:00,CELL-CHE-01,Chennai,38.83,134.39,0,0.684,509
2026-08-01 02:45:00,CELL-CHE-02,Chennai,26.73,153.46,0,0.595,261
2026-08-03 08:45:00,CELL-DEL-01,Delhi,33.65,246.47,0,0.126,276
2026-08-03 16:15:00,CELL-DEL-03,Delhi,32.47,195.77,0,0.621,356
2026-08-05 23:45:00,CELL-KOL-02,Kolkata,31.71,186.72,0,0.633,388
2026-08-02 20:30:00,CELL-KOL-02,Kolkata,42.29,136.08,0,0.914,688
2026-08-04 17:15:00,CELL-HYD-01,Hyderabad,36.38,142.54,0,0.583,466
2026-08-03 17:00:00,CELL-CHE-03,Chennai,39.97,249.99,0,0.492,287
2026-08-03 09:30:00,CELL-BLR-01,Bengaluru,39.8,165.04,0,0.586,474
2026-08-04 12:45:00,CELL-MUM-01,Mumbai,31.9,199.07,0,0.777,215
2026-08-04 17:15:00,CELL-KOL-03,Kolkata,38.47,199.06,0,0.726,482
2026-08-01 16:00:00,CELL-BLR-02,Bengaluru,19.89,245.54,0,0.883,422
2026-08-05 02:45:00,CELL-HYD-01,Hyderabad,33.75,200.13,0,0.599,339
2026-08-01 20:00:00,CELL-MUM-03,Mumbai,65.61,109.36,0,0.81,357
2026-08-03 10:30:00,CELL-DEL-01,Delhi,31.71,207.88,0,0.527,470
2026-08-04 19:15:00,CELL-KOL-02,Kolkata,37.69,131.78,0,0.328,383
2026-08-02 20:30:00,CELL-CHE-03,Chennai,54.67,173.43,0,0.484,423
2026-08-01 12:45:00,CELL-DEL-02,Delhi,51.66,193.96,0,1.083,296
2026-08-05 04:15:00,CELL-MUM-03,Mumbai,41.19,171.69,0,0.866,298
2026-08-01 19:45:00,CELL-CHE-02,Chennai,46.31,109.8,0,0.422,393
2026-08-03 03:45:00,CELL-HYD-01,Hyderabad,29.9,193.57,0,0.361,295
2026-08-01 12:45:00,CELL-KOL-02,Kolkata,33.83,170.91,0,0.88,291
2026-08-04 20:00:00,CELL-KOL-03,Kolkata,45.4,166.13,0,0.912,512
2026-08-01 23:30:00,CELL-DEL-02,Delhi,46.27,221.34,0,0.064,386
2026-08-01 00:45:00,CELL-DEL-02,Delhi,39.44,247.8,0,0.883,274
2026-08-05 15:30:00,CELL-KOL-02,Kolkata,29.1,198.16,0,0.212,411
2026-08-01 01:00:00,CELL-BLR-01,Bengaluru,36.98,169.79,0,0.61,294
2026-08-01 17:15:00,CELL-MUM-02,Mumbai,51.6,137.3,0,0.392,420
2026-08-02 03:45:00,CELL-CHE-02,Chennai,29.38,158.2,0,0.783,323
2026-08-03 01:00:00,CELL-BLR-02,Bengaluru,32.04,276.24,0,0.679,438
2026-08-02 18:45:00,CELL-DEL-02,Delhi,50.72,193.25,0,0.81,412
2026-08-05 06:15:00,CELL-HYD-03,Hyderabad,29.88,133.85,0,0.168,365
2026-08-01 11:00:00,CELL-CHE-03,Chennai,42.52,195.98,0,0.572,330
2026-08-04 05:00:00,CELL-BLR-03,Bengaluru,45.5,203.78,0,0.841,275
2026-08-02 15:00:00,CELL-CHE-02,Chennai,35.54,141.19,0,0.251,152
2026-08-04 02:00:00,CELL-HYD-03,Hyderabad,31.53,119.45,0,0.824,336
2026-08-04 16:45:00,CELL-HYD-01,Hyderabad,38.26,140.79,0,0.752,462
2026-08-03 20:30:00,CELL-MUM-01,Mumbai,43.31,138.44,0,0.547,481
2026-08-01 01:15:00,CELL-CHE-01,Chennai,32.55,152.61,0,0.709,419
2026-08-01 20:00:00,CELL-CHE-03,Chennai,58.21,181.65,0,0.513,286
2026-08-02 04:15:00,CELL-DEL-03,Delhi,30.44,204.97,0,0.649,161
2026-08-05 21:30:00,CELL-DEL-02,Delhi,57.44,181.76,0,1.345,410
2026-08-05 02:15:00,CELL-HYD-01,Hyderabad,30.88,155.67,0,0.498,295
2026-08-04 16:45:00,CELL-MUM-03,Mumbai,47.22,140.81,0,0.841,486
2026-08-03 02:00:00,CELL-MUM-01,Mumbai,32.5,217.11,0,0.866,355
2026-08-02 04:15:00,CELL-DEL-01,Delhi,27.61,236.96,0,0.665,229
2026-08-02 00:45:00,CELL-CHE-01,Chennai,27.03,168.7,0,0.474,303
2026-08-03 09:30:00,CELL-DEL-01,Delhi,35.26,197.19,0,1.05,312
2026-08-01 18:15:00,CELL-HYD-01,Hyderabad,39.31,132.27,0,0.563,238
2026-08-01 19:15:00,CELL-HYD-02,Hyderabad,47.83,144.12,0,1.025,181
2026-08-02 09:30:00,CELL-DEL-03,Delhi,28.42,180.44,0,0.776,322
2026-08-04 14:15:00,CELL-CHE-03,Chennai,33.46,210.89,0,0.393,467
2026-08-01 13:45:00,CELL-HYD-02,Hyderabad,30.83,157.15,0,1.063,247
2026-08-01 13:00:00,CELL-CHE-02,Chennai,30.08,145.33,0,0.456,317
2026-08-04 17:15:00,CELL-BLR-02,Bengaluru,33.34,198.87,0,0.982,603
2026-08-03 20:30:00,CELL-DEL-03,Delhi,96.26,108.53,0,2.272,291
2026-08-02 16:30:00,CELL-HYD-01,Hyderabad,30.03,153.16,0,0.412,332
2026-08-02 21:30:00,CELL-MUM-03,Mumbai,58.49,107.66,0,0.492,266
2026-08-05 12:00:00,CELL-CHE-01,Chennai,45.09,136.76,0,1.111,563
2026-08-03 03:00:00,CELL-KOL-02,Kolkata,31.16,177.28,0,0.486,251
2026-08-05 05:45:00,CELL-CHE-02,Chennai,32.16,176.38,0,0.46,471
2026-08-04 14:15:00,CELL-HYD-01,Hyderabad,34.52,154.31,0,0.55,446
2026-08-02 22:30:00,CELL-MUM-03,Mumbai,49.47,107.38,0,0.491,477
2026-08-01 17:15:00,CELL-BLR-02,Bengaluru,38.46,237.76,0,0.285,360
2026-08-02 05:15:00,CELL-BLR-01,Bengaluru,33.85,193.51,0,0.51,453
2026-08-05 16:45:00,CELL-BLR-01,Bengaluru,45.1,165.92,0,0.764,418
2026-08-01 01:15:00,CELL-MUM-01,Mumbai,28.16,223.21,0,0.831,215
2026-08-03 01:00:00,CELL-KOL-03,Kolkata,25.95,236.46,0,0.391,313
2026-08-04 14:30:00,CELL-MUM-01,Mumbai,28.9,220.04,0,0.675,313
2026-08-02 17:45:00,CELL-HYD-01,Hyderabad,39.48,153.15,0,0.741,562
2026-08-01 17:30:00,CELL-HYD-01,Hyderabad,40.09,139.7,0,0.903,458
2026-08-02 10:15:00,CELL-HYD-03,Hyderabad,31.46,134.04,0,0.708,207
2026-08-01 19:15:00,CELL-CHE-01,Chennai,42.29,146.2,0,0.339,510
2026-08-02 00:30:00,CELL-MUM-01,Mumbai,29.61,207.02,0,0.256,209
2026-08-05 08:30:00,CELL-DEL-03,Delhi,29.69,175.35,0,0.252,198
2026-08-04 18:00:00,CELL-KOL-02,Kolkata,37.31,142.19,0,1.102,394
2026-08-05 09:15:00,CELL-HYD-01,Hyderabad,41.28,162.32,0,0.393,275
2026-08-02 15:30:00,CELL-CHE-01,Chennai,34.26,191.97,0,0.979,404
2026-08-01 09:15:00,CELL-KOL-01,Kolkata,44.42,224.63,0,0.736,345
2026-08-04 00:45:00,CELL-DEL-01,Delhi,34.21,261.91,0,0.79,344
2026-08-02 12:45:00,CELL-CHE-02,Chennai,32.67,125.48,0,0.777,177
2026-08-01 05:00:00,CELL-MUM-01,Mumbai,28.82,211.71,0,0.62,453
2026-08-03 07:45:00,CELL-CHE-03,Chennai,33.34,285.86,0,0.541,178
2026-08-04 18:45:00,CELL-DEL-02,Delhi,57.45,170.84,0,0.77,413
2026-08-05 17:15:00,CELL-CHE-03,Chennai,40.99,215.81,0,0.239,278
2026-08-03 21:15:00,CELL-KOL-03,Kolkata,45.57,182.89,0,1.4,342
2026-08-01 05:00:00,CELL-BLR-01,Bengaluru,38.67,213.81,0,0.416,276
2026-08-01 19:45:00,CELL-HYD-03,Hyderabad,42.43,101.19,0,0.582,254
2026-08-02 01:00:00,CELL-MUM-02,Mumbai,37.87,180.08,0,0.483,397
2026-08-05 07:15:00,CELL-BLR-03,Bengaluru,45.12,212.49,0,1.322,291
2026-08-02 22:30:00,CELL-KOL-02,Kolkata,34.49,158.64,0,0.857,358
2026-08-04 20:00:00,CELL-CHE-01,Chennai,45.11,122.58,0,0.291,443
2026-08-04 20:30:00,CELL-HYD-03,Hyderabad,39.22,102.2,0,0.474,328
2026-08-01 08:30:00,CELL-DEL-02,Delhi,37.89,214.68,0,0.473,273
2026-08-05 03:45:00,CELL-MUM-03,Mumbai,40.61,140.83,0,0.392,383
2026-08-04 10:45:00,CELL-HYD-03,Hyderabad,40.2,116.02,0,0.356,475
2026-08-02 16:00:00,CELL-BLR-01,Bengaluru,30.27,182.51,0,0.878,238
2026-08-05 13:45:00,CELL-BLR-03,Bengaluru,53.27,178.04,0,0.961,525
2026-08-05 15:30:00,CELL-CHE-02,Chennai,27.52,140.99,0,0.48,284
2026-08-04 15:30:00,CELL-DEL-02,Delhi,46.2,227.93,0,0.692,278
2026-08-05 01:00:00,CELL-DEL-02,Delhi,,251.12,0,0.337,434
2026-08-05 22:30:00,CELL-KOL-02,Kolkata,29.92,142.4,0,0.265,258
2026-08-01 09:00:00,CELL-MUM-01,Mumbai,29.53,170.2,0,0.4,382
2026-08-02 12:15:00,CELL-HYD-01,Hyderabad,32.15,139.58,0,1.049,347
2026-08-02 16:15:00,CELL-HYD-03,Hyderabad,28.07,116.73,0,0.469,180
2026-08-04 01:30:00,CELL-MUM-02,Mumbai,46.44,191.52,0,0.368,371
2026-08-04 18:15:00,CELL-HYD-02,Hyderabad,49.33,172.96,0,0.738,536
2026-08-04 07:00:00,CELL-DEL-02,Delhi,39.65,227.19,0,0.423,399
2026-08-04 00:30:00,CELL-CHE-03,Chennai,29.42,247.5,0,0.839,279
2026-08-05 09:30:00,CELL-DEL-03,Delhi,30.88,137.62,0,0.605,334
2026-08-01 12:30:00,CELL-MUM-02,Mumbai,60.87,153.44,0,0.625,238
2026-08-02 22:00:00,CELL-CHE-01,Chennai,38.02,138.67,0,1.112,453
2026-08-03 17:30:00,CELL-CHE-03,Chennai,45.16,205.8,0,0.884,345
2026-08-03 08:15:00,CELL-HYD-01,Hyderabad,28.23,176.69,0,0.63,317
2026-08-05 16:00:00,CELL-KOL-02,Kolkata,28.18,137.26,0,0.607,314
2026-08-04 14:45:00,CELL-BLR-01,Bengaluru,43.58,166.37,0,0.31,340
2026-08-04 13:30:00,CELL-KOL-03,Kolkata,31.44,189.08,0,0.688,263
2026-08-01 02:45:00,CELL-HYD-02,Hyderabad,34.17,172.17,0,0.986,369
2026-08-02 03:00:00,CELL-MUM-03,Mumbai,45.42,161.17,0,0.637,358
2026-08-05 01:45:00,CELL-BLR-03,Bengaluru,40.8,195.58,0,0.597,311
2026-08-02 12:15:00,CELL-BLR-03,Bengaluru,57.82,188.08,0,0.635,361
2026-08-04 09:00:00,CELL-BLR-03,Bengaluru,51.77,199.48,0,0.928,296
2026-08-04 11:00:00,CELL-MUM-01,Mumbai,45.33,178.85,0,0.723,377
2026-08-04 16:45:00,CELL-BLR-01,Bengaluru,40.72,204.56,0,0.461,467
2026-08-03 15:15:00,CELL-KOL-01,Kolkata,46.94,188.93,0,1.112,383
2026-08-04 11:15:00,CELL-CHE-01,Chennai,38.89,144.89,0,0.859,190
2026-08-03 10:00:00,CELL-HYD-01,Hyderabad,31.78,150.96,0,1.003,234
2026-08-04 07:00:00,CELL-MUM-01,Mumbai,27.17,226.24,0,0.682,468
2026-08-02 04:45:00,CELL-MUM-03,Mumbai,35.55,154.45,0,0.223,138
2026-08-01 13:00:00,CELL-MUM-02,Mumbai,53.23,178.06,0,0.731,436
2026-08-05 14:30:00,CELL-MUM-03,Mumbai,42.41,144.55,0,0.663,317
2026-08-05 08:00:00,CELL-DEL-01,Delhi,30.29,272.68,0,0.254,368
2026-08-05 03:00:00,CELL-BLR-03,Bengaluru,37.15,224.66,0,0.658,363
2026-08-05 10:15:00,CELL-DEL-01,Delhi,33.33,235.69,0,0.7,241
2026-08-05 12:15:00,CELL-KOL-01,Kolkata,55.76,161.33,0,1.084,169
2026-08-03 14:15:00,CELL-CHE-03,Chennai,45.54,240.51,0,0.913,414
2026-08-05 14:45:00,CELL-DEL-02,Delhi,52.9,262.38,0,0.763,582
2026-08-03 04:15:00,CELL-KOL-03,Kolkata,28.93,214.39,0,0.364,390
2026-08-01 22:15:00,CELL-MUM-01,Mumbai,37.59,187.22,0,1.171,221
2026-08-02 23:30:00,CELL-CHE-02,Chennai,27.33,132.27,0,0.369,221
2026-08-02 06:00:00,CELL-CHE-01,Chennai,31.53,190.15,0,0.494,499
2026-08-01 10:00:00,CELL-BLR-03,Bengaluru,49.51,164.59,0,0.786,298
2026-08-04 00:45:00,CELL-BLR-02,Bengaluru,31.34,256.24,0,0.173,337
2026-08-05 15:15:00,CELL-KOL-03,Kolkata,29.1,201.51,0,0.396,453
2026-08-05 08:00:00,CELL-CHE-01,Chennai,32.02,179.17,0,0.57,262
2026-08-04 02:15:00,CELL-HYD-01,Hyderabad,26.84,170.42,0,0.38,532
2026-08-01 10:00:00,CELL-HYD-03,Hyderabad,31.02,137.43,0,0.681,527
2026-08-05 11:45:00,CELL-DEL-01,Delhi,37.3,191.58,0,0.549,317
2026-08-03 04:00:00,CELL-KOL-02,Kolkata,28.14,207.02,0,0.252,227
2026-08-05 20:45:00,CELL-BLR-03,Bengaluru,66.48,155.38,0,0.263,626
2026-08-02 00:45:00,CELL-KOL-02,Kolkata,26.9,201.38,0,0.64,133
2026-08-02 22:15:00,CELL-CHE-02,Chennai,33.41,132.39,0,0.57,371
2026-08-04 14:00:00,CELL-CHE-02,Chennai,30.62,115.92,0,1.019,484
2026-08-02 21:00:00,CELL-BLR-01,Bengaluru,54.03,144.27,0,1.142,467
2026-08-01 04:30:00,CELL-HYD-01,Hyderabad,32.4,160.64,0,0.452,413
2026-08-01 08:00:00,CELL-CHE-01,Chennai,26.85,202.89,0,0.689,424
2026-08-04 02:00:00,CELL-KOL-02,Kolkata,30.1,221.04,0,0.668,371
2026-08-04 23:15:00,CELL-DEL-02,Delhi,38.5,196.18,0,0.542,349
2026-08-01 14:45:00,CELL-KOL-01,Kolkata,46.6,168.01,0,0.423,302
2026-08-04 19:30:00,CELL-KOL-01,Kolkata,72.25,161.98,0,1.058,688
2026-08-02 19:15:00,CELL-CHE-02,Chennai,37.66,114.83,0,0.255,575
2026-08-01 21:15:00,CELL-CHE-03,Chennai,46.6,199.73,0,0.789,296
2026-08-01 23:15:00,CELL-MUM-02,Mumbai,54.53,169.65,0,0.368,381
2026-08-05 10:00:00,CELL-CHE-03,Chennai,40.11,248.18,0,0.292,564
2026-08-04 02:00:00,CELL-CHE-02,Chennai,33.95,159.74,0,0.698,332
2026-08-04 07:30:00,CELL-HYD-03,Hyderabad,27.08,142.43,0,0.601,356
2026-08-01 23:45:00,CELL-DEL-03,Delhi,30.35,176.4,0,0.433,161
2026-08-05 04:30:00,CELL-HYD-02,Hyderabad,34.63,176.88,0,0.179,215
2026-08-02 06:00:00,CELL-HYD-01,Hyderabad,28.7,166.0,0,0.772,231
2026-08-02 14:45:00,CELL-MUM-03,Mumbai,42.93,135.63,0,0.306,240
2026-08-01 13:00:00,CELL-CHE-01,Chennai,38.33,174.33,0,0.692,245
2026-08-03 19:00:00,CELL-DEL-01,Delhi,32.7,143.04,0,0.847,522
2026-08-01 06:15:00,CELL-DEL-01,Delhi,26.93,265.0,0,0.873,314
2026-08-02 19:00:00,CELL-MUM-01,Mumbai,46.79,156.44,0,0.71,538
2026-08-05 10:45:00,CELL-BLR-03,Bengaluru,50.69,132.53,0,0.517,419
2026-08-05 06:30:00,CELL-HYD-03,Hyderabad,32.33,148.49,0,0.58,287
2026-08-02 09:30:00,CELL-HYD-02,Hyderabad,35.06,154.13,0,0.376,345
2026-08-04 23:45:00,CELL-BLR-01,Bengaluru,34.07,166.63,0,0.323,303
2026-08-03 02:30:00,CELL-KOL-02,Kolkata,24.94,164.33,0,0.206,276
2026-08-04 04:45:00,CELL-HYD-02,Hyderabad,38.98,195.33,0,0.562,407
2026-08-05 16:30:00,CELL-CHE-03,Chennai,29.9,214.53,0,0.8,386
2026-08-01 17:30:00,CELL-HYD-02,Hyderabad,46.9,166.32,0,0.701,499
2026-08-05 22:15:00,CELL-BLR-01,Bengaluru,49.46,155.49,0,0.995,551
2026-08-03 02:00:00,CELL-BLR-01,Bengaluru,34.9,189.53,0,0.434,361
2026-08-01 07:00:00,CELL-CHE-02,Chennai,27.46,172.96,0,0.5,361
2026-08-05 12:30:00,CELL-HYD-03,Hyderabad,40.84,110.52,0,0.541,369
2026-08-02 05:15:00,CELL-CHE-01,Chennai,32.3,184.18,0,0.696,214
2026-08-03 10:45:00,CELL-DEL-03,Delhi,31.12,172.04,0,0.662,312
2026-08-04 09:45:00,CELL-MUM-01,Mumbai,36.37,165.27,0,0.942,525
2026-08-02 07:00:00,CELL-HYD-02,Hyderabad,34.8,196.74,0,0.642,369
2026-08-01 20:00:00,CELL-HYD-01,Hyderabad,44.35,111.68,0,0.318,410
2026-08-04 20:30:00,CELL-KOL-01,Kolkata,61.19,155.73,0,0.836,414
2026-08-03 14:15:00,CELL-HYD-03,Hyderabad,36.01,120.55,0,0.631,472
2026-08-05 22:30:00,CELL-HYD-03,Hyderabad,33.23,123.27,0,0.752,536
2026-08-04 02:15:00,CELL-MUM-03,Mumbai,44.64,160.4,0,0.472,508
2026-08-02 03:45:00,CELL-KOL-02,Kolkata,31.89,188.93,0,0.641,283
2026-08-03 00:00:00,CELL-CHE-01,Chennai,30.18,167.7,0,0.744,173
2026-08-01 03:30:00,CELL-HYD-03,Hyderabad,23.65,160.87,0,0.683,334
2026-08-03 18:15:00,CELL-DEL-02,Delhi,51.22,171.27,0,0.276,456
2026-08-01 06:45:00,CELL-DEL-01,Delhi,30.13,238.42,0,0.345,425
2026-08-03 05:30:00,CELL-CHE-03,Chennai,38.86,212.45,0,0.825,526
2026-08-05 01:00:00,CELL-HYD-02,Hyderabad,35.88,175.16,0,0.469,239
2026-08-03 17:45:00,CELL-CHE-02,Chennai,43.38,145.36,0,0.487,342
2026-08-03 14:45:00,CELL-BLR-01,Bengaluru,41.77,161.97,0,0.707,411
2026-08-01 00:00:00,CELL-MUM-01,Mumbai,29.96,226.39,0,0.111,320
2026-08-04 06:00:00,CELL-CHE-01,Chennai,33.17,185.22,0,0.723,322
2026-08-02 01:45:00,CELL-KOL-02,Kolkata,29.1,168.22,0,1.242,390
2026-08-05 10:45:00,CELL-CHE-01,Chennai,40.67,152.54,0,0.791,413
2026-08-01 12:00:00,CELL-BLR-01,Bengaluru,49.2,152.24,0,0.28,447
2026-08-02 07:00:00,CELL-CHE-01,Chennai,30.2,166.49,0,0.33,276
2026-08-05 04:00:00,CELL-DEL-01,Delhi,29.32,230.29,0,1.111,422
2026-08-01 23:15:00,CELL-CHE-01,Chennai,38.06,178.47,0,0.785,325
2026-08-05 09:30:00,CELL-MUM-03,Mumbai,49.92,143.64,0,0.69,370
2026-08-02 12:15:00,CELL-DEL-03,Delhi,40.37,124.26,0,0.473,550
2026-08-03 13:00:00,CELL-CHE-03,Chennai,40.98,231.03,0,0.631,538
2026-08-05 09:45:00,CELL-CHE-01,Chennai,35.11,177.77,0,0.228,423
2026-08-03 00:00:00,CELL-BLR-03,Bengaluru,41.93,207.84,0,0.551,267
2026-08-03 12:00:00,CELL-CHE-03,Chennai,35.99,192.29,0,0.905,171
2026-08-03 19:30:00,CELL-MUM-01,Mumbai,45.15,150.69,0,1.129,606
2026-08-02 04:30:00,CELL-CHE-01,Chennai,32.65,209.23,0,0.439,410
2026-08-05 17:00:00,CELL-MUM-03,Mumbai,51.1,122.01,0,1.208,379
2026-08-04 11:30:00,CELL-DEL-01,Delhi,33.01,194.77,0,0.295,465
2026-08-05 06:15:00,CELL-CHE-03,Chennai,34.81,224.28,0,0.651,295
2026-08-02 01:45:00,CELL-BLR-02,Bengaluru,32.46,309.89,0,0.472,567
2026-08-01 19:30:00,CELL-CHE-03,Chennai,35.38,197.73,0,0.731,569
2026-08-04 23:00:00,CELL-KOL-02,Kolkata,31.83,183.87,0,0.728,301
2026-08-05 17:30:00,CELL-DEL-03,Delhi,33.46,168.31,0,0.519,474
2026-08-03 12:45:00,CELL-HYD-01,Hyderabad,42.42,138.81,0,0.619,594
2026-08-05 16:45:00,CELL-CHE-03,Chennai,39.77,163.05,0,0.582,427
2026-08-03 12:15:00,CELL-HYD-01,Hyderabad,36.29,163.82,0,0.827,247
2026-08-04 20:30:00,CELL-CHE-02,Chennai,79.68,124.18,0,0.845,515
2026-08-03 15:45:00,CELL-KOL-02,Kolkata,32.47,184.23,0,0.429,294
2026-08-04 06:30:00,CELL-KOL-02,Kolkata,35.05,159.69,0,0.242,347
2026-08-05 21:15:00,CELL-HYD-02,Hyderabad,40.62,163.13,0,1.02,452
2026-08-05 19:00:00,CELL-BLR-02,Bengaluru,40.63,202.13,0,0.879,412
2026-08-02 04:30:00,CELL-KOL-03,Kolkata,28.88,220.56,0,0.571,390
2026-08-04 10:45:00,CELL-MUM-02,Mumbai,53.41,177.24,0,0.349,339
2026-08-02 11:00:00,CELL-CHE-02,Chennai,33.58,149.16,0,0.803,395
2026-08-02 08:30:00,CELL-HYD-01,Hyderabad,27.37,180.82,0,0.569,383
2026-08-01 00:45:00,CELL-BLR-01,Bengaluru,36.6,211.7,0,0.251,352
2026-08-03 10:30:00,CELL-CHE-02,Chennai,30.0,141.78,0,0.763,390
2026-08-05 03:15:00,CELL-KOL-03,Kolkata,35.98,203.45,0,0.427,468
2026-08-05 15:45:00,CELL-CHE-03,Chennai,38.65,269.14,0,0.438,227
2026-08-02 07:45:00,CELL-DEL-03,Delhi,29.37,164.52,0,0.969,236
2026-08-02 18:15:00,CELL-BLR-02,Bengaluru,40.42,188.47,0,0.928,383
2026-08-01 00:00:00,CELL-KOL-02,Kolkata,28.78,171.51,0,1.162,233
2026-08-01 02:00:00,CELL-DEL-02,Delhi,41.55,282.02,0,0.347,374
2026-08-02 00:15:00,CELL-KOL-02,Kolkata,31.75,170.73,0,0.453,477
2026-08-05 19:00:00,CELL-CHE-01,Chennai,54.54,146.19,0,0.439,539
2026-08-02 02:15:00,CELL-DEL-03,Delhi,25.91,204.29,0,0.914,422
2026-08-05 11:15:00,CELL-DEL-01,Delhi,34.65,190.54,0,0.16,404
2026-08-01 16:45:00,CELL-CHE-01,Chennai,37.02,148.68,0,0.614,282
2026-08-02 12:00:00,CELL-DEL-02,Delhi,56.89,184.92,0,0.874,490
2026-08-03 06:45:00,CELL-HYD-03,Hyderabad,23.29,149.98,0,0.771,310
2026-08-02 09:00:00,CELL-MUM-02,Mumbai,46.12,173.88,0,0.135,174
2026-08-01 05:45:00,CELL-BLR-03,Bengaluru,36.28,198.11,0,0.597,296
2026-08-04 09:00:00,CELL-KOL-01,Kolkata,48.02,203.91,0,0.659,368
2026-08-02 22:45:00,CELL-MUM-01,Mumbai,33.56,183.12,0,0.671,667
2026-08-03 13:30:00,CELL-BLR-03,Bengaluru,42.69,161.31,0,0.429,293
2026-08-03 15:00:00,CELL-MUM-03,Mumbai,40.65,124.56,0,0.458,334
2026-08-03 05:00:00,CELL-MUM-02,Mumbai,43.91,225.96,0,0.686,325
2026-08-01 22:45:00,CELL-KOL-03,Kolkata,35.09,219.63,0,0.589,274
2026-08-04 02:00:00,CELL-KOL-03,Kolkata,33.35,269.21,0,0.858,228
2026-08-05 16:30:00,CELL-DEL-02,Delhi,44.17,211.44,0,0.651,318
2026-08-02 10:15:00,CELL-DEL-02,Delhi,48.93,211.29,0,0.456,565
2026-08-05 20:30:00,CELL-BLR-02,Bengaluru,38.97,163.93,0,0.518,501
2026-08-01 02:00:00,CELL-BLR-01,Bengaluru,37.64,187.02,0,0.469,231
2026-08-03 18:30:00,CELL-KOL-03,Kolkata,36.88,176.97,0,0.699,631
2026-08-04 12:00:00,CELL-HYD-01,Hyderabad,31.58,167.65,0,0.944,477
2026-08-02 10:00:00,CELL-KOL-03,Kolkata,34.58,196.7,0,0.495,447
2026-08-02 17:00:00,CELL-KOL-01,Kolkata,53.14,205.95,0,0.773,331
2026-08-05 06:30:00,CELL-MUM-03,Mumbai,45.56,164.1,0,0.374,471
2026-08-05 02:00:00,CELL-DEL-02,Delhi,35.44,248.93,0,0.465,262
2026-08-05 18:15:00,CELL-MUM-03,Mumbai,50.57,108.16,0,0.678,244
2026-08-01 16:45:00,CELL-KOL-01,Kolkata,48.08,172.88,0,0.707,460
2026-08-05 16:15:00,CELL-CHE-01,Chennai,38.22,153.78,0,0.811,264
2026-08-04 07:45:00,CELL-CHE-02,Chennai,26.44,169.41,0,0.459,330
2026-08-05 01:00:00,CELL-MUM-03,Mumbai,40.67,152.52,0,0.558,365
2026-08-02 00:45:00,CELL-DEL-02,Delhi,40.26,296.03,0,0.394,321
2026-08-04 00:00:00,CELL-DEL-03,Delhi,29.93,209.02,0,0.538,304
2026-08-05 18:45:00,CELL-KOL-02,Kolkata,44.93,127.51,0,0.652,288
2026-08-01 11:15:00,CELL-DEL-03,Delhi,35.69,150.57,0,0.89,328
2026-08-05 17:15:00,CELL-BLR-02,Bengaluru,37.38,214.32,0,0.114,319
2026-08-02 12:15:00,CELL-KOL-02,Kolkata,39.48,135.47,0,0.865,565
2026-08-04 18:45:00,CELL-KOL-03,Kolkata,49.37,189.7,0,0.824,475
2026-08-04 02:00:00,CELL-BLR-02,Bengaluru,,0.0,15,0.5,324
2026-08-03 08:00:00,CELL-DEL-02,Delhi,41.52,247.58,0,0.626,364
2026-08-01 03:00:00,CELL-KOL-03,Kolkata,31.11,250.32,0,0.248,219
2026-08-04 07:15:00,CELL-KOL-02,Kolkata,28.46,149.59,0,0.745,296
2026-08-01 03:00:00,CELL-DEL-02,Delhi,32.92,246.36,0,0.276,355
2026-08-01 18:00:00,CELL-MUM-02,Mumbai,58.14,166.23,0,0.825,551
2026-08-01 04:15:00,CELL-KOL-01,Kolkata,42.88,181.63,0,0.402,208
2026-08-01 15:45:00,CELL-MUM-03,Mumbai,36.33,126.23,0,0.706,292
2026-08-04 05:30:00,CELL-DEL-03,Delhi,26.23,211.88,0,0.631,304
2026-08-03 03:00:00,CELL-BLR-03,Bengaluru,43.99,207.98,0,0.269,264
2026-08-01 03:00:00,CELL-MUM-03,Mumbai,46.53,151.99,0,1.088,238
2026-08-01 10:15:00,CELL-BLR-03,Bengaluru,40.72,156.1,0,0.539,392
2026-08-04 03:45:00,CELL-BLR-02,Bengaluru,31.39,264.2,0,0.878,561
2026-08-01 05:45:00,CELL-BLR-02,Bengaluru,25.65,267.28,0,0.472,308
2026-08-01 12:45:00,CELL-MUM-01,Mumbai,34.34,157.18,0,0.654,576
2026-08-01 09:15:00,CELL-MUM-03,Mumbai,44.06,159.27,0,0.396,390
2026-08-01 09:15:00,CELL-CHE-01,Chennai,34.24,207.58,0,0.486,284
2026-08-04 17:15:00,CELL-DEL-02,Delhi,41.83,177.7,0,0.458,380
2026-08-04 00:15:00,CELL-KOL-01,Kolkata,42.5,226.3,0,0.523,524
2026-08-04 12:00:00,CELL-BLR-03,Bengaluru,43.72,164.06,0,0.685,349
2026-08-04 05:45:00,CELL-HYD-03,Hyderabad,30.07,151.2,0,0.421,323
2026-08-05 04:00:00,CELL-CHE-02,Chennai,29.6,154.71,0,0.731,332
2026-08-04 22:00:00,CELL-CHE-02,Chennai,36.12,138.48,0,0.821,401
2026-08-01 19:00:00,CELL-BLR-03,Bengaluru,56.35,130.41,0,0.445,386
2026-08-02 00:30:00,CELL-CHE-01,Chennai,38.77,200.63,0,0.167,327
2026-08-05 14:15:00,CELL-CHE-03,Chennai,33.17,233.13,0,0.341,491
2026-08-05 07:00:00,CELL-BLR-02,Bengaluru,24.93,254.28,0,0.327,439
2026-08-05 20:30:00,CELL-BLR-01,Bengaluru,54.63,146.76,0,0.279,390
2026-08-01 04:15:00,CELL-DEL-02,Delhi,37.26,233.2,0,0.711,307
2026-08-04 18:00:00,CELL-MUM-01,Mumbai,37.02,157.0,0,0.892,371
2026-08-03 04:30:00,CELL-KOL-03,Kolkata,25.84,253.9,0,0.676,371
2026-08-02 07:45:00,CELL-KOL-01,Kolkata,44.66,209.6,0,0.386,496
2026-08-03 08:15:00,CELL-DEL-03,Delhi,32.05,170.15,0,0.659,414
2026-08-04 21:15:00,CELL-MUM-01,Mumbai,40.12,180.17,0,1.163,318
2026-08-02 05:15:00,CELL-MUM-02,Mumbai,42.5,195.52,0,0.446,371
2026-08-01 01:30:00,CELL-CHE-02,Chennai,26.97,148.54,0,0.607,358
2026-08-03 18:30:00,CELL-KOL-02,Kolkata,33.85,135.23,0,1.14,622
2026-08-05 12:30:00,CELL-HYD-01,Hyderabad,30.02,148.32,0,0.805,398
2026-08-04 13:00:00,CELL-HYD-02,Hyderabad,42.2,163.01,0,0.661,250
2026-08-05 01:00:00,CELL-CHE-03,Chennai,32.48,269.09,0,0.433,405
2026-08-05 00:45:00,CELL-MUM-01,Mumbai,31.53,225.8,0,0.723,290
2026-08-04 09:45:00,CELL-MUM-03,Mumbai,52.52,151.21,0,0.508,459
2026-08-03 19:45:00,CELL-HYD-01,Hyderabad,37.74,108.54,0,0.598,487
2026-08-01 03:15:00,CELL-DEL-01,Delhi,30.93,272.57,0,1.091,215
2026-08-02 08:45:00,CELL-MUM-03,Mumbai,40.94,154.35,0,0.324,408
2026-08-01 00:30:00,CELL-MUM-02,Mumbai,41.21,212.27,0,0.33,306
2026-08-04 04:15:00,CELL-BLR-02,Bengaluru,27.75,246.54,0,0.831,198
2026-08-05 22:15:00,CELL-MUM-03,Mumbai,56.27,135.25,0,0.693,364
2026-08-01 11:45:00,CELL-BLR-03,Bengaluru,48.77,161.99,0,0.84,356
2026-08-03 05:30:00,CELL-KOL-03,Kolkata,32.47,250.19,0,0.66,341
2026-08-04 09:00:00,CELL-KOL-03,Kolkata,29.95,200.57,0,0.816,251
2026-08-01 09:45:00,CELL-BLR-03,Bengaluru,48.81,156.46,0,0.43,341
2026-08-05 19:15:00,CELL-BLR-02,Bengaluru,44.02,162.66,0,0.748,605
2026-08-04 20:00:00,CELL-MUM-01,Mumbai,48.21,165.91,0,1.026,490
2026-08-01 19:00:00,CELL-BLR-02,Bengaluru,40.64,173.68,0,0.561,604
2026-08-04 10:00:00,CELL-KOL-01,Kolkata,51.08,190.15,0,0.391,537
2026-08-05 05:00:00,CELL-CHE-02,Chennai,30.07,164.4,0,0.434,438
2026-08-05 12:30:00,CELL-MUM-02,Mumbai,53.53,155.44,0,0.636,565
2026-08-01 12:30:00,CELL-BLR-03,Bengaluru,44.54,183.08,0,1.187,639
2026-08-02 20:15:00,CELL-DEL-01,Delhi,43.04,198.48,0,0.79,664
2026-08-04 02:30:00,CELL-KOL-01,Kolkata,49.27,180.51,0,0.323,483
2026-08-05 17:30:00,CELL-HYD-01,Hyderabad,41.0,145.95,0,0.102,339
2026-08-02 14:00:00,CELL-HYD-03,Hyderabad,29.38,120.71,0,0.308,383
2026-08-05 22:30:00,CELL-DEL-02,Delhi,45.73,212.1,0,1.043,438
2026-08-01 11:15:00,CELL-CHE-02,Chennai,40.93,126.07,0,0.841,478
2026-08-01 13:00:00,CELL-DEL-02,Delhi,47.72,184.84,0,0.276,460
2026-08-01 16:00:00,CELL-MUM-01,Mumbai,33.3,180.59,0,0.486,271
2026-08-01 03:00:00,CELL-KOL-01,Kolkata,39.44,231.44,0,0.932,345
2026-08-03 12:00:00,CELL-DEL-02,Delhi,43.43,169.31,0,0.538,418
2026-08-04 00:30:00,CELL-DEL-03,Delhi,30.12,186.27,0,0.681,262
2026-08-03 23:00:00,CELL-DEL-02,Delhi,43.24,221.66,0,0.811,229
2026-08-02 13:45:00,CELL-HYD-01,Hyderabad,34.84,170.78,0,0.246,241
2026-08-05 15:00:00,CELL-DEL-03,Delhi,31.41,158.28,0,0.321,250
2026-08-04 19:00:00,CELL-MUM-02,Mumbai,66.23,131.07,0,1.307,529
2026-08-02 01:45:00,CELL-CHE-03,Chennai,33.52,273.24,0,0.533,206
2026-08-03 17:30:00,CELL-BLR-02,Bengaluru,36.6,211.68,0,0.503,256
2026-08-02 22:45:00,CELL-HYD-02,Hyderabad,38.31,151.95,0,0.984,103
2026-08-02 04:30:00,CELL-KOL-02,Kolkata,25.46,207.28,0,0.689,206
2026-08-02 20:00:00,CELL-CHE-03,Chennai,48.16,172.44,0,0.6,461
2026-08-03 02:15:00,CELL-BLR-02,Bengaluru,25.23,252.28,0,0.638,269
2026-08-04 12:15:00,CELL-HYD-03,Hyderabad,36.66,128.43,0,1.377,326
2026-08-02 19:15:00,CELL-BLR-03,Bengaluru,49.75,125.34,0,0.826,422
2026-08-05 01:00:00,CELL-HYD-03,Hyderabad,31.67,162.75,0,0.525,281
2026-08-01 23:30:00,CELL-KOL-03,Kolkata,28.76,220.41,0,0.662,366
2026-08-01 22:15:00,CELL-BLR-01,Bengaluru,47.43,165.04,0,0.53,334
2026-08-02 14:30:00,CELL-DEL-02,Delhi,41.34,224.99,0,0.299,379
2026-08-04 13:00:00,CELL-KOL-02,Kolkata,28.42,169.15,0,0.534,325
2026-08-02 18:30:00,CELL-CHE-03,Chennai,52.26,227.17,0,0.377,422
2026-08-01 06:00:00,CELL-DEL-01,Delhi,24.7,234.12,0,0.724,332
2026-08-05 21:30:00,CELL-HYD-03,Hyderabad,39.73,100.76,0,0.954,372
2026-08-02 02:15:00,CELL-DEL-02,Delhi,40.4,276.87,0,0.499,426
2026-08-04 20:30:00,CELL-CHE-03,Chennai,49.18,186.29,0,0.666,552
2026-08-02 00:30:00,CELL-DEL-03,Delhi,26.14,163.95,0,0.143,383
2026-08-04 21:45:00,CELL-BLR-01,Bengaluru,36.2,144.57,0,0.92,223
2026-08-05 02:45:00,CELL-CHE-02,Chennai,28.7,164.01,0,0.627,446
2026-08-04 10:30:00,CELL-BLR-01,Bengaluru,44.88,178.87,0,0.61,399
2026-08-03 14:15:00,CELL-BLR-03,Bengaluru,42.47,193.78,0,0.89,508
2026-08-04 19:15:00,CELL-BLR-02,Bengaluru,43.18,171.35,0,0.967,369
2026-08-03 13:15:00,CELL-KOL-02,Kolkata,39.64,160.08,0,0.599,516
2026-08-03 18:30:00,CELL-BLR-01,Bengaluru,45.89,144.41,0,0.659,458
2026-08-04 04:30:00,CELL-CHE-03,Chennai,38.21,245.86,0,0.395,432
2026-08-05 19:00:00,CELL-HYD-03,Hyderabad,37.21,100.65,0,1.023,249
2026-08-03 10:15:00,CELL-HYD-03,Hyderabad,34.95,124.11,0,0.548,420
2026-08-03 23:30:00,CELL-DEL-03,Delhi,36.57,165.41,0,0.809,341
2026-08-03 04:30:00,CELL-HYD-02,Hyderabad,30.54,193.8,0,0.031,388
2026-08-05 15:00:00,CELL-KOL-01,Kolkata,42.82,210.62,0,0.426,437
2026-08-05 00:15:00,CELL-KOL-03,Kolkata,32.14,243.81,0,0.638,395
2026-08-04 11:30:00,CELL-DEL-02,Delhi,48.98,225.83,0,0.494,466
2026-08-03 14:30:00,CELL-CHE-01,Chennai,34.46,147.76,0,0.654,264
2026-08-02 00:45:00,CELL-BLR-01,Bengaluru,38.88,156.69,0,0.479,388
2026-08-01 21:30:00,CELL-MUM-03,Mumbai,43.41,122.9,0,0.444,642
2026-08-01 06:15:00,CELL-BLR-02,Bengaluru,27.52,266.77,0,0.65,275
2026-08-04 09:15:00,CELL-HYD-01,Hyderabad,32.83,154.4,0,0.442,523
2026-08-02 17:30:00,CELL-CHE-01,Chennai,36.12,164.81,0,0.356,260
2026-08-01 14:30:00,CELL-HYD-03,Hyderabad,34.59,116.06,0,0.684,351
2026-08-02 10:45:00,CELL-HYD-01,Hyderabad,,0.0,15,0.942,211
2026-08-04 09:00:00,CELL-DEL-01,Delhi,26.39,226.21,0,0.252,398
2026-08-05 12:15:00,CELL-HYD-03,Hyderabad,35.24,107.93,0,0.732,277
2026-08-03 09:00:00,CELL-DEL-02,Delhi,40.46,226.28,0,0.207,333
2026-08-04 15:45:00,CELL-CHE-02,Chennai,31.71,148.28,0,0.959,328
2026-08-02 23:30:00,CELL-KOL-01,Kolkata,43.78,187.55,0,0.39,261
2026-08-02 21:45:00,CELL-CHE-01,Chennai,41.01,136.91,0,0.697,320
2026-08-01 08:15:00,CELL-MUM-03,Mumbai,38.91,149.06,0,0.499,204
2026-08-04 10:15:00,CELL-CHE-01,Chennai,29.05,142.24,0,0.516,295
2026-08-02 03:15:00,CELL-KOL-02,Kolkata,25.22,169.25,0,0.563,251
2026-08-03 04:15:00,CELL-BLR-03,Bengaluru,41.92,153.29,0,0.727,490
2026-08-03 18:15:00,CELL-HYD-02,Hyderabad,51.29,163.48,0,0.759,331
2026-08-04 02:00:00,CELL-DEL-03,Delhi,32.46,183.79,0,0.638,438
2026-08-01 19:30:00,CELL-BLR-01,Bengaluru,45.52,135.68,0,0.706,399
2026-08-02 20:45:00,CELL-DEL-03,Delhi,41.77,133.81,0,0.437,285
2026-08-01 15:30:00,CELL-CHE-02,Chennai,33.51,149.18,0,0.196,258
2026-08-04 11:45:00,CELL-DEL-03,Delhi,40.16,155.2,0,0.488,323
2026-08-03 17:30:00,CELL-HYD-02,Hyderabad,42.03,157.22,0,0.719,565
2026-08-05 13:30:00,CELL-BLR-03,Bengaluru,45.07,161.05,0,0.889,335
2026-08-03 10:45:00,CELL-KOL-01,Kolkata,47.4,165.39,0,1.159,352
2026-08-05 14:00:00,CELL-KOL-02,Kolkata,32.19,185.25,0,0.741,354
2026-08-04 21:00:00,CELL-BLR-02,Bengaluru,39.05,197.04,0,0.586,591
2026-08-03 19:30:00,CELL-BLR-03,Bengaluru,57.0,120.69,0,1.373,428
2026-08-01 09:15:00,CELL-DEL-02,Delhi,41.17,242.66,0,0.659,383
2026-08-03 14:30:00,CELL-DEL-02,Delhi,,225.21,0,0.589,407
2026-08-03 16:45:00,CELL-KOL-03,Kolkata,31.34,200.52,0,0.337,316
2026-08-01 22:30:00,CELL-KOL-03,Kolkata,38.69,171.33,0,0.391,468
2026-08-02 22:00:00,CELL-BLR-01,Bengaluru,40.74,176.2,0,0.931,425
2026-08-05 02:30:00,CELL-HYD-02,Hyderabad,36.51,204.55,0,0.849,272
2026-08-04 22:00:00,CELL-KOL-03,Kolkata,37.09,178.67,0,1.173,411
2026-08-01 05:00:00,CELL-KOL-01,Kolkata,42.29,207.22,0,0.734,307
2026-08-04 02:45:00,CELL-MUM-01,Mumbai,27.76,243.64,0,0.558,291
2026-08-05 16:15:00,CELL-KOL-01,Kolkata,51.96,193.39,0,0.687,338
2026-08-02 14:30:00,CELL-CHE-01,Chennai,39.22,157.44,0,0.984,556
2026-08-02 21:15:00,CELL-MUM-02,Mumbai,53.65,132.0,0,0.62,496
2026-08-01 18:15:00,CELL-DEL-01,Delhi,39.15,190.37,0,0.904,329
2026-08-02 10:45:00,CELL-CHE-01,Chennai,34.9,163.26,0,0.66,418
2026-08-04 08:45:00,CELL-DEL-02,Delhi,42.22,217.89,0,0.155,318
2026-08-01 05:30:00,CELL-DEL-02,Delhi,41.32,248.53,0,0.053,476
2026-08-02 23:30:00,CELL-KOL-02,Kolkata,30.25,150.41,0,0.586,354
2026-08-02 10:45:00,CELL-DEL-01,Delhi,30.65,224.2,0,0.923,520
2026-08-05 17:15:00,CELL-KOL-01,Kolkata,47.4,164.02,0,0.787,542
2026-08-03 22:45:00,CELL-CHE-03,Chennai,40.64,207.49,0,0.513,400
2026-08-02 06:30:00,CELL-MUM-03,Mumbai,42.55,173.3,0,0.66,314
2026-08-03 20:45:00,CELL-MUM-02,Mumbai,55.08,156.26,0,0.947,436
2026-08-02 00:45:00,CELL-MUM-02,Mumbai,46.82,188.47,0,0.435,211
2026-08-02 17:45:00,CELL-DEL-02,Delhi,48.77,175.23,0,0.603,317
2026-08-03 09:45:00,CELL-CHE-02,Chennai,37.09,146.99,0,0.492,435
2026-08-02 15:15:00,CELL-BLR-02,Bengaluru,27.17,263.49,0,0.824,247
2026-08-01 05:30:00,CELL-CHE-02,Chennai,24.0,185.04,0,0.771,473
2026-08-05 05:45:00,CELL-DEL-01,Delhi,23.24,252.74,0,0.676,291
2026-08-04 17:30:00,CELL-KOL-02,Kolkata,32.54,155.68,0,0.858,459
2026-08-05 13:45:00,CELL-CHE-03,Chennai,42.39,228.32,0,0.521,292
2026-08-04 14:30:00,CELL-MUM-03,Mumbai,42.31,155.21,0,0.454,278
2026-08-04 13:15:00,CELL-HYD-03,Hyderabad,33.39,114.9,0,1.144,416
2026-08-01 00:00:00,CELL-BLR-01,Bengaluru,37.75,173.07,0,0.4,527
2026-08-04 12:45:00,CELL-BLR-02,Bengaluru,32.94,239.01,0,0.471,319
2026-08-03 07:15:00,CELL-CHE-02,Chennai,29.33,160.64,0,0.619,375
2026-08-05 16:30:00,CELL-DEL-03,Delhi,36.19,176.24,0,1.027,250
2026-08-05 03:15:00,CELL-HYD-01,Hyderabad,28.54,145.07,0,0.532,349
2026-08-03 02:45:00,CELL-KOL-02,Kolkata,30.47,197.69,0,0.217,376
2026-08-03 06:00:00,CELL-HYD-02,Hyderabad,29.5,187.46,0,0.568,346
2026-08-04 12:45:00,CELL-CHE-01,Chennai,44.8,169.47,0,0.794,409
2026-08-05 15:30:00,CELL-MUM-03,Mumbai,42.34,145.64,0,0.39,400
2026-08-02 07:30:00,CELL-KOL-01,Kolkata,46.17,236.13,0,0.782,289
2026-08-02 20:15:00,CELL-CHE-01,Chennai,38.08,127.89,0,0.5,414
2026-08-05 05:30:00,CELL-MUM-01,Mumbai,,236.38,0,1.021,426
2026-08-04 04:15:00,CELL-HYD-02,Hyderabad,34.81,216.66,0,0.79,376
2026-08-04 17:45:00,CELL-DEL-03,Delhi,34.56,155.89,0,0.742,198
2026-08-05 18:45:00,CELL-KOL-03,Kolkata,41.58,163.64,0,0.991,475
2026-08-05 15:15:00,CELL-DEL-01,Delhi,26.97,220.8,0,0.661,272
2026-08-01 15:30:00,CELL-KOL-01,Kolkata,50.05,190.04,0,0.605,285
2026-08-02 10:30:00,CELL-KOL-02,Kolkata,32.27,156.7,0,0.758,516
2026-08-03 01:00:00,CELL-BLR-03,Bengaluru,40.78,187.61,0,0.31,312
2026-08-01 21:45:00,CELL-MUM-03,Mumbai,61.06,116.75,0,0.913,448
2026-08-04 07:15:00,CELL-CHE-02,Chennai,28.92,154.79,0,0.894,296
2026-08-02 08:15:00,CELL-KOL-02,Kolkata,33.95,171.55,0,0.371,276
2026-08-05 03:45:00,CELL-BLR-01,Bengaluru,36.15,191.32,0,0.413,223
2026-08-01 11:30:00,CELL-CHE-01,Chennai,36.02,140.18,0,0.877,437
2026-08-05 20:45:00,CELL-BLR-01,Bengaluru,51.94,136.4,0,1.199,115
2026-08-05 20:15:00,CELL-KOL-03,Kolkata,43.08,151.37,0,1.312,514
2026-08-02 00:30:00,CELL-MUM-02,Mumbai,51.01,185.4,0,0.555,457
2026-08-05 12:15:00,CELL-DEL-01,Delhi,39.42,195.64,0,0.742,585
2026-08-05 13:00:00,CELL-BLR-03,Bengaluru,43.98,139.16,0,0.683,470
2026-08-05 23:45:00,CELL-MUM-02,Mumbai,39.82,193.51,0,0.534,223
2026-08-04 19:30:00,CELL-MUM-03,Mumbai,56.97,105.97,0,0.99,520
2026-08-01 18:00:00,CELL-HYD-02,Hyderabad,47.84,148.84,0,0.861,447
2026-08-03 23:45:00,CELL-HYD-03,Hyderabad,37.15,123.64,0,0.086,463
2026-08-01 08:00:00,CELL-HYD-03,Hyderabad,30.22,127.26,0,0.295,249
2026-08-01 19:15:00,CELL-BLR-01,Bengaluru,56.96,155.14,0,0.582,520
2026-08-05 01:15:00,CELL-DEL-02,Delhi,45.06,229.75,0,0.942,325
2026-08-02 16:30:00,CELL-DEL-02,Delhi,42.62,234.42,0,0.539,328
2026-08-02 11:15:00,CELL-HYD-02,Hyderabad,43.73,159.68,0,0.968,382
2026-08-02 00:30:00,CELL-DEL-02,Delhi,41.01,257.37,0,0.484,323
2026-08-04 17:45:00,CELL-DEL-01,Delhi,35.87,190.51,0,1.19,280
2026-08-03 13:30:00,CELL-HYD-02,Hyderabad,47.31,140.46,0,0.843,486
2026-08-01 08:45:00,CELL-CHE-02,Chennai,30.82,170.97,0,0.545,369
2026-08-02 22:00:00,CELL-KOL-01,Kolkata,54.58,161.87,0,1.021,352
2026-08-02 09:45:00,CELL-KOL-02,Kolkata,30.16,188.38,0,0.37,280
2026-08-04 23:30:00,CELL-CHE-01,Chennai,33.46,161.68,0,0.682,278
2026-08-04 20:15:00,CELL-BLR-03,Bengaluru,63.73,161.28,0,1.409,361
2026-08-02 13:00:00,CELL-KOL-01,Kolkata,60.44,189.42,0,0.342,459
2026-08-02 17:30:00,CELL-BLR-03,Bengaluru,41.98,147.88,0,0.156,439
2026-08-05 17:30:00,CELL-CHE-02,Chennai,34.91,140.8,0,0.957,438
2026-08-03 16:45:00,CELL-MUM-01,Mumbai,34.12,175.62,0,0.467,198
2026-08-01 03:15:00,CELL-MUM-02,Mumbai,43.49,204.09,0,0.766,207
2026-08-04 14:45:00,CELL-BLR-02,Bengaluru,30.67,208.35,0,0.589,315
2026-08-02 19:00:00,CELL-KOL-03,Kolkata,43.17,156.32,0,0.338,395
2026-08-04 03:15:00,CELL-CHE-03,Chennai,34.86,257.31,0,1.17,356
2026-08-04 06:45:00,CELL-HYD-02,Hyderabad,35.5,209.13,0,0.485,341
2026-08-03 10:30:00,CELL-HYD-03,Hyderabad,33.81,120.58,0,0.135,481
2026-08-01 23:30:00,CELL-BLR-03,Bengaluru,39.85,178.14,0,0.923,468
2026-08-03 04:00:00,CELL-DEL-01,Delhi,26.75,227.07,0,0.587,340
2026-08-01 20:00:00,CELL-DEL-02,Delhi,55.78,170.2,0,1.408,577
2026-08-02 14:15:00,CELL-KOL-02,Kolkata,30.07,168.0,0,0.789,384
2026-08-01 20:15:00,CELL-HYD-01,Hyderabad,51.53,117.9,0,0.681,415
2026-08-05 05:00:00,CELL-KOL-02,Kolkata,29.4,208.27,0,0.696,305
2026-08-03 21:15:00,CELL-CHE-02,Chennai,43.68,110.6,0,1.377,450
2026-08-01 15:45:00,CELL-BLR-03,Bengaluru,46.67,206.89,0,0.416,272
2026-08-01 17:15:00,CELL-CHE-01,Chennai,33.8,138.18,0,0.866,213
2026-08-04 02:30:00,CELL-CHE-02,Chennai,32.69,163.64,0,0.303,287
2026-08-04 22:15:00,CELL-CHE-03,Chennai,51.65,191.68,0,0.996,417
2026-08-05 13:45:00,CELL-DEL-02,Delhi,39.1,207.46,0,0.66,432
2026-08-02 02:15:00,CELL-BLR-03,Bengaluru,44.29,179.26,0,0.673,219
2026-08-05 08:15:00,CELL-KOL-03,Kolkata,25.91,247.05,0,0.825,218
2026-08-02 18:15:00,CELL-CHE-03,Chennai,51.59,199.07,0,0.646,353
2026-08-05 12:15:00,CELL-BLR-02,Bengaluru,42.17,214.73,0,0.408,611
2026-08-01 04:30:00,CELL-BLR-03,Bengaluru,42.23,178.65,0,0.573,262
2026-08-05 04:00:00,CELL-CHE-03,Chennai,25.47,248.14,0,0.591,424
2026-08-03 16:00:00,CELL-BLR-02,Bengaluru,29.78,238.17,0,0.426,314
2026-08-04 17:00:00,CELL-BLR-02,Bengaluru,32.76,227.72,0,0.561,411
2026-08-03 02:15:00,CELL-DEL-03,Delhi,30.04,178.51,0,0.736,416
2026-08-02 03:30:00,CELL-MUM-02,Mumbai,,0.0,15,0.522,381
2026-08-01 15:15:00,CELL-CHE-01,Chennai,35.67,165.32,0,0.756,326
2026-08-02 00:15:00,CELL-CHE-02,Chennai,28.47,168.33,0,0.709,257
2026-08-01 00:15:00,CELL-DEL-02,Delhi,44.17,203.57,0,0.663,540
2026-08-04 01:15:00,CELL-DEL-03,Delhi,29.22,184.42,0,0.407,346
2026-08-03 08:15:00,CELL-CHE-02,Chennai,27.29,152.15,0,0.168,384
2026-08-02 22:15:00,CELL-DEL-03,Delhi,35.84,145.32,0,0.87,388
2026-08-02 20:00:00,CELL-MUM-02,Mumbai,64.05,136.99,0,0.241,606
2026-08-02 13:30:00,CELL-CHE-02,Chennai,33.88,115.75,0,0.38,378
2026-08-01 20:15:00,CELL-DEL-03,Delhi,37.55,132.68,0,1.327,199
2026-08-02 01:30:00,CELL-MUM-01,Mumbai,29.81,243.73,0,0.918,389
2026-08-01 05:45:00,CELL-KOL-02,Kolkata,31.57,174.64,0,0.387,465
2026-08-03 19:15:00,CELL-CHE-02,Chennai,37.21,122.98,0,0.491,207
2026-08-05 04:45:00,CELL-HYD-01,Hyderabad,27.77,179.87,0,1.006,170
2026-08-01 21:30:00,CELL-DEL-02,Delhi,54.31,164.01,0,0.954,557
2026-08-02 17:30:00,CELL-HYD-02,Hyderabad,40.08,149.66,0,0.78,399
2026-08-01 20:00:00,CELL-HYD-02,Hyderabad,54.97,139.52,0,1.124,184
2026-08-03 19:30:00,CELL-CHE-02,Chennai,47.35,104.23,0,1.219,334
2026-08-04 08:00:00,CELL-DEL-03,Delhi,24.52,184.1,0,0.55,348
2026-08-05 07:15:00,CELL-HYD-01,Hyderabad,24.47,161.79,0,0.784,320
2026-08-02 15:45:00,CELL-MUM-03,Mumbai,45.83,138.87,0,0.326,401
2026-08-03 09:15:00,CELL-MUM-01,Mumbai,32.42,191.72,0,0.808,445
2026-08-05 14:15:00,CELL-BLR-03,Bengaluru,46.62,163.96,0,0.756,499
2026-08-01 20:00:00,CELL-KOL-03,Kolkata,38.2,156.65,0,0.666,169
2026-08-04 10:00:00,CELL-BLR-02,Bengaluru,35.35,215.11,0,1.045,460
2026-08-03 15:45:00,CELL-DEL-02,Delhi,42.23,213.07,0,0.765,235
2026-08-04 10:15:00,CELL-DEL-02,Delhi,51.5,177.07,0,0.377,297
2026-08-05 01:45:00,CELL-HYD-02,Hyderabad,40.78,192.2,0,0.566,457
2026-08-02 14:15:00,CELL-BLR-01,Bengaluru,40.3,148.16,0,0.604,412
2026-08-05 03:45:00,CELL-MUM-01,Mumbai,28.07,211.99,0,0.319,299
2026-08-05 02:45:00,CELL-DEL-02,Delhi,43.3,225.73,0,0.781,333
2026-08-02 03:30:00,CELL-KOL-03,Kolkata,27.93,230.04,0,0.665,428
2026-08-04 03:00:00,CELL-DEL-01,Delhi,23.59,234.23,0,0.81,276
2026-08-04 14:30:00,CELL-HYD-03,Hyderabad,25.56,154.32,0,0.403,410
2026-08-02 15:30:00,CELL-DEL-02,Delhi,46.13,218.77,0,0.648,408
2026-08-05 03:00:00,CELL-KOL-01,Kolkata,44.48,217.91,0,0.672,353
2026-08-02 02:00:00,CELL-DEL-02,Delhi,34.44,266.09,0,0.557,319
2026-08-02 07:30:00,CELL-DEL-03,Delhi,32.45,208.29,0,0.601,332
2026-08-02 12:30:00,CELL-HYD-01,Hyderabad,38.14,144.48,0,0.622,507
2026-08-03 10:30:00,CELL-MUM-02,Mumbai,52.26,142.95,0,0.625,359
2026-08-01 19:30:00,CELL-KOL-02,Kolkata,36.67,124.11,0,1.292,501
2026-08-01 01:45:00,CELL-MUM-01,Mumbai,27.55,227.1,0,0.876,185
2026-08-04 01:45:00,CELL-HYD-01,Hyderabad,24.11,179.91,0,0.375,167
2026-08-05 06:45:00,CELL-MUM-03,Mumbai,41.41,171.16,0,0.445,323
2026-08-03 02:30:00,CELL-BLR-02,Bengaluru,31.97,285.63,0,0.374,481
2026-08-03 16:00:00,CELL-CHE-02,Chennai,30.27,153.1,0,0.458,407
2026-08-05 13:00:00,CELL-CHE-03,Chennai,49.02,199.74,0,0.517,529
2026-08-03 20:45:00,CELL-CHE-03,Chennai,46.27,179.59,0,0.437,601
2026-08-02 01:45:00,CELL-MUM-01,Mumbai,26.42,211.99,0,0.415,385
2026-08-01 14:15:00,CELL-MUM-03,Mumbai,46.71,147.98,0,0.603,293
2026-08-03 03:30:00,CELL-HYD-01,Hyderabad,34.0,182.27,0,0.093,214
2026-08-05 08:30:00,CELL-DEL-01,Delhi,26.81,262.2,0,0.363,410
2026-08-01 01:15:00,CELL-HYD-01,Hyderabad,27.92,155.85,0,0.273,148
2026-08-02 14:30:00,CELL-HYD-01,Hyderabad,33.3,154.33,0,1.068,383
2026-08-02 15:15:00,CELL-CHE-02,Chennai,36.04,133.69,0,0.537,280
2026-08-01 13:45:00,CELL-CHE-01,Chennai,40.88,169.95,0,0.49,337
2026-08-04 17:15:00,CELL-BLR-01,Bengaluru,45.57,161.02,0,0.938,355
2026-08-02 15:30:00,CELL-BLR-02,Bengaluru,27.28,288.35,0,0.963,373
2026-08-04 01:15:00,CELL-KOL-02,Kolkata,26.37,192.69,0,0.683,409
2026-08-03 17:30:00,CELL-MUM-01,Mumbai,30.99,183.2,0,0.54,285
2026-08-02 14:00:00,CELL-HYD-02,Hyderabad,33.16,169.93,0,0.084,381
2026-08-04 20:45:00,CELL-BLR-02,Bengaluru,41.74,148.88,0,0.474,301
2026-08-05 04:30:00,CELL-DEL-03,Delhi,32.61,202.98,0,0.587,217
2026-08-01 23:15:00,CELL-MUM-01,Mumbai,31.77,225.02,0,0.751,528
2026-08-04 19:30:00,CELL-KOL-03,Kolkata,,178.64,0,0.753,533
2026-08-03 23:45:00,CELL-MUM-03,Mumbai,41.39,139.2,0,0.428,454
2026-08-03 06:15:00,CELL-MUM-03,Mumbai,42.35,172.78,0,0.692,284
2026-08-02 05:00:00,CELL-KOL-03,Kolkata,34.07,217.02,0,0.517,374
2026-08-03 06:00:00,CELL-MUM-02,Mumbai,40.48,191.99,0,0.333,377
2026-08-02 19:15:00,CELL-MUM-03,Mumbai,65.78,101.26,0,0.896,258
2026-08-02 12:45:00,CELL-HYD-03,Hyderabad,30.72,118.57,0,0.514,269
2026-08-04 01:45:00,CELL-DEL-02,Delhi,38.19,256.61,0,0.913,456
2026-08-05 08:00:00,CELL-BLR-03,Bengaluru,38.45,189.65,0,0.231,265
2026-08-02 06:00:00,CELL-MUM-02,Mumbai,44.8,161.11,0,0.893,316
2026-08-05 06:45:00,CELL-DEL-02,Delhi,43.89,215.7,0,0.709,278
2026-08-05 06:15:00,CELL-HYD-02,Hyderabad,31.11,213.2,0,0.646,434
2026-08-03 10:45:00,CELL-BLR-03,Bengaluru,54.14,166.18,0,0.276,421
2026-08-02 09:15:00,CELL-DEL-02,Delhi,38.33,240.36,0,0.377,393
2026-08-05 06:15:00,CELL-MUM-01,Mumbai,33.61,230.6,0,0.659,263
2026-08-01 15:15:00,CELL-MUM-02,Mumbai,44.04,129.99,0,0.812,225
2026-08-03 17:15:00,CELL-KOL-02,Kolkata,32.84,168.49,0,0.662,578
2026-08-03 07:15:00,CELL-HYD-01,Hyderabad,33.99,181.66,0,0.41,242
2026-08-03 17:30:00,CELL-KOL-01,Kolkata,56.58,210.63,0,1.238,288
2026-08-04 10:00:00,CELL-KOL-02,Kolkata,28.78,154.66,0,0.169,251
2026-08-03 19:30:00,CELL-DEL-02,Delhi,52.56,162.49,0,0.813,301
2026-08-05 06:30:00,CELL-KOL-02,Kolkata,33.28,185.35,0,0.337,250
2026-08-04 03:15:00,CELL-KOL-01,Kolkata,49.25,227.08,0,1.056,255
2026-08-04 13:45:00,CELL-BLR-01,Bengaluru,36.92,171.32,0,0.528,609
2026-08-03 03:15:00,CELL-KOL-03,Kolkata,27.61,236.32,0,0.795,256
2026-08-01 10:45:00,CELL-HYD-01,Hyderabad,34.54,158.95,0,0.466,438
2026-08-02 18:30:00,CELL-HYD-03,Hyderabad,40.24,106.08,0,1.212,552
2026-08-01 10:00:00,CELL-DEL-02,Delhi,40.19,222.48,0,0.373,416
2026-08-04 00:30:00,CELL-HYD-03,Hyderabad,27.78,140.62,0,0.541,389
2026-08-03 07:15:00,CELL-CHE-01,Chennai,33.25,144.69,0,0.671,368
2026-08-01 23:45:00,CELL-HYD-02,Hyderabad,37.88,188.35,0,0.478,275
2026-08-02 03:15:00,CELL-DEL-01,Delhi,25.52,226.57,0,0.277,288
2026-08-05 01:30:00,CELL-MUM-03,Mumbai,38.69,173.53,0,0.634,273
2026-08-05 04:45:00,CELL-DEL-03,Delhi,31.8,198.05,0,0.626,318
2026-08-05 15:15:00,CELL-CHE-01,Chennai,26.48,138.62,0,0.844,442
2026-08-04 23:45:00,CELL-DEL-02,Delhi,38.55,214.35,0,0.553,192
2026-08-05 15:15:00,CELL-HYD-01,Hyderabad,32.22,174.56,0,0.403,209
2026-08-02 19:00:00,CELL-MUM-02,Mumbai,67.9,143.97,0,0.744,393
2026-08-03 04:00:00,CELL-DEL-03,Delhi,30.77,159.12,0,1.023,404
2026-08-04 10:15:00,CELL-DEL-01,Delhi,32.96,233.26,0,0.468,399
2026-08-01 17:45:00,CELL-CHE-03,Chennai,43.63,230.47,0,0.177,316
2026-08-01 17:15:00,CELL-BLR-03,Bengaluru,46.75,183.24,0,0.541,542
2026-08-04 08:00:00,CELL-MUM-03,Mumbai,40.0,153.74,0,0.794,389
2026-08-02 05:00:00,CELL-DEL-03,Delhi,30.77,202.09,0,0.549,280
2026-08-01 04:45:00,CELL-KOL-01,Kolkata,50.98,196.93,0,0.566,441
2026-08-02 16:45:00,CELL-MUM-02,Mumbai,51.15,165.2,0,0.349,153
2026-08-05 05:15:00,CELL-BLR-02,Bengaluru,24.5,264.11,0,0.349,351
2026-08-02 17:15:00,CELL-CHE-01,Chennai,32.15,142.2,0,0.644,367
2026-08-04 03:00:00,CELL-BLR-01,Bengaluru,29.96,221.78,0,0.473,303
2026-08-05 17:15:00,CELL-DEL-01,Delhi,38.76,237.43,0,0.282,303
2026-08-04 22:00:00,CELL-HYD-02,Hyderabad,41.9,132.02,0,0.815,329
2026-08-01 09:30:00,CELL-MUM-03,Mumbai,42.75,164.83,0,0.762,313
2026-08-03 03:15:00,CELL-MUM-02,Mumbai,40.27,183.27,0,0.569,302
2026-08-05 06:30:00,CELL-BLR-01,Bengaluru,38.54,202.87,0,0.523,464
2026-08-03 23:15:00,CELL-BLR-03,Bengaluru,43.24,159.38,0,0.705,548
2026-08-01 05:15:00,CELL-HYD-02,Hyderabad,40.99,171.61,0,0.874,278
2026-08-03 19:00:00,CELL-HYD-02,Hyderabad,49.41,107.81,0,0.974,566
2026-08-05 18:15:00,CELL-BLR-02,Bengaluru,35.02,179.92,0,0.579,485
2026-08-03 09:00:00,CELL-KOL-02,Kolkata,29.67,172.81,0,0.014,379
2026-08-05 21:00:00,CELL-KOL-01,Kolkata,61.85,138.88,0,0.659,562
2026-08-02 03:30:00,CELL-HYD-01,Hyderabad,25.86,154.84,0,0.566,474
2026-08-04 21:30:00,CELL-BLR-01,Bengaluru,47.95,139.05,0,1.278,333
2026-08-04 05:30:00,CELL-KOL-02,Kolkata,31.28,190.1,0,0.702,363
2026-08-05 17:45:00,CELL-HYD-03,Hyderabad,36.31,110.03,0,1.328,341
2026-08-05 13:00:00,CELL-HYD-01,Hyderabad,30.07,147.68,0,0.11,399
2026-08-01 04:00:00,CELL-DEL-03,Delhi,31.38,179.62,0,0.278,557
2026-08-03 18:30:00,CELL-DEL-01,Delhi,36.81,201.84,0,0.953,556
2026-08-05 09:30:00,CELL-HYD-03,Hyderabad,31.71,139.33,0,0.555,199
2026-08-01 09:15:00,CELL-BLR-02,Bengaluru,29.25,238.51,0,0.807,226
2026-08-04 02:00:00,CELL-HYD-02,Hyderabad,35.04,206.12,0,0.296,315
2026-08-05 15:15:00,CELL-MUM-03,Mumbai,46.96,144.99,0,0.669,232
2026-08-05 23:00:00,CELL-HYD-02,Hyderabad,47.52,183.97,0,0.404,350
2026-08-02 07:15:00,CELL-DEL-02,Delhi,37.07,242.42,0,0.381,468
2026-08-03 11:15:00,CELL-DEL-01,Delhi,34.83,186.36,0,0.839,388
2026-08-02 03:30:00,CELL-DEL-02,Delhi,38.69,274.34,0,0.754,232
2026-08-02 02:15:00,CELL-BLR-02,Bengaluru,26.45,290.21,0,0.671,277
2026-08-01 21:15:00,CELL-BLR-01,Bengaluru,55.76,124.34,0,1.14,521
2026-08-01 03:15:00,CELL-MUM-03,Mumbai,36.74,149.44,0,0.221,232
2026-08-01 08:15:00,CELL-CHE-03,Chennai,36.41,244.03,0,0.941,299
2026-08-05 21:30:00,CELL-MUM-01,Mumbai,38.94,154.5,0,0.736,570
2026-08-03 13:45:00,CELL-CHE-03,Chennai,38.59,200.54,0,0.57,208
2026-08-04 21:00:00,CELL-HYD-03,Hyderabad,40.25,114.51,0,0.48,337
2026-08-05 19:45:00,CELL-HYD-03,Hyderabad,31.24,102.93,0,0.96,423
2026-08-02 16:45:00,CELL-BLR-02,Bengaluru,35.05,207.38,0,0.67,335
2026-08-04 02:45:00,CELL-MUM-03,Mumbai,41.18,144.81,0,0.644,221
2026-08-05 09:00:00,CELL-DEL-03,Delhi,31.7,174.84,0,0.571,235
2026-08-04 17:30:00,CELL-DEL-02,Delhi,49.71,181.17,0,0.26,598
2026-08-04 21:30:00,CELL-HYD-03,Hyderabad,44.27,121.17,0,0.81,523
2026-08-03 10:00:00,CELL-KOL-03,Kolkata,35.83,246.17,0,0.41,409
2026-08-01 11:45:00,CELL-MUM-01,Mumbai,35.78,181.87,0,0.389,212
2026-08-02 10:00:00,CELL-DEL-02,Delhi,36.78,208.5,0,0.386,288
2026-08-04 03:30:00,CELL-HYD-03,Hyderabad,27.38,134.25,0,0.757,324
2026-08-02 13:30:00,CELL-MUM-03,Mumbai,53.94,120.32,0,0.683,373
2026-08-02 20:15:00,CELL-BLR-01,Bengaluru,46.78,152.86,0,0.374,569
2026-08-01 08:15:00,CELL-HYD-02,Hyderabad,35.07,192.22,0,0.389,404
2026-08-04 12:45:00,CELL-MUM-03,Mumbai,52.75,121.31,0,0.355,330
2026-08-05 05:30:00,CELL-HYD-02,Hyderabad,33.78,185.57,0,0.403,276
2026-08-03 07:00:00,CELL-CHE-01,Chennai,27.64,170.9,0,0.449,378
2026-08-01 22:45:00,CELL-DEL-03,Delhi,28.59,173.08,0,1.088,364
2026-08-05 16:45:00,CELL-MUM-02,Mumbai,41.82,177.96,0,0.654,195
2026-08-02 18:45:00,CELL-BLR-01,Bengaluru,47.7,128.06,0,1.082,68
2026-08-05 08:30:00,CELL-BLR-01,Bengaluru,37.72,189.34,0,0.86,351
2026-08-04 09:15:00,CELL-MUM-02,Mumbai,49.86,188.33,0,0.599,477
2026-08-01 04:00:00,CELL-KOL-03,Kolkata,27.33,249.36,0,0.636,353
2026-08-05 11:45:00,CELL-DEL-02,Delhi,48.6,174.18,0,0.597,457
2026-08-01 12:15:00,CELL-CHE-01,Chennai,41.52,157.36,0,0.741,374
2026-08-01 06:30:00,CELL-DEL-02,Delhi,38.05,242.33,0,0.554,354
2026-08-04 01:45:00,CELL-MUM-03,Mumbai,45.79,146.65,0,0.286,252
2026-08-04 08:00:00,CELL-HYD-03,Hyderabad,32.37,147.57,0,0.823,391
2026-08-01 00:15:00,CELL-MUM-01,Mumbai,26.89,229.7,0,0.424,235
2026-08-01 00:00:00,CELL-MUM-02,Mumbai,42.8,201.59,0,0.269,306
2026-08-04 13:00:00,CELL-KOL-03,Kolkata,42.34,174.02,0,0.477,259
2026-08-03 00:45:00,CELL-KOL-03,Kolkata,31.27,289.54,0,0.624,412
2026-08-05 11:45:00,CELL-KOL-03,Kolkata,37.12,156.36,0,0.815,451
2026-08-05 03:00:00,CELL-KOL-03,Kolkata,28.8,244.78,0,0.642,258
2026-08-02 15:45:00,CELL-DEL-02,Delhi,42.7,204.63,0,0.557,363
2026-08-03 17:15:00,CELL-HYD-03,Hyderabad,33.09,108.8,0,0.751,198
2026-08-04 22:00:00,CELL-DEL-03,Delhi,37.99,157.88,0,0.546,242
2026-08-01 15:30:00,CELL-BLR-01,Bengaluru,30.8,173.31,0,0.678,360
2026-08-02 22:00:00,CELL-BLR-03,Bengaluru,44.78,165.76,0,0.559,359
2026-08-04 15:15:00,CELL-HYD-02,Hyderabad,38.99,181.7,0,0.65,361
2026-08-02 16:30:00,CELL-BLR-02,Bengaluru,32.42,271.35,0,0.82,415
2026-08-04 00:45:00,CELL-HYD-01,Hyderabad,27.55,179.05,0,0.875,213
2026-08-01 02:00:00,CELL-KOL-01,Kolkata,49.02,222.55,0,0.562,215
2026-08-04 07:45:00,CELL-HYD-03,Hyderabad,24.75,127.2,0,0.33,263
2026-08-01 02:00:00,CELL-HYD-01,Hyderabad,28.08,167.93,0,0.702,380
2026-08-05 02:15:00,CELL-DEL-01,Delhi,29.45,227.81,0,0.846,291
2026-08-01 20:00:00,CELL-BLR-03,Bengaluru,57.1,122.32,0,0.83,685
2026-08-03 03:30:00,CELL-DEL-03,Delhi,29.92,179.99,0,0.709,365
2026-08-01 09:15:00,CELL-CHE-02,Chennai,30.63,146.31,0,0.508,259
2026-08-02 05:45:00,CELL-DEL-01,Delhi,29.66,264.16,0,0.573,405
2026-08-03 10:15:00,CELL-BLR-03,Bengaluru,38.64,161.61,0,0.771,193
2026-08-01 21:30:00,CELL-CHE-02,Chennai,33.35,127.38,0,0.834,369
2026-08-03 11:30:00,CELL-CHE-03,Chennai,34.63,199.04,0,1.272,481
2026-08-04 05:45:00,CELL-BLR-03,Bengaluru,38.21,224.59,0,0.586,200
2026-08-05 06:00:00,CELL-MUM-03,Mumbai,41.17,178.73,0,0.888,329
2026-08-05 02:00:00,CELL-CHE-01,Chennai,34.39,198.87,0,0.7,262
2026-08-02 04:30:00,CELL-HYD-01,Hyderabad,27.98,165.62,0,0.469,164
2026-08-01 21:30:00,CELL-DEL-03,Delhi,42.92,124.07,0,0.5,542
2026-08-05 00:00:00,CELL-BLR-03,Bengaluru,40.37,205.15,0,0.691,273
2026-08-05 21:15:00,CELL-CHE-02,Chennai,35.51,117.8,0,1.184,547
2026-08-04 16:45:00,CELL-CHE-03,Chennai,37.17,241.96,0,0.416,124
2026-08-04 23:45:00,CELL-DEL-01,Delhi,30.62,250.46,0,0.568,257
2026-08-05 02:00:00,CELL-BLR-01,Bengaluru,33.72,176.16,0,0.55,247
2026-08-02 19:00:00,CELL-MUM-03,Mumbai,56.29,114.61,0,0.413,585
2026-08-01 16:15:00,CELL-DEL-02,Delhi,43.51,260.81,0,0.583,356
2026-08-05 22:00:00,CELL-CHE-02,Chennai,33.08,123.56,0,0.791,408
2026-08-02 00:00:00,CELL-MUM-02,Mumbai,42.92,173.81,0,0.653,403
2026-08-04 02:15:00,CELL-HYD-03,Hyderabad,24.22,148.98,0,0.644,66
2026-08-01 06:45:00,CELL-BLR-02,Bengaluru,27.89,265.52,0,0.712,323
2026-08-05 05:30:00,CELL-CHE-01,Chennai,34.44,183.83,0,0.966,226
2026-08-04 07:00:00,CELL-KOL-01,Kolkata,37.85,211.88,0,0.242,414
2026-08-04 04:15:00,CELL-MUM-01,Mumbai,27.49,219.53,0,0.549,373
2026-08-05 16:45:00,CELL-DEL-03,Delhi,28.56,184.62,0,0.502,257
2026-08-04 02:15:00,CELL-KOL-02,Kolkata,31.69,180.32,0,0.368,241
2026-08-03 20:30:00,CELL-CHE-02,Chennai,49.72,121.26,0,0.879,503
2026-08-05 20:00:00,CELL-CHE-01,Chennai,46.65,116.29,0,1.241,455
2026-08-04 05:15:00,CELL-BLR-01,Bengaluru,37.23,156.11,0,0.631,333
2026-08-04 05:15:00,CELL-HYD-03,Hyderabad,31.74,152.31,0,0.35,182
2026-08-02 14:00:00,CELL-BLR-02,Bengaluru,34.37,209.63,0,0.837,282
2026-08-05 19:00:00,CELL-HYD-01,Hyderabad,41.25,133.47,0,0.72,582
2026-08-05 02:45:00,CELL-HYD-03,Hyderabad,29.41,162.96,0,0.274,99
2026-08-02 06:30:00,CELL-BLR-03,Bengaluru,30.11,206.25,0,0.555,185
2026-08-02 03:45:00,CELL-KOL-01,Kolkata,42.3,207.56,0,0.387,310
2026-08-04 07:30:00,CELL-MUM-03,Mumbai,45.66,196.63,0,0.98,185
2026-08-04 08:00:00,CELL-DEL-01,Delhi,25.71,198.56,0,0.997,199
2026-08-04 06:15:00,CELL-BLR-02,Bengaluru,25.17,273.62,0,0.559,417
2026-08-05 21:00:00,CELL-HYD-01,Hyderabad,37.38,130.09,0,0.613,268
2026-08-04 06:00:00,CELL-CHE-03,Chennai,36.48,272.72,0,0.338,287
2026-08-01 22:00:00,CELL-DEL-03,Delhi,36.74,140.48,0,0.064,362
2026-08-05 21:15:00,CELL-DEL-03,Delhi,41.68,139.34,0,0.805,551
2026-08-05 05:00:00,CELL-KOL-01,Kolkata,44.13,216.66,0,0.591,357
2026-08-05 05:00:00,CELL-MUM-01,Mumbai,19.59,195.24,0,0.432,198
2026-08-03 07:15:00,CELL-BLR-01,Bengaluru,40.07,203.93,0,1.25,148
2026-08-01 18:30:00,CELL-CHE-03,Chennai,43.61,184.32,0,0.72,150
2026-08-03 21:45:00,CELL-HYD-02,Hyderabad,51.16,159.33,0,0.729,326
2026-08-05 12:45:00,CELL-DEL-02,Delhi,52.75,194.89,0,0.527,449
2026-08-02 12:00:00,CELL-DEL-03,Delhi,38.35,162.99,0,1.1,272
2026-08-04 18:00:00,CELL-BLR-02,Bengaluru,35.55,223.4,0,0.908,519
2026-08-03 13:00:00,CELL-KOL-03,Kolkata,32.77,206.81,0,1.108,545
2026-08-01 18:00:00,CELL-BLR-01,Bengaluru,43.23,116.71,0,1.049,313
2026-08-04 02:45:00,CELL-KOL-01,Kolkata,46.03,233.78,0,0.413,294
2026-08-04 12:15:00,CELL-MUM-02,Mumbai,58.87,146.01,0,0.763,331
2026-08-05 16:00:00,CELL-DEL-01,Delhi,29.03,225.66,0,0.716,385
2026-08-05 00:00:00,CELL-CHE-03,Chennai,36.71,280.59,0,0.741,413
2026-08-02 02:30:00,CELL-BLR-02,Bengaluru,31.18,252.81,0,0.34,458
2026-08-01 15:00:00,CELL-KOL-02,Kolkata,29.15,191.34,0,0.711,328
2026-08-01 22:45:00,CELL-KOL-01,Kolkata,49.08,177.82,0,0.6,591
2026-08-05 20:00:00,CELL-MUM-03,Mumbai,69.47,123.11,0,0.447,404
2026-08-04 14:00:00,CELL-HYD-01,Hyderabad,33.87,137.94,0,0.744,309
2026-08-05 01:15:00,CELL-MUM-01,Mumbai,27.48,208.76,0,0.79,198
2026-08-05 16:45:00,CELL-MUM-01,Mumbai,29.62,184.37,0,0.506,323
2026-08-01 18:30:00,CELL-MUM-01,Mumbai,35.71,132.69,0,0.382,405
2026-08-03 03:15:00,CELL-KOL-02,Kolkata,34.5,192.15,0,0.508,318
2026-08-03 17:15:00,CELL-DEL-02,Delhi,45.58,199.67,0,0.739,281
2026-08-05 01:15:00,CELL-CHE-02,Chennai,32.6,156.8,0,0.375,202
2026-08-03 05:30:00,CELL-CHE-02,Chennai,29.61,164.99,0,0.475,221
2026-08-03 04:00:00,CELL-CHE-01,Chennai,33.7,177.06,0,0.523,372
2026-08-01 19:30:00,CELL-HYD-02,Hyderabad,57.55,140.8,0,1.334,455
2026-08-05 04:00:00,CELL-BLR-01,Bengaluru,38.39,194.1,0,0.452,403
2026-08-05 19:45:00,CELL-MUM-01,Mumbai,35.44,164.32,0,1.094,458
2026-08-02 12:45:00,CELL-DEL-03,Delhi,38.32,127.87,0,1.215,331
2026-08-04 03:00:00,CELL-DEL-02,Delhi,42.91,271.37,0,0.665,357
2026-08-03 09:15:00,CELL-KOL-03,Kolkata,27.71,221.22,0,0.494,458
2026-08-04 09:15:00,CELL-KOL-01,Kolkata,42.45,174.53,0,0.742,397
2026-08-04 04:15:00,CELL-KOL-02,Kolkata,25.94,158.99,0,0.384,376
2026-08-02 19:45:00,CELL-BLR-03,Bengaluru,61.61,129.3,0,0.636,273
2026-08-04 04:00:00,CELL-CHE-02,Chennai,31.0,168.2,0,0.569,256
2026-08-02 21:30:00,CELL-HYD-02,Hyderabad,41.67,165.7,0,0.57,377
2026-08-02 20:30:00,CELL-HYD-03,Hyderabad,43.48,102.25,0,0.997,450
2026-08-01 22:45:00,CELL-KOL-02,Kolkata,30.33,163.59,0,0.842,461
2026-08-03 02:15:00,CELL-DEL-01,Delhi,30.4,186.63,0,0.393,268
2026-08-05 00:45:00,CELL-KOL-01,Kolkata,41.24,225.45,0,0.626,357
2026-08-05 14:45:00,CELL-MUM-02,Mumbai,44.99,190.43,0,0.624,326
2026-08-03 19:00:00,CELL-KOL-03,Kolkata,50.37,154.91,0,0.608,233
2026-08-02 02:00:00,CELL-CHE-01,Chennai,31.96,174.12,0,0.414,333
2026-08-01 10:00:00,CELL-CHE-01,Chennai,35.49,125.01,0,0.385,195
2026-08-02 14:15:00,CELL-HYD-03,Hyderabad,35.27,136.45,0,0.707,484
2026-08-04 19:30:00,CELL-CHE-03,Chennai,46.16,143.81,0,0.675,606
2026-08-03 21:45:00,CELL-KOL-02,Kolkata,38.64,145.33,0,0.596,379
2026-08-01 01:30:00,CELL-BLR-01,Bengaluru,38.56,194.62,0,0.564,346
2026-08-05 09:15:00,CELL-DEL-02,Delhi,34.13,217.83,0,0.695,397
2026-08-04 11:45:00,CELL-BLR-02,Bengaluru,33.74,162.28,0,0.188,321
2026-08-01 22:00:00,CELL-KOL-03,Kolkata,45.91,188.19,0,0.845,458
2026-08-04 13:45:00,CELL-KOL-03,Kolkata,30.18,236.82,0,0.587,444
2026-08-01 23:15:00,CELL-CHE-02,Chennai,32.96,139.76,0,0.718,332
2026-08-03 21:15:00,CELL-DEL-01,Delhi,35.27,157.02,0,0.78,385
2026-08-01 03:00:00,CELL-BLR-02,Bengaluru,31.17,249.7,0,0.457,395
2026-08-03 12:15:00,CELL-CHE-03,Chennai,42.93,213.79,0,1.009,345
2026-08-02 01:30:00,CELL-CHE-01,Chennai,29.34,139.86,0,0.59,407
2026-08-03 15:15:00,CELL-MUM-01,Mumbai,33.45,233.13,0,0.333,309
2026-08-03 17:45:00,CELL-KOL-03,Kolkata,32.54,178.84,0,0.714,461
2026-08-01 23:00:00,CELL-MUM-01,Mumbai,29.33,217.51,0,0.925,178
2026-08-05 21:00:00,CELL-HYD-03,Hyderabad,36.72,100.03,0,0.724,533
2026-08-01 09:00:00,CELL-BLR-01,Bengaluru,38.62,197.66,0,0.712,389
2026-08-05 13:15:00,CELL-HYD-03,Hyderabad,34.12,109.48,0,0.655,399
2026-08-03 15:00:00,CELL-BLR-01,Bengaluru,39.42,143.3,0,0.384,349
2026-08-04 06:00:00,CELL-DEL-03,Delhi,27.99,189.99,0,0.574,238
2026-08-05 00:30:00,CELL-HYD-01,Hyderabad,22.67,176.24,0,0.359,377
2026-08-05 13:00:00,CELL-KOL-01,Kolkata,43.66,163.94,0,0.592,368
2026-08-03 16:45:00,CELL-BLR-02,Bengaluru,31.8,218.71,0,1.042,536
2026-08-01 05:00:00,CELL-HYD-02,Hyderabad,39.62,169.58,0,0.489,400
2026-08-05 20:00:00,CELL-DEL-02,Delhi,53.54,149.37,0,1.467,379
2026-08-05 16:15:00,CELL-MUM-01,Mumbai,29.07,193.66,0,0.519,362
2026-08-04 05:15:00,CELL-MUM-02,Mumbai,50.23,207.44,0,0.895,340
2026-08-03 18:45:00,CELL-KOL-03,Kolkata,43.77,166.35,0,0.61,443
2026-08-03 02:45:00,CELL-BLR-01,Bengaluru,33.12,170.17,0,0.747,251
2026-08-03 12:45:00,CELL-MUM-03,Mumbai,45.56,113.66,0,0.953,346
2026-08-02 08:15:00,CELL-CHE-02,Chennai,25.3,153.02,0,0.526,337
2026-08-03 21:30:00,CELL-MUM-02,Mumbai,60.79,148.85,0,1.158,401
2026-08-01 15:30:00,CELL-DEL-02,Delhi,38.62,206.01,0,0.541,401
2026-08-04 07:30:00,CELL-KOL-02,Kolkata,32.82,186.52,0,0.551,326
2026-08-03 08:45:00,CELL-BLR-03,Bengaluru,42.14,163.81,0,0.699,457
2026-08-02 06:30:00,CELL-DEL-01,Delhi,30.78,267.77,0,0.733,293
2026-08-01 09:15:00,CELL-MUM-02,Mumbai,44.85,168.27,0,0.393,344
2026-08-02 23:15:00,CELL-MUM-03,Mumbai,46.46,137.15,0,0.771,570
2026-08-01 14:00:00,CELL-MUM-01,Mumbai,36.45,201.87,0,0.565,274
2026-08-02 10:15:00,CELL-KOL-02,Kolkata,38.13,163.68,0,0.532,459
2026-08-05 02:00:00,CELL-BLR-03,Bengaluru,38.39,207.22,0,0.528,304
2026-08-05 20:30:00,CELL-DEL-03,Delhi,41.46,131.8,0,0.888,531
2026-08-02 02:15:00,CELL-BLR-01,Bengaluru,32.23,156.0,0,0.671,385
2026-08-04 19:00:00,CELL-BLR-01,Bengaluru,45.28,132.84,0,1.016,705
2026-08-05 04:00:00,CELL-HYD-01,Hyderabad,34.07,174.78,0,0.465,221
2026-08-04 21:00:00,CELL-KOL-03,Kolkata,38.17,174.45,0,1.064,476
2026-08-01 00:00:00,CELL-HYD-03,Hyderabad,25.07,145.53,0,0.429,334
2026-08-03 05:45:00,CELL-KOL-03,Kolkata,32.93,199.02,0,0.459,370
2026-08-03 11:00:00,CELL-MUM-01,Mumbai,34.24,188.22,0,0.977,397
2026-08-01 19:45:00,CELL-DEL-02,Delhi,53.37,161.48,0,0.565,578
2026-08-02 09:15:00,CELL-KOL-03,Kolkata,36.43,275.43,0,0.213,240
2026-08-02 13:30:00,CELL-KOL-01,Kolkata,48.7,173.39,0,0.678,364
2026-08-01 20:30:00,CELL-DEL-02,Delhi,62.53,160.06,0,0.889,255
2026-08-05 22:45:00,CELL-KOL-02,Kolkata,38.12,157.34,0,0.974,442
2026-08-04 08:00:00,CELL-DEL-02,Delhi,40.17,239.72,0,0.65,408
2026-08-04 00:15:00,CELL-CHE-02,Chennai,26.01,161.67,0,1.048,239
2026-08-03 22:15:00,CELL-DEL-01,Delhi,34.79,199.51,0,0.808,344
2026-08-04 07:15:00,CELL-HYD-03,Hyderabad,25.56,132.69,0,0.771,234
2026-08-03 13:45:00,CELL-DEL-01,Delhi,42.0,196.69,0,0.495,367
2026-08-05 15:15:00,CELL-CHE-02,Chennai,30.2,141.26,0,0.494,451
2026-08-04 03:15:00,CELL-HYD-03,Hyderabad,29.5,123.43,0,0.619,409
2026-08-04 06:00:00,CELL-KOL-02,Kolkata,26.39,186.11,0,0.565,376
2026-08-02 17:45:00,CELL-DEL-01,Delhi,38.21,206.43,0,0.388,441
2026-08-04 22:45:00,CELL-BLR-01,Bengaluru,41.41,144.35,0,0.626,210
2026-08-04 10:45:00,CELL-BLR-02,Bengaluru,35.11,206.71,0,1.132,288
2026-08-02 00:15:00,CELL-KOL-03,Kolkata,25.26,239.43,0,0.543,296
2026-08-02 19:30:00,CELL-KOL-01,Kolkata,70.79,134.82,0,0.8,484
2026-08-05 05:00:00,CELL-BLR-03,Bengaluru,36.79,187.26,0,0.404,385
2026-08-02 10:30:00,CELL-MUM-01,Mumbai,40.34,172.19,0,0.694,212
2026-08-02 16:00:00,CELL-DEL-01,Delhi,28.24,242.03,0,0.059,259
2026-08-04 08:30:00,CELL-HYD-02,Hyderabad,35.31,161.81,0,0.709,221
2026-08-04 06:45:00,CELL-MUM-01,Mumbai,25.17,221.43,0,0.776,253
2026-08-03 23:00:00,CELL-KOL-01,Kolkata,54.67,174.23,0,0.73,380
2026-08-05 23:00:00,CELL-HYD-03,Hyderabad,32.59,129.53,0,0.542,349
2026-08-04 04:30:00,CELL-KOL-03,Kolkata,30.28,203.71,0,0.404,380
2026-08-04 06:00:00,CELL-BLR-01,Bengaluru,36.11,182.36,0,0.742,240
2026-08-02 17:45:00,CELL-BLR-03,Bengaluru,46.68,142.8,0,0.983,406
2026-08-02 23:15:00,CELL-CHE-03,Chennai,42.38,185.26,0,0.507,339
2026-08-03 15:30:00,CELL-MUM-02,Mumbai,43.43,155.19,0,0.403,361
2026-08-02 16:15:00,CELL-DEL-01,Delhi,27.88,254.93,0,0.406,374
2026-08-04 04:00:00,CELL-DEL-02,Delhi,37.24,234.2,0,0.596,223
2026-08-01 22:30:00,CELL-CHE-01,Chennai,40.04,130.81,0,0.577,321
2026-08-02 17:00:00,CELL-HYD-03,Hyderabad,35.41,121.44,0,0.417,417
2026-08-04 01:00:00,CELL-DEL-02,Delhi,37.12,251.24,0,1.201,229
2026-08-02 03:45:00,CELL-CHE-01,Chennai,35.99,201.37,0,0.725,450
2026-08-05 23:00:00,CELL-MUM-03,Mumbai,54.67,115.5,0,0.709,441
2026-08-03 10:15:00,CELL-DEL-02,Delhi,51.17,234.03,0,0.386,379
2026-08-02 19:45:00,CELL-DEL-03,Delhi,43.72,137.77,0,0.515,638
2026-08-03 10:30:00,CELL-KOL-02,Kolkata,31.59,179.89,0,0.892,454
2026-08-02 01:30:00,CELL-BLR-02,Bengaluru,25.19,247.85,0,0.406,180
2026-08-01 19:30:00,CELL-HYD-03,Hyderabad,38.74,97.74,0,1.308,393
2026-08-02 23:00:00,CELL-HYD-03,Hyderabad,36.77,111.38,0,0.939,272
2026-08-04 08:30:00,CELL-HYD-03,Hyderabad,28.76,140.78,0,0.567,256
2026-08-01 10:15:00,CELL-KOL-02,Kolkata,36.42,144.21,0,0.596,428
2026-08-02 13:45:00,CELL-MUM-02,Mumbai,53.16,168.69,0,0.599,285
2026-08-05 03:00:00,CELL-MUM-03,Mumbai,42.29,144.84,0,0.565,329
2026-08-05 17:00:00,CELL-CHE-01,Chennai,34.68,135.63,0,0.722,319
2026-08-05 12:30:00,CELL-DEL-01,Delhi,36.55,197.66,0,0.593,363
2026-08-01 22:00:00,CELL-BLR-03,Bengaluru,56.28,175.91,0,1.37,648
2026-08-02 11:15:00,CELL-KOL-01,Kolkata,44.42,161.15,0,0.518,322
2026-08-02 04:30:00,CELL-BLR-03,Bengaluru,42.71,225.12,0,0.885,118
2026-08-05 20:45:00,CELL-KOL-02,Kolkata,42.85,125.17,0,0.798,378
2026-08-04 19:00:00,CELL-HYD-02,Hyderabad,60.57,137.71,0,0.434,567
2026-08-05 18:15:00,CELL-BLR-03,Bengaluru,51.82,139.35,0,0.301,171
2026-08-03 00:30:00,CELL-KOL-02,Kolkata,27.26,195.0,0,0.681,457
2026-08-05 00:00:00,CELL-CHE-01,Chennai,29.0,148.14,0,0.822,291
2026-08-01 17:30:00,CELL-KOL-01,Kolkata,57.63,165.91,0,0.67,541
2026-08-05 11:00:00,CELL-KOL-03,Kolkata,36.0,182.11,0,0.384,262
2026-08-02 19:30:00,CELL-BLR-03,Bengaluru,55.83,120.68,0,0.679,414
2026-08-03 06:15:00,CELL-CHE-03,Chennai,40.46,251.31,0,0.337,258
2026-08-03 05:30:00,CELL-HYD-02,Hyderabad,38.63,199.96,0,0.475,350
2026-08-01 23:45:00,CELL-KOL-02,Kolkata,30.62,167.39,0,0.662,453
2026-08-05 18:30:00,CELL-BLR-03,Bengaluru,50.78,134.81,0,0.625,316
2026-08-02 11:15:00,CELL-MUM-01,Mumbai,41.34,181.83,0,0.704,456
2026-08-02 19:45:00,CELL-KOL-02,Kolkata,45.73,120.83,0,0.982,412
2026-08-03 14:00:00,CELL-DEL-02,Delhi,38.65,256.58,0,1.103,201
2026-08-05 18:45:00,CELL-CHE-01,Chennai,42.4,145.46,0,0.735,620
2026-08-04 11:00:00,CELL-KOL-02,Kolkata,35.4,179.82,0,0.882,273
2026-08-05 11:00:00,CELL-MUM-01,Mumbai,30.46,176.65,0,1.06,259
2026-08-03 01:30:00,CELL-HYD-02,Hyderabad,37.36,205.05,0,0.811,136
2026-08-04 06:30:00,CELL-KOL-01,Kolkata,40.22,171.94,0,0.552,308
2026-08-03 05:45:00,CELL-KOL-02,Kolkata,27.53,166.63,0,0.298,361
2026-08-04 16:00:00,CELL-MUM-02,Mumbai,51.22,188.57,0,0.447,448
2026-08-05 18:30:00,CELL-DEL-02,Delhi,49.0,185.16,0,0.948,438
2026-08-01 10:00:00,CELL-HYD-02,Hyderabad,40.65,159.81,0,0.325,227
2026-08-05 14:45:00,CELL-BLR-03,Bengaluru,37.54,199.38,0,0.687,320
2026-08-03 16:30:00,CELL-DEL-01,Delhi,30.5,223.89,0,0.778,293
2026-08-04 21:15:00,CELL-HYD-03,Hyderabad,43.12,98.52,0,0.5,649
2026-08-01 13:00:00,CELL-BLR-02,Bengaluru,30.82,172.63,0,0.295,366
2026-08-03 15:45:00,CELL-BLR-02,Bengaluru,31.95,201.22,0,0.727,241
2026-08-04 18:30:00,CELL-KOL-03,Kolkata,44.78,174.85,0,0.493,415
2026-08-03 08:00:00,CELL-CHE-01,Chennai,30.91,169.64,0,0.615,229
2026-08-04 04:30:00,CELL-BLR-02,Bengaluru,25.25,272.4,0,0.704,312
2026-08-01 13:15:00,CELL-CHE-02,Chennai,34.35,118.79,0,0.89,372
2026-08-01 00:45:00,CELL-CHE-03,Chennai,36.18,281.7,0,0.58,491
2026-08-03 11:45:00,CELL-KOL-01,Kolkata,58.93,165.52,0,0.489,476
2026-08-05 09:30:00,CELL-CHE-02,Chennai,34.16,130.07,0,0.555,287
2026-08-02 17:00:00,CELL-KOL-03,Kolkata,33.69,189.97,0,0.794,413
2026-08-04 01:15:00,CELL-KOL-01,Kolkata,43.93,217.97,0,0.822,278
2026-08-05 07:45:00,CELL-HYD-02,Hyderabad,37.13,200.0,0,0.396,328
2026-08-04 11:30:00,CELL-BLR-02,Bengaluru,33.83,202.34,0,0.442,378
2026-08-02 12:45:00,CELL-KOL-01,Kolkata,52.71,146.83,0,0.859,307
2026-08-04 14:30:00,CELL-BLR-01,Bengaluru,43.8,206.01,0,0.67,279
2026-08-04 12:30:00,CELL-DEL-02,Delhi,54.0,166.05,0,0.849,479
2026-08-02 04:15:00,CELL-MUM-02,Mumbai,57.87,195.5,0,0.638,311
2026-08-02 14:00:00,CELL-CHE-02,Chennai,30.14,149.55,0,0.886,548
2026-08-01 07:15:00,CELL-HYD-03,Hyderabad,24.92,111.39,0,0.65,211
2026-08-05 12:00:00,CELL-MUM-02,Mumbai,59.92,140.27,0,0.529,340
2026-08-02 19:45:00,CELL-KOL-03,Kolkata,43.32,152.14,0,0.892,499
2026-08-03 20:15:00,CELL-CHE-02,Chennai,41.21,106.24,0,0.579,270
2026-08-04 13:15:00,CELL-KOL-02,Kolkata,35.57,150.8,0,0.98,561
2026-08-05 20:15:00,CELL-HYD-02,Hyderabad,49.38,136.99,0,0.776,486
2026-08-04 21:30:00,CELL-CHE-01,Chennai,43.26,135.58,0,0.74,399
2026-08-04 20:30:00,CELL-HYD-02,Hyderabad,46.96,142.78,0,0.912,598
2026-08-03 23:00:00,CELL-MUM-02,Mumbai,55.7,149.38,0,0.897,163
2026-08-02 02:15:00,CELL-MUM-02,Mumbai,,0.0,15,0.441,453
2026-08-05 09:45:00,CELL-KOL-03,Kolkata,34.42,178.26,0,0.516,381
2026-08-03 12:45:00,CELL-KOL-03,Kolkata,40.63,211.72,0,0.459,345
2026-08-01 08:00:00,CELL-DEL-03,Delhi,27.71,190.16,0,0.597,195
2026-08-05 04:00:00,CELL-CHE-01,Chennai,27.38,163.58,0,0.782,345
2026-08-01 07:30:00,CELL-MUM-01,Mumbai,25.76,238.84,0,0.26,259
2026-08-03 18:45:00,CELL-KOL-01,Kolkata,59.91,151.17,0,1.018,690
2026-08-03 18:45:00,CELL-HYD-01,Hyderabad,38.08,113.68,0,0.619,348
2026-08-04 11:45:00,CELL-KOL-02,Kolkata,44.33,135.58,0,0.474,422
2026-08-03 13:30:00,CELL-CHE-02,Chennai,29.41,139.46,0,0.629,255
2026-08-02 07:30:00,CELL-MUM-02,Mumbai,39.77,183.55,0,0.635,230
2026-08-01 13:00:00,CELL-DEL-01,Delhi,40.87,168.61,0,0.904,411
2026-08-04 00:45:00,CELL-MUM-03,Mumbai,44.18,150.21,0,0.41,256
2026-08-01 06:15:00,CELL-MUM-03,Mumbai,35.38,150.93,0,0.469,308
2026-08-03 04:45:00,CELL-KOL-01,Kolkata,49.38,233.55,0,0.58,305
2026-08-01 16:00:00,CELL-HYD-02,Hyderabad,35.3,181.38,0,0.785,301
2026-08-05 19:30:00,CELL-BLR-01,Bengaluru,50.83,145.69,0,0.804,398
2026-08-05 18:00:00,CELL-HYD-03,Hyderabad,38.53,109.81,0,1.036,497
2026-08-03 03:00:00,CELL-DEL-02,Delhi,40.68,238.88,0,0.609,356
2026-08-05 20:00:00,CELL-HYD-02,Hyderabad,40.14,146.18,0,1.131,398
2026-08-05 04:45:00,CELL-HYD-03,Hyderabad,29.7,141.62,0,0.327,426
2026-08-03 16:15:00,CELL-HYD-02,Hyderabad,44.68,187.47,0,0.64,438
2026-08-05 05:00:00,CELL-HYD-02,Hyderabad,44.56,192.4,0,0.158,392
2026-08-01 07:00:00,CELL-DEL-03,Delhi,28.78,160.01,0,0.569,347
2026-08-04 23:45:00,CELL-HYD-02,Hyderabad,36.28,192.75,0,0.605,489
2026-08-02 00:00:00,CELL-MUM-01,Mumbai,30.44,226.1,0,0.589,386
2026-08-01 07:00:00,CELL-DEL-01,Delhi,31.81,274.65,0,0.239,159
2026-08-04 10:00:00,CELL-DEL-01,Delhi,30.46,203.41,0,0.227,454
2026-08-04 10:15:00,CELL-HYD-02,Hyderabad,41.02,168.78,0,0.608,177
2026-08-05 20:30:00,CELL-CHE-01,Chennai,44.34,126.04,0,0.83,652
2026-08-01 19:45:00,CELL-DEL-01,Delhi,36.14,182.43,0,0.54,360
2026-08-01 18:00:00,CELL-KOL-01,Kolkata,56.37,154.5,0,0.595,429
2026-08-03 05:00:00,CELL-CHE-03,Chennai,31.38,219.52,0,0.268,217
2026-08-03 20:00:00,CELL-HYD-01,Hyderabad,42.05,108.06,0,1.385,417
2026-08-03 14:45:00,CELL-DEL-03,Delhi,39.56,183.01,0,0.807,293
2026-08-01 07:00:00,CELL-CHE-03,Chennai,36.17,257.77,0,0.198,385
2026-08-05 22:45:00,CELL-MUM-03,Mumbai,52.04,126.96,0,0.47,292
2026-08-04 18:45:00,CELL-KOL-01,Kolkata,50.29,153.27,0,0.767,509
2026-08-01 10:45:00,CELL-MUM-01,Mumbai,38.36,146.71,0,0.349,459
2026-08-03 21:15:00,CELL-MUM-01,Mumbai,46.59,152.53,0,1.148,364
2026-08-01 21:15:00,CELL-BLR-02,Bengaluru,32.87,184.63,0,0.58,426
2026-08-03 04:45:00,CELL-BLR-03,Bengaluru,35.44,173.0,0,0.562,336
2026-08-02 00:15:00,CELL-DEL-03,Delhi,27.45,194.81,0,0.163,405
2026-08-01 20:15:00,CELL-CHE-01,Chennai,45.99,137.65,0,1.319,548
2026-08-05 04:45:00,CELL-CHE-03,Chennai,34.17,263.88,0,0.88,282
2026-08-02 12:45:00,CELL-CHE-01,Chennai,39.79,145.41,0,0.695,402
2026-08-05 05:45:00,CELL-HYD-02,Hyderabad,35.81,189.26,0,0.463,378
2026-08-02 08:15:00,CELL-HYD-01,Hyderabad,29.68,170.78,0,0.676,447
2026-08-03 05:45:00,CELL-BLR-02,Bengaluru,30.18,224.77,0,0.662,300
2026-08-03 11:30:00,CELL-HYD-03,Hyderabad,37.28,106.01,0,0.292,616
2026-08-05 10:15:00,CELL-CHE-02,Chennai,36.39,144.1,0,0.818,413
2026-08-04 08:30:00,CELL-DEL-02,Delhi,40.37,230.34,0,1.226,287
2026-08-02 18:00:00,CELL-MUM-02,Mumbai,60.62,141.66,0,0.88,537
2026-08-05 00:45:00,CELL-CHE-02,Chennai,30.27,167.63,0,0.927,337
2026-08-04 14:15:00,CELL-KOL-01,Kolkata,56.48,192.31,0,0.954,360
2026-08-01 07:15:00,CELL-DEL-02,Delhi,31.96,233.03,0,0.614,283
2026-08-01 02:45:00,CELL-CHE-03,Chennai,33.76,247.31,0,0.697,373
2026-08-01 02:15:00,CELL-BLR-01,Bengaluru,37.72,228.14,0,0.384,377
2026-08-03 14:30:00,CELL-CHE-03,Chennai,40.93,249.25,0,0.617,363
2026-08-04 05:00:00,CELL-DEL-02,Delhi,35.72,232.12,0,0.459,315
2026-08-01 21:45:00,CELL-DEL-03,Delhi,39.38,141.71,0,0.526,223
2026-08-02 01:00:00,CELL-DEL-02,Delhi,44.64,255.35,0,0.801,333
2026-08-03 23:45:00,CELL-KOL-02,Kolkata,29.44,179.88,0,0.556,222
2026-08-03 03:30:00,CELL-BLR-02,Bengaluru,25.28,265.91,0,0.577,201
2026-08-03 01:00:00,CELL-CHE-03,Chennai,32.46,278.77,0,0.57,361
2026-08-04 04:00:00,CELL-KOL-03,Kolkata,27.04,205.53,0,0.685,229
2026-08-05 01:30:00,CELL-HYD-01,Hyderabad,29.8,155.51,0,0.734,474
2026-08-02 01:15:00,CELL-KOL-03,Kolkata,29.17,235.71,0,0.59,315
2026-08-05 23:00:00,CELL-BLR-03,Bengaluru,46.94,191.93,0,0.669,349
2026-08-03 05:15:00,CELL-KOL-02,Kolkata,29.46,201.69,0,0.726,288
2026-08-01 06:30:00,CELL-KOL-01,Kolkata,45.79,224.77,0,0.654,420
2026-08-03 08:45:00,CELL-MUM-03,Mumbai,39.5,167.32,0,0.591,274
2026-08-03 15:30:00,CELL-KOL-01,Kolkata,45.73,189.37,0,0.315,373
2026-08-01 17:15:00,CELL-BLR-01,Bengaluru,43.04,158.57,0,0.433,331
2026-08-04 02:30:00,CELL-MUM-01,Mumbai,28.31,231.86,0,0.584,416
2026-08-05 03:30:00,CELL-CHE-02,Chennai,26.02,164.89,0,0.375,211
2026-08-04 05:00:00,CELL-CHE-03,Chennai,33.39,290.3,0,0.788,337
2026-08-02 14:00:00,CELL-DEL-03,Delhi,33.35,135.3,0,0.534,268
2026-08-05 10:30:00,CELL-MUM-03,Mumbai,46.44,110.46,0,0.654,298
2026-08-05 08:30:00,CELL-HYD-03,Hyderabad,26.16,151.86,0,0.738,314
2026-08-01 11:45:00,CELL-CHE-02,Chennai,36.62,124.75,0,0.62,390
2026-08-02 09:30:00,CELL-CHE-03,Chennai,38.8,280.65,0,0.448,526
2026-08-03 18:30:00,CELL-MUM-03,Mumbai,55.07,122.87,0,0.808,660
2026-08-01 20:45:00,CELL-DEL-03,Delhi,43.79,128.6,0,0.729,442
2026-08-03 13:45:00,CELL-HYD-02,Hyderabad,37.2,189.5,0,0.873,514
2026-08-05 11:00:00,CELL-KOL-02,Kolkata,37.3,149.95,0,0.416,346
2026-08-03 14:15:00,CELL-KOL-03,Kolkata,34.39,208.33,0,0.498,436
2026-08-02 03:30:00,CELL-CHE-02,Chennai,28.63,168.44,0,0.824,332
2026-08-01 07:45:00,CELL-CHE-03,Chennai,42.21,237.03,0,0.558,87
2026-08-01 02:45:00,CELL-KOL-02,Kolkata,29.83,158.45,0,0.709,255
2026-08-03 11:15:00,CELL-HYD-01,Hyderabad,34.31,160.08,0,0.9,388
2026-08-01 10:15:00,CELL-BLR-02,Bengaluru,36.87,235.61,0,0.528,253
2026-08-01 06:45:00,CELL-BLR-01,Bengaluru,36.49,212.8,0,0.614,440
2026-08-02 07:15:00,CELL-DEL-01,Delhi,27.67,208.69,0,0.643,316
2026-08-04 06:30:00,CELL-MUM-03,Mumbai,40.19,145.42,0,0.54,290
2026-08-05 09:00:00,CELL-KOL-03,Kolkata,36.09,226.86,0,0.748,580
2026-08-02 03:15:00,CELL-DEL-02,Delhi,36.9,238.77,0,0.674,351
2026-08-03 00:30:00,CELL-CHE-03,Chennai,37.86,271.37,0,0.381,382
2026-08-04 20:15:00,CELL-DEL-01,Delhi,39.3,184.0,0,0.793,362
2026-08-02 12:00:00,CELL-BLR-02,Bengaluru,38.49,186.93,0,0.226,471
2026-08-04 15:30:00,CELL-KOL-01,Kolkata,46.3,176.98,0,0.648,331
2026-08-04 06:45:00,CELL-BLR-03,Bengaluru,41.41,208.8,0,0.709,359
2026-08-02 22:30:00,CELL-MUM-01,Mumbai,35.92,187.01,0,0.705,269
2026-08-05 14:15:00,CELL-CHE-02,Chennai,33.24,155.52,0,0.647,341
2026-08-03 06:45:00,CELL-KOL-03,Kolkata,28.83,211.76,0,0.712,365
2026-08-01 14:00:00,CELL-HYD-01,Hyderabad,31.18,176.89,0,0.427,188
2026-08-05 20:00:00,CELL-BLR-02,Bengaluru,40.48,214.65,0,1.143,173
2026-08-03 04:15:00,CELL-MUM-02,Mumbai,43.69,188.48,0,0.638,327
2026-08-01 02:30:00,CELL-BLR-01,Bengaluru,38.25,184.78,0,0.769,382
2026-08-04 14:15:00,CELL-CHE-02,Chennai,30.9,148.32,0,0.22,371
2026-08-04 00:00:00,CELL-BLR-01,Bengaluru,36.52,191.49,0,0.595,426
2026-08-04 06:30:00,CELL-DEL-01,Delhi,29.56,222.96,0,0.473,236
2026-08-02 17:30:00,CELL-DEL-02,Delhi,48.47,213.91,0,0.476,335
2026-08-03 18:00:00,CELL-BLR-01,Bengaluru,51.36,154.63,0,0.192,385
2026-08-02 20:30:00,CELL-DEL-02,Delhi,62.82,156.0,0,0.436,385
2026-08-04 21:15:00,CELL-DEL-02,Delhi,46.6,156.71,0,0.712,319
2026-08-03 03:15:00,CELL-DEL-03,Delhi,26.64,175.56,0,0.57,382
2026-08-04 03:00:00,CELL-HYD-01,Hyderabad,35.64,182.16,0,0.932,402
2026-08-02 21:30:00,CELL-BLR-03,Bengaluru,54.2,158.78,0,0.396,541
2026-08-03 08:00:00,CELL-BLR-02,Bengaluru,29.96,221.01,0,0.978,394
2026-08-02 04:45:00,CELL-KOL-02,Kolkata,37.83,182.93,0,0.643,386
2026-08-05 13:45:00,CELL-KOL-03,Kolkata,31.18,180.77,0,0.316,345
2026-08-02 01:45:00,CELL-KOL-03,Kolkata,26.42,254.96,0,0.385,248
2026-08-04 06:45:00,CELL-KOL-02,Kolkata,29.91,232.98,0,0.546,265
2026-08-03 07:30:00,CELL-CHE-02,Chennai,28.99,143.28,0,0.434,399
2026-08-03 02:45:00,CELL-CHE-01,Chennai,33.45,178.66,0,0.442,343
2026-08-03 07:00:00,CELL-HYD-01,Hyderabad,29.73,185.79,0,0.579,396
2026-08-03 16:45:00,CELL-KOL-02,Kolkata,33.92,164.79,0,0.58,374
2026-08-02 09:45:00,CELL-MUM-02,Mumbai,48.98,201.31,0,0.746,405
2026-08-02 17:00:00,CELL-DEL-03,Delhi,32.78,166.89,0,0.513,374
2026-08-04 08:00:00,CELL-BLR-02,Bengaluru,29.45,253.86,0,0.035,138
2026-08-03 09:45:00,CELL-MUM-03,Mumbai,46.62,136.02,0,0.939,492
2026-08-01 02:15:00,CELL-HYD-02,Hyderabad,38.21,180.82,0,0.172,264
2026-08-02 14:45:00,CELL-KOL-03,Kolkata,35.27,207.36,0,0.598,258
2026-08-05 05:45:00,CELL-DEL-02,Delhi,46.22,251.32,0,0.612,239
2026-08-02 23:15:00,CELL-KOL-03,Kolkata,34.99,219.48,0,1.033,283
2026-08-05 12:00:00,CELL-KOL-01,Kolkata,61.89,186.88,0,0.115,419
2026-08-01 12:30:00,CELL-DEL-03,Delhi,40.17,178.87,0,0.891,307
2026-08-02 07:15:00,CELL-CHE-01,Chennai,28.66,174.21,0,0.387,324
2026-08-04 18:30:00,CELL-DEL-02,Delhi,56.37,175.47,0,0.759,472
2026-08-04 03:45:00,CELL-HYD-03,Hyderabad,29.22,130.41,0,0.676,424
2026-08-03 10:30:00,CELL-HYD-01,Hyderabad,39.44,157.81,0,0.633,441
2026-08-05 14:15:00,CELL-BLR-01,Bengaluru,45.52,188.5,0,0.553,455
2026-08-02 05:30:00,CELL-DEL-03,Delhi,33.21,182.83,0,0.373,296
2026-08-03 20:30:00,CELL-BLR-01,Bengaluru,51.17,156.12,0,0.983,74
2026-08-05 00:00:00,CELL-MUM-03,Mumbai,46.17,156.76,0,0.569,302
2026-08-05 18:15:00,CELL-KOL-01,Kolkata,55.1,148.18,0,0.885,415
2026-08-03 23:45:00,CELL-DEL-03,Delhi,25.56,181.2,0,0.381,483
2026-08-04 15:30:00,CELL-HYD-01,Hyderabad,30.28,167.97,0,0.605,368
2026-08-05 05:15:00,CELL-DEL-03,Delhi,35.38,190.64,0,0.71,304
2026-08-05 20:15:00,CELL-MUM-01,Mumbai,31.29,134.92,0,0.966,511
2026-08-05 16:00:00,CELL-DEL-02,Delhi,48.23,215.26,0,0.425,314
2026-08-03 19:45:00,CELL-KOL-01,Kolkata,63.55,149.2,0,1.085,572
2026-08-01 05:15:00,CELL-CHE-02,Chennai,27.27,156.05,0,0.635,268
2026-08-03 00:30:00,CELL-KOL-01,Kolkata,45.44,211.17,0,0.348,249
2026-08-04 21:15:00,CELL-MUM-03,Mumbai,56.83,106.64,0,1.228,431
2026-08-02 21:30:00,CELL-MUM-01,Mumbai,40.28,154.7,0,1.245,508
2026-08-04 21:30:00,CELL-HYD-02,Hyderabad,50.74,134.18,0,0.999,576
2026-08-01 03:15:00,CELL-BLR-03,Bengaluru,39.07,191.38,0,0.462,373
2026-08-02 14:30:00,CELL-KOL-02,Kolkata,34.61,137.73,0,0.558,450
2026-08-03 06:00:00,CELL-BLR-01,Bengaluru,34.25,207.71,0,0.424,414
2026-08-03 19:15:00,CELL-MUM-03,Mumbai,56.68,108.86,0,1.108,592
2026-08-01 23:00:00,CELL-MUM-02,Mumbai,40.55,160.58,0,0.543,301
2026-08-05 02:00:00,CELL-CHE-02,Chennai,24.64,155.69,0,0.819,332
2026-08-01 03:45:00,CELL-BLR-01,Bengaluru,26.71,222.85,0,0.611,145
2026-08-03 14:15:00,CELL-DEL-01,Delhi,31.25,230.15,0,0.646,338
2026-08-01 18:45:00,CELL-BLR-02,Bengaluru,36.65,179.12,0,0.795,425
2026-08-05 13:15:00,CELL-DEL-03,Delhi,33.25,166.09,0,1.09,405
2026-08-03 16:30:00,CELL-KOL-02,Kolkata,34.91,137.24,0,0.538,239
2026-08-05 21:45:00,CELL-DEL-03,Delhi,32.78,177.94,0,1.348,636
2026-08-05 03:45:00,CELL-BLR-02,Bengaluru,26.12,237.91,0,0.39,301
2026-08-01 16:30:00,CELL-KOL-01,Kolkata,50.62,202.26,0,0.452,205
2026-08-05 01:45:00,CELL-HYD-01,Hyderabad,29.9,192.52,0,0.625,189
2026-08-04 01:30:00,CELL-DEL-03,Delhi,32.64,203.62,0,0.676,494
2026-08-03 18:45:00,CELL-CHE-03,Chennai,56.96,166.75,0,0.751,411
2026-08-02 06:45:00,CELL-KOL-01,Kolkata,44.43,224.12,0,0.325,342
2026-08-01 14:00:00,CELL-KOL-01,Kolkata,46.95,164.25,0,0.67,398
2026-08-03 04:45:00,CELL-MUM-02,Mumbai,48.18,188.2,0,0.745,375
2026-08-05 00:00:00,CELL-DEL-02,Delhi,34.62,209.25,0,0.735,295
2026-08-04 13:30:00,CELL-BLR-03,Bengaluru,47.21,144.08,0,0.728,528
2026-08-05 10:45:00,CELL-KOL-01,Kolkata,59.02,169.59,0,0.543,240
2026-08-02 08:15:00,CELL-BLR-01,Bengaluru,36.31,208.1,0,0.568,430
2026-08-04 18:00:00,CELL-HYD-02,Hyderabad,41.78,159.38,0,0.902,354
2026-08-02 17:00:00,CELL-HYD-01,Hyderabad,36.24,137.03,0,0.458,326
2026-08-01 16:15:00,CELL-MUM-02,Mumbai,41.5,188.32,0,0.834,251
2026-08-04 01:45:00,CELL-HYD-03,Hyderabad,33.25,142.65,0,0.696,155
2026-08-02 20:15:00,CELL-HYD-01,Hyderabad,44.5,123.24,0,0.932,569
2026-08-03 15:00:00,CELL-DEL-02,Delhi,41.2,221.58,0,0.565,307
2026-08-01 12:45:00,CELL-KOL-03,Kolkata,35.41,202.27,0,0.277,581
2026-08-05 07:15:00,CELL-CHE-01,Chennai,33.71,182.31,0,0.905,295
2026-08-01 01:45:00,CELL-DEL-02,Delhi,40.22,247.44,0,0.667,342
2026-08-04 23:15:00,CELL-DEL-01,Delhi,33.73,232.3,0,0.304,469
2026-08-02 02:00:00,CELL-DEL-03,Delhi,27.12,218.31,0,0.906,473
2026-08-01 19:00:00,CELL-KOL-01,Kolkata,66.03,135.89,0,0.64,472
2026-08-03 07:45:00,CELL-DEL-01,Delhi,28.82,273.0,0,0.666,277
2026-08-04 13:45:00,CELL-HYD-01,Hyderabad,38.38,144.52,0,0.405,300
2026-08-05 06:00:00,CELL-KOL-02,Kolkata,30.08,167.28,0,0.348,98
2026-08-03 02:45:00,CELL-BLR-03,Bengaluru,36.36,207.25,0,0.552,250
2026-08-02 19:15:00,CELL-MUM-02,Mumbai,53.49,135.02,0,0.612,370
2026-08-04 18:45:00,CELL-CHE-03,Chennai,43.97,189.01,0,0.844,589
2026-08-03 23:45:00,CELL-CHE-03,Chennai,39.13,269.42,0,0.603,297
2026-08-04 11:00:00,CELL-CHE-01,Chennai,38.06,132.32,0,0.479,280
2026-08-04 18:00:00,CELL-MUM-02,Mumbai,43.85,144.3,0,0.572,322
2026-08-04 13:15:00,CELL-MUM-03,Mumbai,49.44,112.87,0,0.328,292
2026-08-03 06:30:00,CELL-BLR-03,Bengaluru,36.85,221.18,0,0.186,364
2026-08-05 14:30:00,CELL-DEL-01,Delhi,30.55,252.54,0,0.098,531
2026-08-02 09:15:00,CELL-BLR-03,Bengaluru,39.61,182.34,0,0.557,320
2026-08-02 22:15:00,CELL-CHE-01,Chennai,41.24,156.57,0,0.761,222
2026-08-02 17:15:00,CELL-DEL-01,Delhi,34.71,181.39,0,0.613,388
2026-08-04 12:00:00,CELL-KOL-01,Kolkata,63.02,199.76,0,0.741,377
2026-08-03 22:00:00,CELL-BLR-03,Bengaluru,53.01,162.72,0,0.511,305
2026-08-04 06:30:00,CELL-CHE-03,Chennai,32.45,200.61,0,0.427,220
2026-08-04 23:15:00,CELL-DEL-03,Delhi,35.51,167.44,0,0.76,524
2026-08-01 07:30:00,CELL-DEL-02,Delhi,38.12,234.01,0,0.198,282
2026-08-05 19:45:00,CELL-HYD-02,Hyderabad,51.73,148.98,0,0.194,562
2026-08-03 04:00:00,CELL-DEL-02,Delhi,32.62,251.56,0,0.809,264
2026-08-02 22:30:00,CELL-CHE-01,Chennai,38.29,149.61,0,0.329,267
2026-08-05 22:00:00,CELL-BLR-03,Bengaluru,54.87,148.86,0,1.01,485
2026-08-04 13:00:00,CELL-HYD-01,Hyderabad,37.18,139.67,0,0.763,482
2026-08-04 20:30:00,CELL-HYD-01,Hyderabad,45.3,122.91,0,0.857,478
2026-08-02 21:00:00,CELL-HYD-03,Hyderabad,36.03,104.22,0,0.369,378
2026-08-01 22:00:00,CELL-KOL-02,Kolkata,39.68,148.09,0,0.758,466
2026-08-01 14:30:00,CELL-HYD-01,Hyderabad,31.06,172.94,0,0.6,615
2026-08-03 07:30:00,CELL-MUM-02,Mumbai,36.49,168.03,0,0.693,344
2026-08-03 02:30:00,CELL-BLR-03,Bengaluru,33.73,204.46,0,0.646,260
2026-08-05 01:15:00,CELL-KOL-03,Kolkata,33.07,220.52,0,1.01,237
2026-08-02 20:45:00,CELL-KOL-01,Kolkata,60.57,152.58,0,0.873,526
2026-08-01 18:45:00,CELL-HYD-02,Hyderabad,51.46,147.41,0,0.687,595
2026-08-04 12:00:00,CELL-BLR-01,Bengaluru,50.1,128.17,0,0.992,551
2026-08-02 04:45:00,CELL-DEL-01,Delhi,24.19,294.88,0,0.514,250
2026-08-01 00:30:00,CELL-HYD-03,Hyderabad,28.96,141.3,0,0.721,266
2026-08-02 21:45:00,CELL-DEL-02,Delhi,52.94,203.69,0,0.416,541
2026-08-04 12:45:00,CELL-KOL-01,Kolkata,50.71,171.93,0,0.839,449
2026-08-01 10:30:00,CELL-BLR-03,Bengaluru,51.86,177.86,0,0.284,297
2026-08-02 22:45:00,CELL-CHE-03,Chennai,43.42,218.09,0,0.449,485
2026-08-03 07:15:00,CELL-MUM-01,Mumbai,28.6,181.9,0,0.176,274
2026-08-04 02:00:00,CELL-KOL-01,Kolkata,47.36,198.1,0,0.291,243
2026-08-04 07:30:00,CELL-MUM-01,Mumbai,25.75,226.16,0,1.012,295
2026-08-02 04:45:00,CELL-KOL-03,Kolkata,34.88,251.14,0,0.513,9
2026-08-03 08:00:00,CELL-HYD-03,Hyderabad,32.25,150.18,0,0.667,343
2026-08-03 16:00:00,CELL-MUM-02,Mumbai,51.76,165.25,0,0.541,215
2026-08-03 20:00:00,CELL-DEL-03,Delhi,117.25,118.98,0,2.536,353
2026-08-03 14:00:00,CELL-CHE-03,Chennai,36.2,215.14,0,0.274,341
2026-08-05 02:30:00,CELL-CHE-02,Chennai,35.97,156.81,0,0.53,213
2026-08-03 19:00:00,CELL-MUM-03,Mumbai,56.45,116.25,0,0.904,275
2026-08-05 08:15:00,CELL-HYD-01,Hyderabad,30.62,163.14,0,0.409,207
2026-08-05 13:45:00,CELL-DEL-03,Delhi,20.26,180.25,0,0.223,285
2026-08-05 11:30:00,CELL-MUM-03,Mumbai,51.57,140.02,0,0.506,304
2026-08-04 22:45:00,CELL-MUM-03,Mumbai,42.67,109.6,0,0.694,466
2026-08-04 21:00:00,CELL-CHE-03,Chennai,49.83,191.83,0,1.132,518
2026-08-05 13:00:00,CELL-KOL-02,Kolkata,34.47,135.19,0,1.087,366
2026-08-05 10:15:00,CELL-MUM-01,Mumbai,31.99,179.82,0,0.76,288
2026-08-03 10:45:00,CELL-DEL-02,Delhi,44.38,208.53,0,0.805,341
2026-08-02 12:45:00,CELL-CHE-03,Chennai,46.47,188.17,0,0.359,512
2026-08-04 17:30:00,CELL-CHE-02,Chennai,32.38,123.43,0,0.285,389
2026-08-01 15:30:00,CELL-DEL-03,Delhi,31.11,140.96,0,0.613,323
2026-08-02 05:30:00,CELL-MUM-03,Mumbai,42.16,151.39,0,0.059,399
2026-08-02 14:30:00,CELL-MUM-03,Mumbai,39.43,152.55,0,0.533,426
2026-08-01 16:30:00,CELL-CHE-01,Chennai,31.37,157.03,0,0.549,373
2026-08-03 12:15:00,CELL-KOL-02,Kolkata,42.55,146.25,0,0.653,170
2026-08-05 21:30:00,CELL-MUM-02,Mumbai,47.35,143.37,0,0.947,446
2026-08-05 06:15:00,CELL-KOL-03,Kolkata,35.08,247.96,0,0.61,268
2026-08-03 05:45:00,CELL-CHE-02,Chennai,30.94,172.48,0,0.441,427
2026-08-03 23:00:00,CELL-CHE-03,Chennai,36.28,246.68,0,0.444,377
2026-08-01 23:00:00,CELL-KOL-03,Kolkata,41.92,200.24,0,0.789,329
2026-08-01 20:00:00,CELL-BLR-01,Bengaluru,50.67,113.8,0,1.317,479
2026-08-02 12:45:00,CELL-MUM-01,Mumbai,36.14,168.25,0,1.217,333
2026-08-01 04:15:00,CELL-HYD-03,Hyderabad,26.12,148.93,0,0.492,277
2026-08-03 06:30:00,CELL-DEL-01,Delhi,30.3,235.18,0,0.383,354
2026-08-03 10:45:00,CELL-MUM-01,Mumbai,37.79,199.44,0,1.002,393
2026-08-05 22:15:00,CELL-KOL-02,Kolkata,40.07,157.21,0,0.62,502
2026-08-03 10:30:00,CELL-DEL-03,Delhi,35.75,155.39,0,0.108,651
2026-08-04 13:15:00,CELL-BLR-01,Bengaluru,41.75,152.66,0,0.642,431
2026-08-04 12:15:00,CELL-HYD-01,Hyderabad,35.66,128.41,0,0.895,436
2026-08-02 18:15:00,CELL-DEL-01,Delhi,44.13,191.22,0,1.022,366
2026-08-03 01:30:00,CELL-CHE-03,Chennai,32.39,239.03,0,0.614,177
2026-08-04 19:15:00,CELL-KOL-01,Kolkata,61.92,132.44,0,0.953,428
2026-08-05 10:30:00,CELL-DEL-01,Delhi,32.79,200.46,0,1.158,532
2026-08-01 07:45:00,CELL-BLR-01,Bengaluru,33.04,194.33,0,0.504,350
2026-08-01 12:45:00,CELL-MUM-02,Mumbai,53.61,140.58,0,0.649,370
2026-08-03 07:30:00,CELL-KOL-02,Kolkata,29.3,178.17,0,0.411,340
2026-08-01 09:00:00,CELL-MUM-03,Mumbai,46.93,128.14,0,1.089,329
2026-08-04 14:00:00,CELL-MUM-03,Mumbai,43.14,134.57,0,0.233,344
2026-08-05 04:00:00,CELL-DEL-03,Delhi,33.3,188.84,0,0.628,362
2026-08-02 08:00:00,CELL-CHE-03,Chennai,33.0,259.65,0,0.738,350
2026-08-01 20:00:00,CELL-KOL-02,Kolkata,50.79,116.73,0,0.873,662
2026-08-05 22:15:00,CELL-DEL-03,Delhi,38.74,140.43,0,0.82,348
2026-08-02 16:45:00,CELL-BLR-01,Bengaluru,48.87,163.61,0,0.556,261
2026-08-02 10:00:00,CELL-CHE-01,Chennai,38.29,171.13,0,0.972,240
2026-08-02 09:45:00,CELL-DEL-03,Delhi,31.25,157.85,0,0.312,546
2026-08-05 14:15:00,CELL-MUM-01,Mumbai,34.51,214.65,0,0.695,274
2026-08-04 03:15:00,CELL-MUM-02,Mumbai,39.94,191.55,0,0.533,371
2026-08-05 14:15:00,CELL-MUM-03,Mumbai,40.54,127.67,0,1.143,285
2026-08-01 10:30:00,CELL-CHE-03,Chennai,37.83,222.7,0,0.318,287
2026-08-05 12:30:00,CELL-DEL-02,Delhi,43.57,146.83,0,1.22,604
2026-08-02 22:45:00,CELL-MUM-03,Mumbai,44.33,132.94,0,0.587,393
2026-08-05 19:15:00,CELL-CHE-03,Chennai,54.05,179.48,0,0.369,442
2026-08-05 04:45:00,CELL-BLR-01,Bengaluru,38.9,196.99,0,0.535,427
2026-08-01 19:30:00,CELL-MUM-03,Mumbai,60.81,110.75,0,0.632,295
2026-08-04 06:15:00,CELL-KOL-01,Kolkata,43.75,194.15,0,0.572,405
2026-08-04 20:00:00,CELL-HYD-03,Hyderabad,41.36,99.19,0,1.193,614
2026-08-03 23:00:00,CELL-HYD-03,Hyderabad,35.38,117.67,0,0.584,313
2026-08-02 14:15:00,CELL-BLR-03,Bengaluru,45.05,109.23,0,0.409,399
2026-08-02 01:00:00,CELL-MUM-01,Mumbai,34.51,227.49,0,0.575,303
2026-08-04 21:00:00,CELL-CHE-02,Chennai,69.57,115.92,0,0.616,676
2026-08-01 20:30:00,CELL-CHE-02,Chennai,44.95,110.52,0,0.869,418
2026-08-03 01:30:00,CELL-CHE-02,Chennai,32.28,183.97,0,0.156,338
2026-08-01 01:00:00,CELL-DEL-02,Delhi,38.64,256.53,0,0.551,375
2026-08-05 00:00:00,CELL-HYD-03,Hyderabad,28.95,133.6,0,0.683,229
2026-08-04 15:00:00,CELL-KOL-02,Kolkata,26.68,156.51,0,0.513,368
2026-08-04 11:15:00,CELL-MUM-03,Mumbai,56.37,122.18,0,0.847,439
2026-08-05 07:45:00,CELL-MUM-02,Mumbai,44.87,197.15,0,0.43,415
2026-08-03 14:30:00,CELL-HYD-02,Hyderabad,38.82,153.56,0,1.338,332
2026-08-05 10:30:00,CELL-MUM-01,Mumbai,25.08,207.37,0,0.418,433
2026-08-04 16:30:00,CELL-KOL-01,Kolkata,49.29,197.64,0,0.497,354
2026-08-03 13:30:00,CELL-KOL-02,Kolkata,35.98,170.79,0,0.633,359
2026-08-04 17:00:00,CELL-HYD-01,Hyderabad,31.68,148.45,0,0.356,193
2026-08-03 05:00:00,CELL-HYD-03,Hyderabad,27.71,151.38,0,0.414,428
2026-08-02 13:15:00,CELL-KOL-03,Kolkata,34.02,196.93,0,0.165,361
2026-08-03 09:30:00,CELL-DEL-02,Delhi,43.58,200.06,0,1.003,343
2026-08-05 12:30:00,CELL-KOL-02,Kolkata,39.29,138.26,0,0.674,441
2026-08-01 18:15:00,CELL-CHE-01,Chennai,46.27,147.55,0,1.055,405
2026-08-04 17:15:00,CELL-DEL-03,Delhi,35.05,163.38,0,0.655,249
2026-08-01 20:00:00,CELL-CHE-01,Chennai,45.58,132.84,0,1.187,378
2026-08-01 01:45:00,CELL-KOL-02,Kolkata,27.14,200.38,0,0.781,438
2026-08-02 08:15:00,CELL-BLR-02,Bengaluru,29.29,248.22,0,0.191,237
2026-08-05 11:30:00,CELL-CHE-01,Chennai,39.92,151.13,0,0.638,420
2026-08-01 00:30:00,CELL-MUM-03,Mumbai,43.39,162.46,0,0.694,303
2026-08-04 14:15:00,CELL-DEL-03,Delhi,35.05,189.35,0,0.921,303
2026-08-03 12:30:00,CELL-KOL-02,Kolkata,32.15,129.53,0,0.679,519
2026-08-04 08:45:00,CELL-CHE-03,Chennai,35.88,220.98,0,0.238,374
2026-08-01 04:30:00,CELL-DEL-01,Delhi,31.41,237.29,0,0.602,411
2026-08-02 00:00:00,CELL-BLR-02,Bengaluru,28.19,257.52,0,0.42,292
2026-08-01 12:15:00,CELL-DEL-03,Delhi,39.41,142.49,0,0.631,636
2026-08-01 03:45:00,CELL-MUM-02,Mumbai,49.37,199.59,0,0.772,415
2026-08-05 14:45:00,CELL-KOL-02,Kolkata,28.99,161.31,0,0.849,311
2026-08-02 17:15:00,CELL-CHE-02,Chennai,35.44,142.8,0,0.26,468
2026-08-01 11:00:00,CELL-DEL-02,Delhi,60.56,195.98,0,0.67,616
2026-08-03 12:00:00,CELL-KOL-02,Kolkata,38.58,137.55,0,0.92,378
2026-08-02 15:15:00,CELL-MUM-02,Mumbai,45.19,202.55,0,0.549,340
2026-08-02 05:00:00,CELL-DEL-02,Delhi,43.89,263.28,0,0.377,212
2026-08-03 00:00:00,CELL-DEL-03,Delhi,29.65,199.33,0,0.797,358
2026-08-02 16:00:00,CELL-BLR-02,Bengaluru,34.59,273.82,0,0.505,287
2026-08-01 11:30:00,CELL-MUM-01,Mumbai,37.96,193.22,0,0.771,340
2026-08-03 07:15:00,CELL-BLR-02,Bengaluru,24.81,250.28,0,0.495,171
2026-08-05 06:30:00,CELL-MUM-01,Mumbai,31.21,189.46,0,0.125,453
2026-08-02 04:45:00,CELL-CHE-03,Chennai,39.83,249.62,0,0.646,202
2026-08-05 01:00:00,CELL-MUM-02,Mumbai,36.96,204.97,0,0.573,256
2026-08-01 02:15:00,CELL-HYD-03,Hyderabad,30.68,151.05,0,0.168,357
2026-08-01 19:00:00,CELL-DEL-03,Delhi,36.61,116.63,0,1.29,532
2026-08-02 12:15:00,CELL-CHE-02,Chennai,34.23,124.23,0,0.83,266
2026-08-03 06:00:00,CELL-MUM-03,Mumbai,36.72,129.65,0,0.931,408
2026-08-05 09:45:00,CELL-DEL-01,Delhi,32.08,244.59,0,0.341,306
2026-08-03 21:15:00,CELL-BLR-02,Bengaluru,43.61,231.35,0,0.638,331
2026-08-05 13:15:00,CELL-BLR-02,Bengaluru,28.8,212.6,0,0.954,277
2026-08-02 10:00:00,CELL-BLR-01,Bengaluru,37.99,194.94,0,0.609,335
2026-08-03 18:00:00,CELL-BLR-02,Bengaluru,31.39,213.56,0,0.536,364
2026-08-01 08:00:00,CELL-MUM-02,Mumbai,43.85,205.98,0,0.347,405
2026-08-05 02:15:00,CELL-BLR-03,Bengaluru,47.85,190.76,0,0.457,332
2026-08-04 05:00:00,CELL-KOL-03,Kolkata,27.9,193.71,0,0.917,369
2026-08-01 00:30:00,CELL-CHE-01,Chennai,27.26,173.62,0,0.737,314
2026-08-02 21:30:00,CELL-HYD-01,Hyderabad,38.53,139.9,0,0.574,492
2026-08-01 01:30:00,CELL-CHE-01,Chennai,32.21,186.11,0,0.686,347
2026-08-01 19:45:00,CELL-DEL-03,Delhi,47.07,143.61,0,0.835,332
2026-08-04 04:45:00,CELL-CHE-01,Chennai,27.94,192.24,0,0.579,358
2026-08-03 14:45:00,CELL-BLR-03,Bengaluru,36.93,209.08,0,0.549,339
2026-08-05 08:15:00,CELL-KOL-02,Kolkata,31.78,187.46,0,0.406,355
2026-08-04 15:45:00,CELL-KOL-01,Kolkata,42.02,188.95,0,0.315,585
2026-08-01 03:00:00,CELL-CHE-01,Chennai,30.37,179.43,0,0.484,405
2026-08-02 23:30:00,CELL-MUM-03,Mumbai,49.28,131.47,0,0.779,417
2026-08-05 20:00:00,CELL-HYD-01,Hyderabad,40.86,111.86,0,0.468,429
2026-08-05 14:45:00,CELL-HYD-02,Hyderabad,38.1,174.02,0,0.765,392
2026-08-02 04:30:00,CELL-DEL-02,Delhi,37.99,251.89,0,0.83,483
2026-08-05 12:15:00,CELL-KOL-03,Kolkata,28.77,194.68,0,0.277,497
2026-08-05 03:45:00,CELL-CHE-01,Chennai,31.17,199.86,0,0.5,405
2026-08-05 19:15:00,CELL-CHE-01,Chennai,42.45,129.63,0,0.783,526
2026-08-05 21:45:00,CELL-BLR-01,Bengaluru,39.67,162.93,0,1.004,238
2026-08-01 03:00:00,CELL-KOL-02,Kolkata,32.64,183.85,0,0.344,185
2026-08-01 23:15:00,CELL-KOL-02,Kolkata,33.46,175.39,0,0.99,497
2026-08-02 06:30:00,CELL-MUM-01,Mumbai,24.49,230.36,0,0.491,480
2026-08-04 10:30:00,CELL-HYD-01,Hyderabad,39.81,145.73,0,0.889,334
2026-08-03 17:00:00,CELL-CHE-01,Chennai,34.29,157.73,0,0.356,414
2026-08-03 15:00:00,CELL-KOL-02,Kolkata,31.99,161.07,0,0.679,347
2026-08-04 03:15:00,CELL-DEL-02,Delhi,34.4,232.16,0,0.476,284
2026-08-02 08:45:00,CELL-DEL-01,Delhi,28.71,240.96,0,0.642,249
2026-08-04 21:00:00,CELL-MUM-01,Mumbai,34.2,162.77,0,0.536,552
2026-08-04 19:15:00,CELL-CHE-01,Chennai,43.09,109.42,0,0.06,521
2026-08-02 16:00:00,CELL-HYD-03,Hyderabad,,118.94,0,0.195,286
2026-08-02 08:45:00,CELL-CHE-01,Chennai,38.09,159.83,0,0.563,523
2026-08-03 02:45:00,CELL-CHE-03,Chennai,30.6,273.92,0,0.835,268
2026-08-03 06:15:00,CELL-DEL-01,Delhi,30.76,261.0,0,0.365,147
2026-08-03 11:30:00,CELL-KOL-01,Kolkata,59.23,148.0,0,0.656,450
2026-08-03 08:15:00,CELL-BLR-03,Bengaluru,38.06,194.83,0,0.555,386
2026-08-05 11:15:00,CELL-CHE-01,Chennai,31.59,140.39,0,0.817,363
2026-08-04 07:45:00,CELL-DEL-02,Delhi,38.73,227.51,0,0.578,456
2026-08-02 07:30:00,CELL-KOL-02,Kolkata,26.5,182.87,0,0.8,408
2026-08-04 08:30:00,CELL-CHE-01,Chennai,35.73,151.4,0,0.573,276
2026-08-01 12:30:00,CELL-CHE-01,Chennai,41.21,130.15,0,0.085,327
2026-08-02 16:30:00,CELL-DEL-01,Delhi,29.07,207.04,0,0.471,451
2026-08-05 18:15:00,CELL-HYD-03,Hyderabad,37.55,100.68,0,0.275,518
2026-08-02 05:00:00,CELL-CHE-02,Chennai,31.94,174.26,0,0.77,324
2026-08-04 10:15:00,CELL-MUM-03,Mumbai,48.03,147.61,0,0.714,474
2026-08-04 08:15:00,CELL-HYD-01,Hyderabad,32.4,199.07,0,0.2,129
2026-08-05 16:30:00,CELL-CHE-01,Chennai,38.62,156.69,0,0.6,510
2026-08-05 06:00:00,CELL-MUM-01,Mumbai,28.57,202.38,0,0.574,431
2026-08-03 00:45:00,CELL-HYD-02,Hyderabad,35.12,188.0,0,0.554,317
2026-08-02 08:00:00,CELL-CHE-01,Chennai,28.51,189.51,0,0.6,382
2026-08-03 11:30:00,CELL-DEL-02,Delhi,46.31,207.14,0,0.498,343
2026-08-01 15:45:00,CELL-BLR-02,Bengaluru,29.6,245.62,0,1.144,502
2026-08-02 04:30:00,CELL-MUM-02,Mumbai,41.55,172.26,0,0.292,304
2026-08-05 07:30:00,CELL-DEL-01,Delhi,22.41,219.04,0,0.524,409
2026-08-05 06:30:00,CELL-CHE-01,Chennai,31.31,191.07,0,0.671,458
2026-08-03 14:45:00,CELL-KOL-03,Kolkata,29.29,248.01,0,0.964,468
2026-08-04 15:15:00,CELL-CHE-03,Chennai,34.57,225.53,0,0.369,276
2026-08-02 00:15:00,CELL-MUM-03,Mumbai,42.35,151.68,0,0.805,300
2026-08-03 18:45:00,CELL-BLR-02,Bengaluru,38.97,190.09,0,0.814,195
2026-08-05 16:00:00,CELL-HYD-03,Hyderabad,29.79,124.0,0,1.215,274
2026-08-02 23:45:00,CELL-HYD-03,Hyderabad,32.01,126.76,0,0.621,138
2026-08-03 16:30:00,CELL-MUM-03,Mumbai,48.74,134.22,0,0.522,161
2026-08-01 03:00:00,CELL-MUM-02,Mumbai,48.65,162.2,0,0.587,181
2026-08-01 04:45:00,CELL-BLR-01,Bengaluru,37.43,189.11,0,0.58,328
2026-08-04 03:30:00,CELL-DEL-02,Delhi,41.46,204.85,0,0.213,270
2026-08-05 11:30:00,CELL-KOL-02,Kolkata,38.21,137.74,0,0.256,400
2026-08-04 04:00:00,CELL-KOL-01,Kolkata,44.05,186.01,0,0.437,520
2026-08-02 22:15:00,CELL-BLR-02,Bengaluru,36.86,199.36,0,0.541,340
2026-08-01 10:15:00,CELL-DEL-02,Delhi,42.8,199.69,0,0.511,352
2026-08-05 07:15:00,CELL-KOL-01,Kolkata,39.45,171.94,0,0.392,311
2026-08-02 11:00:00,CELL-DEL-02,Delhi,46.13,198.07,0,0.578,457
2026-08-01 17:30:00,CELL-DEL-02,Delhi,44.96,205.21,0,0.651,516
2026-08-04 13:45:00,CELL-MUM-02,Mumbai,49.13,153.21,0,0.416,419
2026-08-01 11:00:00,CELL-KOL-03,Kolkata,39.33,169.53,0,1.184,390
2026-08-03 21:00:00,CELL-CHE-03,Chennai,,185.89,0,0.251,337
2026-08-02 23:30:00,CELL-MUM-02,Mumbai,58.49,182.54,0,1.214,356
2026-08-01 16:45:00,CELL-MUM-01,Mumbai,32.25,184.61,0,1.026,384
2026-08-03 17:15:00,CELL-HYD-01,Hyderabad,36.95,175.14,0,0.81,562
2026-08-01 12:30:00,CELL-HYD-01,Hyderabad,35.68,122.31,0,0.467,327
2026-08-05 22:00:00,CELL-CHE-03,Chennai,45.71,197.63,0,0.897,448
2026-08-03 15:45:00,CELL-CHE-02,Chennai,28.74,154.05,0,1.043,223
2026-08-02 10:45:00,CELL-HYD-02,Hyderabad,39.5,150.26,0,0.857,488
2026-08-03 15:30:00,CELL-DEL-02,Delhi,33.81,224.91,0,0.97,396
2026-08-05 12:30:00,CELL-DEL-03,Delhi,38.22,155.44,0,0.712,490
2026-08-04 15:15:00,CELL-BLR-03,Bengaluru,45.56,196.39,0,0.487,386
2026-08-02 23:45:00,CELL-MUM-01,Mumbai,31.65,221.84,0,0.723,285
2026-08-05 19:45:00,CELL-BLR-02,Bengaluru,43.03,209.61,0,0.653,521
2026-08-03 16:00:00,CELL-DEL-01,Delhi,33.17,255.54,0,0.599,396
2026-08-03 09:00:00,CELL-BLR-01,Bengaluru,39.59,173.96,0,0.561,445
2026-08-01 14:45:00,CELL-MUM-01,Mumbai,31.18,197.56,0,0.559,361
2026-08-04 23:15:00,CELL-HYD-02,Hyderabad,40.74,202.75,0,1.064,418
2026-08-03 03:15:00,CELL-MUM-01,Mumbai,30.08,210.68,0,1.03,356
2026-08-02 19:00:00,CELL-DEL-02,Delhi,48.0,164.41,0,0.675,488
2026-08-01 15:00:00,CELL-DEL-02,Delhi,38.44,236.36,0,1.03,337
2026-08-04 13:15:00,CELL-DEL-01,Delhi,30.47,187.91,0,0.639,315
2026-08-03 02:45:00,CELL-MUM-03,Mumbai,40.18,154.69,0,0.031,369
2026-08-05 22:15:00,CELL-DEL-02,Delhi,52.28,221.16,0,0.297,473
2026-08-04 20:00:00,CELL-CHE-03,Chennai,52.63,176.61,0,0.809,418
2026-08-02 07:30:00,CELL-BLR-03,Bengaluru,40.95,194.99,0,0.469,440
2026-08-02 10:45:00,CELL-MUM-02,Mumbai,52.18,171.13,0,1.245,577
2026-08-01 19:00:00,CELL-CHE-02,Chennai,36.88,128.19,0,0.536,319
2026-08-05 00:15:00,CELL-HYD-01,Hyderabad,30.86,176.51,0,0.6,337
2026-08-04 20:30:00,CELL-BLR-01,Bengaluru,46.85,139.29,0,1.146,746
2026-08-02 01:00:00,CELL-DEL-03,Delhi,32.96,182.01,0,0.402,235
2026-08-05 10:00:00,CELL-DEL-01,Delhi,30.08,209.39,0,0.723,386
2026-08-04 16:15:00,CELL-BLR-01,Bengaluru,29.58,183.18,0,0.981,329
2026-08-01 08:15:00,CELL-DEL-01,Delhi,29.65,255.0,0,0.783,415
2026-08-05 06:15:00,CELL-CHE-02,Chennai,33.7,135.38,0,0.455,477
2026-08-01 17:00:00,CELL-KOL-01,Kolkata,45.08,192.52,0,0.694,444
2026-08-04 05:45:00,CELL-KOL-01,Kolkata,39.73,226.4,0,0.241,332
2026-08-04 23:00:00,CELL-MUM-01,Mumbai,40.61,186.0,0,0.379,438
2026-08-02 14:30:00,CELL-MUM-01,Mumbai,31.45,241.22,0,0.547,462
2026-08-05 17:30:00,CELL-DEL-02,Delhi,48.07,195.73,0,0.807,377
2026-08-04 08:45:00,CELL-HYD-01,Hyderabad,29.51,151.53,0,0.592,478
2026-08-01 11:00:00,CELL-BLR-01,Bengaluru,41.25,136.1,0,1.0,253
2026-08-03 20:00:00,CELL-CHE-01,Chennai,38.26,132.28,0,0.7,302
2026-08-01 19:00:00,CELL-KOL-02,Kolkata,41.52,130.42,0,0.944,433
2026-08-02 05:00:00,CELL-HYD-01,Hyderabad,30.83,184.48,0,0.816,269
2026-08-02 13:30:00,CELL-KOL-03,Kolkata,32.83,-639.81,0,0.623,496
2026-08-04 15:45:00,CELL-CHE-03,Chennai,40.81,211.71,0,0.315,460
2026-08-03 18:00:00,CELL-MUM-03,Mumbai,52.67,137.56,0,0.549,139
2026-08-03 21:00:00,CELL-BLR-03,Bengaluru,72.6,143.85,0,0.71,496
2026-08-04 16:45:00,CELL-CHE-01,Chennai,41.91,161.55,0,0.951,432
2026-08-04 19:45:00,CELL-DEL-02,Delhi,57.26,161.43,0,0.878,585
2026-08-04 04:15:00,CELL-BLR-01,Bengaluru,38.31,219.84,0,0.782,211
2026-08-03 21:00:00,CELL-DEL-02,Delhi,57.31,140.67,0,0.971,639
2026-08-04 21:30:00,CELL-MUM-02,Mumbai,55.11,145.3,0,0.79,516
2026-08-02 01:00:00,CELL-MUM-03,Mumbai,41.96,150.02,0,0.438,297
2026-08-02 11:00:00,CELL-KOL-02,Kolkata,,162.27,0,0.559,343
2026-08-03 08:00:00,CELL-BLR-03,Bengaluru,34.23,216.11,0,0.119,383
2026-08-04 16:15:00,CELL-DEL-03,Delhi,32.47,153.38,0,0.755,467
2026-08-03 04:45:00,CELL-CHE-03,Chennai,33.73,323.37,0,0.867,262
2026-08-02 06:30:00,CELL-CHE-01,Chennai,33.65,153.46,0,0.741,287
2026-08-05 03:30:00,CELL-BLR-02,Bengaluru,24.64,275.14,0,0.714,164
2026-08-05 05:30:00,CELL-CHE-03,Chennai,32.12,242.75,0,0.293,265
2026-08-04 06:45:00,CELL-HYD-01,Hyderabad,31.95,170.03,0,0.526,364
2026-08-02 18:30:00,CELL-DEL-02,Delhi,44.72,155.58,0,0.687,341
2026-08-02 12:00:00,CELL-BLR-01,Bengaluru,46.52,148.25,0,0.435,459
2026-08-04 16:15:00,CELL-MUM-02,Mumbai,47.92,182.18,0,0.254,322
2026-08-03 14:00:00,CELL-KOL-02,Kolkata,30.88,139.06,0,0.666,495
2026-08-02 20:45:00,CELL-CHE-02,Chennai,39.47,107.93,0,0.29,363
2026-08-05 09:30:00,CELL-HYD-02,Hyderabad,38.29,188.36,0,0.901,367
2026-08-03 02:00:00,CELL-HYD-02,Hyderabad,,183.44,0,0.285,326
2026-08-03 22:45:00,CELL-KOL-03,Kolkata,33.42,190.2,0,0.658,421
2026-08-04 07:00:00,CELL-CHE-01,Chennai,29.88,150.07,0,0.882,344
2026-08-05 00:00:00,CELL-KOL-01,Kolkata,41.37,198.7,0,0.604,496
2026-08-02 16:00:00,CELL-MUM-03,Mumbai,49.97,146.61,0,0.648,492
2026-08-02 23:30:00,CELL-HYD-01,Hyderabad,35.68,196.63,0,0.494,349
2026-08-03 02:15:00,CELL-MUM-03,Mumbai,43.04,142.98,0,0.943,324
2026-08-03 02:30:00,CELL-HYD-03,Hyderabad,26.12,135.57,0,0.55,112
2026-08-03 17:15:00,CELL-KOL-03,Kolkata,31.63,192.31,0,0.392,260
2026-08-03 02:00:00,CELL-DEL-03,Delhi,27.46,164.13,0,0.471,354
2026-08-01 02:30:00,CELL-CHE-01,Chennai,31.91,185.37,0,0.884,409
2026-08-01 01:15:00,CELL-CHE-03,Chennai,28.33,265.61,0,0.037,257
2026-08-02 15:45:00,CELL-BLR-03,Bengaluru,40.53,193.26,0,0.551,289
2026-08-02 02:30:00,CELL-KOL-03,Kolkata,33.74,262.52,0,0.713,484
2026-08-01 03:30:00,CELL-CHE-02,Chennai,25.12,173.76,0,0.696,451
2026-08-04 05:00:00,CELL-MUM-03,Mumbai,43.62,171.58,0,0.142,366
2026-08-03 00:15:00,CELL-HYD-03,Hyderabad,28.22,136.71,0,0.476,297
2026-08-03 11:00:00,CELL-CHE-01,Chennai,37.99,137.93,0,0.858,265
2026-08-05 21:30:00,CELL-BLR-02,Bengaluru,35.35,188.42,0,0.233,434
2026-08-04 09:45:00,CELL-KOL-03,Kolkata,36.19,213.62,0,0.809,347
2026-08-03 07:45:00,CELL-MUM-01,Mumbai,26.65,246.74,0,0.693,337
2026-08-01 05:45:00,CELL-CHE-02,Chennai,31.86,123.72,0,0.822,426
2026-08-02 11:30:00,CELL-CHE-03,Chennai,45.45,217.11,0,0.505,621
2026-08-03 14:30:00,CELL-HYD-03,Hyderabad,27.75,121.43,0,0.42,347
2026-08-01 14:30:00,CELL-DEL-03,Delhi,29.53,173.15,0,0.208,299
2026-08-03 16:15:00,CELL-MUM-02,Mumbai,51.68,159.6,0,0.857,428
2026-08-04 03:15:00,CELL-DEL-01,Delhi,,249.18,0,0.172,385
2026-08-01 20:45:00,CELL-HYD-02,Hyderabad,47.29,123.38,0,1.062,319
2026-08-05 01:45:00,CELL-DEL-03,Delhi,29.98,199.12,0,0.403,420
2026-08-02 16:15:00,CELL-HYD-02,Hyderabad,41.69,164.38,0,0.405,211
2026-08-03 03:15:00,CELL-BLR-01,Bengaluru,35.59,187.56,0,0.884,414
2026-08-04 21:30:00,CELL-DEL-03,Delhi,41.51,134.87,0,1.048,322
2026-08-02 20:30:00,CELL-DEL-01,Delhi,41.96,179.37,0,0.848,477
2026-08-04 04:45:00,CELL-BLR-02,Bengaluru,27.88,253.61,0,0.492,356
2026-08-02 09:30:00,CELL-DEL-01,Delhi,25.7,230.43,0,0.673,444
2026-08-01 11:00:00,CELL-DEL-01,Delhi,34.33,217.14,0,0.333,472
2026-08-02 16:00:00,CELL-KOL-01,Kolkata,52.07,198.78,0,0.547,470
2026-08-02 06:00:00,CELL-HYD-03,Hyderabad,31.61,139.19,0,0.715,503
2026-08-03 00:15:00,CELL-BLR-03,Bengaluru,42.27,199.85,0,0.617,321
2026-08-02 00:30:00,CELL-MUM-03,Mumbai,33.1,174.59,0,0.531,285
2026-08-04 17:00:00,CELL-MUM-01,Mumbai,28.21,219.2,0,0.64,336
2026-08-05 16:45:00,CELL-MUM-03,Mumbai,52.91,131.71,0,0.541,251
2026-08-05 05:00:00,CELL-CHE-01,Chennai,34.56,161.77,0,0.258,226
2026-08-01 02:30:00,CELL-KOL-03,Kolkata,31.02,262.72,0,0.121,79
2026-08-02 12:15:00,CELL-HYD-02,Hyderabad,46.48,150.53,0,0.896,492
2026-08-05 01:30:00,CELL-BLR-03,Bengaluru,44.26,208.67,0,0.344,400
2026-08-02 06:30:00,CELL-HYD-02,Hyderabad,31.34,183.46,0,0.703,99
2026-08-01 00:00:00,CELL-DEL-03,Delhi,25.75,195.55,0,0.228,202
2026-08-05 01:45:00,CELL-MUM-01,Mumbai,29.3,255.12,0,0.535,130
2026-08-02 14:15:00,CELL-MUM-03,Mumbai,36.17,147.43,0,0.559,347
2026-08-02 15:30:00,CELL-MUM-03,Mumbai,40.82,144.6,0,0.485,404
2026-08-01 09:00:00,CELL-BLR-03,Bengaluru,42.26,168.56,0,0.697,294
2026-08-04 10:00:00,CELL-BLR-01,Bengaluru,39.63,168.67,0,0.505,480
2026-08-01 09:30:00,CELL-DEL-02,Delhi,43.02,222.68,0,1.016,287
2026-08-04 03:00:00,CELL-MUM-01,Mumbai,27.55,214.86,0,0.522,241
2026-08-03 20:30:00,CELL-BLR-03,Bengaluru,59.85,130.17,0,0.846,599
2026-08-04 02:00:00,CELL-DEL-01,Delhi,29.45,240.86,0,0.822,243
2026-08-01 00:15:00,CELL-MUM-02,Mumbai,41.92,196.41,0,0.544,137
2026-08-02 05:45:00,CELL-BLR-02,Bengaluru,23.43,273.6,0,0.816,352
2026-08-03 12:30:00,CELL-DEL-03,Delhi,34.0,166.58,0,0.922,544
2026-08-03 16:45:00,CELL-DEL-02,Delhi,45.09,173.21,0,1.148,415
2026-08-04 10:15:00,CELL-MUM-01,Mumbai,31.42,192.01,0,0.696,401
2026-08-02 01:30:00,CELL-BLR-03,Bengaluru,47.39,220.04,0,0.704,291
2026-08-03 17:15:00,CELL-CHE-02,Chennai,34.01,155.29,0,0.848,532
2026-08-01 10:15:00,CELL-CHE-01,Chennai,35.03,160.27,0,0.552,520
2026-08-03 16:00:00,CELL-KOL-02,Kolkata,30.71,173.51,0,0.696,319
2026-08-04 18:15:00,CELL-CHE-03,Chennai,40.14,178.42,0,0.472,617
2026-08-02 01:30:00,CELL-MUM-02,Mumbai,44.93,151.56,0,0.231,362
2026-08-03 21:30:00,CELL-HYD-02,Hyderabad,55.42,144.88,0,0.338,575
2026-08-04 02:00:00,CELL-MUM-03,Mumbai,48.21,144.97,0,0.473,338
2026-08-04 07:45:00,CELL-DEL-03,Delhi,35.25,203.04,0,0.662,325
2026-08-02 19:15:00,CELL-MUM-01,Mumbai,44.46,167.35,0,0.264,262
2026-08-01 07:45:00,CELL-HYD-01,Hyderabad,31.13,160.21,0,0.46,266
2026-08-04 20:15:00,CELL-HYD-02,Hyderabad,52.1,139.9,0,1.031,336
2026-08-04 00:00:00,CELL-DEL-01,Delhi,30.29,228.09,0,0.796,233
2026-08-01 17:30:00,CELL-DEL-01,Delhi,31.06,213.44,0,0.56,242
2026-08-05 17:30:00,CELL-CHE-01,Chennai,39.17,138.34,0,0.753,293
2026-08-02 12:45:00,CELL-DEL-01,Delhi,32.76,234.21,0,0.692,363
2026-08-03 10:45:00,CELL-MUM-02,Mumbai,56.39,154.48,0,0.63,409
2026-08-01 12:15:00,CELL-KOL-03,Kolkata,38.13,183.24,0,0.756,154
2026-08-03 00:30:00,CELL-DEL-01,Delhi,24.21,248.32,0,0.75,316
2026-08-04 05:30:00,CELL-BLR-02,Bengaluru,25.8,279.73,0,0.286,265
2026-08-03 13:00:00,CELL-HYD-03,Hyderabad,34.21,135.17,0,0.325,470
2026-08-02 13:00:00,CELL-MUM-01,Mumbai,35.73,176.88,0,0.682,481
2026-08-05 18:30:00,CELL-CHE-03,Chennai,48.51,191.94,0,0.03,445
2026-08-04 17:30:00,CELL-HYD-01,Hyderabad,34.32,136.72,0,0.151,176
2026-08-02 01:00:00,CELL-DEL-01,Delhi,26.25,275.43,0,0.436,285
2026-08-01 04:45:00,CELL-BLR-03,Bengaluru,48.62,184.26,0,0.28,339
2026-08-02 14:00:00,CELL-BLR-03,Bengaluru,49.25,167.97,0,0.904,523
2026-08-03 10:30:00,CELL-CHE-01,Chennai,37.69,144.5,0,0.442,241
2026-08-02 04:15:00,CELL-KOL-02,Kolkata,26.13,152.15,0,0.687,315
2026-08-04 15:45:00,CELL-KOL-02,Kolkata,24.09,187.28,0,0.359,403
2026-08-03 15:30:00,CELL-KOL-03,Kolkata,28.38,208.95,0,0.824,399
2026-08-02 20:45:00,CELL-DEL-02,Delhi,51.41,172.44,0,0.719,459
2026-08-03 19:45:00,CELL-CHE-03,Chennai,49.25,189.23,0,0.839,466
2026-08-05 06:15:00,CELL-BLR-01,Bengaluru,33.09,205.72,0,0.41,324
2026-08-02 07:00:00,CELL-DEL-02,Delhi,,214.26,0,0.508,353
2026-08-02 05:00:00,CELL-MUM-02,Mumbai,41.63,162.52,0,0.594,341
2026-08-05 16:00:00,CELL-CHE-03,Chennai,35.19,197.4,0,0.215,155
2026-08-05 13:30:00,CELL-CHE-03,Chennai,43.92,193.11,0,0.709,400
2026-08-04 20:15:00,CELL-HYD-03,Hyderabad,37.69,103.33,0,0.532,305
2026-08-03 08:30:00,CELL-MUM-02,Mumbai,47.96,164.74,0,0.962,260
2026-08-01 13:15:00,CELL-HYD-03,Hyderabad,29.52,127.4,0,0.583,434
2026-08-02 14:15:00,CELL-MUM-02,Mumbai,37.17,198.19,0,0.081,481
2026-08-03 18:30:00,CELL-CHE-03,Chennai,42.87,189.56,0,0.628,238
2026-08-02 05:15:00,CELL-KOL-02,Kolkata,27.42,197.03,0,0.587,339
2026-08-02 18:45:00,CELL-MUM-02,Mumbai,57.63,135.92,0,0.726,529
2026-08-02 18:30:00,CELL-HYD-01,Hyderabad,40.64,116.56,0,0.614,61
2026-08-05 03:00:00,CELL-BLR-02,Bengaluru,29.36,243.12,0,0.666,344
2026-08-05 16:30:00,CELL-DEL-01,Delhi,29.87,245.11,0,0.453,346
2026-08-05 13:15:00,CELL-CHE-03,Chennai,46.59,209.63,0,0.534,551
2026-08-03 07:30:00,CELL-DEL-02,Delhi,32.24,219.25,0,0.653,279
2026-08-04 12:15:00,CELL-HYD-02,Hyderabad,47.06,152.28,0,0.482,344
2026-08-01 03:30:00,CELL-DEL-01,Delhi,30.64,227.3,0,0.718,279
2026-08-03 18:45:00,CELL-CHE-01,Chennai,49.05,118.48,0,0.618,204
2026-08-05 09:15:00,CELL-KOL-03,Kolkata,30.81,208.33,0,0.755,283
2026-08-04 14:30:00,CELL-HYD-02,Hyderabad,33.6,163.9,0,0.605,403
2026-08-01 11:30:00,CELL-DEL-02,Delhi,47.06,166.83,0,0.826,483
2026-08-05 06:00:00,CELL-DEL-01,Delhi,28.48,231.38,0,0.772,240
2026-08-05 23:15:00,CELL-KOL-03,Kolkata,24.26,221.54,0,0.378,268
2026-08-03 07:30:00,CELL-KOL-01,Kolkata,45.88,218.64,0,0.76,433
2026-08-04 09:00:00,CELL-HYD-02,Hyderabad,35.12,174.46,0,0.668,347
2026-08-02 03:00:00,CELL-KOL-03,Kolkata,31.07,213.67,0,0.349,523
2026-08-04 12:30:00,CELL-CHE-02,Chennai,36.5,124.64,0,0.347,275
2026-08-02 03:45:00,CELL-CHE-03,Chennai,33.73,276.99,0,0.414,182
2026-08-04 19:30:00,CELL-BLR-02,Bengaluru,39.87,147.55,0,0.957,484
2026-08-05 17:45:00,CELL-BLR-03,Bengaluru,61.03,179.2,0,0.458,466
2026-08-05 01:45:00,CELL-BLR-01,Bengaluru,35.0,178.21,0,0.505,438
2026-08-04 11:15:00,CELL-DEL-02,Delhi,57.04,205.76,0,0.763,404
2026-08-03 07:45:00,CELL-KOL-03,Kolkata,33.86,202.28,0,0.49,366
2026-08-04 03:00:00,CELL-CHE-02,Chennai,31.45,145.01,0,0.179,151
2026-08-03 09:00:00,CELL-KOL-01,Kolkata,50.22,202.25,0,0.7,295
2026-08-04 11:30:00,CELL-MUM-03,Mumbai,46.65,147.25,0,0.531,346
2026-08-03 22:00:00,CELL-MUM-02,Mumbai,61.5,157.2,0,0.419,352
2026-08-03 22:15:00,CELL-CHE-02,Chennai,36.71,123.47,0,0.71,357
2026-08-01 22:30:00,CELL-HYD-01,Hyderabad,38.89,152.45,0,0.762,418
2026-08-05 10:30:00,CELL-HYD-03,Hyderabad,32.41,132.61,0,0.645,374
2026-08-04 15:00:00,CELL-KOL-01,Kolkata,47.61,220.78,0,0.424,448
2026-08-05 16:30:00,CELL-BLR-03,Bengaluru,45.01,180.21,0,0.639,338
2026-08-03 22:30:00,CELL-HYD-03,Hyderabad,35.53,117.99,0,0.63,334
2026-08-01 07:00:00,CELL-KOL-02,Kolkata,26.24,172.76,0,0.43,335
2026-08-04 17:45:00,CELL-MUM-03,Mumbai,54.37,129.1,0,0.484,426
2026-08-01 14:00:00,CELL-DEL-02,Delhi,43.64,169.29,0,1.364,380
2026-08-04 00:30:00,CELL-BLR-01,Bengaluru,33.0,213.18,0,0.452,262
2026-08-04 18:15:00,CELL-BLR-03,Bengaluru,52.62,148.57,0,0.733,530
2026-08-01 02:45:00,CELL-BLR-01,Bengaluru,41.03,196.23,0,0.547,334
2026-08-04 19:45:00,CELL-MUM-01,Mumbai,43.63,167.62,0,1.17,226
2026-08-02 11:30:00,CELL-CHE-02,Chennai,36.21,130.26,0,1.063,369
2026-08-05 19:45:00,CELL-CHE-03,Chennai,51.55,175.75,0,0.218,352
2026-08-05 18:45:00,CELL-MUM-01,Mumbai,39.68,156.87,0,0.641,382
2026-08-04 12:45:00,CELL-DEL-02,Delhi,51.77,174.96,0,0.888,477
2026-08-05 23:15:00,CELL-CHE-03,Chennai,36.02,201.51,0,0.7,370
2026-08-02 07:30:00,CELL-CHE-03,Chennai,32.91,262.38,0,0.244,297
2026-08-05 20:30:00,CELL-HYD-01,Hyderabad,41.0,129.54,0,1.281,496
2026-08-03 20:15:00,CELL-BLR-02,Bengaluru,48.1,156.75,0,0.597,468
2026-08-02 06:45:00,CELL-DEL-03,Delhi,30.74,210.76,0,0.289,276
2026-08-04 11:45:00,CELL-KOL-03,Kolkata,35.34,195.29,0,0.757,221
2026-08-01 01:45:00,CELL-BLR-01,Bengaluru,38.66,156.29,0,0.7,386
2026-08-05 23:45:00,CELL-HYD-03,Hyderabad,29.24,131.65,0,0.622,311
2026-08-05 12:00:00,CELL-MUM-03,Mumbai,53.13,111.8,0,0.451,313
2026-08-05 13:15:00,CELL-MUM-03,Mumbai,47.44,129.39,0,0.429,306
2026-08-02 03:15:00,CELL-CHE-01,Chennai,30.37,199.12,0,0.579,497
2026-08-02 11:30:00,CELL-BLR-03,Bengaluru,49.9,156.33,0,0.675,406
2026-08-04 19:30:00,CELL-MUM-01,Mumbai,45.05,179.54,0,1.199,527
2026-08-01 20:30:00,CELL-KOL-02,Kolkata,50.32,131.76,0,0.684,381
2026-08-05 02:45:00,CELL-KOL-03,Kolkata,28.3,269.47,0,0.25,405
2026-08-04 05:45:00,CELL-KOL-02,Kolkata,31.53,194.36,0,0.68,233
2026-08-04 15:45:00,CELL-DEL-02,Delhi,36.79,238.41,0,0.578,345
2026-08-01 08:45:00,CELL-BLR-01,Bengaluru,34.64,192.11,0,0.308,326
2026-08-01 13:00:00,CELL-MUM-03,Mumbai,50.74,103.13,0,0.783,351
2026-08-05 19:15:00,CELL-KOL-01,Kolkata,73.25,130.49,0,1.36,308
2026-08-02 18:30:00,CELL-BLR-01,Bengaluru,53.81,141.63,0,0.74,535
2026-08-01 11:30:00,CELL-HYD-02,Hyderabad,46.8,148.64,0,0.665,329
2026-08-02 19:30:00,CELL-MUM-02,Mumbai,67.21,125.95,0,1.133,346
2026-08-01 19:30:00,CELL-MUM-02,Mumbai,54.02,128.51,0,0.453,454
2026-08-01 09:30:00,CELL-HYD-03,Hyderabad,35.39,125.87,0,0.649,406
2026-08-02 05:15:00,CELL-KOL-03,Kolkata,26.38,229.85,0,0.528,247
2026-08-03 11:00:00,CELL-DEL-03,Delhi,32.63,149.67,0,0.483,322
2026-08-02 07:45:00,CELL-DEL-02,Delhi,39.97,241.46,0,0.385,278
2026-08-03 12:45:00,CELL-HYD-03,Hyderabad,33.92,112.96,0,0.944,274
2026-08-05 07:45:00,CELL-MUM-01,Mumbai,28.45,215.5,0,0.51,382
2026-08-03 16:45:00,CELL-KOL-01,Kolkata,51.26,208.34,0,0.243,299
2026-08-04 18:45:00,CELL-BLR-03,Bengaluru,57.42,129.62,0,0.499,385
2026-08-03 23:15:00,CELL-CHE-02,Chennai,25.23,153.73,0,0.693,359
2026-08-04 04:45:00,CELL-CHE-02,Chennai,27.91,136.37,0,0.205,347
2026-08-03 05:15:00,CELL-MUM-02,Mumbai,32.05,197.84,0,0.581,400
2026-08-02 23:45:00,CELL-KOL-01,Kolkata,44.18,207.91,0,0.61,208
2026-08-02 01:30:00,CELL-KOL-03,Kolkata,29.38,233.27,0,0.352,181
2026-08-03 10:15:00,CELL-CHE-02,Chennai,34.76,147.36,0,0.597,312
2026-08-05 10:00:00,CELL-MUM-01,Mumbai,33.21,202.87,0,0.792,316
2026-08-05 14:45:00,CELL-HYD-03,Hyderabad,30.51,128.56,0,0.592,177
2026-08-03 09:00:00,CELL-HYD-03,Hyderabad,27.31,140.27,0,0.661,326
2026-08-03 08:30:00,CELL-BLR-02,Bengaluru,27.43,283.34,0,0.726,354
2026-08-01 09:30:00,CELL-CHE-02,Chennai,24.97,135.79,0,0.662,388
2026-08-05 09:00:00,CELL-CHE-01,Chennai,25.67,180.32,0,0.154,335
2026-08-05 05:15:00,CELL-KOL-02,Kolkata,38.4,180.1,0,0.604,510
2026-08-02 01:00:00,CELL-HYD-03,Hyderabad,31.57,141.42,0,0.377,410
2026-08-03 00:30:00,CELL-HYD-03,Hyderabad,25.92,137.09,0,0.48,366
2026-08-04 01:45:00,CELL-CHE-02,Chennai,31.17,141.22,0,0.624,436
2026-08-05 07:45:00,CELL-MUM-03,Mumbai,39.7,143.48,0,0.516,374
2026-08-03 00:00:00,CELL-HYD-03,Hyderabad,30.93,141.67,0,0.054,365
2026-08-02 07:15:00,CELL-MUM-02,Mumbai,39.29,200.14,0,0.233,404
2026-08-04 18:45:00,CELL-DEL-01,Delhi,34.38,184.07,0,0.973,505
2026-08-03 04:30:00,CELL-MUM-02,Mumbai,38.14,182.15,0,0.453,294
2026-08-02 15:45:00,CELL-KOL-03,Kolkata,28.66,205.2,0,0.535,216
2026-08-03 15:30:00,CELL-BLR-03,Bengaluru,49.01,176.07,0,0.302,447
2026-08-04 13:45:00,CELL-DEL-03,Delhi,31.56,138.17,0,0.493,479
2026-08-04 02:15:00,CELL-DEL-01,Delhi,28.47,247.88,0,0.76,363
2026-08-05 19:00:00,CELL-CHE-02,Chennai,35.42,110.76,0,1.651,561
2026-08-01 15:15:00,CELL-MUM-03,Mumbai,41.49,128.64,0,0.534,363
2026-08-02 10:30:00,CELL-MUM-02,Mumbai,48.49,125.09,0,0.771,362
2026-08-01 22:00:00,CELL-HYD-02,Hyderabad,40.51,170.19,0,1.309,504
2026-08-04 15:00:00,CELL-HYD-02,Hyderabad,40.6,167.55,0,0.707,394
2026-08-03 12:15:00,CELL-MUM-01,Mumbai,30.26,204.35,0,0.845,591
2026-08-04 22:15:00,CELL-BLR-01,Bengaluru,36.78,177.41,0,0.033,491
2026-08-03 11:15:00,CELL-DEL-03,Delhi,32.88,137.58,0,0.832,648
2026-08-01 21:45:00,CELL-CHE-03,Chennai,49.6,188.26,0,0.452,449
2026-08-04 04:00:00,CELL-HYD-02,Hyderabad,38.91,223.25,0,0.328,169
2026-08-05 05:30:00,CELL-BLR-03,Bengaluru,36.82,189.84,0,0.676,419
2026-08-01 07:15:00,CELL-KOL-03,Kolkata,30.58,226.49,0,0.913,345
2026-08-01 16:30:00,CELL-KOL-03,Kolkata,29.14,223.83,0,0.733,477
2026-08-02 13:30:00,CELL-KOL-02,Kolkata,32.1,137.94,0,1.084,377
2026-08-02 08:30:00,CELL-HYD-02,Hyderabad,31.41,196.16,0,0.752,273
2026-08-01 01:45:00,CELL-DEL-01,Delhi,25.33,231.91,0,0.568,277
2026-08-02 14:00:00,CELL-HYD-01,Hyderabad,28.28,126.33,0,1.086,437
2026-08-02 08:15:00,CELL-MUM-03,Mumbai,43.22,159.9,0,0.72,437
2026-08-04 13:30:00,CELL-HYD-02,Hyderabad,33.52,138.21,0,0.341,523
2026-08-01 14:45:00,CELL-BLR-01,Bengaluru,38.66,203.08,0,0.458,275
2026-08-01 02:45:00,CELL-MUM-01,Mumbai,30.53,252.63,0,0.606,313
2026-08-03 16:15:00,CELL-KOL-03,Kolkata,28.8,211.45,0,0.289,284
2026-08-05 06:00:00,CELL-MUM-02,Mumbai,46.56,214.8,0,0.395,306
2026-08-02 16:45:00,CELL-BLR-03,Bengaluru,45.4,165.7,0,0.989,447
2026-08-01 12:00:00,CELL-BLR-02,Bengaluru,37.56,182.87,0,0.789,420
2026-08-02 00:00:00,CELL-MUM-03,Mumbai,39.2,184.57,0,0.716,212
2026-08-04 07:45:00,CELL-HYD-02,Hyderabad,31.89,225.64,0,0.689,228
2026-08-04 01:45:00,CELL-KOL-01,Kolkata,45.82,210.15,0,0.797,313
2026-08-03 07:30:00,CELL-DEL-03,Delhi,34.4,227.46,0,0.758,287
2026-08-04 00:00:00,CELL-KOL-03,Kolkata,31.05,235.0,0,0.139,481
2026-08-02 13:30:00,CELL-CHE-01,Chennai,33.46,144.6,0,0.599,472
2026-08-04 02:45:00,CELL-BLR-01,Bengaluru,31.62,196.01,0,0.186,325
2026-08-03 20:00:00,CELL-BLR-02,Bengaluru,40.58,184.08,0,0.647,411
2026-08-02 06:15:00,CELL-BLR-01,Bengaluru,40.82,188.34,0,0.399,229
2026-08-03 00:15:00,CELL-BLR-01,Bengaluru,36.53,175.42,0,0.615,322
2026-08-02 09:45:00,CELL-HYD-01,Hyderabad,,0.0,15,0.83,210
2026-08-01 05:15:00,CELL-HYD-03,Hyderabad,26.93,147.16,0,0.684,209
2026-08-05 17:30:00,CELL-BLR-01,Bengaluru,44.57,178.43,0,0.64,254
2026-08-01 22:45:00,CELL-HYD-02,Hyderabad,48.07,161.6,0,0.47,357
2026-08-03 17:30:00,CELL-MUM-03,Mumbai,49.92,129.3,0,0.665,370
2026-08-02 03:30:00,CELL-BLR-01,Bengaluru,33.95,167.99,0,0.578,429
2026-08-05 12:45:00,CELL-KOL-03,Kolkata,33.46,184.21,0,0.765,319
2026-08-04 05:15:00,CELL-DEL-03,Delhi,35.1,182.83,0,0.438,339
2026-08-04 03:00:00,CELL-CHE-01,Chennai,28.74,150.27,0,0.563,260
2026-08-05 05:00:00,CELL-MUM-03,Mumbai,47.0,182.98,0,0.832,328
2026-08-01 15:45:00,CELL-CHE-03,Chennai,37.02,270.96,0,0.616,345
2026-08-02 01:30:00,CELL-MUM-03,Mumbai,43.52,159.2,0,0.764,422
2026-08-02 11:45:00,CELL-MUM-02,Mumbai,50.83,193.57,0,0.693,445
2026-08-03 20:30:00,CELL-DEL-02,Delhi,59.45,167.59,0,1.357,451
2026-08-01 14:00:00,CELL-BLR-02,Bengaluru,38.66,212.83,0,0.936,221
2026-08-03 22:30:00,CELL-KOL-03,Kolkata,35.73,150.25,0,0.385,367
2026-08-02 06:15:00,CELL-KOL-02,Kolkata,27.64,195.35,0,0.607,355
2026-08-01 14:45:00,CELL-DEL-03,Delhi,30.77,169.87,0,0.97,220
2026-08-05 09:15:00,CELL-DEL-03,Delhi,30.73,180.08,0,0.544,154
2026-08-01 14:00:00,CELL-DEL-03,Delhi,33.69,149.27,0,1.037,306
2026-08-04 06:30:00,CELL-KOL-03,Kolkata,33.35,207.82,0,0.64,244
2026-08-05 06:15:00,CELL-CHE-01,Chennai,34.38,181.57,0,0.034,385
2026-08-04 15:15:00,CELL-KOL-02,Kolkata,30.79,179.33,0,0.351,376
2026-08-03 19:30:00,CELL-HYD-01,Hyderabad,41.56,131.3,0,1.187,392
2026-08-04 08:15:00,CELL-BLR-02,Bengaluru,30.15,267.57,0,0.666,494
2026-08-03 10:45:00,CELL-MUM-03,Mumbai,52.21,119.26,0,0.627,416
2026-08-04 21:30:00,CELL-CHE-03,Chennai,42.02,155.17,0,0.535,458
2026-08-01 20:00:00,CELL-KOL-01,Kolkata,59.32,154.54,0,0.957,277
2026-08-05 07:15:00,CELL-DEL-03,Delhi,34.28,193.86,0,0.429,452
2026-08-01 08:00:00,CELL-HYD-02,Hyderabad,33.05,199.53,0,0.598,179
2026-08-04 11:30:00,CELL-KOL-02,Kolkata,38.06,138.67,0,0.569,353
2026-08-02 00:15:00,CELL-CHE-03,Chennai,33.04,255.07,0,0.51,261
2026-08-05 22:00:00,CELL-KOL-01,Kolkata,55.47,170.68,0,1.172,484
2026-08-05 01:30:00,CELL-CHE-02,Chennai,35.62,184.18,0,0.527,424
2026-08-04 01:30:00,CELL-KOL-01,Kolkata,48.63,189.69,0,0.512,306
2026-08-02 15:45:00,CELL-HYD-03,Hyderabad,33.17,132.65,0,0.802,471
2026-08-03 10:00:00,CELL-BLR-02,Bengaluru,30.15,255.52,0,0.819,287
2026-08-02 03:45:00,CELL-MUM-02,Mumbai,,0.0,15,0.255,391
2026-08-03 11:45:00,CELL-KOL-02,Kolkata,35.69,153.27,0,0.706,483
2026-08-03 01:30:00,CELL-MUM-02,Mumbai,38.1,194.56,0,0.468,428
2026-08-02 07:30:00,CELL-BLR-01,Bengaluru,38.07,186.86,0,0.505,292
2026-08-01 01:45:00,CELL-KOL-03,Kolkata,29.01,224.41,0,0.587,451
2026-08-03 03:00:00,CELL-MUM-02,Mumbai,42.55,199.16,0,0.633,307
2026-08-04 11:30:00,CELL-HYD-02,Hyderabad,45.56,167.01,0,0.312,292
2026-08-05 00:45:00,CELL-BLR-03,Bengaluru,42.05,225.46,0,0.836,397
2026-08-04 22:00:00,CELL-DEL-03,Delhi,37.99,157.88,0,0.546,242
2026-08-04 00:00:00,CELL-HYD-02,Hyderabad,39.6,226.67,0,0.524,306
2026-08-03 07:00:00,CELL-BLR-03,Bengaluru,42.61,217.46,0,0.367,212
2026-08-02 07:45:00,CELL-KOL-03,Kolkata,30.19,243.67,0,0.252,313
2026-08-03 13:15:00,CELL-HYD-02,Hyderabad,45.31,170.05,0,0.885,378
2026-08-01 15:45:00,CELL-KOL-02,Kolkata,29.61,184.74,0,0.926,215
2026-08-01 20:15:00,CELL-CHE-02,Chennai,34.75,111.02,0,1.289,373
2026-08-01 20:00:00,CELL-MUM-01,Mumbai,38.77,171.35,0,0.394,399
2026-08-04 04:30:00,CELL-MUM-02,Mumbai,45.53,217.31,0,0.859,494
2026-08-05 16:15:00,CELL-CHE-02,Chennai,35.24,141.98,0,0.51,465
2026-08-05 04:00:00,CELL-KOL-03,Kolkata,28.2,219.29,0,0.132,369
2026-08-03 06:45:00,CELL-CHE-03,Chennai,37.51,242.95,0,0.499,343
2026-08-05 12:15:00,CELL-KOL-02,Kolkata,36.34,149.45,0,0.793,340
2026-08-01 01:30:00,CELL-HYD-01,Hyderabad,31.7,181.81,0,0.51,498
2026-08-04 20:15:00,CELL-MUM-03,Mumbai,57.65,100.49,0,0.129,480
2026-08-05 06:45:00,CELL-BLR-01,Bengaluru,29.49,203.36,0,0.454,481
2026-08-01 14:45:00,CELL-KOL-02,Kolkata,27.41,164.22,0,0.425,342
2026-08-04 02:15:00,CELL-BLR-01,Bengaluru,37.96,231.29,0,0.253,281
2026-08-02 04:15:00,CELL-DEL-02,Delhi,39.59,209.92,0,0.312,178
2026-08-01 09:15:00,CELL-BLR-03,Bengaluru,41.67,178.16,0,0.898,423
2026-08-04 02:30:00,CELL-CHE-01,Chennai,30.05,172.36,0,0.783,132
2026-08-01 03:00:00,CELL-HYD-02,Hyderabad,34.42,201.4,0,0.585,314
2026-08-02 02:00:00,CELL-MUM-02,Mumbai,,0.0,15,0.457,240
2026-08-01 10:15:00,CELL-MUM-03,Mumbai,47.38,135.92,0,0.523,411
2026-08-02 02:30:00,CELL-DEL-03,Delhi,34.89,178.62,0,0.458,325
2026-08-05 18:30:00,CELL-HYD-03,Hyderabad,37.04,108.36,0,0.958,429
2026-08-02 07:15:00,CELL-MUM-01,Mumbai,28.48,185.3,0,0.773,322
2026-08-04 04:15:00,CELL-DEL-03,Delhi,27.35,230.01,0,0.225,396
2026-08-03 23:30:00,CELL-BLR-03,Bengaluru,41.3,184.92,0,0.976,202
2026-08-03 04:45:00,CELL-KOL-02,Kolkata,28.46,199.27,0,0.818,213
2026-08-03 00:30:00,CELL-BLR-02,Bengaluru,23.12,257.1,0,0.33,301
2026-08-01 09:30:00,CELL-BLR-02,Bengaluru,29.88,232.2,0,0.758,386
2026-08-02 19:30:00,CELL-DEL-03,Delhi,33.78,136.74,0,0.777,517
2026-08-03 11:45:00,CELL-BLR-03,Bengaluru,47.77,169.61,0,0.681,186
2026-08-01 12:15:00,CELL-DEL-01,Delhi,30.73,182.06,0,0.263,456
2026-08-02 12:00:00,CELL-BLR-03,Bengaluru,51.15,162.81,0,0.872,304
2026-08-04 01:00:00,CELL-DEL-01,Delhi,30.47,272.54,0,0.506,328
2026-08-02 18:30:00,CELL-BLR-02,Bengaluru,38.21,212.22,0,1.365,486
2026-08-02 03:00:00,CELL-KOL-01,Kolkata,39.04,193.08,0,0.544,470
2026-08-01 10:00:00,CELL-CHE-02,Chennai,34.6,150.9,0,0.815,123
2026-08-02 06:30:00,CELL-MUM-02,Mumbai,41.33,214.63,0,0.584,243
2026-08-05 13:45:00,CELL-MUM-03,Mumbai,43.88,123.51,0,0.707,437
2026-08-03 08:45:00,CELL-DEL-03,Delhi,37.01,214.51,0,0.32,271
2026-08-02 17:15:00,CELL-KOL-01,Kolkata,50.14,169.66,0,1.242,234
2026-08-01 04:15:00,CELL-CHE-03,Chennai,41.28,218.88,0,0.572,405
2026-08-04 22:45:00,CELL-KOL-01,Kolkata,53.88,176.16,0,0.483,533
2026-08-04 03:15:00,CELL-HYD-01,Hyderabad,29.45,183.43,0,0.876,265
2026-08-03 15:30:00,CELL-DEL-03,Delhi,32.31,176.46,0,1.011,327
2026-08-02 22:45:00,CELL-DEL-02,Delhi,44.13,221.53,0,0.633,431
2026-08-03 18:45:00,CELL-DEL-03,Delhi,68.74,149.21,0,1.867,459
2026-08-03 21:30:00,CELL-BLR-01,Bengaluru,47.65,143.99,0,0.914,549
2026-08-02 11:15:00,CELL-KOL-02,Kolkata,30.72,179.62,0,0.928,518
2026-08-03 14:30:00,CELL-KOL-03,Kolkata,41.03,223.77,0,0.665,204
2026-08-03 21:00:00,CELL-DEL-03,Delhi,102.9,124.1,0,2.076,639
2026-08-01 08:15:00,CELL-BLR-02,Bengaluru,26.92,243.03,0,0.68,408
2026-08-01 08:00:00,CELL-MUM-03,Mumbai,46.83,133.87,0,0.73,240
2026-08-05 17:45:00,CELL-KOL-02,Kolkata,33.15,149.13,0,0.946,374
2026-08-05 18:15:00,CELL-BLR-01,Bengaluru,48.85,138.79,0,0.342,528
2026-08-03 02:45:00,CELL-MUM-02,Mumbai,46.95,220.24,0,0.6,250
2026-08-03 23:15:00,CELL-BLR-01,Bengaluru,41.76,173.85,0,0.795,346
2026-08-04 04:00:00,CELL-MUM-01,Mumbai,28.9,232.74,0,0.76,90
2026-08-05 02:30:00,CELL-CHE-03,Chennai,29.76,268.9,0,0.549,360
2026-08-04 16:00:00,CELL-BLR-01,Bengaluru,40.8,189.3,0,0.628,358
2026-08-02 21:00:00,CELL-DEL-03,Delhi,37.2,129.18,0,0.465,480
2026-08-04 11:30:00,CELL-MUM-01,Mumbai,32.63,143.46,0,0.649,364
2026-08-03 10:45:00,CELL-HYD-01,Hyderabad,32.82,136.78,0,0.297,314
2026-08-03 08:15:00,CELL-MUM-02,Mumbai,49.7,180.42,0,0.432,208
2026-08-03 15:00:00,CELL-MUM-02,Mumbai,44.78,202.71,0,0.776,355
2026-08-02 11:00:00,CELL-BLR-02,Bengaluru,28.11,216.62,0,0.882,484
2026-08-04 07:15:00,CELL-HYD-02,Hyderabad,35.91,176.71,0,0.998,288
2026-08-01 18:45:00,CELL-KOL-01,Kolkata,55.01,133.81,0,0.203,363
2026-08-04 12:15:00,CELL-KOL-03,Kolkata,37.24,206.45,0,0.335,279
2026-08-04 01:00:00,CELL-MUM-03,Mumbai,45.3,156.82,0,0.681,356
2026-08-05 03:45:00,CELL-KOL-01,Kolkata,41.3,197.03,0,0.252,539
2026-08-05 20:30:00,CELL-MUM-01,Mumbai,38.49,155.43,0,0.441,566
2026-08-05 07:45:00,CELL-DEL-01,Delhi,30.51,239.87,0,0.502,412
2026-08-03 14:00:00,CELL-BLR-01,Bengaluru,49.0,145.34,0,0.689,515
2026-08-03 14:45:00,CELL-MUM-03,Mumbai,42.76,148.94,0,0.633,436
2026-08-03 17:00:00,CELL-HYD-03,Hyderabad,36.39,101.97,0,0.564,477
2026-08-04 04:30:00,CELL-DEL-03,Delhi,27.18,180.26,0,0.944,383
2026-08-04 18:15:00,CELL-KOL-03,Kolkata,38.58,175.81,0,0.929,432
2026-08-05 00:15:00,CELL-CHE-01,Chennai,30.91,163.79,0,0.789,260
2026-08-05 15:45:00,CELL-BLR-02,Bengaluru,28.84,274.47,0,0.676,289
2026-08-01 12:45:00,CELL-CHE-03,Chennai,41.18,208.4,0,0.597,391
2026-08-04 10:30:00,CELL-MUM-01,Mumbai,30.34,175.92,0,0.477,420
2026-08-05 00:15:00,CELL-KOL-01,Kolkata,40.39,211.91,0,0.491,436
2026-08-04 08:30:00,CELL-CHE-03,Chennai,40.51,205.09,0,0.822,421
2026-08-03 22:00:00,CELL-DEL-03,Delhi,107.02,122.92,0,2.797,453
2026-08-05 11:00:00,CELL-HYD-01,Hyderabad,36.35,139.74,0,0.823,372
2026-08-03 14:30:00,CELL-MUM-03,Mumbai,43.89,143.15,0,0.406,202
2026-08-05 20:00:00,CELL-BLR-01,Bengaluru,56.8,136.89,0,0.492,677
2026-08-04 05:30:00,CELL-HYD-02,Hyderabad,26.22,159.96,0,1.058,379
2026-08-03 06:30:00,CELL-MUM-02,Mumbai,37.06,163.34,0,0.842,183
2026-08-01 13:45:00,CELL-KOL-03,Kolkata,35.14,196.53,0,1.045,620
2026-08-03 11:30:00,CELL-MUM-01,Mumbai,35.19,178.91,0,0.87,385
2026-08-01 21:15:00,CELL-MUM-01,Mumbai,36.9,146.24,0,0.645,320
2026-08-04 06:30:00,CELL-HYD-03,Hyderabad,26.52,163.62,0,0.795,301
2026-08-03 14:00:00,CELL-CHE-01,Chennai,37.46,130.99,0,0.474,325
2026-08-03 23:15:00,CELL-HYD-02,Hyderabad,39.36,174.94,0,0.888,351
2026-08-02 04:00:00,CELL-CHE-01,Chennai,25.9,210.62,0,0.871,318
2026-08-05 13:00:00,CELL-BLR-02,Bengaluru,33.74,200.06,0,1.05,354
2026-08-05 12:30:00,CELL-BLR-01,Bengaluru,43.58,172.4,0,0.472,362
2026-08-04 16:00:00,CELL-MUM-03,Mumbai,48.54,164.58,0,0.892,397
2026-08-05 05:00:00,CELL-BLR-01,Bengaluru,42.01,217.39,0,0.691,148
2026-08-03 23:30:00,CELL-MUM-01,Mumbai,34.55,201.28,0,0.581,343
2026-08-02 18:15:00,CELL-BLR-03,Bengaluru,47.67,145.93,0,0.419,373
2026-08-01 23:00:00,CELL-CHE-03,Chennai,34.79,224.7,0,0.352,568
2026-08-02 04:15:00,CELL-MUM-03,Mumbai,41.81,133.81,0,0.844,372
2026-08-03 12:00:00,CELL-DEL-01,Delhi,33.0,196.84,0,0.888,414
2026-08-02 15:00:00,CELL-DEL-01,Delhi,35.85,219.34,0,0.77,309
2026-08-05 02:45:00,CELL-KOL-02,Kolkata,26.75,226.29,0,0.378,339
2026-08-04 00:30:00,CELL-BLR-02,Bengaluru,30.01,239.87,0,0.549,260
2026-08-01 21:00:00,CELL-KOL-03,Kolkata,43.23,167.86,0,1.011,188
2026-08-01 09:45:00,CELL-MUM-01,Mumbai,30.15,231.11,0,0.787,340
2026-08-02 23:30:00,CELL-DEL-03,Delhi,32.47,153.94,0,0.419,337
2026-08-01 04:00:00,CELL-BLR-02,Bengaluru,25.8,244.51,0,0.819,187
2026-08-03 01:45:00,CELL-BLR-02,Bengaluru,31.1,262.02,0,0.47,400
2026-08-03 08:30:00,CELL-CHE-03,Chennai,36.37,237.09,0,0.203,314
2026-08-03 08:45:00,CELL-CHE-03,Chennai,39.42,248.73,0,0.934,348
2026-08-05 02:45:00,CELL-CHE-01,Chennai,31.03,181.07,0,0.558,405
2026-08-01 08:30:00,CELL-DEL-03,Delhi,32.78,166.68,0,0.728,471
2026-08-03 08:45:00,CELL-KOL-01,Kolkata,47.33,220.75,0,0.697,319
2026-08-04 23:15:00,CELL-BLR-03,Bengaluru,43.78,168.37,0,0.588,341
2026-08-03 11:30:00,CELL-KOL-02,Kolkata,26.81,153.0,0,0.652,421
2026-08-03 22:00:00,CELL-CHE-01,Chennai,33.15,159.99,0,0.122,520
2026-08-05 17:00:00,CELL-HYD-03,Hyderabad,33.02,141.98,0,0.585,323
2026-08-02 13:30:00,CELL-DEL-01,Delhi,38.08,224.17,0,0.93,409
2026-08-02 14:00:00,CELL-MUM-01,Mumbai,33.44,179.57,0,0.491,273
2026-08-03 19:15:00,CELL-KOL-01,Kolkata,69.65,156.43,0,0.64,460
2026-08-01 09:15:00,CELL-HYD-02,Hyderabad,36.35,196.59,0,0.358,125
2026-08-03 20:30:00,CELL-MUM-02,Mumbai,58.66,147.82,0,0.429,669
2026-08-01 19:30:00,CELL-CHE-02,Chennai,40.89,100.7,0,0.512,416
2026-08-02 02:15:00,CELL-HYD-01,Hyderabad,27.99,179.39,0,0.37,329
2026-08-05 14:15:00,CELL-MUM-02,Mumbai,46.69,169.85,0,0.499,484
2026-08-01 05:45:00,CELL-HYD-03,Hyderabad,24.51,137.98,0,0.752,302
2026-08-03 05:30:00,CELL-CHE-01,Chennai,32.25,171.9,0,0.923,305
2026-08-04 23:15:00,CELL-KOL-02,Kolkata,29.86,141.76,0,0.53,376
2026-08-01 03:15:00,CELL-KOL-01,Kolkata,37.97,219.97,0,0.624,202
2026-08-04 17:30:00,CELL-MUM-03,Mumbai,55.58,119.51,0,1.0,344
2026-08-04 23:00:00,CELL-HYD-03,Hyderabad,30.57,142.71,0,0.976,327
2026-08-01 04:45:00,CELL-KOL-03,Kolkata,30.25,242.49,0,0.614,306
2026-08-05 18:45:00,CELL-CHE-02,Chennai,40.59,120.15,0,0.639,360
2026-08-02 10:30:00,CELL-MUM-03,Mumbai,51.15,118.05,0,0.532,538
2026-08-01 20:30:00,CELL-KOL-03,Kolkata,44.38,166.23,0,0.99,261
2026-08-01 02:45:00,CELL-KOL-01,Kolkata,43.86,244.63,0,0.836,219
2026-08-04 19:45:00,CELL-DEL-01,Delhi,37.78,155.62,0,0.263,331
2026-08-01 13:45:00,CELL-MUM-02,Mumbai,46.91,140.15,0,1.117,313
2026-08-04 06:00:00,CELL-BLR-02,Bengaluru,26.92,284.35,0,0.281,357
2026-08-03 16:30:00,CELL-HYD-01,Hyderabad,31.4,145.63,0,0.6,542
2026-08-05 06:30:00,CELL-HYD-02,Hyderabad,40.48,203.71,0,0.423,204
2026-08-03 12:00:00,CELL-BLR-03,Bengaluru,48.74,183.2,0,1.145,357
2026-08-05 04:15:00,CELL-HYD-01,Hyderabad,31.95,172.43,0,1.037,364
2026-08-04 02:30:00,CELL-DEL-03,Delhi,29.18,135.19,0,0.974,393
2026-08-01 18:00:00,CELL-KOL-02,Kolkata,34.85,143.95,0,0.609,259
2026-08-02 09:00:00,CELL-CHE-03,Chennai,34.8,279.55,0,0.384,349
2026-08-02 07:45:00,CELL-HYD-02,Hyderabad,37.85,214.87,0,0.31,357
2026-08-02 00:15:00,CELL-BLR-03,Bengaluru,38.22,197.45,0,0.533,510
2026-08-05 23:45:00,CELL-DEL-03,Delhi,31.67,171.79,0,0.254,291
2026-08-05 11:00:00,CELL-DEL-02,Delhi,46.64,187.08,0,1.268,335
2026-08-03 03:00:00,CELL-KOL-03,Kolkata,32.79,220.32,0,0.439,362
2026-08-03 18:45:00,CELL-BLR-01,Bengaluru,50.23,145.5,0,0.742,538
2026-08-02 00:15:00,CELL-HYD-03,Hyderabad,32.46,136.02,0,0.432,215
2026-08-03 02:45:00,CELL-DEL-02,Delhi,32.58,233.05,0,0.587,296
2026-08-04 16:45:00,CELL-CHE-02,Chennai,33.28,164.52,0,0.541,533
2026-08-02 06:30:00,CELL-HYD-01,Hyderabad,32.96,180.96,0,0.583,384
2026-08-05 13:45:00,CELL-DEL-01,Delhi,34.03,249.93,0,0.563,287
2026-08-05 08:00:00,CELL-BLR-01,Bengaluru,33.72,194.49,0,0.56,423
2026-08-01 18:30:00,CELL-KOL-03,Kolkata,39.64,169.49,0,0.211,547
2026-08-05 12:45:00,CELL-MUM-01,Mumbai,33.68,201.93,0,0.879,385
2026-08-03 10:15:00,CELL-DEL-01,Delhi,30.06,241.03,0,0.49,356
2026-08-01 01:00:00,CELL-BLR-02,Bengaluru,29.25,221.68,0,0.586,320
2026-08-01 11:45:00,CELL-CHE-03,Chennai,47.41,235.08,0,0.662,258
2026-08-03 22:45:00,CELL-BLR-02,Bengaluru,32.55,252.09,0,0.626,110
2026-08-03 08:30:00,CELL-HYD-03,Hyderabad,32.47,143.66,0,0.782,219
2026-08-03 21:00:00,CELL-MUM-02,Mumbai,53.89,130.42,0,0.758,771
2026-08-05 08:00:00,CELL-KOL-02,Kolkata,33.06,175.49,0,0.643,375
2026-08-05 04:45:00,CELL-CHE-01,Chennai,28.81,143.02,0,0.465,415
2026-08-05 23:45:00,CELL-DEL-02,Delhi,45.84,227.12,0,0.348,388
2026-08-02 11:45:00,CELL-DEL-03,Delhi,40.92,158.2,0,0.414,367
2026-08-02 03:00:00,CELL-DEL-01,Delhi,29.91,277.04,0,0.581,178
2026-08-03 08:15:00,CELL-HYD-02,Hyderabad,30.96,207.62,0,0.181,294
2026-08-03 16:30:00,CELL-MUM-02,Mumbai,44.67,198.39,0,0.637,119
2026-08-03 02:45:00,CELL-DEL-03,Delhi,27.79,173.34,0,0.442,245
2026-08-04 15:15:00,CELL-BLR-01,Bengaluru,36.6,162.53,0,0.808,350
2026-08-04 08:30:00,CELL-MUM-01,Mumbai,26.93,247.28,0,0.94,258
2026-08-01 03:45:00,CELL-DEL-03,Delhi,32.67,189.82,0,0.638,225
2026-08-03 08:00:00,CELL-KOL-03,Kolkata,30.21,220.15,0,0.727,299
2026-08-02 13:15:00,CELL-KOL-01,Kolkata,49.01,201.13,0,0.211,313
2026-08-05 12:00:00,CELL-CHE-03,Chennai,36.35,180.35,0,0.863,457
2026-08-02 12:45:00,CELL-DEL-02,Delhi,51.65,171.28,0,0.662,374
2026-08-02 17:15:00,CELL-BLR-01,Bengaluru,42.68,166.23,0,0.391,464
2026-08-01 07:45:00,CELL-CHE-01,Chennai,30.58,166.26,0,0.761,208
2026-08-04 05:30:00,CELL-BLR-01,Bengaluru,35.06,199.58,0,0.225,287
2026-08-04 17:45:00,CELL-MUM-02,Mumbai,55.18,151.42,0,0.648,342
2026-08-05 20:45:00,CELL-CHE-03,Chennai,40.2,180.41,0,0.562,522
2026-08-04 13:30:00,CELL-DEL-01,Delhi,29.52,155.2,0,0.482,346
2026-08-04 09:45:00,CELL-HYD-03,Hyderabad,33.77,140.4,0,0.656,394
2026-08-04 04:00:00,CELL-MUM-03,Mumbai,36.87,122.23,0,0.847,244
2026-08-03 01:45:00,CELL-DEL-01,Delhi,25.9,218.82,0,0.44,349
2026-08-02 18:30:00,CELL-CHE-02,Chennai,42.55,96.88,0,0.54,500
2026-08-05 03:30:00,CELL-KOL-02,Kolkata,23.0,201.61,0,0.428,143
2026-08-02 01:30:00,CELL-HYD-03,Hyderabad,32.14,144.91,0,0.871,306
2026-08-05 21:00:00,CELL-BLR-02,Bengaluru,38.22,203.29,0,0.738,468
2026-08-04 13:00:00,CELL-MUM-03,Mumbai,48.82,137.25,0,1.03,449
2026-08-02 23:30:00,CELL-MUM-01,Mumbai,,238.98,0,0.664,486
2026-08-04 09:30:00,CELL-DEL-03,Delhi,27.17,173.34,0,0.864,303
2026-08-01 08:45:00,CELL-DEL-01,Delhi,30.3,248.95,0,0.718,330
2026-08-01 05:45:00,CELL-KOL-02,Kolkata,31.57,174.64,0,0.387,465
2026-08-03 07:00:00,CELL-DEL-01,Delhi,33.49,285.63,0,0.71,196
2026-08-04 17:00:00,CELL-BLR-01,Bengaluru,41.2,184.17,0,0.489,506
2026-08-05 02:00:00,CELL-HYD-02,Hyderabad,37.97,206.04,0,0.629,335
2026-08-05 11:45:00,CELL-CHE-03,Chennai,43.09,174.09,0,0.307,326
2026-08-02 11:45:00,CELL-BLR-01,Bengaluru,45.05,172.08,0,0.124,594
2026-08-04 19:45:00,CELL-HYD-01,Hyderabad,42.67,119.38,0,1.179,490
2026-08-01 04:30:00,CELL-CHE-02,Chennai,27.39,161.37,0,0.215,394
2026-08-03 20:00:00,CELL-DEL-02,Delhi,51.37,184.85,0,0.508,545
2026-08-05 15:15:00,CELL-MUM-01,Mumbai,35.64,218.72,0,0.526,411
2026-08-03 12:00:00,CELL-MUM-03,Mumbai,44.57,133.38,0,0.767,423
2026-08-01 19:00:00,CELL-DEL-02,Delhi,54.77,159.98,0,0.471,471
2026-08-02 23:00:00,CELL-BLR-03,Bengaluru,45.77,160.58,0,0.344,241
2026-08-03 21:45:00,CELL-CHE-03,Chennai,47.93,168.19,0,0.968,410
2026-08-02 06:00:00,CELL-CHE-03,Chennai,34.81,247.9,0,0.367,316
2026-08-04 13:30:00,CELL-CHE-03,Chennai,40.07,212.11,0,0.908,434
2026-08-03 07:00:00,CELL-BLR-02,Bengaluru,30.41,278.89,0,0.855,173
2026-08-01 18:30:00,CELL-MUM-03,Mumbai,63.28,99.56,0,0.966,433
2026-08-01 13:15:00,CELL-DEL-01,Delhi,27.81,228.43,0,0.387,321
2026-08-05 19:00:00,CELL-DEL-01,Delhi,44.13,195.67,0,1.262,250
2026-08-04 15:15:00,CELL-HYD-01,Hyderabad,34.15,173.16,0,0.239,305
2026-08-01 09:00:00,CELL-CHE-01,Chennai,32.88,209.6,0,0.256,393
2026-08-02 22:30:00,CELL-DEL-01,Delhi,27.04,224.5,0,1.039,563
2026-08-01 18:15:00,CELL-CHE-03,Chennai,37.82,169.5,0,1.049,556
2026-08-01 20:45:00,CELL-CHE-03,Chennai,50.92,173.87,0,0.637,444
2026-08-02 09:00:00,CELL-MUM-01,Mumbai,29.01,206.53,0,0.45,251
2026-08-02 18:45:00,CELL-DEL-01,Delhi,35.45,194.85,0,0.41,625
2026-08-02 12:00:00,CELL-CHE-01,Chennai,38.36,143.87,0,1.021,295
2026-08-04 20:00:00,CELL-DEL-03,Delhi,43.61,144.57,0,1.35,686
2026-08-04 03:00:00,CELL-HYD-02,Hyderabad,41.1,203.68,0,0.925,354
2026-08-01 15:00:00,CELL-DEL-03,Delhi,30.78,157.57,0,0.519,381
2026-08-01 17:30:00,CELL-KOL-03,Kolkata,34.12,190.18,0,0.49,573
2026-08-05 14:00:00,CELL-HYD-02,Hyderabad,44.77,189.61,0,0.482,491
2026-08-02 05:30:00,CELL-BLR-03,Bengaluru,33.97,162.14,0,0.567,268
2026-08-04 13:15:00,CELL-CHE-03,Chennai,33.21,206.24,0,0.606,311
2026-08-01 08:45:00,CELL-MUM-02,Mumbai,46.42,172.2,0,0.134,348
2026-08-05 13:00:00,CELL-KOL-03,Kolkata,40.58,181.83,0,0.974,418
2026-08-04 12:30:00,CELL-BLR-03,Bengaluru,50.24,136.08,0,0.845,373
2026-08-05 10:45:00,CELL-HYD-02,Hyderabad,50.61,169.24,0,0.77,496
2026-08-05 19:45:00,CELL-DEL-02,Delhi,54.14,152.63,0,0.488,421
2026-08-02 15:45:00,CELL-KOL-01,Kolkata,51.79,168.61,0,1.012,486
2026-08-03 10:15:00,CELL-KOL-01,Kolkata,58.62,175.81,0,0.834,489
2026-08-03 13:15:00,CELL-MUM-01,Mumbai,37.17,153.08,0,1.063,374
2026-08-01 22:30:00,CELL-HYD-03,Hyderabad,32.81,115.84,0,0.731,297
2026-08-05 16:45:00,CELL-CHE-02,Chennai,30.57,153.73,0,0.713,322
2026-08-02 11:45:00,CELL-MUM-03,Mumbai,57.2,120.22,0,0.476,327
2026-08-05 23:30:00,CELL-BLR-02,Bengaluru,32.05,212.76,0,0.644,240
2026-08-02 17:30:00,CELL-CHE-03,Chennai,46.0,205.36,0,0.68,148
2026-08-05 18:15:00,CELL-MUM-02,Mumbai,57.78,152.47,0,1.034,615
2026-08-02 06:15:00,CELL-KOL-01,Kolkata,44.4,167.18,0,0.489,453
2026-08-03 03:30:00,CELL-MUM-01,Mumbai,28.52,226.16,0,0.984,281
2026-08-04 16:00:00,CELL-BLR-03,Bengaluru,43.69,184.63,0,1.051,351
2026-08-03 17:45:00,CELL-DEL-01,Delhi,36.84,194.55,0,0.377,334
2026-08-02 21:45:00,CELL-HYD-01,Hyderabad,37.65,124.11,0,0.587,359
2026-08-05 00:15:00,CELL-BLR-01,Bengaluru,38.9,200.67,0,0.668,321
2026-08-01 19:30:00,CELL-DEL-03,Delhi,37.48,133.2,0,0.307,355
2026-08-02 16:00:00,CELL-KOL-02,Kolkata,31.61,180.13,0,0.481,540
2026-08-04 18:45:00,CELL-KOL-02,Kolkata,39.79,140.23,0,0.29,497
2026-08-01 13:00:00,CELL-KOL-03,Kolkata,37.4,217.45,0,0.468,248
2026-08-01 18:00:00,CELL-BLR-02,Bengaluru,33.07,221.55,0,0.373,355
2026-08-02 18:15:00,CELL-MUM-01,Mumbai,33.96,172.67,0,0.752,592
2026-08-05 14:30:00,CELL-KOL-01,Kolkata,51.92,200.7,0,0.757,451
2026-08-05 02:15:00,CELL-HYD-03,Hyderabad,21.16,161.84,0,0.321,214
2026-08-02 08:30:00,CELL-BLR-02,Bengaluru,29.29,219.77,0,0.38,419
2026-08-01 05:15:00,CELL-CHE-03,Chennai,37.85,257.19,0,0.406,410
2026-08-02 12:00:00,CELL-MUM-01,Mumbai,41.04,167.57,0,0.725,433
2026-08-05 23:30:00,CELL-MUM-03,Mumbai,51.57,158.19,0,0.26,391
2026-08-02 19:00:00,CELL-CHE-03,Chennai,40.31,148.1,0,0.701,396
2026-08-02 02:15:00,CELL-MUM-03,Mumbai,34.39,137.85,0,0.598,249
2026-08-01 10:30:00,CELL-BLR-01,Bengaluru,44.13,162.48,0,1.128,338
2026-08-02 15:30:00,CELL-HYD-01,Hyderabad,35.89,171.12,0,0.702,428
2026-08-02 14:30:00,CELL-CHE-02,Chennai,32.02,150.86,0,0.646,326
2026-08-03 17:30:00,CELL-DEL-03,Delhi,36.44,156.22,0,0.457,365
2026-08-02 23:15:00,CELL-BLR-03,Bengaluru,40.2,198.53,0,0.781,456
2026-08-03 07:00:00,CELL-KOL-01,Kolkata,38.67,222.04,0,0.82,399
2026-08-02 22:15:00,CELL-DEL-02,Delhi,49.51,197.58,0,0.218,375
2026-08-01 19:00:00,CELL-CHE-01,Chennai,49.27,151.34,0,0.384,474
2026-08-03 08:45:00,CELL-DEL-02,Delhi,42.36,262.34,0,0.593,140
2026-08-01 07:30:00,CELL-HYD-03,Hyderabad,26.91,130.05,0,0.606,420
2026-08-03 11:45:00,CELL-BLR-01,Bengaluru,46.09,168.25,0,0.347,420
2026-08-04 13:45:00,CELL-CHE-01,Chennai,42.28,196.5,0,0.27,495
2026-08-01 01:00:00,CELL-MUM-02,Mumbai,49.11,195.62,0,0.717,304
2026-08-04 19:00:00,CELL-KOL-03,Kolkata,39.15,158.41,0,0.45,539
2026-08-02 09:45:00,CELL-KOL-03,Kolkata,37.17,224.97,0,0.744,385
2026-08-03 04:15:00,CELL-DEL-01,Delhi,34.05,251.95,0,0.592,286
2026-08-02 14:30:00,CELL-BLR-02,Bengaluru,33.05,274.71,0,0.524,428
2026-08-01 18:45:00,CELL-HYD-03,Hyderabad,39.77,94.52,0,0.356,407
2026-08-03 18:00:00,CELL-DEL-02,Delhi,42.59,190.15,0,0.622,464
2026-08-02 22:45:00,CELL-KOL-03,Kolkata,35.25,167.61,0,0.46,254
2026-08-01 20:30:00,CELL-MUM-03,Mumbai,59.64,127.46,0,0.799,582
2026-08-05 09:45:00,CELL-MUM-01,Mumbai,35.01,193.99,0,0.174,412
2026-08-04 17:00:00,CELL-KOL-01,Kolkata,48.15,177.93,0,0.905,417
2026-08-03 05:15:00,CELL-CHE-03,Chennai,30.52,254.77,0,0.569,449
2026-08-04 18:00:00,CELL-BLR-03,Bengaluru,40.91,149.83,0,0.926,281
2026-08-04 19:15:00,CELL-BLR-01,Bengaluru,41.65,122.89,0,0.911,357
2026-08-01 06:15:00,CELL-HYD-01,Hyderabad,26.92,173.38,0,0.077,314
2026-08-04 18:45:00,CELL-HYD-02,Hyderabad,54.07,150.64,0,0.571,455
2026-08-02 07:15:00,CELL-HYD-03,Hyderabad,27.49,128.66,0,0.676,241
2026-08-05 14:15:00,CELL-KOL-01,Kolkata,44.29,208.26,0,0.679,291
2026-08-01 16:15:00,CELL-MUM-03,Mumbai,46.63,145.06,0,0.299,437
2026-08-02 02:00:00,CELL-KOL-01,Kolkata,42.46,229.97,0,0.712,264
2026-08-02 18:00:00,CELL-BLR-01,Bengaluru,48.8,128.47,0,0.422,323
2026-08-02 15:15:00,CELL-MUM-03,Mumbai,39.56,146.34,0,0.081,258
2026-08-05 09:15:00,CELL-DEL-01,Delhi,33.93,232.71,0,0.448,332
2026-08-01 14:15:00,CELL-DEL-02,Delhi,46.29,238.8,0,0.724,481
2026-08-05 07:15:00,CELL-HYD-03,Hyderabad,27.57,158.26,0,0.692,324
2026-08-03 17:45:00,CELL-BLR-03,Bengaluru,49.01,162.78,0,0.487,167
2026-08-05 06:30:00,CELL-DEL-01,Delhi,30.51,243.14,0,0.844,298
2026-08-05 04:45:00,CELL-MUM-02,Mumbai,38.24,216.11,0,0.438,261
2026-08-03 07:30:00,CELL-CHE-01,Chennai,29.94,166.46,0,0.416,228
2026-08-02 11:30:00,CELL-BLR-02,Bengaluru,35.79,226.26,0,0.626,138
2026-08-03 08:15:00,CELL-DEL-02,Delhi,41.99,214.35,0,0.458,331
2026-08-02 14:00:00,CELL-DEL-02,Delhi,45.72,222.03,0,0.771,485
2026-08-02 16:15:00,CELL-CHE-03,Chennai,40.11,249.18,0,0.565,357
2026-08-03 00:30:00,CELL-DEL-03,Delhi,26.57,197.75,0,0.0,320
2026-08-04 20:45:00,CELL-KOL-02,Kolkata,45.59,132.3,0,1.084,383
2026-08-03 11:00:00,CELL-BLR-01,Bengaluru,41.48,160.27,0,0.926,516
2026-08-05 12:15:00,CELL-DEL-03,Delhi,37.22,146.96,0,0.375,612
2026-08-03 03:30:00,CELL-CHE-03,Chennai,37.38,255.82,0,0.688,383
2026-08-03 07:00:00,CELL-BLR-01,Bengaluru,41.28,212.6,0,0.554,340
2026-08-01 14:15:00,CELL-DEL-03,Delhi,41.63,175.92,0,0.886,278
2026-08-05 22:15:00,CELL-HYD-03,Hyderabad,36.32,113.86,0,0.888,428
2026-08-01 15:45:00,CELL-HYD-03,Hyderabad,32.62,133.18,0,0.587,227
2026-08-01 17:45:00,CELL-DEL-01,Delhi,31.46,239.49,0,0.377,233
2026-08-01 00:00:00,CELL-BLR-03,Bengaluru,45.79,201.89,0,0.653,256
2026-08-05 16:15:00,CELL-DEL-03,Delhi,36.73,150.11,0,0.694,326
2026-08-03 05:45:00,CELL-DEL-03,Delhi,26.32,189.93,0,0.443,427
2026-08-03 09:45:00,CELL-BLR-02,Bengaluru,27.64,215.06,0,0.734,235
2026-08-05 16:15:00,CELL-HYD-02,Hyderabad,45.05,183.42,0,0.998,336
2026-08-04 15:15:00,CELL-MUM-03,Mumbai,45.2,157.45,0,0.707,226
2026-08-02 07:00:00,CELL-MUM-02,Mumbai,50.78,192.88,0,0.635,285
2026-08-01 19:45:00,CELL-CHE-03,Chennai,52.51,181.74,0,1.18,428
2026-08-03 19:15:00,CELL-BLR-01,Bengaluru,52.04,131.95,0,0.688,239
2026-08-02 01:45:00,CELL-DEL-01,Delhi,24.54,219.13,0,0.681,290
2026-08-01 11:15:00,CELL-KOL-03,Kolkata,40.75,205.04,0,0.192,336
2026-08-05 12:45:00,CELL-DEL-03,Delhi,37.07,141.24,0,0.917,277
2026-08-04 20:00:00,CELL-BLR-02,Bengaluru,38.97,173.69,0,0.743,619
2026-08-02 01:00:00,CELL-HYD-01,Hyderabad,26.49,172.03,0,1.008,331
2026-08-04 04:15:00,CELL-MUM-03,Mumbai,50.52,148.01,0,0.473,242
2026-08-02 22:30:00,CELL-MUM-02,Mumbai,55.05,157.09,0,0.798,597
2026-08-02 21:00:00,CELL-DEL-01,Delhi,47.38,184.27,0,0.789,191
2026-08-04 13:15:00,CELL-DEL-02,Delhi,48.47,216.36,0,0.844,527
2026-08-05 17:00:00,CELL-MUM-01,Mumbai,34.15,175.78,0,0.653,346
2026-08-05 14:00:00,CELL-KOL-03,Kolkata,34.27,182.94,0,0.227,438
2026-08-01 00:15:00,CELL-DEL-01,Delhi,27.33,228.49,0,0.476,552
2026-08-02 05:15:00,CELL-DEL-01,Delhi,31.48,224.8,0,0.356,407
2026-08-01 08:45:00,CELL-BLR-03,Bengaluru,46.81,179.25,0,0.447,297
2026-08-01 17:45:00,CELL-BLR-02,Bengaluru,39.38,191.3,0,0.931,340
2026-08-04 14:15:00,CELL-KOL-02,Kolkata,27.13,137.46,0,0.835,238
2026-08-04 14:30:00,CELL-BLR-02,Bengaluru,29.09,209.29,0,0.78,353
2026-08-01 12:00:00,CELL-CHE-01,Chennai,30.83,133.65,0,0.6,626
2026-08-04 20:45:00,CELL-CHE-01,Chennai,44.26,125.21,0,1.226,565
2026-08-03 10:00:00,CELL-DEL-03,Delhi,35.45,137.88,0,0.586,373
2026-08-03 16:45:00,CELL-HYD-03,Hyderabad,34.36,118.38,0,0.195,279
2026-08-03 17:45:00,CELL-KOL-01,Kolkata,,163.88,0,0.688,317
2026-08-03 23:30:00,CELL-KOL-01,Kolkata,45.79,205.18,0,0.304,489
2026-08-05 06:45:00,CELL-KOL-03,Kolkata,34.86,222.88,0,0.903,387
2026-08-01 09:30:00,CELL-BLR-03,Bengaluru,50.96,160.17,0,0.191,195
2026-08-04 01:30:00,CELL-HYD-03,Hyderabad,30.28,148.37,0,0.101,186
2026-08-02 22:45:00,CELL-HYD-03,Hyderabad,31.03,120.46,0,0.611,378
2026-08-04 17:00:00,CELL-DEL-01,Delhi,29.67,243.41,0,0.859,313
2026-08-05 01:15:00,CELL-BLR-03,Bengaluru,37.88,217.32,0,0.843,343
2026-08-05 03:45:00,CELL-CHE-02,Chennai,28.71,182.32,0,0.377,495
2026-08-03 03:15:00,CELL-DEL-01,Delhi,22.47,287.43,0,0.746,422
2026-08-04 13:15:00,CELL-KOL-01,Kolkata,47.08,182.38,0,1.245,366
2026-08-05 07:00:00,CELL-HYD-02,Hyderabad,32.71,193.8,0,0.837,269
2026-08-03 07:45:00,CELL-KOL-02,Kolkata,33.6,167.21,0,0.292,214
2026-08-05 10:15:00,CELL-CHE-01,Chennai,34.77,164.1,0,0.204,426
2026-08-04 08:15:00,CELL-KOL-01,Kolkata,45.9,210.27,0,0.794,323
2026-08-03 23:00:00,CELL-HYD-01,Hyderabad,37.51,155.36,0,1.008,510
2026-08-04 01:30:00,CELL-KOL-03,Kolkata,32.87,207.34,0,0.754,280
2026-08-04 19:00:00,CELL-HYD-03,Hyderabad,48.01,99.51,0,0.305,355
2026-08-01 08:45:00,CELL-HYD-03,Hyderabad,36.55,124.88,0,0.775,371
2026-08-02 06:45:00,CELL-CHE-02,Chennai,30.75,135.78,0,0.676,370
2026-08-02 23:00:00,CELL-HYD-01,Hyderabad,33.26,151.0,0,1.078,413
2026-08-03 04:30:00,CELL-DEL-03,Delhi,,190.91,0,0.57,341
2026-08-04 06:45:00,CELL-BLR-01,Bengaluru,31.1,178.57,0,0.916,222
2026-08-05 20:30:00,CELL-BLR-03,Bengaluru,60.11,163.62,0,1.114,340
2026-08-02 01:15:00,CELL-BLR-01,Bengaluru,34.5,190.73,0,0.385,297
2026-08-04 21:15:00,CELL-CHE-01,Chennai,48.19,132.79,0,0.69,630
2026-08-03 02:00:00,CELL-HYD-01,Hyderabad,22.6,166.29,0,1.06,220
2026-08-01 01:45:00,CELL-CHE-01,Chennai,30.23,185.93,0,0.067,139
2026-08-02 04:45:00,CELL-DEL-03,Delhi,26.43,196.01,0,0.574,320
2026-08-02 22:15:00,CELL-MUM-02,Mumbai,,145.91,0,1.336,301
2026-08-04 05:15:00,CELL-CHE-03,Chennai,36.43,215.45,0,0.436,115
2026-08-03 20:15:00,CELL-KOL-02,Kolkata,40.43,106.23,0,1.232,708
2026-08-02 07:30:00,CELL-KOL-03,Kolkata,33.22,236.1,0,0.531,276
2026-08-01 20:45:00,CELL-KOL-03,Kolkata,42.04,170.44,0,1.107,475
2026-08-04 21:00:00,CELL-MUM-02,Mumbai,63.36,118.42,0,0.831,286
2026-08-01 04:15:00,CELL-DEL-03,Delhi,27.71,197.48,0,0.516,293
2026-08-05 15:45:00,CELL-DEL-02,Delhi,41.05,215.21,0,0.574,318
2026-08-04 14:45:00,CELL-HYD-02,Hyderabad,43.96,172.54,0,0.649,545
2026-08-04 17:15:00,CELL-BLR-03,Bengaluru,55.89,142.61,0,0.735,344
2026-08-03 17:00:00,CELL-HYD-02,Hyderabad,40.97,192.45,0,0.528,274
2026-08-01 22:30:00,CELL-MUM-03,Mumbai,52.17,105.25,0,0.591,285
2026-08-03 12:30:00,CELL-HYD-03,Hyderabad,34.85,123.21,0,1.103,273
2026-08-01 13:45:00,CELL-HYD-01,Hyderabad,35.56,155.88,0,1.04,398
2026-08-02 08:30:00,CELL-BLR-01,Bengaluru,40.32,193.62,0,0.815,179
2026-08-03 05:45:00,CELL-HYD-03,Hyderabad,29.44,140.67,0,0.589,179
2026-08-02 12:00:00,CELL-DEL-01,Delhi,41.92,185.95,0,0.605,301
2026-08-02 08:15:00,CELL-DEL-01,Delhi,26.1,219.51,0,0.801,331
2026-08-03 02:00:00,CELL-KOL-02,Kolkata,31.23,189.66,0,0.62,369
2026-08-04 21:45:00,CELL-DEL-02,Delhi,48.91,183.36,0,0.652,368
2026-08-05 03:45:00,CELL-KOL-03,Kolkata,33.33,241.39,0,0.46,258
2026-08-04 19:30:00,CELL-HYD-01,Hyderabad,45.95,128.3,0,1.158,481
2026-08-01 13:45:00,CELL-KOL-02,Kolkata,32.9,143.08,0,0.563,338
2026-08-02 19:15:00,CELL-CHE-01,Chennai,37.83,126.92,0,0.493,347
2026-08-04 16:30:00,CELL-DEL-01,Delhi,31.57,255.57,0,0.598,418
2026-08-01 15:45:00,CELL-DEL-02,Delhi,44.56,232.67,0,0.509,409
2026-08-05 18:45:00,CELL-HYD-01,Hyderabad,36.9,126.97,0,0.68,200
2026-08-03 09:15:00,CELL-CHE-02,Chennai,25.53,160.15,0,0.739,210
2026-08-04 08:30:00,CELL-BLR-01,Bengaluru,33.47,178.8,0,0.287,244
2026-08-02 15:15:00,CELL-HYD-01,Hyderabad,31.35,162.4,0,0.949,258
2026-08-02 18:45:00,CELL-HYD-03,Hyderabad,36.01,80.99,0,0.518,301
2026-08-05 19:00:00,CELL-MUM-02,Mumbai,54.82,120.35,0,0.194,333
2026-08-02 20:30:00,CELL-KOL-03,Kolkata,39.41,158.16,0,0.823,569
2026-08-03 05:45:00,CELL-DEL-01,Delhi,26.24,221.89,0,0.42,336
2026-08-05 04:45:00,CELL-CHE-02,Chennai,,149.36,0,0.312,506
2026-08-05 15:00:00,CELL-MUM-02,Mumbai,59.26,189.69,0,0.754,436
2026-08-03 02:30:00,CELL-DEL-02,Delhi,42.61,196.52,0,0.654,327
2026-08-04 19:45:00,CELL-DEL-03,Delhi,39.4,143.65,0,0.554,638
2026-08-01 21:00:00,CELL-DEL-03,Delhi,40.49,126.56,0,0.327,168
2026-08-02 20:30:00,CELL-BLR-02,Bengaluru,33.93,165.15,0,0.714,457
2026-08-05 02:30:00,CELL-CHE-01,Chennai,29.79,187.85,0,0.287,380
2026-08-03 13:45:00,CELL-BLR-03,Bengaluru,45.57,187.16,0,0.982,209
2026-08-04 12:15:00,CELL-KOL-02,Kolkata,37.46,136.75,0,0.671,364
2026-08-01 05:45:00,CELL-DEL-01,Delhi,25.44,265.78,0,0.401,221
2026-08-04 05:00:00,CELL-MUM-02,Mumbai,29.66,203.16,0,0.586,404
2026-08-01 13:30:00,CELL-BLR-02,Bengaluru,33.32,218.38,0,0.579,628
2026-08-05 11:30:00,CELL-BLR-03,Bengaluru,44.56,156.07,0,0.534,297
2026-08-04 00:15:00,CELL-DEL-03,Delhi,26.75,169.63,0,0.573,390
2026-08-03 10:30:00,CELL-BLR-02,Bengaluru,26.69,193.53,0,0.387,359
2026-08-01 09:15:00,CELL-BLR-01,Bengaluru,43.26,184.45,0,0.466,397
2026-08-03 21:45:00,CELL-BLR-01,Bengaluru,46.66,118.33,0,0.862,394
2026-08-05 02:45:00,CELL-BLR-01,Bengaluru,39.04,194.99,0,0.483,426
2026-08-05 04:30:00,CELL-HYD-03,Hyderabad,28.15,117.38,0,0.396,202
2026-08-04 23:15:00,CELL-MUM-01,Mumbai,27.71,208.11,0,0.629,379
2026-08-02 04:00:00,CELL-HYD-02,Hyderabad,27.93,226.6,0,0.81,261
2026-08-05 03:00:00,CELL-MUM-02,Mumbai,53.5,175.74,0,0.44,309
2026-08-03 13:00:00,CELL-MUM-02,Mumbai,53.27,170.52,0,0.485,437
2026-08-01 17:15:00,CELL-HYD-02,Hyderabad,39.86,142.38,0,0.621,411
2026-08-05 03:30:00,CELL-KOL-01,Kolkata,51.48,209.56,0,0.263,335
2026-08-02 22:15:00,CELL-KOL-02,Kolkata,31.25,168.58,0,0.856,244
2026-08-02 11:45:00,CELL-CHE-02,Chennai,38.49,140.02,0,0.893,624
2026-08-02 02:45:00,CELL-MUM-03,Mumbai,39.13,176.37,0,0.837,336
2026-08-02 09:15:00,CELL-CHE-02,Chennai,27.47,134.23,0,0.738,479
2026-08-03 07:45:00,CELL-DEL-02,Delhi,45.06,238.73,0,0.734,318
2026-08-01 07:45:00,CELL-MUM-02,Mumbai,48.07,162.27,0,0.702,416
2026-08-05 14:30:00,CELL-BLR-02,Bengaluru,32.07,212.53,0,0.816,464
2026-08-01 21:00:00,CELL-CHE-01,Chennai,44.22,124.0,0,0.631,445
2026-08-04 23:00:00,CELL-BLR-01,Bengaluru,30.04,178.19,0,0.707,202
2026-08-03 12:45:00,CELL-DEL-02,Delhi,46.21,182.98,0,0.267,226
2026-08-05 23:00:00,CELL-KOL-02,Kolkata,36.97,139.46,0,0.664,392
2026-08-04 13:00:00,CELL-CHE-01,Chennai,35.46,175.74,0,0.521,452
2026-08-03 07:00:00,CELL-KOL-03,Kolkata,26.31,253.69,0,0.475,384
2026-08-01 08:15:00,CELL-HYD-03,Hyderabad,25.93,147.82,0,0.413,356
2026-08-04 20:45:00,CELL-HYD-03,Hyderabad,44.01,87.45,0,0.364,381
2026-08-01 15:15:00,CELL-DEL-01,Delhi,37.82,233.53,0,0.769,384
2026-08-02 09:45:00,CELL-BLR-02,Bengaluru,34.3,231.86,0,0.728,251
2026-08-05 21:45:00,CELL-KOL-02,Kolkata,36.76,110.73,0,0.761,501
2026-08-03 17:00:00,CELL-HYD-01,Hyderabad,43.28,161.53,0,0.633,344
2026-08-04 11:30:00,CELL-HYD-03,Hyderabad,34.07,111.02,0,0.812,458
2026-08-04 14:15:00,CELL-DEL-02,Delhi,39.04,201.99,0,0.98,430
2026-08-01 11:15:00,CELL-BLR-03,Bengaluru,37.55,190.97,0,0.535,508
2026-08-02 11:15:00,CELL-BLR-03,Bengaluru,57.9,150.18,0,0.912,222
2026-08-01 05:45:00,CELL-CHE-01,Chennai,31.12,150.1,0,0.919,183
2026-08-05 15:30:00,CELL-HYD-02,Hyderabad,35.82,169.16,0,1.229,176
2026-08-02 09:45:00,CELL-CHE-03,Chennai,42.71,256.06,0,0.814,337
2026-08-03 23:45:00,CELL-HYD-01,Hyderabad,33.99,139.91,0,0.679,267
2026-08-03 20:30:00,CELL-KOL-03,Kolkata,40.66,169.2,0,0.559,433
2026-08-02 02:00:00,CELL-HYD-03,Hyderabad,28.54,112.37,0,0.56,193
2026-08-02 11:00:00,CELL-HYD-03,Hyderabad,40.0,113.13,0,0.493,399
2026-08-04 01:00:00,CELL-KOL-02,Kolkata,27.59,152.53,0,0.41,190
2026-08-02 20:45:00,CELL-HYD-03,Hyderabad,33.02,103.87,0,0.873,329
2026-08-02 16:00:00,CELL-CHE-01,Chennai,32.03,157.17,0,0.673,449
2026-08-04 11:45:00,CELL-CHE-01,Chennai,36.67,134.32,0,0.407,190
2026-08-02 20:15:00,CELL-BLR-02,Bengaluru,42.25,169.12,0,1.125,631
2026-08-01 19:15:00,CELL-HYD-01,Hyderabad,38.09,120.55,0,0.5,335
2026-08-05 06:00:00,CELL-BLR-03,Bengaluru,35.2,192.36,0,0.223,279
2026-08-05 01:30:00,CELL-CHE-03,Chennai,36.72,233.89,0,0.347,351
2026-08-01 05:30:00,CELL-HYD-03,Hyderabad,28.93,140.55,0,0.267,157
2026-08-05 00:45:00,CELL-MUM-03,Mumbai,39.17,154.4,0,0.725,334
2026-08-01 13:45:00,CELL-BLR-02,Bengaluru,36.74,217.72,0,0.816,192
2026-08-04 20:00:00,CELL-KOL-02,Kolkata,37.04,140.2,0,0.903,347
2026-08-03 08:30:00,CELL-DEL-02,Delhi,36.15,240.01,0,1.175,240
2026-08-01 15:15:00,CELL-DEL-03,Delhi,29.84,185.46,0,0.552,410
2026-08-01 02:00:00,CELL-BLR-02,Bengaluru,29.42,248.4,0,0.139,399
2026-08-02 17:15:00,CELL-MUM-02,Mumbai,48.07,167.47,0,0.742,482
2026-08-02 11:30:00,CELL-CHE-01,Chennai,37.48,116.8,0,0.691,459
2026-08-01 16:45:00,CELL-HYD-03,Hyderabad,28.7,116.94,0,0.915,448
2026-08-05 23:30:00,CELL-KOL-02,Kolkata,29.56,143.6,0,0.595,398
2026-08-01 23:15:00,CELL-DEL-01,Delhi,33.33,245.89,0,0.538,436
2026-08-04 17:30:00,CELL-DEL-01,Delhi,34.81,218.96,0,0.629,286
2026-08-05 03:00:00,CELL-CHE-03,Chennai,38.82,281.91,0,0.532,405
2026-08-02 23:15:00,CELL-HYD-03,Hyderabad,32.94,138.21,0,0.761,266
2026-08-04 01:15:00,CELL-CHE-03,Chennai,31.08,268.34,0,0.434,256
2026-08-02 02:30:00,CELL-HYD-03,Hyderabad,32.68,151.48,0,0.644,254
2026-08-01 12:30:00,CELL-KOL-01,Kolkata,52.86,139.08,0,0.82,473
2026-08-01 12:15:00,CELL-HYD-02,Hyderabad,43.47,165.53,0,0.196,438
2026-08-03 10:00:00,CELL-MUM-01,Mumbai,34.63,196.11,0,0.32,326
2026-08-01 09:30:00,CELL-MUM-02,Mumbai,52.97,203.13,0,0.701,203
2026-08-05 07:15:00,CELL-CHE-02,Chennai,23.15,138.13,0,0.323,236
2026-08-01 01:45:00,CELL-BLR-03,Bengaluru,46.38,189.43,0,0.754,353
2026-08-01 16:00:00,CELL-BLR-03,Bengaluru,42.24,178.29,0,0.415,404
2026-08-03 16:45:00,CELL-CHE-03,Chennai,44.08,198.5,0,0.793,324
2026-08-04 14:15:00,CELL-MUM-03,Mumbai,50.18,139.08,0,0.496,199
2026-08-02 13:45:00,CELL-BLR-03,Bengaluru,33.53,186.82,0,0.428,142
2026-08-02 21:45:00,CELL-MUM-03,Mumbai,50.64,114.6,0,0.66,371
2026-08-03 03:15:00,CELL-MUM-03,Mumbai,38.59,160.0,0,0.9,278
2026-08-05 23:00:00,CELL-BLR-02,Bengaluru,34.81,209.29,0,0.941,438
2026-08-03 00:30:00,CELL-CHE-02,Chennai,27.35,171.96,0,0.298,384
2026-08-02 10:15:00,CELL-CHE-03,Chennai,45.39,213.76,0,0.843,276
2026-08-03 20:15:00,CELL-HYD-02,Hyderabad,43.66,166.98,0,0.352,575
2026-08-03 06:00:00,CELL-HYD-03,Hyderabad,29.79,150.03,0,0.51,325
2026-08-02 08:45:00,CELL-CHE-03,Chennai,31.16,261.84,0,0.542,295
2026-08-02 04:00:00,CELL-BLR-03,Bengaluru,41.49,207.19,0,0.354,301
2026-08-02 18:45:00,CELL-MUM-03,Mumbai,62.71,112.22,0,1.08,321
2026-08-03 20:15:00,CELL-KOL-01,Kolkata,,141.49,0,0.514,402
2026-08-01 02:30:00,CELL-CHE-02,Chennai,31.86,190.39,0,0.803,296
2026-08-05 13:00:00,CELL-MUM-02,Mumbai,53.98,129.92,0,0.638,438
2026-08-05 11:00:00,CELL-MUM-03,Mumbai,47.33,129.43,0,0.941,444
2026-08-04 12:15:00,CELL-BLR-03,Bengaluru,46.07,174.36,0,0.618,560
2026-08-02 18:00:00,CELL-CHE-01,Chennai,46.21,140.64,0,0.475,353
2026-08-04 03:15:00,CELL-KOL-03,Kolkata,31.51,247.53,0,0.112,472
2026-08-04 20:15:00,CELL-HYD-01,Hyderabad,43.38,115.04,0,0.25,226
2026-08-05 09:15:00,CELL-HYD-02,Hyderabad,37.19,217.79,0,1.05,401
2026-08-04 04:00:00,CELL-DEL-01,Delhi,,231.17,0,0.435,341
2026-08-03 11:30:00,CELL-DEL-03,Delhi,37.28,165.98,0,0.48,551
2026-08-03 05:45:00,CELL-MUM-01,Mumbai,24.01,274.96,0,0.583,314
2026-08-05 15:30:00,CELL-BLR-02,Bengaluru,26.89,287.53,0,0.166,232
2026-08-02 16:15:00,CELL-CHE-01,Chennai,28.12,152.1,0,0.875,364
2026-08-04 13:00:00,CELL-CHE-03,Chennai,41.41,227.61,0,1.143,406
2026-08-01 14:15:00,CELL-HYD-02,Hyderabad,37.31,173.3,0,0.65,355
2026-08-01 02:15:00,CELL-MUM-01,Mumbai,31.55,182.88,0,0.851,303
2026-08-05 23:45:00,CELL-MUM-01,Mumbai,32.76,194.99,0,0.518,462
2026-08-01 12:00:00,CELL-BLR-03,Bengaluru,54.1,166.53,0,0.792,500
2026-08-01 03:45:00,CELL-CHE-01,Chennai,31.47,166.09,0,0.322,298
2026-08-03 09:30:00,CELL-DEL-03,Delhi,26.89,168.62,0,0.587,415
2026-08-05 06:00:00,CELL-CHE-03,Chennai,32.25,255.28,0,0.242,349
2026-08-05 13:15:00,CELL-KOL-01,Kolkata,58.13,173.86,0,1.22,596
2026-08-01 18:00:00,CELL-BLR-03,Bengaluru,54.52,147.71,0,0.761,562
2026-08-05 00:00:00,CELL-KOL-02,Kolkata,31.09,197.88,0,0.596,300
2026-08-02 15:15:00,CELL-KOL-02,Kolkata,34.3,172.68,0,0.72,464
2026-08-04 15:30:00,CELL-CHE-01,Chennai,38.31,159.8,0,1.001,283
2026-08-02 18:00:00,CELL-DEL-02,Delhi,46.88,197.58,0,0.912,486
2026-08-05 18:30:00,CELL-DEL-03,Delhi,45.09,143.73,0,1.008,310
2026-08-03 00:45:00,CELL-MUM-02,Mumbai,41.01,180.88,0,0.558,339
2026-08-02 11:30:00,CELL-HYD-01,Hyderabad,30.99,135.48,0,0.844,368
2026-08-02 10:00:00,CELL-KOL-02,Kolkata,26.86,171.43,0,0.546,495
2026-08-02 03:15:00,CELL-MUM-03,Mumbai,44.93,155.19,0,0.692,272
2026-08-01 02:30:00,CELL-MUM-01,Mumbai,28.51,245.9,0,0.775,245
2026-08-02 18:45:00,CELL-DEL-03,Delhi,41.32,126.21,0,0.179,542
2026-08-01 04:00:00,CELL-CHE-03,Chennai,28.58,271.09,0,0.347,304
2026-08-04 13:30:00,CELL-BLR-02,Bengaluru,29.41,231.86,0,1.043,473
2026-08-01 23:00:00,CELL-HYD-02,Hyderabad,42.97,143.24,0,0.886,185
2026-08-04 13:45:00,CELL-DEL-02,Delhi,42.36,210.67,0,0.908,170
2026-08-05 19:00:00,CELL-HYD-02,Hyderabad,49.14,141.33,0,0.697,594
2026-08-02 14:00:00,CELL-KOL-03,Kolkata,28.23,228.85,0,0.863,435
2026-08-01 01:00:00,CELL-KOL-01,Kolkata,36.01,205.74,0,0.61,386
2026-08-04 12:15:00,CELL-MUM-03,Mumbai,50.58,125.8,0,0.726,424
2026-08-04 17:30:00,CELL-BLR-02,Bengaluru,41.22,219.68,0,0.479,331
2026-08-04 14:15:00,CELL-KOL-03,Kolkata,34.75,201.52,0,0.679,432
2026-08-01 02:15:00,CELL-DEL-02,Delhi,30.6,209.57,0,0.834,469
2026-08-03 05:00:00,CELL-DEL-01,Delhi,25.39,237.18,0,0.331,444
2026-08-04 22:15:00,CELL-KOL-02,Kolkata,37.09,126.0,0,0.638,591
2026-08-01 16:00:00,CELL-CHE-01,Chennai,32.09,169.29,0,0.289,248
2026-08-03 00:30:00,CELL-MUM-01,Mumbai,28.96,231.91,0,0.515,262
2026-08-05 15:00:00,CELL-BLR-01,Bengaluru,37.83,195.51,0,0.545,269
2026-08-05 13:45:00,CELL-HYD-02,Hyderabad,41.1,137.03,0,0.769,601
2026-08-04 14:30:00,CELL-DEL-01,Delhi,32.65,232.37,0,0.278,384
2026-08-04 22:15:00,CELL-HYD-02,Hyderabad,43.23,146.64,0,0.618,382
2026-08-03 21:15:00,CELL-CHE-03,Chennai,50.09,176.95,0,0.2,439
2026-08-05 17:00:00,CELL-HYD-02,Hyderabad,39.72,208.35,0,0.505,377
2026-08-01 01:15:00,CELL-KOL-02,Kolkata,32.92,176.99,0,0.873,366
2026-08-02 17:15:00,CELL-HYD-03,Hyderabad,33.72,118.58,0,0.433,203
2026-08-01 08:30:00,CELL-BLR-02,Bengaluru,27.59,243.95,0,0.682,212
2026-08-01 14:30:00,CELL-CHE-02,Chennai,32.25,106.33,0,0.565,262
2026-08-02 18:00:00,CELL-DEL-03,Delhi,38.29,153.87,0,0.63,440
2026-08-03 06:15:00,CELL-CHE-02,Chennai,31.7,154.44,0,0.584,272
2026-08-04 14:00:00,CELL-DEL-02,Delhi,42.13,204.12,0,0.569,229
2026-08-01 00:30:00,CELL-BLR-01,Bengaluru,39.96,186.46,0,0.616,357
2026-08-03 09:30:00,CELL-BLR-03,Bengaluru,43.84,139.54,0,0.721,244
2026-08-02 11:30:00,CELL-HYD-03,Hyderabad,36.69,128.46,0,0.467,332
2026-08-05 13:00:00,CELL-MUM-01,Mumbai,32.9,175.17,0,0.958,562
2026-08-05 17:15:00,CELL-DEL-02,Delhi,46.6,194.28,0,0.48,352
2026-08-04 06:15:00,CELL-HYD-01,Hyderabad,30.3,150.48,0,0.57,364
2026-08-01 01:30:00,CELL-KOL-01,Kolkata,40.68,231.85,0,0.68,426
2026-08-04 05:30:00,CELL-MUM-01,Mumbai,29.56,250.38,0,1.014,418
2026-08-05 23:30:00,CELL-CHE-03,Chennai,34.25,234.55,0,0.258,184
2026-08-03 05:30:00,CELL-MUM-03,Mumbai,45.62,151.33,0,0.237,153
2026-08-03 04:30:00,CELL-DEL-02,Delhi,38.42,230.76,0,0.658,203
2026-08-05 15:00:00,CELL-KOL-03,Kolkata,31.1,183.13,0,0.515,307
2026-08-05 06:45:00,CELL-BLR-03,Bengaluru,45.78,184.38,0,0.493,246
2026-08-05 04:30:00,CELL-KOL-02,Kolkata,31.85,188.2,0,0.553,456
2026-08-03 16:45:00,CELL-HYD-02,Hyderabad,45.56,180.54,0,0.633,385
2026-08-03 02:00:00,CELL-DEL-01,Delhi,36.43,191.32,0,0.498,351
2026-08-02 20:00:00,CELL-CHE-02,Chennai,43.9,96.38,0,0.606,261
2026-08-04 23:30:00,CELL-DEL-02,Delhi,41.33,228.61,0,0.807,454
2026-08-04 14:45:00,CELL-MUM-01,Mumbai,32.32,199.54,0,0.64,326
2026-08-04 19:45:00,CELL-MUM-03,Mumbai,56.89,115.93,0,1.045,592
2026-08-04 06:15:00,CELL-CHE-01,Chennai,28.37,165.14,0,0.202,411
2026-08-02 17:15:00,CELL-BLR-02,Bengaluru,35.61,237.61,0,0.547,371
2026-08-04 18:00:00,CELL-KOL-03,Kolkata,31.1,193.37,0,0.45,474
2026-08-03 19:15:00,CELL-DEL-03,Delhi,87.32,119.69,0,1.415,369
2026-08-04 05:15:00,CELL-HYD-02,Hyderabad,28.29,210.29,0,0.605,443
2026-08-03 08:45:00,CELL-KOL-03,Kolkata,32.14,220.92,0,0.727,43
2026-08-05 02:45:00,CELL-MUM-02,Mumbai,36.48,164.44,0,0.569,420
2026-08-02 01:00:00,CELL-CHE-02,Chennai,28.87,142.97,0,0.998,382
2026-08-05 00:15:00,CELL-CHE-03,Chennai,33.17,257.64,0,0.329,249
2026-08-05 09:15:00,CELL-MUM-02,Mumbai,49.45,175.81,0,0.672,316
2026-08-01 18:15:00,CELL-MUM-02,Mumbai,70.91,160.66,0,0.869,556
2026-08-05 06:15:00,CELL-DEL-03,Delhi,31.56,204.59,0,0.421,293
2026-08-03 13:30:00,CELL-DEL-02,Delhi,39.89,211.61,0,0.518,554
2026-08-02 05:45:00,CELL-BLR-01,Bengaluru,41.36,209.12,0,0.366,292
2026-08-03 01:15:00,CELL-CHE-03,Chennai,29.43,250.27,0,0.798,375
2026-08-02 15:00:00,CELL-HYD-02,Hyderabad,34.91,181.61,0,1.004,452
2026-08-03 09:30:00,CELL-BLR-02,Bengaluru,25.71,247.91,0,0.727,262
2026-08-02 22:15:00,CELL-DEL-01,Delhi,33.55,189.67,0,0.332,321
2026-08-02 12:15:00,CELL-BLR-02,Bengaluru,30.82,194.75,0,0.426,455
2026-08-04 01:30:00,CELL-MUM-03,Mumbai,42.23,133.17,0,0.684,376
2026-08-02 21:15:00,CELL-BLR-02,Bengaluru,40.84,145.04,0,0.608,224
2026-08-03 01:45:00,CELL-BLR-01,Bengaluru,36.64,204.97,0,0.725,208
2026-08-04 00:45:00,CELL-CHE-02,Chennai,31.82,155.48,0,0.576,212
2026-08-05 11:00:00,CELL-DEL-01,Delhi,36.65,195.73,0,1.332,323
2026-08-05 21:45:00,CELL-DEL-02,Delhi,59.86,177.49,0,0.795,362
2026-08-03 05:45:00,CELL-CHE-03,Chennai,33.54,225.75,0,0.589,184
2026-08-05 21:30:00,CELL-KOL-03,Kolkata,36.09,184.24,0,1.303,385
2026-08-03 12:15:00,CELL-KOL-01,Kolkata,58.35,148.86,0,0.985,463
2026-08-04 18:30:00,CELL-CHE-03,Chennai,47.38,220.33,0,0.721,532
2026-08-03 06:00:00,CELL-KOL-01,Kolkata,41.39,207.94,0,0.538,392
2026-08-03 01:15:00,CELL-HYD-01,Hyderabad,33.79,170.29,0,0.498,364
2026-08-03 13:15:00,CELL-MUM-02,Mumbai,56.92,149.51,0,0.912,454
2026-08-04 08:00:00,CELL-KOL-01,Kolkata,43.08,186.03,0,0.984,270
2026-08-02 21:15:00,CELL-BLR-03,Bengaluru,,151.22,0,1.07,684
2026-08-01 16:45:00,CELL-CHE-02,Chennai,34.52,147.59,0,0.675,438
2026-08-05 16:00:00,CELL-BLR-01,Bengaluru,37.27,179.15,0,0.894,246
2026-08-05 05:00:00,CELL-HYD-01,Hyderabad,30.47,174.68,0,0.492,451
2026-08-05 08:00:00,CELL-MUM-02,Mumbai,43.19,157.52,0,0.53,344
2026-08-02 01:15:00,CELL-DEL-03,Delhi,32.05,200.33,0,0.316,305
2026-08-04 21:00:00,CELL-KOL-01,Kolkata,61.45,148.5,0,0.965,349
2026-08-05 09:00:00,CELL-MUM-01,Mumbai,29.64,209.66,0,0.458,413
2026-08-02 19:45:00,CELL-MUM-02,Mumbai,59.38,148.52,0,1.232,655
2026-08-03 02:45:00,CELL-HYD-03,Hyderabad,28.3,143.02,0,0.587,359
2026-08-04 20:15:00,CELL-CHE-01,Chennai,41.43,120.88,0,1.026,472
2026-08-03 08:15:00,CELL-CHE-03,Chennai,29.48,237.84,0,0.27,308
2026-08-05 02:15:00,CELL-BLR-01,Bengaluru,46.69,190.44,0,0.582,420
2026-08-05 11:00:00,CELL-KOL-01,Kolkata,58.4,183.13,0,0.379,315
2026-08-05 22:00:00,CELL-CHE-01,Chennai,35.41,123.28,0,0.34,595
2026-08-05 23:15:00,CELL-MUM-02,Mumbai,51.77,162.5,0,0.43,305
2026-08-03 22:30:00,CELL-DEL-03,Delhi,40.12,164.98,0,0.591,388
2026-08-01 06:45:00,CELL-CHE-03,Chennai,32.81,248.03,0,0.551,364
2026-08-05 02:15:00,CELL-KOL-01,Kolkata,46.67,187.65,0,0.419,420
2026-08-05 23:30:00,CELL-KOL-03,Kolkata,33.77,234.82,0,0.065,385
2026-08-05 23:15:00,CELL-BLR-02,Bengaluru,31.93,219.43,0,1.381,354
2026-08-03 22:45:00,CELL-CHE-02,Chennai,32.78,128.66,0,0.386,252
2026-08-03 13:45:00,CELL-KOL-01,Kolkata,45.49,200.69,0,1.133,448
2026-08-04 09:15:00,CELL-CHE-03,Chennai,38.43,209.3,0,0.404,213
2026-08-03 13:00:00,CELL-KOL-01,Kolkata,60.75,162.01,0,0.617,239
2026-08-01 00:15:00,CELL-HYD-01,Hyderabad,32.06,157.08,0,0.447,358
2026-08-05 01:30:00,CELL-KOL-03,Kolkata,27.11,185.77,0,0.337,396
2026-08-01 18:45:00,CELL-MUM-02,Mumbai,64.61,140.2,0,0.863,480
2026-08-03 06:45:00,CELL-CHE-02,Chennai,,148.61,0,0.612,386
2026-08-04 09:00:00,CELL-MUM-03,Mumbai,41.7,155.74,0,0.516,418
2026-08-05 01:15:00,CELL-KOL-02,Kolkata,35.05,178.39,0,0.266,178
2026-08-03 21:30:00,CELL-DEL-03,Delhi,116.37,135.56,0,2.248,380
2026-08-04 06:30:00,CELL-CHE-01,Chennai,33.98,188.21,0,0.445,519
2026-08-04 19:15:00,CELL-CHE-02,Chennai,97.03,118.91,0,0.452,421
2026-08-04 08:15:00,CELL-MUM-03,Mumbai,46.78,148.11,0,0.395,369
2026-08-01 22:00:00,CELL-DEL-01,Delhi,42.68,144.8,0,0.814,467
2026-08-01 07:45:00,CELL-HYD-02,Hyderabad,37.82,186.41,0,0.604,396
2026-08-01 03:00:00,CELL-DEL-01,Delhi,27.09,268.81,0,0.278,403
2026-08-01 23:15:00,CELL-HYD-02,Hyderabad,46.7,182.29,0,0.65,497
2026-08-04 14:45:00,CELL-HYD-03,Hyderabad,29.47,142.93,0,0.35,400
2026-08-04 21:30:00,CELL-KOL-02,Kolkata,38.2,144.25,0,0.641,363
2026-08-04 01:00:00,CELL-CHE-01,Chennai,32.48,199.08,0,0.487,221
2026-08-05 10:45:00,CELL-MUM-01,Mumbai,32.46,172.47,0,0.688,676
2026-08-02 23:00:00,CELL-CHE-03,Chennai,44.58,190.08,0,0.941,325
2026-08-04 06:45:00,CELL-HYD-03,Hyderabad,31.35,158.18,0,0.61,226
2026-08-01 12:00:00,CELL-KOL-01,Kolkata,54.67,185.33,0,0.698,305
2026-08-03 19:15:00,CELL-HYD-01,Hyderabad,37.68,123.86,0,0.674,430
2026-08-01 09:45:00,CELL-BLR-02,Bengaluru,37.46,213.21,0,0.3,319
2026-08-03 16:15:00,CELL-HYD-01,Hyderabad,29.17,170.94,0,0.345,282
2026-08-01 14:00:00,CELL-BLR-01,Bengaluru,39.47,159.9,0,0.422,284
2026-08-03 21:15:00,CELL-CHE-01,Chennai,48.1,134.8,0,0.302,375
2026-08-02 02:30:00,CELL-KOL-02,Kolkata,29.94,192.17,0,0.938,346
2026-08-05 11:45:00,CELL-DEL-03,Delhi,44.1,146.7,0,0.228,319
2026-08-02 13:30:00,CELL-DEL-02,Delhi,48.88,191.94,0,1.175,347
2026-08-05 08:45:00,CELL-CHE-01,Chennai,29.59,168.07,0,1.036,219
2026-08-01 12:45:00,CELL-KOL-01,Kolkata,48.61,160.5,0,0.82,398
2026-08-01 09:00:00,CELL-KOL-03,Kolkata,29.84,241.91,0,0.211,266
2026-08-04 10:00:00,CELL-HYD-01,Hyderabad,38.4,164.95,0,0.188,270
2026-08-01 11:30:00,CELL-HYD-01,Hyderabad,44.11,126.75,0,0.227,526
2026-08-04 15:30:00,CELL-CHE-02,Chennai,31.08,116.12,0,0.28,226
2026-08-01 13:00:00,CELL-HYD-01,Hyderabad,37.85,149.82,0,0.336,11
2026-08-02 06:30:00,CELL-HYD-03,Hyderabad,31.36,143.85,0,0.731,358
2026-08-04 03:15:00,CELL-CHE-02,Chennai,35.55,167.58,0,0.561,480
2026-08-03 18:15:00,CELL-BLR-01,Bengaluru,42.57,129.78,0,0.914,413
2026-08-05 10:30:00,CELL-CHE-03,Chennai,45.77,214.82,0,1.089,474
2026-08-04 07:15:00,CELL-HYD-01,Hyderabad,32.99,162.3,0,0.662,432
2026-08-02 04:45:00,CELL-HYD-01,Hyderabad,28.52,179.74,0,0.9,322
2026-08-01 05:30:00,CELL-CHE-01,Chennai,28.43,184.57,0,1.074,421
2026-08-03 08:00:00,CELL-DEL-03,Delhi,33.88,167.12,0,0.002,358
2026-08-05 01:45:00,CELL-DEL-02,Delhi,38.84,238.29,0,0.764,125
2026-08-03 22:30:00,CELL-MUM-01,Mumbai,30.94,170.56,0,1.079,257
2026-08-04 08:30:00,CELL-KOL-03,Kolkata,32.06,229.6,0,0.592,289
2026-08-02 01:30:00,CELL-KOL-01,Kolkata,45.55,211.88,0,0.604,319
2026-08-04 07:15:00,CELL-BLR-01,Bengaluru,40.88,197.98,0,0.509,530
2026-08-03 05:45:00,CELL-BLR-03,Bengaluru,38.22,186.78,0,0.457,476
2026-08-05 16:30:00,CELL-KOL-03,Kolkata,40.0,204.58,0,0.653,365
2026-08-01 13:30:00,CELL-DEL-03,Delhi,32.28,142.44,0,0.666,291
2026-08-03 05:00:00,CELL-CHE-01,Chennai,30.83,166.21,0,0.412,439
2026-08-03 12:45:00,CELL-MUM-02,Mumbai,48.46,164.81,0,0.796,412
2026-08-01 00:30:00,CELL-CHE-02,Chennai,29.4,150.67,0,0.552,572
2026-08-03 13:00:00,CELL-BLR-01,Bengaluru,48.27,149.33,0,0.207,386
2026-08-04 22:00:00,CELL-MUM-01,Mumbai,34.69,181.58,0,0.819,562
2026-08-04 10:15:00,CELL-KOL-02,Kolkata,30.53,157.11,0,1.062,305
2026-08-03 15:30:00,CELL-MUM-01,Mumbai,29.62,232.76,0,0.521,397
2026-08-02 07:00:00,CELL-CHE-02,Chennai,33.8,163.29,0,0.357,392
2026-08-03 22:00:00,CELL-BLR-01,Bengaluru,51.55,161.77,0,1.145,280
2026-08-04 14:45:00,CELL-DEL-03,Delhi,31.23,179.85,0,0.239,197
2026-08-04 11:00:00,CELL-DEL-02,Delhi,56.39,202.33,0,0.216,462
2026-08-01 19:45:00,CELL-KOL-01,Kolkata,62.55,131.31,0,0.724,490
2026-08-02 16:30:00,CELL-CHE-02,Chennai,37.59,157.39,0,0.797,304
2026-08-03 16:45:00,CELL-DEL-03,Delhi,27.89,172.52,0,0.869,327
2026-08-01 02:45:00,CELL-BLR-02,Bengaluru,28.38,237.95,0,0.602,295
2026-08-04 08:15:00,CELL-BLR-01,Bengaluru,35.42,217.17,0,0.34,256
2026-08-04 19:45:00,CELL-HYD-02,Hyderabad,43.77,133.62,0,1.018,326
2026-08-03 10:30:00,CELL-KOL-01,Kolkata,55.87,193.06,0,0.652,502
2026-08-02 05:30:00,CELL-HYD-02,Hyderabad,37.84,143.21,0,0.704,394
2026-08-01 19:00:00,CELL-CHE-03,Chennai,52.1,181.55,0,1.151,317
2026-08-04 13:15:00,CELL-MUM-01,Mumbai,33.41,204.95,0,0.529,610
2026-08-05 01:15:00,CELL-BLR-01,Bengaluru,38.76,199.25,0,0.383,198
2026-08-05 13:30:00,CELL-HYD-03,Hyderabad,34.51,130.44,0,0.974,514
2026-08-02 00:00:00,CELL-BLR-01,Bengaluru,35.43,230.46,0,0.655,260
2026-08-01 12:45:00,CELL-BLR-03,Bengaluru,,160.23,0,0.915,363
2026-08-02 10:45:00,CELL-DEL-03,Delhi,38.22,151.06,0,0.79,474
2026-08-04 09:30:00,CELL-HYD-03,Hyderabad,28.56,145.07,0,0.536,478
2026-08-02 20:00:00,CELL-CHE-01,Chennai,41.93,128.03,0,0.534,534
2026-08-01 13:45:00,CELL-CHE-02,Chennai,34.32,145.67,0,0.377,200
2026-08-02 22:45:00,CELL-BLR-02,Bengaluru,36.33,211.82,0,0.445,536
2026-08-04 12:30:00,CELL-KOL-03,Kolkata,34.92,185.23,0,0.94,377
2026-08-04 07:15:00,CELL-CHE-03,Chennai,39.64,254.01,0,0.419,143
2026-08-03 13:45:00,CELL-KOL-02,Kolkata,35.1,175.99,0,0.314,255
2026-08-03 05:30:00,CELL-DEL-02,Delhi,44.03,229.09,0,0.611,225
2026-08-01 15:45:00,CELL-HYD-01,Hyderabad,29.85,146.54,0,0.866,321
2026-08-01 16:00:00,CELL-KOL-01,Kolkata,49.45,207.94,0,0.656,296
2026-08-05 07:45:00,CELL-CHE-03,Chennai,28.34,221.85,0,0.602,301
2026-08-04 19:15:00,CELL-DEL-02,Delhi,58.48,151.82,0,1.266,760
2026-08-04 18:30:00,CELL-HYD-01,Hyderabad,45.78,130.6,0,0.506,284
2026-08-05 18:30:00,CELL-KOL-03,Kolkata,36.9,163.66,0,0.747,501
2026-08-01 09:15:00,CELL-KOL-03,Kolkata,35.53,200.54,0,0.703,420
2026-08-05 21:30:00,CELL-CHE-02,Chennai,39.48,108.32,0,1.009,574
2026-08-03 02:15:00,CELL-DEL-02,Delhi,37.28,215.79,0,0.471,399
2026-08-04 04:45:00,CELL-MUM-02,Mumbai,46.49,191.88,0,0.429,390
2026-08-02 16:15:00,CELL-BLR-01,Bengaluru,39.8,194.28,0,0.673,466
2026-08-05 02:30:00,CELL-MUM-02,Mumbai,50.59,202.16,0,0.348,512
2026-08-04 17:45:00,CELL-KOL-02,Kolkata,36.32,141.67,0,1.02,564
2026-08-01 16:45:00,CELL-DEL-03,Delhi,33.01,175.43,0,1.038,307
2026-08-01 12:45:00,CELL-HYD-01,Hyderabad,37.12,156.11,0,0.833,496
2026-08-03 02:15:00,CELL-BLR-01,Bengaluru,42.31,211.86,0,0.203,355
2026-08-01 10:45:00,CELL-BLR-03,Bengaluru,47.3,171.07,0,0.858,653
2026-08-03 18:15:00,CELL-CHE-02,Chennai,37.86,136.11,0,0.991,430
2026-08-04 15:30:00,CELL-DEL-01,Delhi,33.83,247.16,0,0.893,290
2026-08-05 00:30:00,CELL-DEL-01,Delhi,30.73,219.53,0,0.619,373
2026-08-02 18:15:00,CELL-CHE-01,Chennai,42.13,133.85,0,0.975,584
2026-08-05 23:15:00,CELL-DEL-02,Delhi,44.48,182.12,0,0.503,495
2026-08-01 03:30:00,CELL-BLR-02,Bengaluru,27.46,266.39,0,0.572,295
2026-08-02 20:45:00,CELL-CHE-01,Chennai,42.06,91.62,0,0.622,448
2026-08-05 03:15:00,CELL-CHE-02,Chennai,30.47,150.24,0,0.132,146
2026-08-01 00:30:00,CELL-DEL-02,Delhi,43.14,271.27,0,0.803,305
2026-08-04 15:30:00,CELL-BLR-03,Bengaluru,48.07,190.91,0,0.514,61
2026-08-03 09:15:00,CELL-HYD-02,Hyderabad,41.84,169.34,0,0.886,409
2026-08-03 02:15:00,CELL-MUM-01,Mumbai,28.39,245.68,0,0.768,283
2026-08-03 04:15:00,CELL-MUM-03,Mumbai,42.24,187.36,0,0.364,319
2026-08-04 16:15:00,CELL-KOL-02,Kolkata,30.38,182.24,0,0.336,362
2026-08-03 06:30:00,CELL-KOL-01,Kolkata,43.87,189.02,0,1.263,99
2026-08-01 23:45:00,CELL-BLR-01,Bengaluru,42.37,214.28,0,0.838,474
2026-08-03 04:00:00,CELL-MUM-03,Mumbai,43.88,158.91,0,0.47,488
2026-08-03 03:15:00,CELL-BLR-02,Bengaluru,30.34,255.08,0,0.87,170
2026-08-01 01:00:00,CELL-MUM-01,Mumbai,29.22,219.16,0,0.726,447
2026-08-04 03:30:00,CELL-BLR-02,Bengaluru,26.89,277.59,0,0.678,352
2026-08-03 03:00:00,CELL-CHE-02,Chennai,29.46,165.48,0,0.631,341
2026-08-02 13:15:00,CELL-DEL-03,Delhi,36.68,148.6,0,0.603,286
2026-08-04 12:45:00,CELL-HYD-02,Hyderabad,48.62,143.47,0,0.368,510
2026-08-03 03:30:00,CELL-HYD-03,Hyderabad,27.82,143.8,0,0.823,281
2026-08-01 02:45:00,CELL-DEL-02,Delhi,38.8,246.75,0,0.267,322
2026-08-04 13:00:00,CELL-DEL-03,Delhi,35.15,184.61,0,0.893,522
2026-08-01 01:15:00,CELL-KOL-01,Kolkata,37.86,189.63,0,0.597,464
2026-08-04 12:45:00,CELL-DEL-01,Delhi,34.1,220.91,0,0.856,456
2026-08-05 19:45:00,CELL-DEL-03,Delhi,44.8,130.57,0,1.11,619
2026-08-02 22:15:00,CELL-MUM-01,Mumbai,36.82,187.18,0,0.451,269
2026-08-03 22:15:00,CELL-DEL-03,Delhi,37.41,152.62,0,0.452,235
2026-08-05 12:15:00,CELL-HYD-01,Hyderabad,38.3,132.67,0,0.702,366
2026-08-03 07:15:00,CELL-KOL-01,Kolkata,49.28,160.41,0,0.401,321
2026-08-05 21:30:00,CELL-KOL-02,Kolkata,41.12,128.88,0,1.087,308
2026-08-02 17:30:00,CELL-DEL-03,Delhi,36.79,164.48,0,0.796,296
2026-08-03 12:00:00,CELL-BLR-02,Bengaluru,38.56,215.31,0,1.244,421
2026-08-04 14:45:00,CELL-KOL-02,Kolkata,30.14,187.32,0,0.282,298
2026-08-03 13:00:00,CELL-CHE-01,Chennai,36.96,153.51,0,0.949,449
2026-08-02 14:00:00,CELL-KOL-02,Kolkata,28.78,169.34,0,0.466,211
2026-08-02 22:30:00,CELL-HYD-01,Hyderabad,34.32,154.76,0,0.488,462
2026-08-03 20:15:00,CELL-MUM-03,Mumbai,58.14,106.24,0,1.001,451
2026-08-05 12:15:00,CELL-MUM-02,Mumbai,57.69,159.48,0,0.442,551
2026-08-05 13:15:00,CELL-DEL-02,Delhi,47.22,198.0,0,0.634,279
2026-08-01 05:00:00,CELL-KOL-02,Kolkata,32.53,181.52,0,0.617,294
2026-08-03 19:15:00,CELL-KOL-03,Kolkata,46.07,143.75,0,0.032,732
2026-08-02 12:15:00,CELL-DEL-02,Delhi,48.52,202.93,0,0.956,284
2026-08-04 07:45:00,CELL-DEL-01,Delhi,27.34,214.14,0,0.254,352
2026-08-02 14:30:00,CELL-MUM-02,Mumbai,53.67,144.19,0,0.701,320
2026-08-01 23:15:00,CELL-CHE-03,Chennai,37.61,256.33,0,0.552,293
2026-08-04 00:00:00,CELL-MUM-02,Mumbai,40.44,181.38,0,0.606,335
2026-08-02 20:15:00,CELL-HYD-03,Hyderabad,43.54,109.8,0,0.753,550
2026-08-03 23:30:00,CELL-CHE-03,Chennai,37.68,220.1,0,0.645,497
2026-08-04 11:30:00,CELL-MUM-02,Mumbai,56.03,139.06,0,0.791,471
2026-08-01 06:15:00,CELL-KOL-03,Kolkata,29.1,253.54,0,0.643,360
2026-08-03 03:30:00,CELL-BLR-03,Bengaluru,42.25,179.18,0,0.623,379
2026-08-03 04:00:00,CELL-BLR-02,Bengaluru,31.28,264.09,0,0.537,545
2026-08-04 19:30:00,CELL-BLR-01,Bengaluru,58.73,135.71,0,0.65,470
2026-08-05 10:15:00,CELL-DEL-03,Delhi,33.02,157.21,0,0.969,474
2026-08-05 02:00:00,CELL-MUM-03,Mumbai,42.86,182.17,0,0.318,316
2026-08-03 04:45:00,CELL-HYD-03,Hyderabad,25.67,150.08,0,0.414,379
2026-08-02 12:45:00,CELL-BLR-01,Bengaluru,48.72,151.19,0,0.582,338
2026-08-01 23:15:00,CELL-MUM-03,Mumbai,43.48,146.34,0,0.701,366
2026-08-03 19:15:00,CELL-DEL-03,Delhi,87.32,119.69,0,1.415,369
2026-08-04 19:45:00,CELL-KOL-03,Kolkata,50.47,141.95,0,0.298,351
2026-08-05 20:15:00,CELL-KOL-01,Kolkata,69.2,144.54,0,0.98,431
2026-08-05 07:30:00,CELL-CHE-02,Chennai,29.16,165.82,0,0.29,210
2026-08-02 07:15:00,CELL-DEL-03,Delhi,29.55,187.13,0,0.927,336
2026-08-02 21:00:00,CELL-DEL-02,Delhi,61.22,174.33,0,0.483,353
2026-08-03 09:45:00,CELL-HYD-01,Hyderabad,39.3,158.81,0,0.616,243
2026-08-01 18:30:00,CELL-HYD-01,Hyderabad,45.23,113.83,0,0.838,566
2026-08-03 14:45:00,CELL-HYD-01,Hyderabad,31.12,155.11,0,0.642,249
2026-08-03 08:00:00,CELL-HYD-01,Hyderabad,30.01,176.34,0,0.298,463
2026-08-01 18:15:00,CELL-DEL-03,Delhi,40.96,151.01,0,1.07,335
2026-08-02 14:15:00,CELL-HYD-02,Hyderabad,43.96,192.0,0,0.454,336
2026-08-03 15:00:00,CELL-KOL-03,Kolkata,34.07,190.37,0,0.227,500
2026-08-01 08:15:00,CELL-DEL-02,Delhi,35.59,250.99,0,0.872,226
2026-08-01 14:45:00,CELL-MUM-03,Mumbai,43.97,131.4,0,0.573,259
2026-08-04 23:45:00,CELL-MUM-03,Mumbai,42.42,157.09,0,0.759,372
2026-08-05 11:30:00,CELL-KOL-03,Kolkata,43.28,181.49,0,0.649,333
2026-08-04 13:15:00,CELL-CHE-02,Chennai,39.77,147.21,0,0.823,341
2026-08-01 17:30:00,CELL-KOL-02,Kolkata,38.91,145.21,0,0.592,367
2026-08-02 06:00:00,CELL-DEL-03,Delhi,29.98,173.96,0,0.373,278
2026-08-04 01:00:00,CELL-MUM-01,Mumbai,26.26,218.28,0,0.706,286
2026-08-02 12:45:00,CELL-BLR-03,Bengaluru,55.24,144.84,0,0.741,297
2026-08-02 23:45:00,CELL-DEL-02,Delhi,41.65,229.67,0,0.786,461
2026-08-01 17:30:00,CELL-HYD-03,Hyderabad,37.86,113.54,0,1.317,510
2026-08-01 02:15:00,CELL-KOL-01,Kolkata,36.78,193.9,0,0.224,430
2026-08-03 23:00:00,CELL-HYD-02,Hyderabad,31.5,194.62,0,0.836,314
2026-08-05 11:45:00,CELL-CHE-01,Chennai,41.99,151.17,0,1.321,465
2026-08-02 16:15:00,CELL-BLR-03,Bengaluru,53.98,173.46,0,0.881,430
2026-08-02 05:00:00,CELL-KOL-02,Kolkata,25.23,191.49,0,0.488,305
2026-08-03 00:45:00,CELL-HYD-01,Hyderabad,30.48,148.27,0,0.788,303
2026-08-05 19:15:00,CELL-BLR-03,Bengaluru,47.6,128.77,0,0.747,441
2026-08-02 02:15:00,CELL-CHE-02,Chennai,31.98,135.61,0,0.316,407
2026-08-03 00:45:00,CELL-BLR-02,Bengaluru,30.46,269.81,0,0.437,382
2026-08-04 21:45:00,CELL-HYD-02,Hyderabad,48.34,143.32,0,0.471,420
2026-08-01 19:30:00,CELL-MUM-01,Mumbai,44.25,159.66,0,0.842,459
2026-08-03 22:00:00,CELL-DEL-02,Delhi,58.84,179.26,0,0.607,310
2026-08-05 02:00:00,CELL-MUM-02,Mumbai,48.3,204.59,0,0.722,338
2026-08-01 00:00:00,CELL-DEL-01,Delhi,26.95,247.38,0,0.775,222
2026-08-03 13:45:00,CELL-HYD-01,Hyderabad,39.84,156.0,0,0.57,278
2026-08-02 02:00:00,CELL-CHE-03,Chennai,40.4,251.23,0,0.762,355
2026-08-02 13:30:00,CELL-HYD-03,Hyderabad,31.33,108.08,0,0.413,337
2026-08-02 17:45:00,CELL-DEL-03,Delhi,37.89,173.65,0,0.746,253
2026-08-03 04:45:00,CELL-KOL-03,Kolkata,34.1,269.45,0,0.672,457
2026-08-02 00:30:00,CELL-CHE-02,Chennai,30.98,158.41,0,0.598,220
2026-08-04 02:45:00,CELL-DEL-03,Delhi,26.38,176.69,0,0.382,364
2026-08-01 21:45:00,CELL-MUM-01,Mumbai,38.59,184.23,0,0.746,537
2026-08-01 00:45:00,CELL-CHE-01,Chennai,28.93,168.56,0,1.079,380
2026-08-03 03:30:00,CELL-KOL-03,Kolkata,27.92,272.53,0,0.516,299
2026-08-03 21:00:00,CELL-BLR-02,Bengaluru,34.56,181.16,0,0.276,243
2026-08-03 10:45:00,CELL-CHE-03,Chennai,43.22,202.93,0,0.576,506
2026-08-03 17:15:00,CELL-CHE-01,Chennai,41.46,119.43,0,0.395,363
2026-08-05 19:00:00,CELL-MUM-03,Mumbai,67.4,116.06,0,0.913,586
2026-08-04 21:15:00,CELL-KOL-03,Kolkata,42.04,176.33,0,0.588,465
2026-08-05 03:00:00,CELL-HYD-01,Hyderabad,29.36,175.8,0,0.536,348
2026-08-04 01:45:00,CELL-BLR-01,Bengaluru,36.96,169.9,0,0.819,277
2026-08-02 23:00:00,CELL-BLR-02,Bengaluru,31.64,233.99,0,0.248,353
2026-08-03 21:45:00,CELL-KOL-03,Kolkata,44.61,183.68,0,0.964,328
2026-08-02 16:45:00,CELL-KOL-03,Kolkata,34.81,200.69,0,0.465,430
2026-08-04 05:30:00,CELL-HYD-01,Hyderabad,35.21,159.7,0,0.884,288
2026-08-03 15:00:00,CELL-CHE-02,Chennai,30.01,173.27,0,0.474,258
2026-08-03 18:15:00,CELL-DEL-01,Delhi,46.14,181.51,0,0.324,311
2026-08-01 06:15:00,CELL-BLR-03,Bengaluru,37.1,197.46,0,0.478,265
2026-08-05 15:00:00,CELL-DEL-02,Delhi,38.2,241.18,0,0.59,325
2026-08-02 14:30:00,CELL-HYD-02,Hyderabad,36.44,205.57,0,0.693,353
2026-08-03 21:00:00,CELL-CHE-02,Chennai,45.98,119.78,0,0.866,415
2026-08-01 05:15:00,CELL-CHE-01,Chennai,32.99,195.24,0,0.707,413
2026-08-03 08:45:00,CELL-MUM-02,Mumbai,41.25,189.3,0,0.525,418
2026-08-03 13:30:00,CELL-HYD-03,Hyderabad,31.86,115.04,0,0.578,376
2026-08-05 00:15:00,CELL-DEL-01,Delhi,29.54,269.78,0,0.347,173
2026-08-04 00:30:00,CELL-MUM-01,Mumbai,30.49,245.13,0,0.519,383
2026-08-01 20:15:00,CELL-BLR-01,Bengaluru,55.34,121.06,0,0.499,695
2026-08-05 18:00:00,CELL-KOL-03,Kolkata,46.32,203.64,0,0.597,311
2026-08-02 15:00:00,CELL-MUM-03,Mumbai,37.91,162.67,0,0.595,87
2026-08-05 07:30:00,CELL-BLR-02,Bengaluru,31.69,289.57,0,0.092,458
2026-08-03 18:15:00,CELL-HYD-01,Hyderabad,38.1,135.11,0,0.649,385
2026-08-03 16:00:00,CELL-MUM-01,Mumbai,34.27,193.86,0,0.548,307
2026-08-03 09:45:00,CELL-DEL-01,Delhi,38.01,205.04,0,0.512,336
2026-08-03 05:45:00,CELL-DEL-02,Delhi,39.34,223.31,0,0.678,401
2026-08-03 00:45:00,CELL-DEL-03,Delhi,29.97,188.15,0,0.873,314
2026-08-03 04:15:00,CELL-BLR-02,Bengaluru,26.9,264.87,0,0.529,313
2026-08-04 10:45:00,CELL-KOL-01,Kolkata,60.55,204.21,0,0.719,424
2026-08-02 17:15:00,CELL-HYD-01,Hyderabad,35.45,132.53,0,0.691,460
2026-08-02 21:30:00,CELL-DEL-02,Delhi,48.55,166.07,0,1.03,377
2026-08-04 02:45:00,CELL-CHE-01,Chennai,31.93,201.67,0,0.791,326
2026-08-02 07:15:00,CELL-BLR-02,Bengaluru,32.95,236.6,0,0.25,389
2026-08-05 13:00:00,CELL-CHE-01,Chennai,46.55,141.32,0,0.662,379
2026-08-05 21:00:00,CELL-BLR-03,Bengaluru,48.57,135.32,0,0.469,208
2026-08-03 23:45:00,CELL-MUM-01,Mumbai,35.03,211.73,0,0.173,317
2026-08-04 05:45:00,CELL-CHE-02,Chennai,28.8,157.18,0,0.398,416
2026-08-03 08:00:00,CELL-KOL-02,Kolkata,28.63,191.86,0,0.698,317
2026-08-01 02:30:00,CELL-MUM-02,Mumbai,45.61,190.95,0,0.761,143
2026-08-04 10:30:00,CELL-CHE-03,Chennai,39.61,251.46,0,0.547,667
2026-08-02 15:15:00,CELL-BLR-01,Bengaluru,44.12,193.02,0,0.49,319
2026-08-02 00:15:00,CELL-BLR-01,Bengaluru,38.47,200.8,0,0.077,236
2026-08-02 15:45:00,CELL-DEL-01,Delhi,29.77,188.75,0,0.587,251
2026-08-04 03:15:00,CELL-MUM-01,Mumbai,34.11,217.54,0,0.637,343
2026-08-01 10:45:00,CELL-BLR-01,Bengaluru,,144.25,0,0.334,401
2026-08-02 02:45:00,CELL-CHE-02,Chennai,28.35,137.83,0,0.22,344
2026-08-04 05:00:00,CELL-BLR-01,Bengaluru,32.18,197.21,0,0.623,492
2026-08-02 16:00:00,CELL-MUM-02,Mumbai,35.84,156.08,0,0.696,270
2026-08-01 01:45:00,CELL-HYD-02,Hyderabad,37.57,193.42,0,0.161,395
2026-08-03 03:45:00,CELL-CHE-02,Chennai,31.74,189.12,0,0.622,325
2026-08-04 15:15:00,CELL-BLR-02,Bengaluru,25.95,265.72,0,0.46,166
2026-08-03 15:45:00,CELL-DEL-03,Delhi,36.39,181.84,0,0.739,279
2026-08-05 18:15:00,CELL-CHE-02,Chennai,32.74,115.42,0,0.705,279
2026-08-04 02:45:00,CELL-HYD-01,Hyderabad,29.74,170.27,0,0.665,271
2026-08-02 01:00:00,CELL-CHE-01,Chennai,33.23,199.46,0,0.485,169
2026-08-02 10:45:00,CELL-KOL-01,Kolkata,49.53,179.88,0,0.744,392
2026-08-02 06:45:00,CELL-CHE-01,Chennai,35.48,187.68,0,0.181,525
2026-08-03 02:15:00,CELL-KOL-02,Kolkata,31.85,192.02,0,0.533,282
2026-08-01 12:15:00,CELL-KOL-02,Kolkata,31.83,139.05,0,0.841,347
2026-08-02 16:30:00,CELL-HYD-03,Hyderabad,39.71,135.77,0,0.526,317
2026-08-04 22:30:00,CELL-HYD-01,Hyderabad,33.06,120.82,0,0.147,436
2026-08-02 14:15:00,CELL-CHE-03,Chennai,36.52,223.03,0,0.917,272
2026-08-01 02:30:00,CELL-DEL-03,Delhi,34.2,156.39,0,0.905,413
2026-08-05 19:45:00,CELL-KOL-01,Kolkata,69.97,150.55,0,1.15,580
2026-08-03 22:30:00,CELL-MUM-03,Mumbai,50.82,111.61,0,1.092,506
2026-08-01 21:30:00,CELL-BLR-01,Bengaluru,42.05,159.49,0,0.861,443
2026-08-04 13:30:00,CELL-HYD-03,Hyderabad,32.88,130.91,0,0.954,349
2026-08-05 01:45:00,CELL-KOL-03,Kolkata,34.26,233.87,0,0.757,517
2026-08-04 15:30:00,CELL-HYD-02,Hyderabad,49.72,145.69,0,0.507,147
2026-08-01 13:45:00,CELL-DEL-01,Delhi,30.75,207.6,0,0.797,210
2026-08-03 13:15:00,CELL-CHE-03,Chennai,40.74,196.24,0,0.848,366
2026-08-01 04:00:00,CELL-HYD-01,Hyderabad,33.63,156.54,0,0.714,281
2026-08-04 07:15:00,CELL-DEL-02,Delhi,33.17,282.58,0,0.273,446
2026-08-01 18:30:00,CELL-DEL-03,Delhi,48.1,137.87,0,0.795,385
2026-08-03 20:45:00,CELL-KOL-03,Kolkata,38.72,176.51,0,0.664,395
2026-08-02 06:45:00,CELL-CHE-03,Chennai,36.67,220.74,0,0.439,229
2026-08-01 14:30:00,CELL-KOL-02,Kolkata,30.83,182.97,0,0.917,344
2026-08-04 13:30:00,CELL-HYD-01,Hyderabad,31.0,146.4,0,0.524,357
2026-08-05 20:30:00,CELL-KOL-02,Kolkata,41.02,115.49,0,0.044,467
2026-08-01 14:00:00,CELL-CHE-01,Chennai,28.61,144.19,0,0.19,484
2026-08-02 09:30:00,CELL-CHE-02,Chennai,27.62,169.43,0,0.564,349
2026-08-05 11:15:00,CELL-BLR-01,Bengaluru,46.74,177.48,0,0.858,480
2026-08-05 02:45:00,CELL-DEL-01,Delhi,28.25,247.13,0,0.816,465
2026-08-03 14:00:00,CELL-BLR-02,Bengaluru,33.6,240.18,0,0.622,393
2026-08-05 04:15:00,CELL-MUM-01,Mumbai,30.92,198.46,0,0.537,394
2026-08-03 22:15:00,CELL-KOL-03,Kolkata,47.33,203.32,0,1.134,394
2026-08-03 06:00:00,CELL-DEL-01,Delhi,31.65,250.33,0,0.668,401
2026-08-05 20:30:00,CELL-MUM-03,Mumbai,65.7,115.66,0,0.664,349
2026-08-04 03:45:00,CELL-DEL-01,Delhi,27.6,252.01,0,0.601,337
2026-08-05 14:00:00,CELL-BLR-03,Bengaluru,47.83,177.1,0,0.062,251
2026-08-04 02:30:00,CELL-DEL-02,Delhi,40.41,240.96,0,0.74,243
2026-08-04 05:15:00,CELL-CHE-01,Chennai,29.32,193.65,0,0.395,375
2026-08-05 09:30:00,CELL-MUM-02,Mumbai,50.86,176.23,0,0.427,165
2026-08-02 03:15:00,CELL-BLR-01,Bengaluru,39.42,212.67,0,0.434,397
2026-08-04 06:30:00,CELL-DEL-02,Delhi,35.28,240.91,0,0.834,366
2026-08-04 21:45:00,CELL-MUM-01,Mumbai,38.15,177.44,0,0.86,385
2026-08-05 17:30:00,CELL-DEL-01,Delhi,34.3,223.95,0,0.421,152
2026-08-03 04:00:00,CELL-CHE-03,Chennai,29.93,242.14,0,0.868,317
2026-08-01 14:00:00,CELL-BLR-03,Bengaluru,47.42,195.31,0,0.452,341
2026-08-01 20:30:00,CELL-DEL-03,Delhi,46.8,126.87,0,1.149,495
2026-08-05 09:15:00,CELL-CHE-02,Chennai,35.09,161.13,0,0.788,286
2026-08-01 22:00:00,CELL-BLR-01,Bengaluru,46.21,179.52,0,1.174,511
2026-08-05 05:30:00,CELL-CHE-02,Chennai,34.54,157.03,0,0.226,422
2026-08-03 06:15:00,CELL-KOL-01,Kolkata,39.96,190.37,0,0.605,245
2026-08-05 23:15:00,CELL-MUM-03,Mumbai,43.8,161.68,0,0.429,477
2026-08-05 05:15:00,CELL-BLR-01,Bengaluru,32.09,200.6,0,0.544,339
2026-08-03 03:45:00,CELL-KOL-01,Kolkata,42.15,186.54,0,0.377,434
2026-08-04 04:30:00,CELL-HYD-02,Hyderabad,38.01,228.87,0,0.316,266
2026-08-04 00:15:00,CELL-CHE-01,Chennai,32.93,197.23,0,0.977,448
2026-08-03 09:45:00,CELL-MUM-02,Mumbai,43.65,172.55,0,0.644,356
2026-08-01 09:45:00,CELL-DEL-02,Delhi,42.87,233.2,0,0.474,300
2026-08-01 03:00:00,CELL-CHE-02,Chennai,25.3,165.9,0,0.291,206
2026-08-04 21:00:00,CELL-HYD-02,Hyderabad,43.49,125.0,0,0.416,340
2026-08-01 12:45:00,CELL-CHE-02,Chennai,33.2,107.13,0,0.815,352
2026-08-02 05:45:00,CELL-BLR-03,Bengaluru,36.61,196.25,0,0.645,289
2026-08-02 15:00:00,CELL-BLR-02,Bengaluru,29.43,245.02,0,0.975,335
2026-08-02 03:30:00,CELL-KOL-01,Kolkata,51.45,236.62,0,0.429,309
2026-08-05 13:30:00,CELL-CHE-02,Chennai,39.89,148.65,0,0.827,329
2026-08-04 16:15:00,CELL-DEL-02,Delhi,35.48,225.8,0,0.794,420
2026-08-04 00:00:00,CELL-HYD-03,Hyderabad,27.62,121.12,0,0.656,328
2026-08-02 13:30:00,CELL-HYD-01,Hyderabad,34.92,132.37,0,0.764,383
2026-08-01 06:30:00,CELL-MUM-03,Mumbai,46.05,141.93,0,0.409,345
2026-08-01 17:45:00,CELL-BLR-03,Bengaluru,46.3,158.99,0,0.875,349
2026-08-02 23:15:00,CELL-DEL-03,Delhi,35.54,165.74,0,0.597,478
2026-08-05 19:00:00,CELL-KOL-02,Kolkata,40.15,141.54,0,1.113,473
2026-08-05 20:30:00,CELL-DEL-02,Delhi,64.1,176.21,0,0.908,507
2026-08-04 19:45:00,CELL-CHE-02,Chennai,93.23,103.12,0,0.616,455
2026-08-01 23:45:00,CELL-BLR-03,Bengaluru,44.08,186.34,0,0.239,215
2026-08-01 07:45:00,CELL-CHE-02,Chennai,31.58,156.28,0,0.435,277
2026-08-04 20:45:00,CELL-HYD-01,Hyderabad,39.45,135.5,0,0.716,389
2026-08-04 18:45:00,CELL-MUM-01,Mumbai,36.07,159.99,0,0.821,268
2026-08-05 19:15:00,CELL-DEL-03,Delhi,40.92,124.7,0,0.493,320
2026-08-05 13:30:00,CELL-KOL-02,Kolkata,32.03,151.47,0,0.875,385
2026-08-04 04:45:00,CELL-DEL-01,Delhi,32.02,243.39,0,0.834,481
2026-08-01 06:45:00,CELL-DEL-02,Delhi,34.06,252.98,0,0.551,372
2026-08-02 19:30:00,CELL-KOL-03,Kolkata,47.84,167.27,0,1.54,397
2026-08-02 03:00:00,CELL-BLR-01,Bengaluru,40.89,219.49,0,0.637,475
2026-08-01 06:00:00,CELL-CHE-02,Chennai,27.78,136.28,0,0.535,258
2026-08-03 06:45:00,CELL-HYD-01,Hyderabad,28.89,168.77,0,0.528,365
2026-08-03 10:15:00,CELL-BLR-02,Bengaluru,36.26,227.96,0,0.217,319
2026-08-01 03:30:00,CELL-KOL-01,Kolkata,42.49,200.19,0,0.8,371
2026-08-03 06:45:00,CELL-MUM-03,Mumbai,38.23,182.27,0,0.644,261
2026-08-01 01:30:00,CELL-DEL-03,Delhi,33.14,185.34,0,0.435,254
2026-08-05 15:45:00,CELL-KOL-03,Kolkata,30.84,236.97,0,1.063,322
2026-08-02 23:30:00,CELL-BLR-03,Bengaluru,47.23,205.86,0,0.348,333
2026-08-01 14:00:00,CELL-KOL-03,Kolkata,35.43,202.61,0,0.627,312
2026-08-02 23:30:00,CELL-CHE-01,Chennai,33.42,160.17,0,0.899,416
2026-08-02 08:30:00,CELL-HYD-03,Hyderabad,34.12,131.87,0,0.896,155
2026-08-03 21:15:00,CELL-HYD-03,Hyderabad,43.19,99.66,0,0.92,345
2026-08-02 15:30:00,CELL-KOL-02,Kolkata,30.24,166.84,0,0.804,253
2026-08-01 11:45:00,CELL-KOL-01,Kolkata,51.88,162.42,0,0.763,506
2026-08-01 18:45:00,CELL-HYD-01,Hyderabad,46.52,133.66,0,0.88,289
2026-08-03 21:00:00,CELL-HYD-01,Hyderabad,38.57,129.77,0,0.548,456
2026-08-03 22:45:00,CELL-BLR-03,Bengaluru,40.46,185.28,0,0.596,194
2026-08-03 16:00:00,CELL-HYD-03,Hyderabad,28.6,126.62,0,0.75,425
2026-08-03 19:45:00,CELL-DEL-02,Delhi,67.01,162.33,0,0.821,483
2026-08-04 01:00:00,CELL-MUM-02,Mumbai,49.11,178.04,0,0.774,223
2026-08-05 18:45:00,CELL-BLR-03,Bengaluru,65.51,155.33,0,0.377,446
2026-08-01 11:00:00,CELL-KOL-01,Kolkata,55.42,173.19,0,0.375,417
2026-08-02 20:30:00,CELL-HYD-02,Hyderabad,52.99,137.69,0,0.747,622
2026-08-01 04:15:00,CELL-CHE-02,Chennai,25.39,157.86,0,0.563,239
2026-08-04 06:00:00,CELL-MUM-03,Mumbai,42.41,154.39,0,0.742,413
2026-08-03 08:15:00,CELL-DEL-01,Delhi,28.39,219.9,0,0.784,174
2026-08-05 07:15:00,CELL-KOL-03,Kolkata,33.26,244.81,0,0.388,360
2026-08-02 20:45:00,CELL-KOL-02,Kolkata,43.51,143.27,0,0.685,505
2026-08-04 01:45:00,CELL-DEL-01,Delhi,25.0,239.59,0,0.595,194
2026-08-02 21:15:00,CELL-MUM-03,Mumbai,53.9,126.12,0,0.704,546
2026-08-03 11:00:00,CELL-HYD-02,Hyderabad,46.69,136.58,0,0.419,139
2026-08-04 06:45:00,CELL-CHE-02,Chennai,29.41,152.69,0,0.676,204
2026-08-04 04:15:00,CELL-HYD-01,Hyderabad,27.69,167.4,0,0.481,257
2026-08-04 03:15:00,CELL-KOL-02,Kolkata,29.29,192.4,0,0.681,450
2026-08-04 16:30:00,CELL-HYD-03,Hyderabad,29.48,111.64,0,0.763,454
2026-08-03 00:15:00,CELL-HYD-02,Hyderabad,35.95,192.32,0,0.302,342
2026-08-03 15:15:00,CELL-DEL-02,Delhi,40.45,201.91,0,0.629,322
2026-08-01 08:30:00,CELL-DEL-01,Delhi,31.69,211.83,0,0.199,397
2026-08-02 22:15:00,CELL-HYD-01,Hyderabad,39.95,139.8,0,0.757,372
2026-08-04 19:00:00,CELL-HYD-01,Hyderabad,45.95,126.85,0,0.919,437
2026-08-04 22:30:00,CELL-DEL-02,Delhi,49.97,219.76,0,0.835,377
2026-08-02 03:00:00,CELL-DEL-02,Delhi,35.3,245.61,0,0.244,302
2026-08-03 21:30:00,CELL-BLR-02,Bengaluru,39.08,175.96,0,1.082,538
2026-08-05 18:45:00,CELL-MUM-02,Mumbai,64.09,154.69,0,0.664,639
2026-08-05 19:15:00,CELL-HYD-03,Hyderabad,45.34,100.3,0,0.649,456
2026-08-02 14:45:00,CELL-BLR-03,Bengaluru,44.59,198.33,0,0.531,389
2026-08-03 05:30:00,CELL-BLR-03,Bengaluru,45.11,189.28,0,0.554,308
2026-08-02 17:15:00,CELL-HYD-02,Hyderabad,49.55,160.81,0,0.578,620
2026-08-03 17:30:00,CELL-DEL-01,Delhi,37.65,183.05,0,0.597,267
2026-08-01 04:15:00,CELL-KOL-02,Kolkata,23.69,194.97,0,0.296,265
2026-08-05 01:30:00,CELL-BLR-02,Bengaluru,30.16,238.02,0,0.785,431
2026-08-02 10:15:00,CELL-MUM-02,Mumbai,48.2,152.31,0,0.649,428
2026-08-01 17:15:00,CELL-KOL-03,Kolkata,38.36,192.36,0,0.343,134
2026-08-02 13:15:00,CELL-DEL-01,Delhi,28.64,218.16,0,1.098,578
2026-08-02 02:15:00,CELL-KOL-02,Kolkata,26.99,162.97,0,0.537,191
2026-08-01 22:15:00,CELL-DEL-01,Delhi,36.75,170.56,0,0.843,370
2026-08-05 09:45:00,CELL-KOL-01,Kolkata,49.79,174.08,0,0.333,536
2026-08-03 11:00:00,CELL-CHE-03,Chennai,42.82,234.54,0,0.33,313
2026-08-04 08:45:00,CELL-MUM-01,Mumbai,29.23,211.93,0,0.301,223
2026-08-01 05:15:00,CELL-MUM-01,Mumbai,32.9,219.3,0,0.413,355
2026-08-05 20:45:00,CELL-MUM-02,Mumbai,55.25,133.7,0,0.951,516
2026-08-04 12:45:00,CELL-HYD-03,Hyderabad,32.51,119.79,0,0.219,283
2026-08-05 05:30:00,CELL-HYD-03,Hyderabad,30.5,141.69,0,0.544,422
2026-08-04 22:45:00,CELL-DEL-02,Delhi,45.63,154.78,0,0.661,188
2026-08-02 19:30:00,CELL-HYD-01,Hyderabad,42.89,128.42,0,0.896,673
2026-08-02 10:15:00,CELL-HYD-01,Hyderabad,,0.0,15,0.223,300
2026-08-01 10:30:00,CELL-HYD-02,Hyderabad,43.42,148.2,0,0.339,270
2026-08-03 03:45:00,CELL-DEL-01,Delhi,25.62,246.18,0,0.93,277
2026-08-04 10:00:00,CELL-CHE-01,Chennai,40.17,163.2,0,0.62,165
2026-08-02 11:30:00,CELL-DEL-02,Delhi,48.64,187.44,0,0.85,370
2026-08-01 19:00:00,CELL-HYD-01,Hyderabad,44.11,135.8,0,0.721,242
2026-08-03 11:15:00,CELL-KOL-03,Kolkata,38.31,194.34,0,0.388,243
2026-08-03 09:00:00,CELL-HYD-02,Hyderabad,32.4,190.03,0,0.557,377
2026-08-01 22:45:00,CELL-BLR-01,Bengaluru,34.84,164.06,0,0.548,502
2026-08-01 21:30:00,CELL-DEL-01,Delhi,40.47,163.32,0,1.157,350
2026-08-01 23:00:00,CELL-KOL-01,Kolkata,56.73,201.91,0,0.856,442
2026-08-01 15:45:00,CELL-DEL-01,Delhi,34.3,218.47,0,1.099,193
2026-08-04 09:00:00,CELL-HYD-03,Hyderabad,31.57,131.56,0,0.412,491
2026-08-05 09:45:00,CELL-BLR-02,Bengaluru,29.79,238.5,0,0.146,488
2026-08-02 07:45:00,CELL-DEL-01,Delhi,33.81,241.9,0,0.635,311
2026-08-05 10:15:00,CELL-HYD-02,Hyderabad,35.69,190.25,0,0.662,265
2026-08-01 12:00:00,CELL-HYD-01,Hyderabad,40.76,153.75,0,1.165,484
2026-08-04 05:30:00,CELL-DEL-02,Delhi,38.32,231.79,0,0.555,312
2026-08-05 05:45:00,CELL-BLR-03,Bengaluru,42.65,219.14,0,0.901,152
2026-08-03 12:15:00,CELL-BLR-01,Bengaluru,40.12,152.84,0,0.176,611
2026-08-05 07:30:00,CELL-HYD-01,Hyderabad,32.74,171.33,0,0.683,364
2026-08-02 11:00:00,CELL-KOL-01,Kolkata,55.08,146.39,0,0.155,498
2026-08-04 16:15:00,CELL-HYD-01,Hyderabad,37.2,134.99,0,0.7,421
2026-08-02 14:15:00,CELL-DEL-03,Delhi,35.77,184.02,0,0.902,279
2026-08-02 11:30:00,CELL-KOL-03,Kolkata,41.51,181.14,0,0.909,462
2026-08-03 09:15:00,CELL-DEL-01,Delhi,30.19,253.81,0,0.192,415
2026-08-05 10:00:00,CELL-MUM-02,Mumbai,46.5,131.1,0,0.019,442
2026-08-03 09:30:00,CELL-CHE-03,Chennai,35.53,195.69,0,0.517,229
2026-08-05 14:15:00,CELL-DEL-01,Delhi,31.49,208.91,0,0.391,257
2026-08-03 02:00:00,CELL-BLR-03,Bengaluru,36.35,182.45,0,0.958,333
2026-08-01 13:15:00,CELL-HYD-01,Hyderabad,40.49,134.66,0,0.394,252
2026-08-05 05:15:00,CELL-CHE-03,Chennai,36.13,259.77,0,0.539,443
2026-08-03 07:15:00,CELL-HYD-03,Hyderabad,27.78,148.7,0,0.053,351
2026-08-04 09:15:00,CELL-DEL-01,Delhi,28.14,251.02,0,0.591,387
2026-08-01 06:00:00,CELL-CHE-01,Chennai,29.56,200.03,0,0.598,288
2026-08-02 15:00:00,CELL-HYD-01,Hyderabad,31.47,157.19,0,0.566,477
2026-08-02 15:15:00,CELL-DEL-02,Delhi,38.68,228.91,0,0.756,317
2026-08-01 04:30:00,CELL-CHE-01,Chennai,36.55,141.89,0,0.564,307
2026-08-01 17:45:00,CELL-CHE-02,Chennai,36.39,131.5,0,0.61,379
2026-08-03 00:00:00,CELL-DEL-02,Delhi,45.39,263.69,0,0.817,209
2026-08-01 08:45:00,CELL-HYD-02,Hyderabad,37.0,175.33,0,0.407,403
2026-08-02 19:15:00,CELL-BLR-02,Bengaluru,37.6,186.26,0,1.267,355
2026-08-01 10:45:00,CELL-KOL-01,Kolkata,60.05,159.67,0,0.023,280
2026-08-02 15:15:00,CELL-HYD-03,Hyderabad,32.68,127.86,0,1.3,267
2026-08-02 18:30:00,CELL-MUM-03,Mumbai,57.86,119.76,0,0.036,439
2026-08-04 03:15:00,CELL-DEL-03,Delhi,31.26,177.43,0,0.565,383
2026-08-05 16:15:00,CELL-DEL-01,Delhi,33.69,236.02,0,0.442,300
2026-08-03 08:30:00,CELL-BLR-01,Bengaluru,36.63,168.96,0,0.626,391
2026-08-02 03:45:00,CELL-BLR-01,Bengaluru,34.26,186.05,0,0.633,409
2026-08-03 16:30:00,CELL-MUM-01,Mumbai,34.83,183.68,0,0.902,244
2026-08-02 21:15:00,CELL-DEL-03,Delhi,39.44,144.59,0,0.423,168
2026-08-04 12:15:00,CELL-DEL-01,Delhi,43.21,192.5,0,0.977,405
2026-08-02 09:00:00,CELL-MUM-03,Mumbai,44.02,148.29,0,0.697,415
2026-08-01 16:00:00,CELL-MUM-03,Mumbai,29.3,143.08,0,0.999,558
2026-08-01 08:45:00,CELL-KOL-03,Kolkata,29.99,183.39,0,0.299,294
2026-08-01 21:00:00,CELL-MUM-01,Mumbai,46.18,154.24,0,0.948,328
2026-08-02 15:45:00,CELL-BLR-01,Bengaluru,41.21,161.85,0,0.306,416
2026-08-02 08:15:00,CELL-DEL-03,Delhi,29.8,156.22,0,0.415,246
2026-08-05 22:30:00,CELL-HYD-02,Hyderabad,48.97,141.98,0,0.705,441
2026-08-04 16:00:00,CELL-DEL-02,Delhi,41.81,225.81,0,0.13,334
2026-08-01 07:45:00,CELL-MUM-01,Mumbai,30.72,196.5,0,0.213,343
2026-08-01 18:30:00,CELL-BLR-02,Bengaluru,32.83,187.32,0,0.819,461
2026-08-04 00:45:00,CELL-CHE-03,Chennai,37.62,224.71,0,0.438,168
2026-08-03 18:00:00,CELL-CHE-02,Chennai,33.23,117.67,0,0.636,502
2026-08-01 05:30:00,CELL-HYD-02,Hyderabad,32.19,208.28,0,0.527,378
2026-08-05 02:30:00,CELL-BLR-01,Bengaluru,39.34,190.44,0,0.635,327
2026-08-05 23:00:00,CELL-DEL-01,Delhi,32.61,206.48,0,0.584,556
2026-08-01 10:00:00,CELL-KOL-01,Kolkata,56.96,201.14,0,0.497,436
2026-08-04 07:45:00,CELL-BLR-03,Bengaluru,39.66,217.62,0,0.532,189
2026-08-04 03:30:00,CELL-CHE-03,Chennai,38.49,240.72,0,0.703,198
2026-08-05 15:45:00,CELL-MUM-02,Mumbai,43.61,209.37,0,0.382,320
2026-08-01 00:15:00,CELL-CHE-01,Chennai,30.38,189.38,0,0.653,345
2026-08-04 22:30:00,CELL-KOL-01,Kolkata,54.61,171.95,0,0.586,462
2026-08-04 08:45:00,CELL-BLR-03,Bengaluru,48.69,214.08,0,0.58,513
2026-08-04 02:30:00,CELL-KOL-03,Kolkata,33.97,258.19,0,0.963,174
2026-08-05 22:30:00,CELL-BLR-02,Bengaluru,29.42,232.92,0,0.767,373
2026-08-05 14:30:00,CELL-DEL-02,Delhi,43.62,262.42,0,0.729,516
2026-08-05 14:15:00,CELL-DEL-02,Delhi,45.32,197.3,0,0.335,374
2026-08-01 23:30:00,CELL-CHE-01,Chennai,31.29,143.9,0,0.616,474
2026-08-02 01:30:00,CELL-CHE-02,Chennai,26.17,158.63,0,0.401,138
2026-08-05 20:15:00,CELL-BLR-01,Bengaluru,50.11,113.66,0,1.398,507
2026-08-04 12:00:00,CELL-MUM-03,Mumbai,48.89,121.25,0,0.736,518
2026-08-03 21:30:00,CELL-DEL-01,Delhi,30.47,165.7,0,1.27,414
2026-08-01 09:45:00,CELL-MUM-03,Mumbai,43.7,143.99,0,0.373,344
2026-08-04 10:15:00,CELL-MUM-02,Mumbai,38.29,185.98,0,0.891,266
2026-08-02 05:30:00,CELL-CHE-02,Chennai,25.7,166.32,0,0.685,437
2026-08-04 07:15:00,CELL-MUM-01,Mumbai,27.03,201.46,0,0.68,283
2026-08-03 12:00:00,CELL-HYD-01,Hyderabad,36.52,144.41,0,0.697,515
2026-08-02 07:30:00,CELL-MUM-03,Mumbai,39.77,146.37,0,0.764,235
2026-08-05 15:45:00,CELL-CHE-01,Chennai,34.19,157.24,0,0.552,361
2026-08-01 12:15:00,CELL-KOL-01,Kolkata,53.85,154.4,0,0.415,433
2026-08-02 02:30:00,CELL-CHE-03,Chennai,34.58,262.67,0,0.664,307
2026-08-01 10:30:00,CELL-HYD-01,Hyderabad,40.6,158.35,0,0.453,279
2026-08-02 21:00:00,CELL-MUM-02,Mumbai,61.71,138.81,0,1.131,379
2026-08-03 12:15:00,CELL-MUM-02,Mumbai,46.26,146.57,0,0.863,538
2026-08-03 16:30:00,CELL-CHE-02,Chennai,33.73,143.8,0,0.892,408
2026-08-01 15:45:00,CELL-HYD-02,Hyderabad,35.11,186.73,0,0.722,263
2026-08-02 17:00:00,CELL-DEL-02,Delhi,39.57,209.42,0,0.251,232
2026-08-03 09:30:00,CELL-HYD-02,Hyderabad,32.02,209.94,0,0.554,351
2026-08-05 04:15:00,CELL-BLR-02,Bengaluru,27.97,234.73,0,0.522,379
2026-08-02 20:15:00,CELL-MUM-01,Mumbai,43.24,146.21,0,0.563,317
2026-08-02 02:45:00,CELL-MUM-01,Mumbai,21.12,201.4,0,0.471,259
2026-08-03 10:15:00,CELL-CHE-01,Chennai,37.47,163.37,0,0.513,365
2026-08-04 09:00:00,CELL-BLR-01,Bengaluru,44.84,181.79,0,0.687,328
2026-08-01 15:00:00,CELL-BLR-03,Bengaluru,36.0,200.86,0,0.954,435
2026-08-02 17:30:00,CELL-MUM-01,Mumbai,36.75,169.38,0,0.815,398
2026-08-02 03:45:00,CELL-HYD-01,Hyderabad,25.88,173.16,0,0.66,195
2026-08-05 08:45:00,CELL-BLR-01,Bengaluru,41.27,167.72,0,0.893,330
2026-08-04 04:00:00,CELL-BLR-03,Bengaluru,39.79,191.72,0,0.32,309
2026-08-01 06:30:00,CELL-KOL-02,Kolkata,30.12,213.15,0,0.424,336
2026-08-04 05:00:00,CELL-HYD-01,Hyderabad,28.17,170.6,0,0.804,375
2026-08-05 14:45:00,CELL-KOL-03,Kolkata,27.5,248.66,0,0.937,389
2026-08-05 09:15:00,CELL-KOL-01,Kolkata,43.3,187.72,0,0.554,427
2026-08-03 07:15:00,CELL-KOL-02,Kolkata,28.82,164.93,0,1.035,259
2026-08-05 18:00:00,CELL-CHE-01,Chennai,40.1,134.61,0,0.581,477
2026-08-02 06:45:00,CELL-HYD-01,Hyderabad,,168.99,0,0.655,316
2026-08-04 19:00:00,CELL-BLR-02,Bengaluru,37.4,190.1,0,1.519,422
2026-08-01 07:30:00,CELL-BLR-03,Bengaluru,42.47,210.28,0,0.493,183
2026-08-05 05:45:00,CELL-HYD-03,Hyderabad,24.14,135.27,0,0.34,420
2026-08-05 07:00:00,CELL-MUM-03,Mumbai,40.51,160.93,0,0.87,305
2026-08-01 19:00:00,CELL-MUM-02,Mumbai,56.28,136.95,0,1.611,742
2026-08-02 12:00:00,CELL-MUM-02,Mumbai,52.84,133.72,0,0.781,322
2026-08-01 17:00:00,CELL-BLR-03,Bengaluru,48.92,164.23,0,0.622,187
2026-08-04 06:45:00,CELL-CHE-01,Chennai,31.95,163.47,0,0.366,435
2026-08-02 11:45:00,CELL-CHE-01,Chennai,39.93,156.23,0,0.803,409
2026-08-02 16:45:00,CELL-HYD-02,Hyderabad,40.75,162.82,0,0.903,405
2026-08-04 15:00:00,CELL-DEL-02,Delhi,44.01,209.84,0,0.652,303
2026-08-02 20:15:00,CELL-KOL-02,Kolkata,46.7,110.22,0,0.755,82
2026-08-04 17:15:00,CELL-KOL-02,Kolkata,32.09,145.87,0,0.467,494
2026-08-04 22:30:00,CELL-MUM-03,Mumbai,50.13,156.18,0,1.291,409
2026-08-04 04:00:00,CELL-HYD-01,Hyderabad,28.14,154.57,0,0.779,203
2026-08-01 08:15:00,CELL-HYD-01,Hyderabad,34.29,188.24,0,0.814,305
2026-08-05 00:00:00,CELL-DEL-03,Delhi,28.2,193.05,0,0.3,231
2026-08-04 07:00:00,CELL-BLR-01,Bengaluru,33.35,181.64,0,0.502,160
2026-08-03 09:45:00,CELL-KOL-02,Kolkata,26.53,151.01,0,0.426,285
2026-08-04 17:45:00,CELL-BLR-02,Bengaluru,36.18,232.36,0,0.045,547
2026-08-05 04:45:00,CELL-MUM-01,Mumbai,31.17,260.72,0,0.431,419
2026-08-03 17:15:00,CELL-KOL-01,Kolkata,58.43,172.6,0,0.437,450
2026-08-03 18:30:00,CELL-CHE-02,Chennai,44.59,121.85,0,0.838,272
2026-08-03 18:15:00,CELL-HYD-03,Hyderabad,36.32,112.05,0,0.881,472
2026-08-01 10:15:00,CELL-CHE-02,Chennai,38.05,145.52,0,0.652,219
2026-08-02 07:15:00,CELL-KOL-03,Kolkata,30.5,201.96,0,0.862,484
2026-08-04 05:45:00,CELL-CHE-03,Chennai,33.22,240.43,0,0.303,397
2026-08-01 21:15:00,CELL-DEL-03,Delhi,44.44,146.09,0,1.099,203
2026-08-03 21:30:00,CELL-HYD-03,Hyderabad,38.17,112.5,0,0.434,586
2026-08-02 12:30:00,CELL-HYD-03,Hyderabad,34.2,108.14,0,0.691,411
2026-08-02 02:45:00,CELL-BLR-02,Bengaluru,27.48,274.96,0,0.725,299
2026-08-03 10:00:00,CELL-HYD-02,Hyderabad,41.49,156.96,0,0.395,427
2026-08-02 21:15:00,CELL-KOL-02,Kolkata,40.07,130.45,0,0.453,523
2026-08-03 21:30:00,CELL-CHE-02,Chennai,30.93,102.96,0,0.885,400
2026-08-01 01:30:00,CELL-HYD-02,Hyderabad,36.67,190.41,0,0.369,358
2026-08-04 13:45:00,CELL-CHE-02,Chennai,36.5,117.71,0,0.722,537
2026-08-01 17:00:00,CELL-DEL-01,Delhi,34.35,202.31,0,0.388,221
2026-08-04 22:45:00,CELL-CHE-01,Chennai,35.5,165.85,0,0.253,166
2026-08-01 23:00:00,CELL-CHE-01,Chennai,34.32,150.21,0,0.82,430
2026-08-05 03:00:00,CELL-DEL-03,Delhi,33.86,129.06,0,0.69,218
2026-08-02 10:30:00,CELL-BLR-03,Bengaluru,54.83,191.81,0,0.363,182
2026-08-05 22:15:00,CELL-CHE-03,Chennai,42.85,198.97,0,0.73,318
2026-08-01 15:45:00,CELL-MUM-02,Mumbai,46.8,189.79,0,0.68,304
2026-08-04 03:45:00,CELL-BLR-01,Bengaluru,36.61,202.32,0,0.849,205
2026-08-01 04:30:00,CELL-DEL-03,Delhi,30.57,206.49,0,0.461,347
2026-08-04 02:15:00,CELL-KOL-01,Kolkata,35.24,195.09,0,0.577,321
2026-08-03 06:15:00,CELL-BLR-03,Bengaluru,44.55,228.34,0,0.941,389
2026-08-05 05:30:00,CELL-BLR-01,Bengaluru,35.81,219.53,0,0.65,212
2026-08-05 01:00:00,CELL-MUM-01,Mumbai,25.25,212.96,0,0.649,405
2026-08-05 03:30:00,CELL-BLR-03,Bengaluru,42.16,244.55,0,1.08,297
2026-08-04 23:15:00,CELL-KOL-03,Kolkata,35.24,188.94,0,0.726,324
2026-08-05 11:45:00,CELL-MUM-01,Mumbai,43.13,168.1,0,0.79,241
2026-08-03 11:45:00,CELL-CHE-02,Chennai,33.4,137.38,0,0.511,561
2026-08-02 22:00:00,CELL-CHE-02,Chennai,35.67,111.12,0,0.897,520
2026-08-02 11:00:00,CELL-CHE-01,Chennai,41.81,138.89,0,0.571,391
2026-08-01 08:45:00,CELL-HYD-01,Hyderabad,32.76,177.12,0,0.846,295
2026-08-03 10:00:00,CELL-DEL-01,Delhi,33.71,226.21,0,0.831,304
2026-08-02 10:45:00,CELL-CHE-02,Chennai,42.26,145.37,0,0.582,213
2026-08-02 08:00:00,CELL-HYD-02,Hyderabad,32.02,196.71,0,0.526,460
2026-08-05 13:30:00,CELL-BLR-01,Bengaluru,33.46,178.11,0,1.035,337
2026-08-05 11:45:00,CELL-BLR-03,Bengaluru,53.11,142.65,0,0.61,399
2026-08-05 10:00:00,CELL-KOL-01,Kolkata,44.83,163.74,0,0.823,236
2026-08-02 00:15:00,CELL-HYD-01,Hyderabad,30.32,164.0,0,0.447,348
2026-08-02 00:45:00,CELL-HYD-02,Hyderabad,27.1,205.02,0,0.511,299
2026-08-02 08:30:00,CELL-CHE-02,Chennai,,145.09,0,0.326,304
2026-08-02 01:15:00,CELL-HYD-03,Hyderabad,28.28,125.31,0,0.492,41
2026-08-05 23:30:00,CELL-DEL-02,Delhi,39.3,245.0,0,0.525,432
2026-08-04 21:15:00,CELL-HYD-02,Hyderabad,45.37,-386.72,0,1.717,498
2026-08-05 00:45:00,CELL-HYD-03,Hyderabad,26.31,143.07,0,0.559,403
2026-08-05 23:30:00,CELL-HYD-02,Hyderabad,42.39,167.19,0,0.262,463
2026-08-04 00:15:00,CELL-DEL-02,Delhi,39.71,220.38,0,0.761,228
2026-08-01 01:00:00,CELL-DEL-01,Delhi,24.69,251.2,0,0.204,304
2026-08-03 23:15:00,CELL-DEL-01,Delhi,36.01,185.4,0,0.619,256
2026-08-02 06:45:00,CELL-DEL-02,Delhi,38.48,245.72,0,0.445,364
2026-08-05 11:45:00,CELL-MUM-03,Mumbai,48.62,119.04,0,0.264,281
2026-08-04 16:00:00,CELL-DEL-03,Delhi,31.24,183.0,0,0.886,355
2026-08-01 04:45:00,CELL-CHE-02,Chennai,27.05,175.16,0,0.477,436
2026-08-02 15:15:00,CELL-KOL-03,Kolkata,33.14,207.76,0,0.414,302
2026-08-03 21:45:00,CELL-BLR-02,Bengaluru,40.95,198.77,0,0.994,483
2026-08-01 06:45:00,CELL-HYD-03,Hyderabad,32.81,133.66,0,0.335,429
2026-08-04 17:00:00,CELL-KOL-03,Kolkata,31.69,211.77,0,0.246,539
2026-08-02 18:45:00,CELL-BLR-03,Bengaluru,59.95,174.73,0,0.878,558
2026-08-02 09:30:00,CELL-MUM-03,Mumbai,49.56,153.47,0,1.012,453
2026-08-01 06:30:00,CELL-HYD-03,Hyderabad,29.49,139.59,0,0.432,462
2026-08-03 17:30:00,CELL-CHE-02,Chennai,30.86,138.24,0,0.541,418
2026-08-05 05:45:00,CELL-MUM-02,Mumbai,40.03,171.71,0,0.675,373
2026-08-04 15:00:00,CELL-BLR-03,Bengaluru,38.41,159.39,0,0.306,408
2026-08-05 21:00:00,CELL-MUM-02,Mumbai,65.47,122.64,0,0.905,367
2026-08-04 17:15:00,CELL-MUM-01,Mumbai,33.62,191.59,0,1.244,425
2026-08-03 17:45:00,CELL-DEL-02,Delhi,48.72,153.84,0,0.543,291
2026-08-01 12:15:00,CELL-CHE-02,Chennai,34.29,102.28,0,0.596,338
2026-08-01 20:45:00,CELL-BLR-01,Bengaluru,52.23,151.55,0,0.841,610
2026-08-03 03:45:00,CELL-DEL-03,Delhi,33.74,205.44,0,0.574,334
2026-08-02 03:15:00,CELL-DEL-03,Delhi,29.67,175.59,0,0.53,248
2026-08-01 01:00:00,CELL-CHE-01,Chennai,31.59,184.13,0,0.565,254
2026-08-01 00:45:00,CELL-MUM-03,Mumbai,37.23,166.41,0,0.54,177
2026-08-01 14:30:00,CELL-BLR-02,Bengaluru,28.13,256.55,0,0.381,303
2026-08-04 07:45:00,CELL-BLR-02,Bengaluru,28.95,230.29,0,0.504,315
2026-08-02 01:30:00,CELL-DEL-02,Delhi,35.18,249.42,0,0.545,416
2026-08-05 22:00:00,CELL-KOL-02,Kolkata,35.13,132.22,0,1.032,490
2026-08-03 04:15:00,CELL-HYD-01,Hyderabad,29.62,179.51,0,0.88,229
2026-08-01 00:30:00,CELL-KOL-02,Kolkata,25.98,179.15,0,0.401,188
2026-08-05 11:30:00,CELL-DEL-03,Delhi,39.37,139.03,0,0.548,230
2026-08-05 00:30:00,CELL-CHE-01,Chennai,33.12,210.64,0,0.38,156
2026-08-05 04:30:00,CELL-MUM-03,Mumbai,40.72,153.21,0,0.618,169
2026-08-02 20:30:00,CELL-MUM-03,Mumbai,48.94,100.44,0,0.974,476
2026-08-04 00:00:00,CELL-CHE-03,Chennai,29.12,198.4,0,0.085,350
2026-08-05 16:15:00,CELL-MUM-03,Mumbai,42.92,156.34,0,0.24,480
2026-08-05 12:15:00,CELL-HYD-02,Hyderabad,41.91,164.84,0,0.283,527
2026-08-02 22:30:00,CELL-BLR-03,Bengaluru,42.08,174.26,0,0.604,449
2026-08-05 08:15:00,CELL-HYD-02,Hyderabad,36.78,228.66,0,0.736,454
2026-08-04 03:00:00,CELL-MUM-02,Mumbai,44.49,211.87,0,0.386,354
2026-08-04 10:15:00,CELL-HYD-01,Hyderabad,39.01,116.85,0,0.711,369
2026-08-04 17:15:00,CELL-HYD-03,Hyderabad,37.74,118.18,0,1.241,331
2026-08-05 09:45:00,CELL-DEL-03,Delhi,30.96,144.73,0,0.747,601
2026-08-02 09:30:00,CELL-CHE-01,Chennai,33.92,175.38,0,0.303,251
2026-08-04 00:30:00,CELL-BLR-03,Bengaluru,39.07,204.11,0,0.501,260
2026-08-05 16:00:00,CELL-MUM-01,Mumbai,37.2,201.18,0,0.266,437
2026-08-05 08:15:00,CELL-CHE-03,Chennai,31.45,228.87,0,0.851,220
2026-08-02 20:45:00,CELL-KOL-03,Kolkata,48.72,193.73,0,0.843,317
2026-08-04 08:45:00,CELL-KOL-01,Kolkata,40.11,189.3,0,0.441,561
2026-08-01 11:15:00,CELL-MUM-02,Mumbai,62.62,157.14,0,0.801,410
2026-08-03 00:15:00,CELL-BLR-02,Bengaluru,28.6,227.85,0,0.659,323
2026-08-02 22:15:00,CELL-HYD-03,Hyderabad,32.37,128.63,0,1.137,476
2026-08-03 15:15:00,CELL-HYD-01,Hyderabad,33.73,145.1,0,0.493,444
2026-08-05 00:45:00,CELL-CHE-03,Chennai,36.27,219.73,0,0.457,336
2026-08-04 00:00:00,CELL-MUM-03,Mumbai,44.94,121.51,0,0.703,292
2026-08-02 09:00:00,CELL-CHE-01,Chennai,31.01,158.28,0,0.332,196
2026-08-03 20:15:00,CELL-DEL-01,Delhi,33.43,175.01,0,0.333,575
2026-08-05 00:30:00,CELL-KOL-01,Kolkata,48.99,227.45,0,0.838,312
2026-08-03 23:30:00,CELL-MUM-02,Mumbai,50.34,169.5,0,0.996,281
2026-08-02 02:15:00,CELL-CHE-01,Chennai,32.13,178.31,0,0.237,271
2026-08-02 15:45:00,CELL-DEL-03,Delhi,29.34,164.06,0,0.697,273
2026-08-01 14:00:00,CELL-DEL-01,Delhi,28.64,214.71,0,0.902,580
2026-08-02 04:30:00,CELL-CHE-02,Chennai,26.19,159.49,0,0.66,256
2026-08-05 22:00:00,CELL-HYD-03,Hyderabad,31.37,113.43,0,0.869,526
2026-08-04 19:15:00,CELL-MUM-01,Mumbai,41.95,150.89,0,0.461,441
2026-08-02 06:45:00,CELL-KOL-03,Kolkata,32.23,246.58,0,0.418,156
2026-08-04 09:15:00,CELL-MUM-03,Mumbai,37.78,161.27,0,0.836,339
2026-08-05 11:45:00,CELL-KOL-02,Kolkata,31.26,127.97,0,0.709,392
2026-08-05 10:00:00,CELL-MUM-03,Mumbai,50.76,141.3,0,0.299,450
2026-08-01 06:45:00,CELL-MUM-03,Mumbai,45.23,168.42,0,0.504,268
2026-08-04 13:45:00,CELL-HYD-02,Hyderabad,43.52,164.38,0,0.659,395
2026-08-05 21:45:00,CELL-HYD-03,Hyderabad,39.48,113.27,0,0.765,314
2026-08-05 19:45:00,CELL-BLR-03,Bengaluru,58.94,125.59,0,0.417,466
2026-08-04 13:15:00,CELL-BLR-03,Bengaluru,46.99,166.24,0,0.518,175
2026-08-05 18:00:00,CELL-DEL-03,Delhi,37.2,142.17,0,0.647,143
2026-08-03 02:00:00,CELL-CHE-03,Chennai,34.74,252.82,0,0.755,198
2026-08-01 17:30:00,CELL-CHE-03,Chennai,40.8,211.03,0,0.581,393
2026-08-04 20:15:00,CELL-MUM-01,Mumbai,38.6,155.72,0,0.894,474
2026-08-03 22:45:00,CELL-CHE-01,Chennai,30.67,172.96,0,0.524,285
2026-08-03 00:00:00,CELL-BLR-01,Bengaluru,,188.79,0,0.419,175
2026-08-05 05:15:00,CELL-MUM-03,Mumbai,40.92,135.09,0,1.084,281
2026-08-01 14:45:00,CELL-BLR-03,Bengaluru,40.14,182.0,0,0.681,434
2026-08-05 23:00:00,CELL-DEL-03,Delhi,33.65,141.68,0,0.615,359
2026-08-04 11:15:00,CELL-BLR-03,Bengaluru,46.72,166.12,0,0.586,285
2026-08-02 00:30:00,CELL-KOL-03,Kolkata,33.61,203.43,0,0.493,265
2026-08-02 14:00:00,CELL-CHE-01,Chennai,38.21,147.83,0,0.673,378
2026-08-01 04:30:00,CELL-KOL-01,Kolkata,42.3,212.1,0,0.704,301
2026-08-03 18:00:00,CELL-MUM-01,Mumbai,44.2,150.85,0,0.781,357
2026-08-01 05:45:00,CELL-MUM-03,Mumbai,45.6,142.28,0,0.287,274
2026-08-04 05:45:00,CELL-BLR-02,Bengaluru,26.65,245.22,0,0.915,409
2026-08-01 21:00:00,CELL-BLR-01,Bengaluru,46.7,161.2,0,0.555,260
2026-08-03 17:45:00,CELL-MUM-01,Mumbai,36.9,161.76,0,0.375,229
2026-08-05 18:00:00,CELL-BLR-01,Bengaluru,40.74,147.7,0,0.909,427
2026-08-02 16:45:00,CELL-CHE-01,Chennai,32.89,185.57,0,0.719,255
2026-08-04 09:00:00,CELL-CHE-01,Chennai,34.71,190.56,0,0.689,318
2026-08-05 12:00:00,CELL-BLR-03,Bengaluru,57.14,179.71,0,0.336,416
2026-08-01 00:15:00,CELL-HYD-03,Hyderabad,28.86,148.16,0,0.213,318
2026-08-01 04:45:00,CELL-MUM-01,Mumbai,31.1,217.14,0,0.241,283
2026-08-04 06:00:00,CELL-DEL-01,Delhi,32.45,218.95,0,0.813,349
2026-08-02 03:45:00,CELL-HYD-02,Hyderabad,41.56,199.02,0,0.535,246
2026-08-01 03:15:00,CELL-KOL-03,Kolkata,28.41,240.33,0,0.662,343
2026-08-01 08:15:00,CELL-KOL-01,Kolkata,45.08,170.16,0,0.865,203
2026-08-03 19:00:00,CELL-CHE-01,Chennai,32.11,101.0,0,0.405,502
2026-08-02 16:00:00,CELL-BLR-03,Bengaluru,43.44,191.84,0,0.608,477
2026-08-04 09:15:00,CELL-HYD-02,Hyderabad,35.68,188.47,0,0.803,405
2026-08-02 16:15:00,CELL-KOL-03,Kolkata,28.56,232.53,0,0.982,432
2026-08-04 14:00:00,CELL-MUM-01,Mumbai,33.74,173.54,0,0.577,381
2026-08-03 06:15:00,CELL-MUM-01,Mumbai,25.93,204.84,0,0.951,405
2026-08-05 00:30:00,CELL-DEL-03,Delhi,31.27,168.6,0,0.362,111
2026-08-02 17:45:00,CELL-CHE-03,Chennai,45.86,194.59,0,0.073,330
2026-08-01 06:45:00,CELL-HYD-02,Hyderabad,33.59,199.41,0,0.79,489
2026-08-03 04:15:00,CELL-CHE-02,Chennai,28.76,149.95,0,0.555,281
2026-08-03 03:15:00,CELL-BLR-03,Bengaluru,41.31,252.82,0,0.288,340
2026-08-05 21:15:00,CELL-HYD-03,Hyderabad,36.94,107.9,0,0.582,364
2026-08-05 21:30:00,CELL-CHE-03,Chennai,46.23,195.77,0,0.973,512
2026-08-02 05:45:00,CELL-MUM-01,Mumbai,30.42,213.12,0,0.401,277
2026-08-03 13:45:00,CELL-MUM-03,Mumbai,46.91,124.42,0,0.416,394
2026-08-05 23:45:00,CELL-KOL-03,Kolkata,38.16,221.08,0,0.275,221
2026-08-03 16:00:00,CELL-DEL-02,Delhi,41.85,196.95,0,0.159,332
2026-08-02 19:00:00,CELL-HYD-03,Hyderabad,42.26,99.24,0,0.322,214
2026-08-01 14:45:00,CELL-DEL-01,Delhi,34.68,209.99,0,0.836,557
2026-08-05 08:00:00,CELL-HYD-02,Hyderabad,32.97,203.46,0,0.407,276
2026-08-02 07:45:00,CELL-MUM-03,Mumbai,43.6,151.26,0,0.448,302
2026-08-05 06:00:00,CELL-KOL-01,Kolkata,36.8,215.69,0,0.384,261
2026-08-05 04:00:00,CELL-KOL-01,Kolkata,38.35,204.9,0,0.098,523
2026-08-01 10:00:00,CELL-DEL-03,Delhi,37.93,180.32,0,0.385,306
2026-08-03 12:45:00,CELL-DEL-03,Delhi,42.64,143.26,0,0.454,387
2026-08-03 11:15:00,CELL-CHE-03,Chennai,47.01,227.68,0,0.251,191
2026-08-05 06:00:00,CELL-DEL-03,Delhi,26.68,188.45,0,0.619,328
2026-08-05 07:45:00,CELL-DEL-03,Delhi,30.16,182.27,0,0.614,342
2026-08-02 13:30:00,CELL-HYD-02,Hyderabad,39.94,163.95,0,0.376,377
2026-08-01 14:30:00,CELL-MUM-02,Mumbai,54.93,156.84,0,0.684,284
2026-08-02 04:30:00,CELL-BLR-02,Bengaluru,28.54,256.78,0,0.413,294
2026-08-05 23:45:00,CELL-BLR-01,Bengaluru,36.27,175.52,0,0.832,346
2026-08-05 12:30:00,CELL-CHE-02,Chennai,39.28,118.76,0,0.253,250
2026-08-05 00:45:00,CELL-MUM-02,Mumbai,43.42,217.18,0,0.852,274
2026-08-04 15:15:00,CELL-DEL-03,Delhi,31.06,182.57,0,0.801,343
2026-08-05 08:45:00,CELL-CHE-02,Chennai,34.64,139.15,0,0.733,298
2026-08-04 15:45:00,CELL-MUM-02,Mumbai,42.06,170.85,0,0.83,370
2026-08-04 07:15:00,CELL-MUM-02,Mumbai,37.11,208.61,0,0.639,405
2026-08-01 02:15:00,CELL-DEL-03,Delhi,27.07,180.31,0,0.617,209
2026-08-03 01:45:00,CELL-KOL-02,Kolkata,32.61,202.56,0,0.56,333
2026-08-04 00:30:00,CELL-KOL-01,Kolkata,44.6,207.78,0,0.776,260
2026-08-03 12:30:00,CELL-MUM-02,Mumbai,58.35,162.5,0,0.455,476
2026-08-05 11:00:00,CELL-CHE-01,Chennai,34.43,138.39,0,0.267,345
2026-08-01 04:45:00,CELL-BLR-02,Bengaluru,26.43,303.88,0,0.051,233
2026-08-03 04:15:00,CELL-KOL-02,Kolkata,33.24,142.2,0,0.417,481
2026-08-05 23:00:00,CELL-DEL-02,Delhi,41.22,200.22,0,0.621,428
2026-08-04 01:00:00,CELL-CHE-02,Chennai,28.99,175.6,0,0.49,324
2026-08-01 18:45:00,CELL-CHE-02,Chennai,37.72,97.07,0,0.958,570
2026-08-05 05:45:00,CELL-DEL-03,Delhi,33.35,192.13,0,0.929,329
2026-08-04 08:00:00,CELL-KOL-02,Kolkata,29.1,187.48,0,0.668,357
2026-08-03 09:45:00,CELL-DEL-03,Delhi,32.01,165.94,0,0.639,328
2026-08-03 22:30:00,CELL-KOL-01,Kolkata,56.48,183.49,0,0.849,564
2026-08-03 01:30:00,CELL-KOL-01,Kolkata,44.28,176.51,0,0.734,327
2026-08-01 22:30:00,CELL-BLR-01,Bengaluru,42.2,167.23,0,0.863,363
2026-08-05 15:30:00,CELL-DEL-03,Delhi,34.53,177.87,0,0.985,234
2026-08-03 21:15:00,CELL-KOL-02,Kolkata,38.44,135.95,0,0.794,736
2026-08-02 11:45:00,CELL-CHE-03,Chennai,42.13,201.11,0,0.501,337
2026-08-01 21:30:00,CELL-BLR-03,Bengaluru,59.06,159.05,0,0.72,349
2026-08-04 23:15:00,CELL-HYD-03,Hyderabad,34.42,118.25,0,0.431,147
2026-08-01 05:00:00,CELL-CHE-01,Chennai,27.68,162.72,0,0.477,172
2026-08-02 17:00:00,CELL-CHE-01,Chennai,37.8,135.89,0,0.549,417
2026-08-02 10:30:00,CELL-HYD-01,Hyderabad,,0.0,15,0.801,364
2026-08-01 12:30:00,CELL-MUM-03,Mumbai,49.27,134.04,0,0.806,380
2026-08-01 02:00:00,CELL-DEL-01,Delhi,28.9,241.97,0,0.495,351
2026-08-05 18:30:00,CELL-DEL-01,Delhi,36.86,178.25,0,0.846,663
2026-08-05 16:00:00,CELL-CHE-02,Chennai,36.82,149.11,0,0.005,358
2026-08-01 19:45:00,CELL-BLR-02,Bengaluru,37.55,184.29,0,0.666,493
2026-08-04 05:00:00,CELL-KOL-02,Kolkata,25.34,173.17,0,0.221,192
2026-08-03 20:15:00,CELL-DEL-03,Delhi,101.16,133.67,0,1.786,435
2026-08-02 11:15:00,CELL-CHE-01,Chennai,37.61,166.03,0,0.462,156
2026-08-03 15:15:00,CELL-HYD-03,Hyderabad,30.05,126.7,0,0.255,341
2026-08-03 18:30:00,CELL-HYD-01,Hyderabad,45.99,118.92,0,0.199,245
2026-08-03 04:30:00,CELL-MUM-01,Mumbai,25.3,229.66,0,0.467,408
2026-08-02 03:15:00,CELL-HYD-02,Hyderabad,30.15,224.22,0,0.779,309
2026-08-01 18:00:00,CELL-MUM-01,Mumbai,39.12,194.67,0,1.559,262
2026-08-03 02:30:00,CELL-KOL-01,Kolkata,49.27,197.66,0,0.325,389
2026-08-03 11:15:00,CELL-HYD-02,Hyderabad,38.21,167.89,0,0.431,405
2026-08-05 01:45:00,CELL-CHE-02,Chennai,31.99,161.74,0,0.464,232
2026-08-03 15:45:00,CELL-HYD-01,Hyderabad,34.6,170.72,0,0.327,442
2026-08-05 11:15:00,CELL-BLR-03,Bengaluru,52.38,177.09,0,0.207,185
2026-08-03 03:00:00,CELL-BLR-01,Bengaluru,40.05,200.92,0,0.544,330
2026-08-04 17:30:00,CELL-BLR-03,Bengaluru,49.57,151.38,0,0.508,400
2026-08-01 14:00:00,CELL-KOL-02,Kolkata,29.11,150.74,0,1.015,274
2026-08-05 15:15:00,CELL-KOL-02,Kolkata,27.34,172.46,0,0.413,306
2026-08-03 19:30:00,CELL-HYD-03,Hyderabad,38.74,106.14,0,0.994,442
2026-08-03 01:30:00,CELL-MUM-03,Mumbai,43.82,165.72,0,0.636,277
2026-08-03 22:15:00,CELL-BLR-02,Bengaluru,40.31,203.06,0,0.552,294
2026-08-01 14:15:00,CELL-CHE-02,Chennai,35.87,151.22,0,0.62,202
2026-08-05 15:45:00,CELL-MUM-01,Mumbai,29.22,248.44,0,0.495,295
2026-08-05 11:45:00,CELL-HYD-03,Hyderabad,35.62,114.2,0,0.83,423
2026-08-02 03:00:00,CELL-BLR-02,Bengaluru,31.89,218.71,0,0.668,190
2026-08-02 13:45:00,CELL-CHE-02,Chennai,31.42,129.71,0,0.853,447
2026-08-05 09:45:00,CELL-MUM-02,Mumbai,53.28,166.93,0,0.32,206
2026-08-02 21:45:00,CELL-KOL-01,Kolkata,57.78,186.34,0,0.787,5
2026-08-05 13:30:00,CELL-DEL-01,Delhi,35.82,192.48,0,0.619,325
2026-08-01 17:00:00,CELL-BLR-01,Bengaluru,44.18,186.49,0,0.66,268
2026-08-01 23:15:00,CELL-DEL-02,Delhi,45.9,237.09,0,0.687,231
2026-08-05 02:30:00,CELL-BLR-03,Bengaluru,40.24,215.07,0,0.723,312
2026-08-05 17:30:00,CELL-KOL-03,Kolkata,41.3,180.78,0,0.411,511
2026-08-05 15:15:00,CELL-BLR-02,Bengaluru,33.14,266.95,0,0.587,717
2026-08-01 16:30:00,CELL-CHE-02,Chennai,28.39,126.49,0,0.53,611
2026-08-05 19:30:00,CELL-CHE-01,Chennai,49.75,126.21,0,1.202,452
2026-08-05 00:00:00,CELL-BLR-02,Bengaluru,27.96,291.36,0,0.336,237
2026-08-02 21:15:00,CELL-CHE-01,Chennai,47.0,116.69,0,0.896,609
2026-08-01 14:15:00,CELL-MUM-02,Mumbai,44.12,159.33,0,0.999,403
2026-08-03 22:45:00,CELL-MUM-01,Mumbai,37.39,186.81,0,0.667,206
2026-08-05 08:15:00,CELL-KOL-01,Kolkata,40.02,199.47,0,0.589,367
2026-08-05 12:15:00,CELL-MUM-03,Mumbai,48.69,132.74,0,0.902,486
2026-08-04 08:30:00,CELL-MUM-02,Mumbai,48.01,209.59,0,0.587,303
2026-08-03 12:45:00,CELL-HYD-02,Hyderabad,,187.72,0,0.806,567
2026-08-04 11:15:00,CELL-HYD-03,Hyderabad,32.97,110.1,0,0.746,448
2026-08-02 21:15:00,CELL-KOL-01,Kolkata,61.33,146.99,0,0.082,455
2026-08-02 17:00:00,CELL-CHE-03,Chennai,39.93,200.3,0,0.616,227
2026-08-05 10:45:00,CELL-KOL-02,Kolkata,37.19,165.34,0,0.677,266
2026-08-01 23:00:00,CELL-BLR-02,Bengaluru,31.7,216.07,0,0.736,380
2026-08-01 22:45:00,CELL-CHE-02,Chennai,33.59,152.72,0,0.807,379
2026-08-02 21:15:00,CELL-HYD-03,Hyderabad,42.84,121.27,0,1.442,383
2026-08-02 12:30:00,CELL-BLR-03,Bengaluru,52.89,157.31,0,0.521,458
2026-08-03 12:30:00,CELL-BLR-03,Bengaluru,43.16,135.7,0,0.303,434
2026-08-04 04:45:00,CELL-BLR-01,Bengaluru,38.88,175.04,0,0.716,307
2026-08-03 01:15:00,CELL-MUM-03,Mumbai,44.93,139.38,0,0.299,336
2026-08-02 18:00:00,CELL-HYD-01,Hyderabad,32.18,139.64,0,0.817,491
2026-08-01 06:15:00,CELL-BLR-01,Bengaluru,38.5,207.96,0,0.706,314
2026-08-05 15:00:00,CELL-DEL-01,Delhi,28.33,250.69,0,0.581,260
2026-08-02 12:00:00,CELL-HYD-01,Hyderabad,31.42,127.45,0,1.252,432
2026-08-02 20:15:00,CELL-BLR-03,Bengaluru,52.75,160.96,0,0.536,514
2026-08-03 05:45:00,CELL-HYD-02,Hyderabad,33.28,193.16,0,0.428,336
2026-08-02 00:15:00,CELL-CHE-01,Chennai,35.72,164.05,0,0.313,415
2026-08-04 21:15:00,CELL-BLR-02,Bengaluru,41.63,204.06,0,1.143,545
2026-08-03 04:30:00,CELL-BLR-02,Bengaluru,31.2,232.98,0,0.7,292
2026-08-01 20:15:00,CELL-DEL-01,Delhi,49.0,176.38,0,1.287,403
2026-08-01 00:15:00,CELL-KOL-03,Kolkata,28.75,239.15,0,0.483,408
2026-08-02 10:30:00,CELL-DEL-02,Delhi,52.63,194.87,0,0.973,385
2026-08-03 18:15:00,CELL-MUM-02,Mumbai,51.97,139.34,0,1.085,454
2026-08-03 18:45:00,CELL-KOL-02,Kolkata,40.4,146.97,0,0.693,238
2026-08-03 05:15:00,CELL-HYD-01,Hyderabad,25.71,198.49,0,0.984,367
2026-08-01 02:45:00,CELL-DEL-03,Delhi,28.53,191.3,0,0.443,344
2026-08-03 14:15:00,CELL-MUM-02,Mumbai,53.03,149.27,0,0.829,338
2026-08-01 10:00:00,CELL-DEL-01,Delhi,30.91,247.44,0,0.399,311
2026-08-04 10:15:00,CELL-DEL-03,Delhi,35.54,128.42,0,0.48,398
2026-08-01 09:45:00,CELL-CHE-03,Chennai,35.0,223.38,0,0.883,362
2026-08-04 04:00:00,CELL-BLR-01,Bengaluru,34.51,211.94,0,0.444,174
2026-08-02 18:30:00,CELL-DEL-01,Delhi,31.07,180.76,0,0.666,338
2026-08-02 01:15:00,CELL-DEL-02,Delhi,38.54,193.7,0,0.688,278
2026-08-05 10:45:00,CELL-HYD-03,Hyderabad,37.45,122.11,0,0.409,180
2026-08-04 04:15:00,CELL-MUM-02,Mumbai,49.56,192.86,0,0.565,372
2026-08-03 21:45:00,CELL-MUM-03,Mumbai,55.92,108.25,0,0.397,308
2026-08-04 05:15:00,CELL-KOL-01,Kolkata,42.38,223.33,0,0.344,219
2026-08-01 14:00:00,CELL-MUM-03,Mumbai,47.29,133.0,0,0.257,154
2026-08-05 05:15:00,CELL-KOL-01,Kolkata,42.87,167.03,0,0.512,423
2026-08-03 21:00:00,CELL-MUM-01,Mumbai,41.92,148.6,0,0.096,398
2026-08-02 05:45:00,CELL-HYD-03,Hyderabad,31.96,149.79,0,0.48,325
2026-08-05 13:15:00,CELL-KOL-02,Kolkata,35.06,162.69,0,0.112,464
2026-08-03 16:30:00,CELL-DEL-02,Delhi,50.64,222.72,0,0.51,522
2026-08-02 03:45:00,CELL-DEL-02,Delhi,36.31,266.72,0,0.845,336
2026-08-03 09:15:00,CELL-DEL-02,Delhi,44.08,194.3,0,0.375,222
2026-08-04 18:00:00,CELL-BLR-01,Bengaluru,49.82,153.73,0,0.892,484
2026-08-02 04:00:00,CELL-HYD-01,Hyderabad,29.51,176.3,0,0.633,475
2026-08-02 06:00:00,CELL-CHE-02,Chennai,28.9,172.52,0,0.838,330
2026-08-05 08:45:00,CELL-HYD-01,Hyderabad,25.63,166.99,0,0.54,633
2026-08-04 11:30:00,CELL-HYD-01,Hyderabad,39.01,160.93,0,0.83,262
2026-08-01 11:45:00,CELL-MUM-02,Mumbai,53.87,161.81,0,0.774,225
2026-08-05 03:00:00,CELL-CHE-02,Chennai,32.41,164.07,0,0.699,313
2026-08-05 02:00:00,CELL-CHE-03,Chennai,32.88,206.43,0,0.17,184
2026-08-05 22:30:00,CELL-MUM-01,Mumbai,38.39,179.0,0,0.771,332
2026-08-05 03:15:00,CELL-CHE-01,Chennai,31.97,137.4,0,0.753,493
2026-08-02 08:45:00,CELL-KOL-02,Kolkata,36.7,184.54,0,0.252,295
2026-08-04 10:30:00,CELL-DEL-03,Delhi,34.69,176.6,0,0.353,254
2026-08-01 15:00:00,CELL-HYD-03,Hyderabad,38.37,132.48,0,0.45,511
2026-08-02 04:45:00,CELL-HYD-03,Hyderabad,29.01,145.01,0,0.582,380
2026-08-03 08:30:00,CELL-CHE-01,Chennai,34.52,180.38,0,1.139,279
2026-08-04 10:15:00,CELL-BLR-01,Bengaluru,35.47,157.55,0,0.302,378
2026-08-01 04:15:00,CELL-BLR-01,Bengaluru,37.7,214.14,0,0.788,324
2026-08-03 12:15:00,CELL-DEL-02,Delhi,48.52,207.01,0,0.475,397
2026-08-02 09:00:00,CELL-CHE-02,Chennai,37.59,157.98,0,0.387,442
2026-08-01 03:30:00,CELL-DEL-02,Delhi,38.76,241.09,0,0.591,371
2026-08-01 21:00:00,CELL-MUM-02,Mumbai,71.03,153.47,0,0.64,484
2026-08-01 12:00:00,CELL-HYD-03,Hyderabad,36.52,109.66,0,0.886,443
2026-08-04 13:00:00,CELL-BLR-02,Bengaluru,30.49,193.09,0,0.896,495
2026-08-03 18:00:00,CELL-DEL-03,Delhi,61.41,135.81,0,0.172,637
2026-08-05 11:15:00,CELL-HYD-01,Hyderabad,38.12,144.67,0,0.866,420
2026-08-03 21:30:00,CELL-KOL-02,Kolkata,32.49,109.43,0,0.935,394
2026-08-01 23:15:00,CELL-HYD-01,Hyderabad,31.82,146.83,0,0.959,93
2026-08-03 22:45:00,CELL-MUM-03,Mumbai,52.88,129.17,0,0.037,297
2026-08-04 03:45:00,CELL-MUM-02,Mumbai,47.6,194.94,0,0.583,438
2026-08-05 04:30:00,CELL-CHE-01,Chennai,27.41,185.21,0,0.523,555
2026-08-01 19:00:00,CELL-MUM-01,Mumbai,43.83,212.12,0,1.47,475
2026-08-05 15:30:00,CELL-CHE-03,Chennai,32.42,247.84,0,0.003,356
2026-08-02 12:00:00,CELL-KOL-03,Kolkata,34.09,172.3,0,0.823,343
2026-08-05 00:00:00,CELL-HYD-02,Hyderabad,31.04,184.59,0,0.711,339
2026-08-01 08:00:00,CELL-CHE-02,Chennai,30.26,143.01,0,0.394,300
2026-08-05 15:00:00,CELL-KOL-02,Kolkata,26.09,187.7,0,0.628,360
2026-08-02 06:30:00,CELL-KOL-02,Kolkata,27.43,181.66,0,0.938,383
2026-08-04 09:45:00,CELL-CHE-01,Chennai,34.61,174.35,0,0.108,446
2026-08-04 15:45:00,CELL-HYD-03,Hyderabad,29.81,147.93,0,0.798,318
2026-08-02 09:15:00,CELL-KOL-02,Kolkata,31.81,173.76,0,0.539,400
2026-08-01 02:30:00,CELL-KOL-02,Kolkata,32.57,151.22,0,0.664,357
2026-08-03 02:45:00,CELL-KOL-01,Kolkata,38.6,232.16,0,0.695,525
2026-08-05 15:15:00,CELL-CHE-03,Chennai,38.37,221.04,0,0.573,458
2026-08-02 12:30:00,CELL-BLR-02,Bengaluru,32.7,227.97,0,0.305,338
2026-08-05 09:15:00,CELL-CHE-03,Chennai,40.41,232.36,0,0.554,556
2026-08-04 12:30:00,CELL-BLR-01,Bengaluru,37.92,151.32,0,0.569,260
2026-08-01 17:45:00,CELL-KOL-03,Kolkata,36.28,179.31,0,0.404,310
2026-08-03 08:30:00,CELL-HYD-01,Hyderabad,35.2,194.64,0,0.831,312
2026-08-01 18:45:00,CELL-DEL-03,Delhi,40.87,164.97,0,0.102,618
2026-08-05 21:15:00,CELL-CHE-01,Chennai,42.85,132.95,0,1.101,259
2026-08-03 21:00:00,CELL-CHE-01,Chennai,46.17,128.18,0,1.143,366
2026-08-03 04:15:00,CELL-CHE-01,Chennai,25.74,200.55,0,0.752,291
2026-08-05 03:45:00,CELL-BLR-03,Bengaluru,38.92,173.63,0,0.723,364
2026-08-04 04:00:00,CELL-CHE-01,Chennai,33.73,170.26,0,0.633,376
2026-08-02 01:45:00,CELL-KOL-01,Kolkata,49.91,250.06,0,0.698,259
2026-08-02 13:45:00,CELL-HYD-03,Hyderabad,31.99,126.14,0,0.823,178
2026-08-03 04:45:00,CELL-DEL-02,Delhi,41.7,250.26,0,0.433,278
2026-08-02 17:30:00,CELL-CHE-02,Chennai,26.98,133.84,0,0.716,486
2026-08-05 04:45:00,CELL-BLR-02,Bengaluru,30.08,257.36,0,0.331,306
2026-08-05 06:45:00,CELL-MUM-02,Mumbai,35.02,186.85,0,0.531,404
2026-08-03 04:00:00,CELL-KOL-03,Kolkata,33.89,258.5,0,0.632,321
2026-08-05 23:30:00,CELL-HYD-01,Hyderabad,31.02,168.16,0,0.478,133
2026-08-03 11:30:00,CELL-MUM-03,Mumbai,50.93,130.67,0,0.489,217
2026-08-02 23:45:00,CELL-KOL-03,Kolkata,36.32,213.21,0,0.387,436
2026-08-05 00:30:00,CELL-MUM-01,Mumbai,26.84,227.11,0,0.221,428
2026-08-04 15:15:00,CELL-CHE-02,Chennai,28.49,152.86,0,0.313,211
2026-08-01 23:45:00,CELL-CHE-02,Chennai,32.37,138.51,0,0.809,389
2026-08-01 02:15:00,CELL-KOL-03,Kolkata,31.55,199.45,0,0.767,329
2026-08-03 17:30:00,CELL-HYD-01,Hyderabad,37.61,130.57,0,0.976,217
2026-08-02 08:15:00,CELL-BLR-03,Bengaluru,46.74,189.17,0,0.67,481
2026-08-04 18:00:00,CELL-KOL-01,Kolkata,55.88,154.43,0,0.901,404
2026-08-02 20:45:00,CELL-BLR-03,Bengaluru,56.37,138.01,0,0.685,577
2026-08-03 03:30:00,CELL-KOL-02,Kolkata,28.1,189.59,0,0.639,422
2026-08-05 22:00:00,CELL-BLR-02,Bengaluru,30.11,219.79,0,0.932,279
2026-08-01 07:45:00,CELL-KOL-03,Kolkata,29.59,257.43,0,0.158,330
2026-08-04 23:45:00,CELL-BLR-03,Bengaluru,39.47,205.35,0,0.441,175
2026-08-01 03:30:00,CELL-MUM-03,Mumbai,36.54,166.7,0,0.969,381
2026-08-02 10:30:00,CELL-KOL-01,Kolkata,44.08,186.26,0,0.552,314
2026-08-03 02:15:00,CELL-CHE-03,Chennai,41.13,251.94,0,0.582,461
2026-08-03 09:15:00,CELL-MUM-03,Mumbai,37.35,153.87,0,0.298,286
2026-08-04 14:15:00,CELL-BLR-02,Bengaluru,31.25,237.62,0,0.929,145
2026-08-02 18:45:00,CELL-CHE-02,Chennai,39.0,100.55,0,1.058,481
2026-08-01 23:45:00,CELL-KOL-03,Kolkata,25.42,213.78,0,0.615,130
2026-08-02 15:45:00,CELL-CHE-03,Chennai,38.47,246.77,0,0.63,240
2026-08-02 21:30:00,CELL-CHE-03,Chennai,45.3,183.78,0,1.006,405
2026-08-05 09:45:00,CELL-DEL-02,Delhi,45.59,209.52,0,1.079,413
2026-08-03 23:45:00,CELL-DEL-01,Delhi,29.13,229.44,0,0.499,377
2026-08-04 15:00:00,CELL-BLR-02,Bengaluru,27.22,217.14,0,0.266,398
2026-08-04 03:30:00,CELL-HYD-02,Hyderabad,35.69,215.95,0,0.452,184
2026-08-02 15:30:00,CELL-CHE-03,Chennai,39.37,237.7,0,0.388,316
2026-08-05 04:45:00,CELL-HYD-02,Hyderabad,36.23,227.15,0,0.657,297
2026-08-03 04:30:00,CELL-DEL-01,Delhi,32.51,253.38,0,0.236,267
2026-08-03 12:15:00,CELL-BLR-03,Bengaluru,56.42,157.77,0,0.585,332
2026-08-04 01:00:00,CELL-KOL-03,Kolkata,30.04,238.88,0,0.509,293
2026-08-03 23:15:00,CELL-DEL-03,Delhi,33.99,145.43,0,0.332,491
2026-08-05 23:45:00,CELL-BLR-03,Bengaluru,46.97,184.06,0,0.554,377
2026-08-05 13:30:00,CELL-CHE-01,Chennai,32.72,172.77,0,1.051,248
2026-08-04 05:45:00,CELL-MUM-02,Mumbai,35.58,200.38,0,0.288,308
2026-08-05 08:30:00,CELL-MUM-01,Mumbai,31.47,238.18,0,0.735,291
2026-08-03 01:00:00,CELL-DEL-02,Delhi,38.37,252.0,0,0.357,415
2026-08-01 05:45:00,CELL-KOL-01,Kolkata,40.37,209.01,0,0.362,263
2026-08-02 08:00:00,CELL-MUM-03,Mumbai,44.67,137.47,0,0.542,308
2026-08-05 05:30:00,CELL-HYD-01,Hyderabad,26.0,159.61,0,0.431,144
2026-08-03 04:15:00,CELL-MUM-01,Mumbai,29.9,210.49,0,0.256,225
2026-08-02 10:15:00,CELL-BLR-01,Bengaluru,40.46,171.26,0,0.463,302
2026-08-01 11:30:00,CELL-KOL-02,Kolkata,35.39,151.61,0,0.463,422
2026-08-05 07:00:00,CELL-KOL-01,Kolkata,41.78,183.2,0,0.527,375
2026-08-05 20:00:00,CELL-DEL-01,Delhi,44.24,184.49,0,0.833,404
2026-08-01 06:00:00,CELL-HYD-02,Hyderabad,33.23,170.33,0,0.648,397
2026-08-03 05:30:00,CELL-KOL-03,Kolkata,32.47,250.19,0,0.66,341
2026-08-05 05:30:00,CELL-DEL-03,Delhi,28.93,199.58,0,0.81,446
2026-08-05 13:15:00,CELL-HYD-01,Hyderabad,30.14,144.07,0,0.14,398
2026-08-01 13:30:00,CELL-HYD-02,Hyderabad,43.83,157.08,0,0.831,359
2026-08-01 18:15:00,CELL-BLR-02,Bengaluru,44.2,217.32,0,0.91,482
2026-08-01 13:00:00,CELL-CHE-03,Chennai,43.4,200.06,0,0.585,431
2026-08-04 20:45:00,CELL-DEL-02,Delhi,60.64,138.7,0,0.703,638
2026-08-03 08:00:00,CELL-DEL-01,Delhi,32.54,274.53,0,0.415,364
2026-08-05 15:00:00,CELL-HYD-02,Hyderabad,33.38,161.97,0,0.153,465
2026-08-02 21:00:00,CELL-KOL-01,Kolkata,62.17,144.79,0,1.101,370
2026-08-05 15:45:00,CELL-BLR-03,Bengaluru,40.33,182.05,0,0.372,378
2026-08-02 05:00:00,CELL-MUM-03,Mumbai,41.65,160.37,0,0.783,278
2026-08-03 08:15:00,CELL-MUM-01,Mumbai,25.69,182.93,0,0.171,217
2026-08-02 16:30:00,CELL-MUM-01,Mumbai,37.79,209.24,0,0.672,204
2026-08-04 01:00:00,CELL-BLR-03,Bengaluru,42.54,203.27,0,0.857,377
2026-08-01 22:15:00,CELL-DEL-03,Delhi,39.87,164.22,0,0.362,457
2026-08-03 21:00:00,CELL-KOL-01,Kolkata,61.98,137.41,0,0.833,389
2026-08-05 08:00:00,CELL-HYD-01,Hyderabad,30.47,178.97,0,0.6,220
2026-08-01 10:30:00,CELL-DEL-02,Delhi,54.53,209.21,0,0.771,543
2026-08-04 14:00:00,CELL-HYD-03,Hyderabad,31.78,127.07,0,1.011,394
2026-08-04 01:30:00,CELL-MUM-01,Mumbai,26.61,218.2,0,0.826,177
2026-08-02 01:30:00,CELL-HYD-01,Hyderabad,29.5,185.82,0,0.506,323
2026-08-02 17:45:00,CELL-HYD-03,Hyderabad,40.35,119.23,0,0.802,662
2026-08-05 12:45:00,CELL-CHE-01,Chennai,43.94,148.35,0,0.901,527
2026-08-05 11:30:00,CELL-HYD-01,Hyderabad,29.42,143.24,0,0.834,265
2026-08-01 13:30:00,CELL-KOL-01,Kolkata,51.73,173.73,0,0.046,356
2026-08-02 13:00:00,CELL-CHE-01,Chennai,40.59,141.95,0,0.844,326
2026-08-04 21:15:00,CELL-BLR-01,Bengaluru,51.78,156.79,0,0.825,564
2026-08-02 14:45:00,CELL-HYD-02,Hyderabad,36.81,179.04,0,0.504,284
2026-08-05 01:45:00,CELL-KOL-02,Kolkata,27.37,158.71,0,0.402,509
2026-08-05 07:45:00,CELL-KOL-03,Kolkata,28.58,247.17,0,0.443,211
2026-08-02 10:30:00,CELL-HYD-02,Hyderabad,45.76,161.18,0,0.662,465
2026-08-03 12:30:00,CELL-DEL-02,Delhi,60.54,196.71,0,0.42,258
2026-08-01 04:00:00,CELL-DEL-02,Delhi,37.86,227.71,0,0.722,232
2026-08-01 20:30:00,CELL-MUM-01,Mumbai,39.99,169.52,0,0.743,264
2026-08-04 16:45:00,CELL-KOL-03,Kolkata,,176.5,0,0.375,440
2026-08-03 05:30:00,CELL-KOL-02,Kolkata,28.53,212.26,0,0.244,265
2026-08-04 17:00:00,CELL-MUM-03,Mumbai,45.58,148.16,0,0.742,530
2026-08-05 19:30:00,CELL-MUM-02,Mumbai,74.91,152.7,0,1.248,527
2026-08-04 22:30:00,CELL-HYD-03,Hyderabad,24.55,118.49,0,1.06,341
2026-08-03 19:30:00,CELL-MUM-02,Mumbai,67.53,138.65,0,1.177,564
2026-08-01 16:45:00,CELL-CHE-03,Chennai,41.14,230.29,0,0.588,237
2026-08-03 12:30:00,CELL-CHE-01,Chennai,42.34,145.5,0,0.583,315
2026-08-03 18:15:00,CELL-CHE-01,Chennai,43.75,149.43,0,0.621,325
2026-08-05 17:45:00,CELL-CHE-03,Chennai,47.06,205.31,0,1.204,351
2026-08-04 11:00:00,CELL-DEL-01,Delhi,32.33,208.06,0,0.43,415
2026-08-04 17:45:00,CELL-HYD-02,Hyderabad,,174.57,0,0.121,202
2026-08-04 14:00:00,CELL-KOL-03,Kolkata,27.6,218.84,0,0.708,250
2026-08-03 01:45:00,CELL-MUM-01,Mumbai,33.38,227.84,0,0.756,419
2026-08-03 14:45:00,CELL-HYD-03,Hyderabad,32.45,141.09,0,0.861,487
2026-08-01 19:15:00,CELL-MUM-01,Mumbai,42.33,161.88,0,0.97,478
2026-08-04 11:30:00,CELL-DEL-03,Delhi,36.37,148.17,0,0.541,330
2026-08-04 11:00:00,CELL-KOL-03,Kolkata,39.9,178.22,0,0.458,571
2026-08-02 19:00:00,CELL-CHE-02,Chennai,36.23,111.13,0,0.259,395
2026-08-05 14:00:00,CELL-CHE-01,Chennai,38.09,194.71,0,0.825,349
2026-08-03 03:00:00,CELL-KOL-01,Kolkata,45.28,192.43,0,0.618,374
2026-08-04 00:15:00,CELL-HYD-02,Hyderabad,34.74,210.71,0,0.094,357
2026-08-03 08:00:00,CELL-BLR-01,Bengaluru,36.22,186.75,0,0.678,347
2026-08-02 06:45:00,CELL-BLR-01,Bengaluru,32.4,158.51,0,0.507,250
2026-08-04 13:30:00,CELL-BLR-01,Bengaluru,43.76,178.4,0,0.957,446
2026-08-05 11:15:00,CELL-MUM-03,Mumbai,43.28,122.29,0,0.672,406
2026-08-05 09:30:00,CELL-KOL-01,Kolkata,43.09,197.6,0,0.539,295
2026-08-04 03:30:00,CELL-CHE-01,Chennai,31.54,174.64,0,0.083,434
2026-08-05 13:15:00,CELL-CHE-01,Chennai,40.54,161.21,0,0.786,524
2026-08-05 09:15:00,CELL-BLR-02,Bengaluru,33.87,227.94,0,0.575,336
2026-08-04 15:45:00,CELL-MUM-01,Mumbai,32.34,221.45,0,0.67,333
2026-08-02 17:45:00,CELL-MUM-03,Mumbai,56.43,127.09,0,0.727,424
2026-08-03 11:30:00,CELL-BLR-02,Bengaluru,31.44,252.0,0,0.833,623
2026-08-01 06:15:00,CELL-CHE-01,Chennai,33.49,161.94,0,0.262,407
2026-08-03 04:15:00,CELL-DEL-03,Delhi,32.47,200.03,0,0.321,308
2026-08-03 03:45:00,CELL-HYD-03,Hyderabad,25.05,120.86,0,0.418,457
2026-08-01 19:45:00,CELL-KOL-02,Kolkata,41.51,135.35,0,0.819,448
2026-08-02 21:00:00,CELL-MUM-03,Mumbai,53.67,109.4,0,0.643,456
2026-08-04 10:45:00,CELL-DEL-01,Delhi,37.29,208.61,0,0.455,584
2026-08-05 02:00:00,CELL-BLR-02,Bengaluru,27.94,237.26,0,0.637,344
2026-08-01 21:30:00,CELL-KOL-02,Kolkata,36.87,124.11,0,0.925,707
2026-08-03 12:00:00,CELL-BLR-01,Bengaluru,36.24,153.95,0,0.664,243
2026-08-05 10:30:00,CELL-KOL-01,Kolkata,60.1,173.87,0,1.033,344
2026-08-01 09:30:00,CELL-DEL-01,Delhi,33.38,232.63,0,0.149,525
2026-08-05 14:15:00,CELL-KOL-03,Kolkata,32.49,193.51,0,0.698,343
2026-08-05 23:30:00,CELL-CHE-02,Chennai,36.04,141.23,0,0.241,325
2026-08-03 08:30:00,CELL-BLR-03,Bengaluru,40.65,178.77,0,0.451,345
2026-08-02 09:00:00,CELL-BLR-01,Bengaluru,35.37,198.34,0,0.375,318
2026-08-02 05:45:00,CELL-KOL-03,Kolkata,31.2,211.1,0,0.356,337
2026-08-02 11:15:00,CELL-HYD-03,Hyderabad,36.45,108.72,0,0.652,409
2026-08-01 23:00:00,CELL-HYD-01,Hyderabad,32.82,154.45,0,0.564,273
2026-08-05 16:15:00,CELL-BLR-03,Bengaluru,37.21,210.26,0,0.606,385
2026-08-04 09:45:00,CELL-KOL-02,Kolkata,31.73,155.55,0,0.585,370
2026-08-01 10:00:00,CELL-KOL-02,Kolkata,35.19,177.42,0,0.652,377
2026-08-02 19:45:00,CELL-CHE-01,Chennai,46.22,132.82,0,1.219,439
2026-08-04 18:30:00,CELL-HYD-03,Hyderabad,41.76,92.19,0,0.746,440
2026-08-04 01:30:00,CELL-DEL-02,Delhi,40.78,211.1,0,0.73,397
2026-08-05 08:15:00,CELL-MUM-02,Mumbai,45.41,173.78,0,0.749,346
2026-08-01 07:00:00,CELL-HYD-01,Hyderabad,33.37,184.28,0,0.908,331
2026-08-04 07:30:00,CELL-DEL-03,Delhi,31.26,161.76,0,0.481,314
2026-08-04 07:00:00,CELL-HYD-01,Hyderabad,29.15,178.8,0,0.466,334
2026-08-01 22:30:00,CELL-CHE-02,Chennai,36.55,126.93,0,0.858,526
2026-08-04 09:15:00,CELL-HYD-03,Hyderabad,31.34,131.74,0,0.279,178
2026-08-01 22:45:00,CELL-BLR-02,Bengaluru,32.61,241.26,0,0.489,384
2026-08-01 11:45:00,CELL-KOL-03,Kolkata,36.59,167.45,0,0.522,418
2026-08-02 14:45:00,CELL-KOL-02,Kolkata,35.72,197.91,0,0.911,274
2026-08-04 16:00:00,CELL-MUM-01,Mumbai,25.1,206.05,0,0.727,598
2026-08-04 21:45:00,CELL-BLR-02,Bengaluru,40.33,189.0,0,0.326,455
2026-08-04 08:00:00,CELL-BLR-01,Bengaluru,30.88,209.59,0,0.343,307
2026-08-02 09:00:00,CELL-KOL-02,Kolkata,31.16,170.39,0,0.489,388
2026-08-04 02:00:00,CELL-MUM-01,Mumbai,30.26,217.95,0,0.401,350
2026-08-02 03:30:00,CELL-MUM-03,Mumbai,38.66,164.29,0,0.702,392
2026-08-05 05:00:00,CELL-DEL-03,Delhi,28.23,163.53,0,0.483,391
2026-08-03 21:30:00,CELL-DEL-02,Delhi,50.85,188.98,0,0.828,470
2026-08-01 03:00:00,CELL-CHE-03,Chennai,36.6,281.84,0,0.732,247
2026-08-03 22:30:00,CELL-KOL-02,Kolkata,37.93,146.68,0,0.705,342
2026-08-02 19:00:00,CELL-CHE-01,Chennai,55.17,110.84,0,0.473,606
2026-08-01 22:15:00,CELL-CHE-02,Chennai,36.13,116.3,0,1.055,362
2026-08-05 15:00:00,CELL-HYD-01,Hyderabad,28.74,170.63,0,0.623,424
2026-08-05 08:45:00,CELL-DEL-01,Delhi,34.15,235.7,0,0.919,407
2026-08-01 15:15:00,CELL-HYD-02,Hyderabad,32.35,207.75,0,0.396,377
2026-08-02 02:00:00,CELL-BLR-02,Bengaluru,30.36,195.36,0,0.64,467
2026-08-05 15:15:00,CELL-KOL-01,Kolkata,39.75,220.97,0,0.363,266
2026-08-05 18:30:00,CELL-KOL-01,Kolkata,61.83,153.69,0,1.06,511
2026-08-03 16:00:00,CELL-CHE-03,Chennai,35.27,279.27,0,0.612,404
2026-08-03 23:00:00,CELL-DEL-03,Delhi,35.99,173.41,0,0.114,295
2026-08-02 21:30:00,CELL-KOL-03,Kolkata,46.67,171.84,0,0.79,326
2026-08-05 16:15:00,CELL-HYD-01,Hyderabad,31.19,177.53,0,0.604,337
2026-08-05 11:45:00,CELL-HYD-01,Hyderabad,36.81,130.37,0,0.581,279
2026-08-04 06:00:00,CELL-KOL-03,Kolkata,28.97,266.59,0,0.784,389
2026-08-02 09:15:00,CELL-DEL-03,Delhi,35.71,171.65,0,0.272,357
2026-08-01 15:30:00,CELL-MUM-03,Mumbai,47.26,143.79,0,0.43,391
2026-08-01 11:15:00,CELL-CHE-03,Chennai,39.51,206.85,0,0.894,359
2026-08-01 09:30:00,CELL-HYD-01,Hyderabad,30.04,148.68,0,0.268,364
2026-08-02 04:30:00,CELL-DEL-03,Delhi,27.84,206.77,0,0.415,409
2026-08-01 14:15:00,CELL-HYD-01,Hyderabad,42.57,170.4,0,0.368,321
2026-08-01 03:00:00,CELL-HYD-03,Hyderabad,28.03,155.22,0,0.355,443
2026-08-04 13:15:00,CELL-KOL-03,Kolkata,32.05,188.8,0,0.191,254
2026-08-03 00:45:00,CELL-BLR-03,Bengaluru,47.46,178.96,0,0.887,255
2026-08-02 05:00:00,CELL-CHE-03,Chennai,39.6,256.28,0,0.876,204
2026-08-04 11:00:00,CELL-MUM-02,Mumbai,56.56,159.89,0,0.297,613
2026-08-03 16:15:00,CELL-BLR-03,Bengaluru,42.57,147.63,0,0.586,466
2026-08-05 07:30:00,CELL-BLR-03,Bengaluru,43.47,204.88,0,0.614,305
2026-08-01 03:30:00,CELL-DEL-03,Delhi,30.34,211.42,0,0.499,458
2026-08-05 06:15:00,CELL-DEL-01,Delhi,25.72,227.7,0,0.526,461
2026-08-05 14:00:00,CELL-DEL-02,Delhi,48.95,211.05,0,0.672,454
2026-08-04 05:15:00,CELL-HYD-01,Hyderabad,34.21,157.47,0,0.477,61
2026-08-01 23:30:00,CELL-BLR-02,Bengaluru,28.47,215.89,0,0.624,390
2026-08-05 17:00:00,CELL-BLR-01,Bengaluru,38.41,161.36,0,0.743,397
2026-08-01 09:30:00,CELL-KOL-02,Kolkata,31.26,134.62,0,0.519,140
2026-08-04 07:15:00,CELL-MUM-03,Mumbai,38.37,169.62,0,0.65,155
2026-08-02 12:45:00,CELL-KOL-02,Kolkata,34.93,164.27,0,0.8,319
2026-08-04 10:30:00,CELL-MUM-03,Mumbai,43.56,140.35,0,0.472,386
2026-08-02 02:45:00,CELL-HYD-03,Hyderabad,29.18,119.56,0,0.19,112
2026-08-03 08:30:00,CELL-DEL-01,Delhi,25.73,245.39,0,0.742,200
2026-08-03 19:15:00,CELL-MUM-02,Mumbai,68.31,130.95,0,0.307,652
2026-08-05 07:00:00,CELL-DEL-02,Delhi,41.72,233.54,0,0.193,301
2026-08-03 02:15:00,CELL-KOL-01,Kolkata,43.5,199.21,0,0.58,395
2026-08-05 14:45:00,CELL-KOL-01,Kolkata,42.15,194.05,0,0.765,219
2026-08-02 00:45:00,CELL-BLR-02,Bengaluru,25.95,297.51,0,0.537,384
2026-08-01 04:15:00,CELL-BLR-03,Bengaluru,46.61,204.51,0,0.417,347
2026-08-02 19:00:00,CELL-DEL-01,Delhi,48.93,156.67,0,0.226,326
2026-08-04 15:30:00,CELL-KOL-02,Kolkata,29.22,150.13,0,0.575,371
2026-08-03 20:00:00,CELL-BLR-01,Bengaluru,58.78,145.07,0,0.324,447
2026-08-05 18:00:00,CELL-MUM-02,Mumbai,52.62,160.65,0,0.639,320
2026-08-05 11:45:00,CELL-CHE-02,Chennai,34.13,146.25,0,0.696,396
2026-08-03 04:30:00,CELL-HYD-03,Hyderabad,25.23,126.68,0,0.581,495
2026-08-01 15:15:00,CELL-BLR-03,Bengaluru,41.44,164.37,0,0.529,392
2026-08-05 03:45:00,CELL-DEL-02,Delhi,41.03,260.41,0,0.821,360
2026-08-04 08:00:00,CELL-KOL-03,Kolkata,32.46,230.54,0,0.392,346
2026-08-04 16:30:00,CELL-KOL-02,Kolkata,34.58,163.53,0,0.748,326
2026-08-01 23:45:00,CELL-CHE-03,Chennai,34.42,253.88,0,0.8,205
2026-08-04 13:30:00,CELL-MUM-01,Mumbai,32.27,187.99,0,0.511,217
2026-08-03 15:15:00,CELL-HYD-02,Hyderabad,37.93,171.45,0,0.505,588
2026-08-03 09:30:00,CELL-MUM-03,Mumbai,42.59,144.32,0,0.354,367
2026-08-01 19:30:00,CELL-KOL-01,Kolkata,59.61,149.46,0,1.028,494
2026-08-04 22:45:00,CELL-KOL-03,Kolkata,41.53,201.18,0,0.598,483
2026-08-03 09:00:00,CELL-MUM-01,Mumbai,30.87,204.38,0,1.131,317
2026-08-01 14:45:00,CELL-BLR-02,Bengaluru,28.93,234.04,0,0.617,338
2026-08-01 06:00:00,CELL-DEL-02,Delhi,39.9,239.46,0,0.371,490
2026-08-03 10:30:00,CELL-MUM-01,Mumbai,35.09,173.63,0,0.653,359
2026-08-01 21:45:00,CELL-DEL-02,Delhi,46.97,177.68,0,0.591,402
2026-08-01 01:15:00,CELL-HYD-02,Hyderabad,34.09,205.5,0,0.697,207
2026-08-03 05:15:00,CELL-HYD-03,Hyderabad,34.24,149.65,0,0.473,278
2026-08-05 11:15:00,CELL-KOL-03,Kolkata,34.72,170.12,0,0.801,404
2026-08-04 15:00:00,CELL-MUM-02,Mumbai,46.65,192.11,0,0.642,251
2026-08-01 08:45:00,CELL-BLR-02,Bengaluru,32.16,235.73,0,0.855,427
2026-08-01 00:15:00,CELL-CHE-03,Chennai,32.26,233.62,0,0.135,205
2026-08-02 13:15:00,CELL-BLR-01,Bengaluru,37.78,180.61,0,0.047,400
2026-08-04 13:30:00,CELL-KOL-02,Kolkata,38.25,169.85,0,0.637,642
2026-08-02 05:45:00,CELL-DEL-02,Delhi,41.32,223.69,0,0.93,229
2026-08-03 01:00:00,CELL-BLR-01,Bengaluru,33.12,195.89,0,0.486,356
2026-08-01 02:15:00,CELL-BLR-03,Bengaluru,31.84,207.27,0,0.479,355
2026-08-01 21:45:00,CELL-HYD-01,Hyderabad,38.56,121.39,0,0.245,432
2026-08-01 09:00:00,CELL-DEL-02,Delhi,40.87,235.28,0,0.757,58
2026-08-04 07:15:00,CELL-CHE-01,Chennai,33.19,172.08,0,0.777,208
2026-08-01 16:30:00,CELL-MUM-01,Mumbai,28.73,148.19,0,0.472,272
2026-08-01 11:30:00,CELL-BLR-01,Bengaluru,46.46,136.21,0,0.94,605
2026-08-03 18:45:00,CELL-DEL-02,Delhi,48.98,175.32,0,0.966,281
2026-08-02 00:45:00,CELL-HYD-03,Hyderabad,24.76,115.88,0,1.038,317
2026-08-03 06:30:00,CELL-MUM-03,Mumbai,39.72,166.18,0,0.525,253
2026-08-03 03:45:00,CELL-MUM-02,Mumbai,40.75,190.24,0,0.46,273
2026-08-03 18:30:00,CELL-BLR-02,Bengaluru,40.43,208.14,0,0.945,359
2026-08-03 22:15:00,CELL-HYD-01,Hyderabad,38.58,148.44,0,0.181,382
2026-08-02 08:45:00,CELL-MUM-02,Mumbai,40.98,171.0,0,0.179,195
2026-08-02 19:45:00,CELL-MUM-01,Mumbai,44.43,145.99,0,0.852,510
2026-08-03 23:15:00,CELL-MUM-01,Mumbai,31.99,196.7,0,0.686,449
2026-08-05 10:45:00,CELL-DEL-03,Delhi,35.61,148.6,0,0.602,343
2026-08-05 00:15:00,CELL-BLR-02,Bengaluru,30.82,303.46,0,0.561,343
2026-08-02 23:15:00,CELL-DEL-02,Delhi,41.36,191.88,0,0.833,322
2026-08-05 14:00:00,CELL-HYD-03,Hyderabad,37.29,146.88,0,0.494,384
2026-08-04 16:15:00,CELL-HYD-03,Hyderabad,31.19,123.1,0,0.48,299
2026-08-01 20:15:00,CELL-HYD-03,Hyderabad,44.52,88.64,0,0.797,411
2026-08-04 15:30:00,CELL-DEL-03,Delhi,28.3,202.66,0,0.911,225
2026-08-01 19:30:00,CELL-BLR-03,Bengaluru,62.46,152.92,0,0.528,121
2026-08-02 11:45:00,CELL-KOL-02,Kolkata,35.57,153.47,0,0.892,377
2026-08-03 03:00:00,CELL-HYD-03,Hyderabad,29.23,135.5,0,0.392,368
2026-08-05 23:30:00,CELL-DEL-03,Delhi,36.15,180.97,0,0.255,328
2026-08-05 07:30:00,CELL-MUM-01,Mumbai,29.0,214.81,0,0.546,432
2026-08-03 06:00:00,CELL-BLR-03,Bengaluru,40.45,187.6,0,0.596,319
2026-08-01 15:00:00,CELL-CHE-03,Chennai,33.52,222.56,0,0.635,242
2026-08-05 17:45:00,CELL-DEL-01,Delhi,28.32,197.85,0,1.005,253
2026-08-05 21:15:00,CELL-BLR-01,Bengaluru,45.83,157.66,0,0.391,553
2026-08-03 07:15:00,CELL-HYD-02,Hyderabad,30.98,166.69,0,0.998,342
2026-08-04 15:30:00,CELL-BLR-02,Bengaluru,27.87,250.49,0,0.426,288
2026-08-01 14:30:00,CELL-DEL-01,Delhi,32.34,219.48,0,0.671,339
2026-08-05 11:30:00,CELL-KOL-01,Kolkata,53.02,169.6,0,0.411,377
2026-08-04 11:00:00,CELL-DEL-03,Delhi,35.5,176.07,0,0.717,527
2026-08-03 23:45:00,CELL-HYD-02,Hyderabad,35.89,204.09,0,0.384,284
2026-08-05 00:30:00,CELL-KOL-02,Kolkata,30.13,166.89,0,0.675,335
2026-08-01 16:15:00,CELL-DEL-01,Delhi,29.54,216.78,0,0.336,284
2026-08-04 10:45:00,CELL-DEL-02,Delhi,44.25,208.53,0,0.588,263
2026-08-01 14:45:00,CELL-CHE-01,Chennai,32.14,165.73,0,0.845,332
2026-08-02 07:00:00,CELL-KOL-03,Kolkata,27.7,224.11,0,0.576,319
2026-08-01 04:00:00,CELL-DEL-01,Delhi,30.21,248.1,0,0.516,343
2026-08-05 21:15:00,CELL-DEL-02,Delhi,55.01,195.97,0,1.381,442
2026-08-04 21:15:00,CELL-KOL-02,Kolkata,36.01,117.85,0,0.536,419
2026-08-03 23:15:00,CELL-CHE-03,Chennai,31.79,233.5,0,0.652,370
2026-08-03 20:45:00,CELL-MUM-01,Mumbai,42.62,175.61,0,0.615,442
2026-08-02 23:45:00,CELL-MUM-02,Mumbai,39.93,174.94,0,0.278,398
2026-08-03 00:45:00,CELL-CHE-01,Chennai,29.05,161.69,0,0.387,464
2026-08-03 08:45:00,CELL-HYD-01,Hyderabad,27.43,160.91,0,0.352,376
2026-08-02 18:15:00,CELL-MUM-03,Mumbai,49.56,119.24,0,0.908,454
2026-08-04 08:45:00,CELL-KOL-02,Kolkata,30.41,189.19,0,0.921,294
2026-08-03 04:15:00,CELL-DEL-02,Delhi,47.28,239.59,0,0.556,133
2026-08-02 11:00:00,CELL-BLR-01,Bengaluru,46.71,198.41,0,0.291,349
2026-08-05 20:45:00,CELL-HYD-02,Hyderabad,47.06,138.07,0,0.674,252
2026-08-01 10:15:00,CELL-KOL-01,Kolkata,49.87,177.96,0,0.338,387
2026-08-01 14:15:00,CELL-MUM-01,Mumbai,25.3,206.32,0,0.564,144
2026-08-01 05:30:00,CELL-KOL-02,Kolkata,33.01,164.99,0,0.82,416
2026-08-05 04:30:00,CELL-CHE-02,Chennai,29.44,175.31,0,0.146,262
2026-08-05 19:45:00,CELL-CHE-02,Chennai,43.82,119.32,0,0.715,288
2026-08-04 12:00:00,CELL-BLR-02,Bengaluru,32.5,223.15,0,0.829,429
2026-08-03 21:15:00,CELL-BLR-03,Bengaluru,54.0,137.37,0,0.82,243
2026-08-05 22:15:00,CELL-KOL-03,Kolkata,33.3,202.17,0,0.965,478
2026-08-03 06:30:00,CELL-CHE-01,Chennai,29.56,146.27,0,0.669,417
2026-08-05 00:30:00,CELL-BLR-01,Bengaluru,39.48,218.33,0,0.243,415
2026-08-01 10:45:00,CELL-BLR-02,Bengaluru,36.09,229.71,0,0.669,504
2026-08-03 05:45:00,CELL-CHE-01,Chennai,29.89,171.98,0,0.716,343
2026-08-05 06:00:00,CELL-BLR-02,Bengaluru,30.0,226.53,0,0.461,402
2026-08-02 09:15:00,CELL-BLR-01,Bengaluru,35.36,179.26,0,0.389,226
2026-08-02 08:45:00,CELL-CHE-02,Chennai,31.3,159.9,0,0.585,200
2026-08-01 12:00:00,CELL-KOL-03,Kolkata,40.92,155.07,0,0.848,276
2026-08-01 02:15:00,CELL-DEL-01,Delhi,27.96,227.55,0,0.374,261
2026-08-04 19:00:00,CELL-MUM-01,Mumbai,36.08,171.84,0,0.157,337
2026-08-03 21:15:00,CELL-HYD-02,Hyderabad,43.75,117.57,0,1.072,245
2026-08-02 13:00:00,CELL-KOL-03,Kolkata,39.07,208.9,0,1.12,759
2026-08-03 05:00:00,CELL-DEL-03,Delhi,26.81,175.25,0,0.881,406
2026-08-02 00:00:00,CELL-HYD-02,Hyderabad,36.12,208.76,0,1.108,316
2026-08-03 12:45:00,CELL-BLR-03,Bengaluru,52.9,156.21,0,0.678,379
2026-08-01 16:30:00,CELL-MUM-03,Mumbai,47.38,139.44,0,0.818,436
2026-08-04 06:45:00,CELL-KOL-01,Kolkata,41.82,221.85,0,0.551,376
2026-08-05 04:15:00,CELL-KOL-02,Kolkata,35.08,162.83,0,0.192,197
2026-08-03 13:45:00,CELL-CHE-01,Chennai,36.42,163.45,0,0.819,279
2026-08-03 07:00:00,CELL-MUM-01,Mumbai,30.59,211.04,0,0.83,188
2026-08-03 20:45:00,CELL-BLR-02,Bengaluru,40.04,169.81,0,0.144,374
2026-08-03 23:30:00,CELL-KOL-03,Kolkata,33.66,248.95,0,0.733,273
2026-08-03 06:00:00,CELL-CHE-03,Chennai,35.85,241.74,0,0.461,364
2026-08-04 01:30:00,CELL-CHE-03,Chennai,31.56,236.26,0,0.617,381
2026-08-05 11:15:00,CELL-BLR-02,Bengaluru,35.75,184.34,0,0.656,276
2026-08-04 07:00:00,CELL-BLR-02,Bengaluru,26.95,234.82,0,0.341,351
2026-08-03 21:45:00,CELL-MUM-02,Mumbai,60.12,140.47,0,0.268,416
2026-08-01 03:30:00,CELL-CHE-01,Chennai,29.93,187.39,0,0.509,412
2026-08-03 16:15:00,CELL-CHE-01,Chennai,36.54,172.5,0,0.38,339
2026-08-05 11:00:00,CELL-BLR-01,Bengaluru,49.01,137.7,0,1.106,482
2026-08-04 11:15:00,CELL-MUM-02,Mumbai,56.42,170.23,0,0.792,372
2026-08-02 16:15:00,CELL-MUM-02,Mumbai,57.58,182.6,0,1.135,414
2026-08-04 06:30:00,CELL-DEL-03,Delhi,33.61,189.31,0,0.918,303
2026-08-05 05:30:00,CELL-KOL-02,Kolkata,27.0,153.28,0,0.424,359
2026-08-03 09:00:00,CELL-BLR-03,Bengaluru,47.84,167.53,0,0.432,439
2026-08-03 21:45:00,CELL-HYD-03,Hyderabad,40.26,118.01,0,1.105,268
2026-08-01 20:00:00,CELL-DEL-03,Delhi,49.44,111.62,0,1.094,599
2026-08-02 11:15:00,CELL-MUM-02,Mumbai,55.73,160.43,0,0.341,454
2026-08-05 05:15:00,CELL-KOL-03,Kolkata,27.54,247.71,0,0.945,240
2026-08-02 10:30:00,CELL-BLR-02,Bengaluru,31.26,199.9,0,0.726,449
2026-08-01 05:30:00,CELL-BLR-03,Bengaluru,41.95,171.37,0,0.688,182
2026-08-02 16:15:00,CELL-DEL-03,Delhi,30.5,167.83,0,0.239,518
2026-08-01 03:15:00,CELL-CHE-03,Chennai,34.63,251.84,0,0.534,369
2026-08-04 15:30:00,CELL-CHE-03,Chennai,40.34,223.08,0,0.64,449
2026-08-01 03:30:00,CELL-HYD-02,Hyderabad,33.35,197.29,0,0.95,244
2026-08-02 05:45:00,CELL-CHE-01,Chennai,32.71,193.53,0,0.617,375
2026-08-05 22:15:00,CELL-DEL-01,Delhi,34.7,206.2,0,0.041,448
2026-08-03 19:30:00,CELL-BLR-02,Bengaluru,35.68,159.36,0,0.802,637
2026-08-02 04:15:00,CELL-BLR-02,Bengaluru,30.66,272.64,0,0.72,282
2026-08-02 19:15:00,CELL-KOL-02,Kolkata,44.22,112.91,0,1.077,396
2026-08-04 15:00:00,CELL-CHE-03,Chennai,39.03,218.24,0,0.365,321
2026-08-01 22:45:00,CELL-MUM-01,Mumbai,30.21,174.63,0,0.532,392
2026-08-05 03:15:00,CELL-MUM-02,Mumbai,38.29,178.77,0,0.408,336
2026-08-02 19:30:00,CELL-DEL-02,Delhi,43.32,158.37,0,0.688,442
2026-08-03 13:45:00,CELL-DEL-02,Delhi,51.07,174.19,0,0.121,236
2026-08-03 15:15:00,CELL-BLR-01,Bengaluru,41.52,174.31,0,0.618,349
2026-08-05 01:15:00,CELL-CHE-03,Chennai,37.81,253.76,0,0.736,172
2026-08-03 02:15:00,CELL-CHE-01,Chennai,32.59,168.71,0,0.534,407
2026-08-03 04:30:00,CELL-BLR-03,Bengaluru,43.97,197.11,0,1.151,288
2026-08-02 12:45:00,CELL-MUM-02,Mumbai,50.67,171.93,0,0.946,350
2026-08-01 08:30:00,CELL-HYD-02,Hyderabad,43.0,206.18,0,0.428,290
2026-08-05 01:15:00,CELL-KOL-01,Kolkata,41.47,200.94,0,0.424,260
2026-08-04 11:45:00,CELL-HYD-01,Hyderabad,30.43,127.79,0,0.471,504
2026-08-05 04:30:00,CELL-BLR-02,Bengaluru,30.2,260.17,0,0.568,314
2026-08-01 06:30:00,CELL-BLR-02,Bengaluru,28.19,288.54,0,0.398,368
2026-08-01 22:45:00,CELL-BLR-03,Bengaluru,47.67,155.53,0,0.272,419
2026-08-01 08:30:00,CELL-BLR-01,Bengaluru,34.43,168.44,0,0.89,318
2026-08-04 07:30:00,CELL-KOL-01,Kolkata,40.56,232.55,0,0.681,355
2026-08-04 19:15:00,CELL-HYD-03,Hyderabad,49.95,91.6,0,0.671,301
2026-08-02 02:30:00,CELL-HYD-02,Hyderabad,44.59,211.25,0,0.827,275
2026-08-05 19:00:00,CELL-KOL-03,Kolkata,44.29,154.2,0,0.814,411
2026-08-05 08:00:00,CELL-DEL-02,Delhi,40.25,252.67,0,0.507,350
2026-08-01 20:45:00,CELL-KOL-02,Kolkata,40.92,137.92,0,0.213,601
2026-08-01 16:45:00,CELL-MUM-02,Mumbai,56.65,173.96,0,0.723,270
2026-08-04 09:30:00,CELL-CHE-02,Chennai,31.2,144.06,0,0.826,282
2026-08-05 10:00:00,CELL-BLR-02,Bengaluru,32.37,233.89,0,0.681,311
2026-08-02 21:15:00,CELL-CHE-02,Chennai,38.7,117.35,0,0.669,328
2026-08-03 11:15:00,CELL-MUM-01,Mumbai,36.32,176.95,0,0.588,310
2026-08-01 16:00:00,CELL-BLR-01,Bengaluru,32.26,199.66,0,0.957,219
2026-08-04 08:30:00,CELL-KOL-02,Kolkata,28.76,172.76,0,0.395,374
2026-08-01 15:00:00,CELL-MUM-03,Mumbai,48.41,142.11,0,0.363,427
2026-08-04 12:15:00,CELL-CHE-02,Chennai,42.4,147.13,0,1.036,197
2026-08-02 05:15:00,CELL-HYD-03,Hyderabad,25.05,136.39,0,0.581,331
2026-08-02 07:30:00,CELL-BLR-02,Bengaluru,,265.46,0,0.391,310
2026-08-01 03:15:00,CELL-DEL-02,Delhi,43.31,205.44,0,0.395,274
2026-08-05 23:00:00,CELL-HYD-01,Hyderabad,36.69,171.92,0,0.218,187
2026-08-04 01:30:00,CELL-CHE-02,Chennai,28.13,163.84,0,0.122,387
2026-08-01 03:45:00,CELL-BLR-03,Bengaluru,40.56,196.93,0,0.477,395
2026-08-04 11:30:00,CELL-BLR-03,Bengaluru,54.91,148.86,0,0.892,346
2026-08-02 22:00:00,CELL-DEL-03,Delhi,33.32,147.88,0,0.738,349
2026-08-05 09:30:00,CELL-BLR-03,Bengaluru,38.17,154.33,0,0.679,354
2026-08-05 16:45:00,CELL-CHE-01,Chennai,39.09,174.34,0,0.117,412
2026-08-04 13:00:00,CELL-MUM-02,Mumbai,41.82,147.74,0,0.908,330
2026-08-01 23:30:00,CELL-DEL-03,Delhi,35.15,161.51,0,0.436,343
2026-08-01 20:00:00,CELL-BLR-02,Bengaluru,38.31,180.59,0,0.608,465
2026-08-05 06:15:00,CELL-HYD-01,Hyderabad,31.46,164.5,0,0.348,406
2026-08-01 07:15:00,CELL-BLR-03,Bengaluru,35.76,209.92,0,0.76,232
2026-08-04 17:00:00,CELL-HYD-03,Hyderabad,33.54,121.45,0,0.755,609
2026-08-05 01:45:00,CELL-DEL-01,Delhi,29.47,222.37,0,0.294,377
2026-08-01 15:00:00,CELL-MUM-02,Mumbai,50.14,183.72,0,0.805,276
2026-08-03 12:15:00,CELL-CHE-01,Chennai,34.44,156.11,0,1.122,428
2026-08-01 18:00:00,CELL-HYD-01,Hyderabad,44.03,139.0,0,0.966,388
2026-08-04 21:00:00,CELL-DEL-01,Delhi,43.94,171.63,0,1.136,691
2026-08-03 15:00:00,CELL-KOL-01,Kolkata,48.39,182.11,0,0.647,402
2026-08-05 16:45:00,CELL-BLR-03,Bengaluru,39.59,141.67,0,0.72,239
2026-08-04 00:45:00,CELL-KOL-01,Kolkata,36.88,192.65,0,0.496,431
2026-08-03 06:00:00,CELL-KOL-02,Kolkata,32.27,183.41,0,0.685,218
2026-08-02 17:45:00,CELL-KOL-02,Kolkata,32.64,165.99,0,0.735,505
2026-08-01 15:30:00,CELL-HYD-02,Hyderabad,30.88,164.61,0,0.778,240
2026-08-02 00:00:00,CELL-KOL-02,Kolkata,28.69,193.0,0,0.693,243
2026-08-05 14:15:00,CELL-CHE-01,Chennai,38.0,148.67,0,0.199,258
2026-08-01 10:45:00,CELL-MUM-02,Mumbai,48.0,162.16,0,0.965,416
2026-08-05 01:30:00,CELL-KOL-01,Kolkata,48.88,249.91,0,0.638,365
2026-08-02 12:45:00,CELL-HYD-02,Hyderabad,40.88,130.31,0,0.801,357
2026-08-05 05:00:00,CELL-BLR-02,Bengaluru,27.29,292.97,0,0.174,404
2026-08-02 09:45:00,CELL-KOL-01,Kolkata,43.91,173.24,0,0.478,426
2026-08-02 11:00:00,CELL-MUM-03,Mumbai,42.25,122.28,0,0.78,202
2026-08-01 08:30:00,CELL-HYD-03,Hyderabad,31.58,119.1,0,0.632,466
2026-08-01 16:15:00,CELL-BLR-02,Bengaluru,32.19,226.69,0,0.755,412
2026-08-05 05:30:00,CELL-DEL-01,Delhi,26.56,214.37,0,0.096,336
2026-08-02 11:45:00,CELL-KOL-01,Kolkata,63.26,161.18,0,1.074,391
2026-08-05 20:45:00,CELL-MUM-03,Mumbai,60.31,116.13,0,1.429,379
2026-08-01 03:45:00,CELL-HYD-03,Hyderabad,28.86,133.96,0,0.285,194
2026-08-05 17:15:00,CELL-HYD-01,Hyderabad,36.21,141.28,0,0.617,482
2026-08-03 19:00:00,CELL-KOL-02,Kolkata,39.53,128.83,0,0.731,35
2026-08-01 12:30:00,CELL-HYD-03,Hyderabad,36.16,119.28,0,0.441,366
2026-08-04 19:45:00,CELL-BLR-03,Bengaluru,52.64,148.22,0,0.468,304
2026-08-03 09:30:00,CELL-KOL-02,Kolkata,36.3,162.45,0,0.802,304
2026-08-04 16:30:00,CELL-DEL-02,Delhi,48.4,216.71,0,0.627,314
2026-08-03 11:45:00,CELL-KOL-03,Kolkata,41.73,184.27,0,1.39,297
2026-08-05 20:30:00,CELL-HYD-03,Hyderabad,42.93,107.79,0,0.785,512
2026-08-01 15:15:00,CELL-CHE-02,Chennai,30.33,176.2,0,1.05,246
2026-08-03 04:15:00,CELL-CHE-03,Chennai,33.46,235.94,0,0.362,450
2026-08-04 12:30:00,CELL-DEL-03,Delhi,31.88,149.59,0,0.07,464
2026-08-01 00:00:00,CELL-CHE-02,Chennai,31.78,132.94,0,0.9,269
2026-08-05 00:45:00,CELL-CHE-01,Chennai,32.02,177.7,0,0.715,404
2026-08-01 14:15:00,CELL-KOL-01,Kolkata,46.6,152.14,0,0.97,480
2026-08-03 07:45:00,CELL-DEL-03,Delhi,27.71,169.1,0,0.745,394
2026-08-03 12:00:00,CELL-CHE-01,Chennai,41.76,129.16,0,1.149,499
2026-08-04 22:30:00,CELL-MUM-02,Mumbai,62.14,169.05,0,0.59,332
2026-08-05 02:30:00,CELL-DEL-02,Delhi,36.74,250.89,0,0.147,449
2026-08-03 22:15:00,CELL-BLR-03,Bengaluru,57.01,150.37,0,0.092,502
2026-08-04 10:15:00,CELL-CHE-03,Chennai,35.38,229.59,0,0.408,85
2026-08-04 20:15:00,CELL-BLR-01,Bengaluru,52.63,148.16,0,0.814,612
2026-08-03 02:00:00,CELL-CHE-01,Chennai,33.99,198.63,0,0.714,332
2026-08-05 03:30:00,CELL-MUM-03,Mumbai,39.38,152.48,0,0.833,323
2026-08-03 03:15:00,CELL-CHE-01,Chennai,37.33,197.47,0,0.535,269
2026-08-01 03:00:00,CELL-HYD-01,Hyderabad,30.35,147.5,0,0.278,182
2026-08-02 18:30:00,CELL-KOL-02,Kolkata,32.36,142.14,0,0.845,368
2026-08-04 04:45:00,CELL-KOL-03,Kolkata,28.88,216.61,0,0.432,260
2026-08-04 06:00:00,CELL-DEL-02,Delhi,34.34,195.32,0,0.731,301
2026-08-01 00:15:00,CELL-CHE-02,Chennai,27.48,167.16,0,0.557,311
2026-08-01 07:30:00,CELL-HYD-02,Hyderabad,36.26,184.7,0,0.46,416
2026-08-03 08:15:00,CELL-KOL-01,Kolkata,,200.26,0,0.518,231
2026-08-01 17:15:00,CELL-MUM-03,Mumbai,48.99,127.61,0,0.591,450
2026-08-05 08:45:00,CELL-HYD-02,Hyderabad,39.54,175.31,0,0.373,578
2026-08-01 15:00:00,CELL-KOL-01,Kolkata,48.63,190.43,0,0.381,237
2026-08-01 16:15:00,CELL-KOL-03,Kolkata,36.3,264.41,0,0.549,263
2026-08-05 20:45:00,CELL-KOL-03,Kolkata,40.31,151.63,0,0.905,419
2026-08-04 21:00:00,CELL-BLR-03,Bengaluru,65.13,166.73,0,0.972,375
2026-08-01 06:45:00,CELL-KOL-01,Kolkata,43.93,217.84,0,0.92,386
2026-08-02 15:00:00,CELL-DEL-03,Delhi,35.38,190.13,0,0.972,379
2026-08-01 18:30:00,CELL-HYD-03,Hyderabad,33.72,116.97,0,0.903,364
2026-08-02 08:00:00,CELL-MUM-02,Mumbai,48.94,222.25,0,0.493,301
2026-08-03 11:45:00,CELL-HYD-01,Hyderabad,38.81,139.59,0,0.687,365
2026-08-02 09:15:00,CELL-BLR-02,Bengaluru,30.25,205.47,0,1.101,383
2026-08-05 10:45:00,CELL-HYD-01,Hyderabad,36.38,159.1,0,0.879,326
2026-08-03 15:00:00,CELL-HYD-03,Hyderabad,35.05,115.23,0,0.254,240
2026-08-03 02:00:00,CELL-BLR-02,Bengaluru,26.71,258.02,0,0.339,288
2026-08-05 08:30:00,CELL-KOL-01,Kolkata,43.81,210.62,0,0.152,519
2026-08-04 04:00:00,CELL-HYD-03,Hyderabad,25.3,150.23,0,0.552,512
2026-08-02 14:30:00,CELL-DEL-01,Delhi,35.07,208.17,0,0.585,326
2026-08-05 13:30:00,CELL-BLR-02,Bengaluru,34.41,229.71,0,1.184,267
2026-08-04 02:45:00,CELL-KOL-02,Kolkata,29.01,190.82,0,0.585,405
2026-08-03 15:45:00,CELL-HYD-03,Hyderabad,30.01,121.4,0,0.276,365
2026-08-01 11:45:00,CELL-HYD-02,Hyderabad,40.77,138.06,0,0.408,463
2026-08-03 11:30:00,CELL-BLR-01,Bengaluru,43.16,162.36,0,0.636,171
2026-08-02 22:15:00,CELL-KOL-01,Kolkata,50.89,191.54,0,0.593,294
2026-08-03 06:15:00,CELL-CHE-01,Chennai,34.47,182.88,0,0.427,298
2026-08-02 01:45:00,CELL-HYD-03,Hyderabad,27.01,152.5,0,0.537,543
2026-08-02 20:00:00,CELL-KOL-02,Kolkata,47.14,121.4,0,1.366,426
2026-08-04 12:45:00,CELL-CHE-03,Chennai,39.17,200.24,0,0.709,225
2026-08-02 16:30:00,CELL-CHE-03,Chennai,38.11,265.97,0,0.801,253
2026-08-05 10:00:00,CELL-BLR-01,Bengaluru,48.27,161.04,0,0.636,401
2026-08-04 05:15:00,CELL-KOL-02,Kolkata,32.0,188.35,0,0.781,200
2026-08-01 19:15:00,CELL-CHE-02,Chennai,34.28,105.35,0,0.785,196
2026-08-01 17:30:00,CELL-DEL-03,Delhi,42.74,144.29,0,0.956,168
2026-08-03 10:00:00,CELL-DEL-02,Delhi,47.64,185.18,0,0.615,478
2026-08-01 15:15:00,CELL-MUM-01,Mumbai,34.91,193.36,0,0.352,442
2026-08-05 08:45:00,CELL-BLR-03,Bengaluru,43.44,171.48,0,0.81,226
2026-08-05 16:45:00,CELL-BLR-02,Bengaluru,28.04,217.04,0,0.679,466
2026-08-05 23:30:00,CELL-BLR-03,Bengaluru,48.32,148.73,0,0.346,270
2026-08-05 02:30:00,CELL-DEL-01,Delhi,30.06,256.18,0,0.866,385
2026-08-04 16:45:00,CELL-HYD-02,Hyderabad,43.63,195.81,0,0.372,271
2026-08-02 07:45:00,CELL-CHE-01,Chennai,35.17,164.56,0,0.775,283
2026-08-04 23:00:00,CELL-BLR-02,Bengaluru,30.53,207.49,0,0.06,152
2026-08-01 06:00:00,CELL-HYD-03,Hyderabad,36.01,128.59,0,0.669,395
2026-08-02 23:00:00,CELL-KOL-03,Kolkata,39.1,189.49,0,0.628,378
2026-08-04 00:00:00,CELL-MUM-01,Mumbai,30.82,262.15,0,0.558,316
2026-08-02 00:45:00,CELL-DEL-01,Delhi,28.93,199.31,0,0.396,383
2026-08-03 19:15:00,CELL-BLR-03,Bengaluru,58.34,136.08,0,0.383,474
2026-08-03 03:45:00,CELL-CHE-03,Chennai,34.86,252.44,0,0.484,276
2026-08-05 17:45:00,CELL-KOL-03,Kolkata,38.58,210.65,0,0.791,353
2026-08-03 06:00:00,CELL-HYD-01,Hyderabad,29.43,172.32,0,0.738,322
2026-08-03 23:30:00,CELL-CHE-02,Chennai,33.31,142.04,0,0.822,218
2026-08-05 15:45:00,CELL-KOL-01,Kolkata,51.85,186.4,0,0.673,457
2026-08-03 01:15:00,CELL-DEL-01,Delhi,24.34,248.78,0,0.404,185
2026-08-02 15:15:00,CELL-BLR-03,Bengaluru,39.92,186.11,0,0.784,535
2026-08-01 21:45:00,CELL-BLR-02,Bengaluru,38.47,164.62,0,0.887,457
2026-08-02 20:45:00,CELL-HYD-02,Hyderabad,48.61,106.54,0,0.163,421
2026-08-03 13:15:00,CELL-BLR-01,Bengaluru,50.14,157.84,0,0.613,316
2026-08-01 22:15:00,CELL-MUM-02,Mumbai,52.55,132.18,0,0.712,549
2026-08-03 18:00:00,CELL-DEL-01,Delhi,35.03,202.02,0,0.76,379
2026-08-03 14:00:00,CELL-MUM-02,Mumbai,50.0,175.02,0,0.442,328
2026-08-05 19:30:00,CELL-CHE-03,Chennai,53.83,175.34,0,0.965,488
2026-08-03 06:00:00,CELL-DEL-02,Delhi,41.37,300.99,0,0.635,330
2026-08-03 00:45:00,CELL-KOL-02,Kolkata,31.45,179.16,0,0.755,276
2026-08-03 07:00:00,CELL-MUM-02,Mumbai,,189.74,0,0.608,437
2026-08-05 13:45:00,CELL-CHE-02,Chennai,34.67,144.83,0,0.39,396
2026-08-04 16:30:00,CELL-CHE-01,Chennai,35.67,147.99,0,0.583,386
2026-08-02 21:00:00,CELL-KOL-02,Kolkata,41.81,116.36,0,1.114,343
2026-08-03 01:30:00,CELL-BLR-01,Bengaluru,36.48,183.8,0,0.094,284
2026-08-01 00:30:00,CELL-CHE-03,Chennai,33.16,252.09,0,0.337,371
2026-08-02 19:15:00,CELL-DEL-03,Delhi,43.75,118.51,0,0.986,469
2026-08-01 14:45:00,CELL-HYD-01,Hyderabad,29.66,166.96,0,0.685,291
2026-08-02 00:15:00,CELL-MUM-01,Mumbai,35.01,219.18,0,0.306,309
2026-08-03 20:15:00,CELL-BLR-03,Bengaluru,50.98,129.69,0,0.788,575
2026-08-04 11:45:00,CELL-DEL-02,Delhi,54.48,179.04,0,0.817,606
2026-08-01 00:45:00,CELL-CHE-02,Chennai,,173.32,0,0.443,332
2026-08-01 22:45:00,CELL-DEL-02,Delhi,46.91,218.6,0,0.983,488
2026-08-02 19:45:00,CELL-DEL-02,Delhi,63.13,166.97,0,0.584,671
2026-08-03 06:45:00,CELL-KOL-02,Kolkata,22.52,193.98,0,0.562,431
2026-08-01 23:00:00,CELL-HYD-03,Hyderabad,34.26,127.9,0,0.491,248
2026-08-04 20:45:00,CELL-MUM-02,Mumbai,65.62,144.97,0,0.334,459
2026-08-03 09:45:00,CELL-KOL-03,Kolkata,32.47,189.4,0,0.897,510
2026-08-04 23:45:00,CELL-KOL-03,Kolkata,33.66,202.69,0,0.053,176
2026-08-05 05:15:00,CELL-HYD-01,Hyderabad,33.04,192.5,0,0.84,254
2026-08-05 11:30:00,CELL-MUM-01,Mumbai,39.3,196.89,0,0.262,494
2026-08-04 09:15:00,CELL-MUM-01,Mumbai,30.27,171.63,0,0.896,453
2026-08-03 05:15:00,CELL-CHE-02,Chennai,28.72,153.91,0,0.247,300
2026-08-01 04:15:00,CELL-HYD-02,Hyderabad,28.95,168.73,0,0.637,277
2026-08-04 14:30:00,CELL-CHE-03,Chennai,40.5,228.86,0,0.804,279
2026-08-04 17:45:00,CELL-MUM-01,Mumbai,32.44,184.3,0,0.928,551
2026-08-05 06:00:00,CELL-BLR-01,Bengaluru,35.53,166.17,0,0.678,419
2026-08-05 23:15:00,CELL-MUM-01,Mumbai,33.45,188.4,0,0.274,390
2026-08-01 04:30:00,CELL-BLR-01,Bengaluru,37.72,214.16,0,0.634,326
2026-08-02 14:15:00,CELL-DEL-02,Delhi,42.49,219.25,0,0.592,377
2026-08-02 03:00:00,CELL-MUM-02,Mumbai,,0.0,15,0.184,184
2026-08-03 22:00:00,CELL-DEL-01,Delhi,35.7,180.96,0,0.285,237
2026-08-02 11:00:00,CELL-BLR-03,Bengaluru,49.98,137.63,0,0.687,505
2026-08-05 23:30:00,CELL-CHE-01,Chennai,38.64,158.39,0,0.787,428
2026-08-02 23:15:00,CELL-CHE-02,Chennai,31.68,140.2,0,0.303,454
2026-08-03 18:30:00,CELL-BLR-03,Bengaluru,63.99,153.49,0,0.402,376
2026-08-04 22:15:00,CELL-MUM-02,Mumbai,54.66,159.58,0,0.665,369
2026-08-05 12:15:00,CELL-CHE-02,Chennai,36.13,118.35,0,0.922,600
2026-08-01 05:30:00,CELL-BLR-02,Bengaluru,28.19,229.54,0,0.48,393
2026-08-05 03:15:00,CELL-BLR-01,Bengaluru,33.02,229.41,0,0.753,294
2026-08-04 13:00:00,CELL-DEL-01,Delhi,30.17,178.76,0,0.695,497
2026-08-01 07:30:00,CELL-DEL-01,Delhi,29.19,223.36,0,0.632,465
2026-08-03 14:30:00,CELL-DEL-01,Delhi,32.87,203.41,0,0.514,395
2026-08-03 17:00:00,CELL-KOL-02,Kolkata,33.56,182.48,0,0.793,358
2026-08-04 03:30:00,CELL-MUM-01,Mumbai,27.27,227.96,0,0.812,266
2026-08-01 07:00:00,CELL-BLR-02,Bengaluru,30.14,268.89,0,0.415,254
2026-08-04 13:45:00,CELL-BLR-02,Bengaluru,32.31,228.18,0,0.759,349
2026-08-05 03:15:00,CELL-MUM-03,Mumbai,40.91,151.12,0,0.025,349
2026-08-01 05:15:00,CELL-DEL-02,Delhi,41.45,239.87,0,0.582,358
2026-08-05 19:30:00,CELL-BLR-03,Bengaluru,52.42,131.13,0,0.682,544
2026-08-01 00:00:00,CELL-KOL-03,Kolkata,33.33,233.72,0,0.379,253
2026-08-05 22:30:00,CELL-DEL-03,Delhi,29.4,151.43,0,0.606,492
2026-08-02 06:15:00,CELL-HYD-02,Hyderabad,39.91,200.38,0,0.395,385
2026-08-04 12:00:00,CELL-CHE-02,Chennai,34.88,154.95,0,0.817,469
2026-08-04 11:15:00,CELL-HYD-02,Hyderabad,34.68,137.42,0,0.624,267
2026-08-04 02:00:00,CELL-DEL-02,Delhi,44.71,248.74,0,0.804,290
2026-08-03 07:30:00,CELL-MUM-01,Mumbai,34.94,204.75,0,0.866,233
2026-08-05 19:15:00,CELL-KOL-03,Kolkata,44.39,137.77,0,0.98,464
2026-08-02 18:15:00,CELL-CHE-02,Chennai,45.14,127.43,0,0.467,307
2026-08-02 09:45:00,CELL-MUM-01,Mumbai,31.16,231.71,0,0.499,306
2026-08-04 13:15:00,CELL-BLR-02,Bengaluru,33.02,223.81,0,0.78,309
2026-08-01 08:30:00,CELL-CHE-02,Chennai,27.42,151.0,0,0.394,280
2026-08-04 17:30:00,CELL-CHE-01,Chennai,33.08,145.24,0,0.503,327
2026-08-04 07:00:00,CELL-CHE-02,Chennai,28.07,156.16,0,0.334,295
2026-08-01 05:00:00,CELL-BLR-02,Bengaluru,25.34,243.1,0,0.43,311
2026-08-04 07:15:00,CELL-KOL-03,Kolkata,34.11,248.97,0,0.681,348
2026-08-01 13:30:00,CELL-BLR-03,Bengaluru,41.66,137.34,0,0.86,295
2026-08-03 19:30:00,CELL-KOL-03,Kolkata,42.14,155.63,0,0.544,466
2026-08-01 01:15:00,CELL-BLR-02,Bengaluru,27.6,258.62,0,0.069,208
2026-08-01 12:15:00,CELL-BLR-03,Bengaluru,50.76,170.72,0,0.744,673
2026-08-02 13:15:00,CELL-CHE-01,Chennai,40.47,151.75,0,0.602,339
2026-08-02 13:30:00,CELL-BLR-03,Bengaluru,47.15,183.36,0,0.776,402
2026-08-01 15:15:00,CELL-BLR-02,Bengaluru,25.57,210.77,0,0.826,371
2026-08-03 05:30:00,CELL-MUM-02,Mumbai,41.68,206.93,0,0.973,294
2026-08-03 09:15:00,CELL-DEL-03,Delhi,34.81,141.74,0,0.817,488
2026-08-02 15:45:00,CELL-KOL-02,Kolkata,28.8,147.1,0,0.621,472
2026-08-01 00:45:00,CELL-KOL-02,Kolkata,22.39,191.65,0,0.518,252
2026-08-03 22:00:00,CELL-MUM-03,Mumbai,54.64,142.82,0,1.075,235
2026-08-05 20:45:00,CELL-KOL-01,Kolkata,58.73,134.3,0,0.363,430
2026-08-02 16:00:00,CELL-HYD-01,Hyderabad,34.69,163.46,0,0.75,459
2026-08-04 00:30:00,CELL-DEL-01,Delhi,33.4,213.95,0,0.312,491
2026-08-02 00:30:00,CELL-HYD-02,Hyderabad,36.48,185.44,0,0.261,452
2026-08-01 16:00:00,CELL-MUM-02,Mumbai,41.73,155.41,0,0.877,407
2026-08-05 07:45:00,CELL-BLR-03,Bengaluru,40.08,224.24,0,0.855,397
2026-08-04 21:15:00,CELL-BLR-03,Bengaluru,53.34,150.6,0,0.522,369
2026-08-05 15:45:00,CELL-BLR-01,Bengaluru,38.65,168.0,0,0.887,439
2026-08-03 10:45:00,CELL-BLR-01,Bengaluru,47.73,169.02,0,0.454,289
2026-08-04 12:30:00,CELL-HYD-02,Hyderabad,43.16,153.96,0,0.595,391
2026-08-01 16:30:00,CELL-BLR-02,Bengaluru,30.06,238.62,0,0.276,483
2026-08-02 04:00:00,CELL-BLR-01,Bengaluru,34.03,194.92,0,0.709,341
2026-08-01 11:45:00,CELL-DEL-01,Delhi,,216.57,0,0.612,207
2026-08-04 03:45:00,CELL-DEL-02,Delhi,39.44,262.19,0,0.64,339
2026-08-02 01:15:00,CELL-MUM-01,Mumbai,26.56,204.03,0,0.622,231
2026-08-01 23:00:00,CELL-MUM-03,Mumbai,52.58,149.01,0,0.263,397
2026-08-05 17:15:00,CELL-MUM-01,Mumbai,36.4,179.17,0,0.117,484
2026-08-02 12:30:00,CELL-CHE-01,Chennai,47.47,158.82,0,0.419,496
2026-08-01 17:45:00,CELL-MUM-01,Mumbai,38.06,196.45,0,0.543,393
2026-08-03 04:45:00,CELL-CHE-01,Chennai,28.06,169.31,0,0.769,325
2026-08-05 14:00:00,CELL-DEL-01,Delhi,32.46,199.41,0,0.27,318
2026-08-05 04:00:00,CELL-HYD-02,Hyderabad,35.25,187.04,0,0.557,280
2026-08-02 11:30:00,CELL-DEL-01,Delhi,30.95,195.42,0,0.811,259
2026-08-02 21:30:00,CELL-DEL-01,Delhi,35.78,209.5,0,1.117,452
2026-08-01 07:45:00,CELL-KOL-01,Kolkata,43.73,207.21,0,0.408,231
2026-08-03 11:45:00,CELL-CHE-03,Chennai,50.71,218.75,0,0.798,301
2026-08-03 22:45:00,CELL-DEL-02,Delhi,44.98,203.05,0,0.386,219
2026-08-04 11:00:00,CELL-HYD-03,Hyderabad,31.04,117.07,0,0.269,494
2026-08-01 22:15:00,CELL-MUM-03,Mumbai,52.13,146.55,0,0.729,237
2026-08-02 07:00:00,CELL-CHE-03,Chennai,37.12,293.06,0,0.564,429
2026-08-03 11:45:00,CELL-BLR-02,Bengaluru,32.71,168.74,0,0.805,517
2026-08-05 06:15:00,CELL-KOL-02,Kolkata,31.42,152.25,0,0.597,238
2026-08-03 08:15:00,CELL-BLR-01,Bengaluru,35.04,186.53,0,0.667,587
2026-08-03 08:15:00,CELL-BLR-02,Bengaluru,29.41,244.55,0,0.769,211
2026-08-04 04:00:00,CELL-BLR-02,Bengaluru,22.5,279.46,0,0.809,314
2026-08-02 20:15:00,CELL-CHE-03,Chennai,60.31,171.3,0,1.015,522
2026-08-03 10:30:00,CELL-MUM-03,Mumbai,37.81,134.75,0,0.181,403
2026-08-04 03:45:00,CELL-MUM-01,Mumbai,28.19,236.75,0,0.315,415
2026-08-01 03:15:00,CELL-CHE-01,Chennai,33.64,189.34,0,0.426,270
2026-08-04 21:45:00,CELL-CHE-02,Chennai,34.19,122.32,0,0.599,362
2026-08-05 16:30:00,CELL-HYD-03,Hyderabad,34.15,126.43,0,0.511,216
2026-08-01 20:45:00,CELL-MUM-02,Mumbai,50.23,146.86,0,0.572,354
2026-08-05 19:45:00,CELL-CHE-01,Chennai,58.97,116.55,0,1.438,487
2026-08-02 21:45:00,CELL-MUM-01,Mumbai,37.14,174.07,0,0.667,464
2026-08-01 13:30:00,CELL-KOL-03,Kolkata,33.12,173.16,0,0.505,548
2026-08-04 12:45:00,CELL-HYD-01,Hyderabad,32.26,154.54,0,0.659,364
2026-08-05 04:45:00,CELL-MUM-03,Mumbai,48.43,159.06,0,0.599,374
2026-08-05 10:30:00,CELL-HYD-01,Hyderabad,37.18,157.93,0,0.876,408
2026-08-03 19:45:00,CELL-HYD-03,Hyderabad,46.01,105.83,0,0.254,566
2026-08-05 03:30:00,CELL-HYD-03,Hyderabad,32.04,129.02,0,0.926,283
2026-08-02 02:00:00,CELL-DEL-01,Delhi,28.86,272.73,0,0.455,344
2026-08-05 19:00:00,CELL-BLR-01,Bengaluru,51.54,142.2,0,0.69,615
2026-08-05 21:00:00,CELL-BLR-01,Bengaluru,35.07,132.22,0,0.755,146
2026-08-01 10:00:00,CELL-MUM-01,Mumbai,28.28,186.78,0,0.608,240
2026-08-03 09:00:00,CELL-BLR-02,Bengaluru,29.42,222.79,0,0.51,363
2026-08-03 15:00:00,CELL-HYD-01,Hyderabad,29.15,157.51,0,0.534,478
2026-08-02 22:45:00,CELL-BLR-01,Bengaluru,42.05,168.16,0,0.408,371
2026-08-02 18:00:00,CELL-HYD-03,Hyderabad,37.43,109.43,0,0.413,173
2026-08-03 20:15:00,CELL-HYD-01,Hyderabad,45.45,120.16,0,0.061,499
2026-08-05 21:00:00,CELL-CHE-01,Chennai,48.81,120.04,0,0.958,456
2026-08-04 07:00:00,CELL-DEL-01,Delhi,30.87,265.11,0,0.799,345
2026-08-03 03:00:00,CELL-HYD-02,Hyderabad,31.21,199.55,0,0.477,288
2026-08-04 10:15:00,CELL-KOL-03,Kolkata,31.38,181.29,0,0.649,295
2026-08-04 19:15:00,CELL-HYD-02,Hyderabad,48.37,135.31,0,0.605,465
2026-08-01 13:30:00,CELL-BLR-01,Bengaluru,48.58,188.55,0,0.439,615
2026-08-03 00:45:00,CELL-MUM-01,Mumbai,29.38,279.12,0,0.401,280
2026-08-01 22:00:00,CELL-HYD-03,Hyderabad,40.89,119.64,0,0.459,400
2026-08-02 16:45:00,CELL-MUM-03,Mumbai,55.23,149.83,0,0.57,208
2026-08-05 06:30:00,CELL-CHE-03,Chennai,33.41,280.1,0,0.735,583
2026-08-05 12:15:00,CELL-BLR-01,Bengaluru,44.06,169.44,0,0.767,416
2026-08-03 04:45:00,CELL-DEL-03,Delhi,29.24,166.06,0,0.387,108
2026-08-04 18:15:00,CELL-CHE-02,Chennai,40.74,126.1,0,0.769,555
2026-08-05 13:30:00,CELL-HYD-01,Hyderabad,31.29,156.83,0,0.41,322
2026-08-03 04:45:00,CELL-BLR-01,Bengaluru,35.1,204.5,0,0.525,204
2026-08-01 06:15:00,CELL-MUM-02,Mumbai,34.51,196.31,0,0.732,345
2026-08-03 09:45:00,CELL-KOL-01,Kolkata,47.94,167.05,0,0.722,433
2026-08-05 17:45:00,CELL-KOL-01,Kolkata,53.61,161.03,0,0.548,429
2026-08-04 02:45:00,CELL-BLR-03,Bengaluru,37.33,177.17,0,0.211,375
2026-08-03 12:30:00,CELL-BLR-02,Bengaluru,41.86,185.95,0,0.646,314
2026-08-05 19:15:00,CELL-KOL-01,Kolkata,73.25,130.49,0,1.36,308
2026-08-04 12:00:00,CELL-KOL-03,Kolkata,42.34,224.29,0,0.532,125
2026-08-03 17:30:00,CELL-HYD-03,Hyderabad,34.01,122.14,0,0.837,364
2026-08-05 07:15:00,CELL-HYD-02,Hyderabad,26.02,206.1,0,0.311,401
2026-08-03 05:45:00,CELL-BLR-01,Bengaluru,32.25,205.89,0,0.688,368
2026-08-05 01:15:00,CELL-HYD-01,Hyderabad,31.81,160.18,0,0.395,326
2026-08-04 04:45:00,CELL-KOL-01,Kolkata,47.45,191.85,0,0.395,267
2026-08-05 16:30:00,CELL-MUM-01,Mumbai,33.2,189.52,0,0.858,293
2026-08-03 17:45:00,CELL-HYD-01,Hyderabad,35.1,138.05,0,0.685,431
2026-08-04 23:15:00,CELL-MUM-03,Mumbai,48.48,145.78,0,0.299,311
2026-08-01 13:30:00,CELL-CHE-02,Chennai,33.44,145.23,0,0.549,453
2026-08-05 09:45:00,CELL-CHE-03,Chennai,42.3,230.64,0,0.944,348
2026-08-04 05:15:00,CELL-BLR-03,Bengaluru,38.79,200.5,0,0.517,383
2026-08-05 07:15:00,CELL-DEL-01,Delhi,27.81,241.67,0,0.363,294
2026-08-01 15:00:00,CELL-BLR-02,Bengaluru,32.66,214.78,0,0.24,198
2026-08-02 22:15:00,CELL-HYD-02,Hyderabad,39.4,177.78,0,0.185,344
2026-08-05 05:15:00,CELL-HYD-02,Hyderabad,36.17,170.71,0,0.74,333
2026-08-03 21:30:00,CELL-CHE-03,Chennai,49.71,198.3,0,0.989,545
2026-08-03 01:45:00,CELL-DEL-03,Delhi,30.23,170.51,0,0.83,444
2026-08-01 03:30:00,CELL-MUM-02,Mumbai,46.96,212.63,0,0.292,336
2026-08-03 03:00:00,CELL-DEL-03,Delhi,27.83,166.93,0,0.009,474
2026-08-01 15:45:00,CELL-KOL-03,Kolkata,37.66,187.69,0,0.603,393
2026-08-03 04:00:00,CELL-KOL-01,Kolkata,44.5,205.98,0,0.68,316
2026-08-04 05:15:00,CELL-MUM-01,Mumbai,25.18,222.99,0,0.235,253
2026-08-03 13:45:00,CELL-BLR-02,Bengaluru,23.77,269.03,0,0.687,369
2026-08-01 11:15:00,CELL-BLR-01,Bengaluru,46.85,151.18,0,1.001,378
2026-08-02 09:45:00,CELL-CHE-02,Chennai,25.4,154.55,0,0.725,379
2026-08-04 03:00:00,CELL-KOL-01,Kolkata,29.21,169.46,0,0.863,33
2026-08-03 08:45:00,CELL-CHE-02,Chennai,34.3,147.26,0,0.383,331
2026-08-02 03:15:00,CELL-HYD-01,Hyderabad,30.82,193.4,0,0.578,288
2026-08-03 21:15:00,CELL-MUM-02,Mumbai,56.75,138.56,0,0.652,388
2026-08-02 08:30:00,CELL-KOL-01,Kolkata,38.71,228.28,0,0.627,503
2026-08-01 02:00:00,CELL-CHE-03,Chennai,33.94,271.13,0,0.302,366
2026-08-01 15:15:00,CELL-HYD-01,Hyderabad,28.62,173.02,0,0.769,426
2026-08-05 20:30:00,CELL-HYD-02,Hyderabad,54.68,117.6,0,0.879,618
2026-08-05 18:30:00,CELL-BLR-01,Bengaluru,45.72,137.57,0,0.32,431
2026-08-03 19:45:00,CELL-DEL-03,Delhi,89.86,125.75,0,2.719,500
2026-08-01 11:15:00,CELL-HYD-03,Hyderabad,39.11,118.19,0,0.266,314
2026-08-05 21:45:00,CELL-HYD-02,Hyderabad,43.79,154.67,0,1.211,604
2026-08-05 09:00:00,CELL-DEL-01,Delhi,28.78,234.08,0,0.752,360
2026-08-05 21:45:00,CELL-CHE-01,Chennai,40.44,118.29,0,0.683,323
2026-08-01 20:30:00,CELL-MUM-02,Mumbai,65.82,131.97,0,1.062,563
2026-08-05 12:45:00,CELL-DEL-01,Delhi,36.71,193.17,0,1.012,438
2026-08-03 03:15:00,CELL-KOL-01,Kolkata,44.83,182.43,0,0.503,250
2026-08-02 21:15:00,CELL-KOL-03,Kolkata,43.03,178.76,0,0.895,415
2026-08-04 01:15:00,CELL-DEL-02,Delhi,33.24,270.48,0,0.379,427
2026-08-02 05:15:00,CELL-CHE-02,Chennai,25.24,136.45,0,0.357,291
2026-08-02 12:30:00,CELL-KOL-02,Kolkata,37.38,146.1,0,0.388,215
2026-08-04 17:30:00,CELL-MUM-01,Mumbai,36.84,202.19,0,0.879,365
2026-08-03 17:45:00,CELL-MUM-03,Mumbai,52.54,148.23,0,0.787,413
2026-08-02 11:30:00,CELL-DEL-03,Delhi,43.56,152.9,0,0.859,526
2026-08-05 15:15:00,CELL-DEL-02,Delhi,43.93,203.82,0,0.761,452
2026-08-03 10:15:00,CELL-KOL-02,Kolkata,36.67,153.7,0,1.232,221
2026-08-02 11:30:00,CELL-BLR-01,Bengaluru,46.66,166.79,0,0.858,223
2026-08-02 23:00:00,CELL-MUM-02,Mumbai,40.0,167.26,0,0.581,365
2026-08-02 07:30:00,CELL-DEL-01,Delhi,29.17,226.76,0,0.391,309
2026-08-04 00:00:00,CELL-BLR-02,Bengaluru,31.14,289.94,0,0.443,356
2026-08-02 05:30:00,CELL-HYD-03,Hyderabad,27.97,144.2,0,0.197,268
2026-08-04 19:30:00,CELL-CHE-02,Chennai,72.96,102.51,0,1.035,359
2026-08-05 21:45:00,CELL-MUM-02,Mumbai,52.82,122.49,0,0.894,407
2026-08-03 06:15:00,CELL-HYD-01,Hyderabad,28.45,184.84,0,0.534,409
2026-08-05 11:00:00,CELL-HYD-02,Hyderabad,43.34,164.68,0,1.06,378
2026-08-03 14:15:00,CELL-BLR-02,Bengaluru,35.53,250.45,0,0.52,231
2026-08-04 22:30:00,CELL-KOL-02,Kolkata,42.8,162.43,0,0.925,402
2026-08-03 11:30:00,CELL-MUM-02,Mumbai,48.86,141.14,0,0.873,442
2026-08-01 12:15:00,CELL-CHE-03,Chennai,41.3,182.48,0,0.445,451
2026-08-04 09:15:00,CELL-CHE-01,Chennai,28.49,166.44,0,0.625,246
2026-08-02 17:30:00,CELL-MUM-01,Mumbai,36.75,169.38,0,0.815,398
2026-08-02 02:45:00,CELL-MUM-02,Mumbai,,0.0,15,0.722,371
2026-08-04 20:30:00,CELL-MUM-03,Mumbai,66.89,100.93,0,0.897,383
2026-08-01 14:30:00,CELL-BLR-01,Bengaluru,41.98,149.75,0,0.577,313
2026-08-04 00:15:00,CELL-CHE-03,Chennai,27.61,219.8,0,0.503,379
2026-08-02 23:45:00,CELL-KOL-02,Kolkata,26.79,139.16,0,0.668,378
2026-08-05 04:15:00,CELL-HYD-03,Hyderabad,28.08,146.91,0,0.776,410
2026-08-01 10:00:00,CELL-KOL-03,Kolkata,34.42,208.47,0,0.491,400
2026-08-02 15:30:00,CELL-HYD-02,Hyderabad,39.95,176.49,0,0.743,285
2026-08-01 18:00:00,CELL-DEL-03,Delhi,35.84,124.54,0,0.477,410
2026-08-05 15:00:00,CELL-MUM-03,Mumbai,43.96,155.67,0,0.77,236
2026-08-01 01:45:00,CELL-CHE-03,Chennai,35.17,262.03,0,0.748,555
2026-08-04 10:00:00,CELL-DEL-02,Delhi,40.15,198.77,0,0.835,386
2026-08-04 10:30:00,CELL-BLR-02,Bengaluru,31.7,222.1,0,1.081,64
2026-08-05 02:15:00,CELL-DEL-02,Delhi,39.67,237.04,0,0.649,337
2026-08-03 11:15:00,CELL-BLR-01,Bengaluru,33.49,176.47,0,1.327,272
2026-08-05 21:30:00,CELL-BLR-03,Bengaluru,51.4,136.27,0,0.852,357
2026-08-04 00:00:00,CELL-HYD-01,Hyderabad,25.37,184.94,0,0.638,229
2026-08-02 07:45:00,CELL-HYD-03,Hyderabad,30.91,162.72,0,0.807,417
2026-08-04 14:30:00,CELL-CHE-01,Chennai,34.97,170.35,0,0.242,307
2026-08-01 19:15:00,CELL-HYD-03,Hyderabad,38.79,100.87,0,1.151,591
2026-08-03 17:15:00,CELL-MUM-02,Mumbai,55.19,147.31,0,0.836,480
2026-08-05 18:15:00,CELL-DEL-02,Delhi,47.54,183.96,0,1.333,378
2026-08-05 12:45:00,CELL-MUM-02,Mumbai,51.74,140.48,0,0.067,275
2026-08-05 11:00:00,CELL-DEL-03,Delhi,38.09,171.14,0,0.447,449
2026-08-04 12:00:00,CELL-MUM-01,Mumbai,36.14,198.65,0,0.721,461
2026-08-03 00:00:00,CELL-KOL-02,Kolkata,28.36,176.85,0,0.466,306
2026-08-04 08:15:00,CELL-CHE-01,Chennai,30.59,167.27,0,0.364,291
2026-08-05 06:30:00,CELL-BLR-03,Bengaluru,41.98,167.52,0,0.286,290
2026-08-04 15:15:00,CELL-KOL-03,Kolkata,24.02,249.71,0,1.033,249
2026-08-02 23:15:00,CELL-BLR-01,Bengaluru,42.54,146.24,0,0.93,330
2026-08-04 19:15:00,CELL-MUM-03,Mumbai,64.02,84.78,0,0.653,630
2026-08-02 08:15:00,CELL-MUM-02,Mumbai,41.82,176.46,0,0.294,279
2026-08-03 17:00:00,CELL-MUM-01,Mumbai,34.95,179.03,0,1.237,454
2026-08-03 18:00:00,CELL-BLR-03,Bengaluru,55.23,179.82,0,0.748,264
2026-08-01 04:30:00,CELL-KOL-02,Kolkata,30.09,198.09,0,0.52,483
2026-08-03 22:00:00,CELL-KOL-03,Kolkata,36.5,172.35,0,0.88,489
2026-08-03 02:30:00,CELL-HYD-02,Hyderabad,34.87,196.43,0,0.57,428
2026-08-01 14:45:00,CELL-CHE-02,Chennai,31.73,123.5,0,0.443,293
2026-08-01 02:45:00,CELL-HYD-03,Hyderabad,29.46,144.66,0,0.895,456
2026-08-04 06:15:00,CELL-HYD-02,Hyderabad,36.71,184.63,0,0.851,226
2026-08-03 14:15:00,CELL-CHE-02,Chennai,33.31,137.86,0,0.779,460
2026-08-03 10:15:00,CELL-HYD-02,Hyderabad,43.37,168.98,0,0.563,244
2026-08-03 15:30:00,CELL-MUM-03,Mumbai,43.5,134.33,0,0.686,260
2026-08-03 19:30:00,CELL-DEL-01,Delhi,39.91,182.35,0,0.29,671
2026-08-04 02:15:00,CELL-BLR-02,Bengaluru,,0.0,15,0.185,45
2026-08-01 03:00:00,CELL-BLR-01,Bengaluru,38.31,205.28,0,0.587,235
2026-08-05 00:15:00,CELL-BLR-03,Bengaluru,42.82,198.57,0,0.641,375
2026-08-05 22:30:00,CELL-CHE-02,Chennai,33.38,150.48,0,0.778,327
2026-08-04 00:15:00,CELL-MUM-02,Mumbai,43.86,192.8,0,0.211,276
2026-08-05 06:30:00,CELL-CHE-02,Chennai,31.19,165.88,0,0.688,497
2026-08-01 03:45:00,CELL-DEL-01,Delhi,27.99,290.73,0,0.798,171
2026-08-01 11:45:00,CELL-HYD-01,Hyderabad,36.95,121.21,0,0.764,354
2026-08-01 15:15:00,CELL-BLR-01,Bengaluru,40.58,198.27,0,0.501,186
2026-08-03 14:45:00,CELL-HYD-02,Hyderabad,44.69,183.5,0,0.717,487
2026-08-05 03:30:00,CELL-DEL-01,Delhi,30.75,260.5,0,1.024,432
2026-08-04 10:45:00,CELL-BLR-03,Bengaluru,45.74,165.76,0,0.706,489
2026-08-02 01:15:00,CELL-BLR-02,Bengaluru,21.88,263.2,0,0.368,285
2026-08-02 19:30:00,CELL-CHE-02,Chennai,40.31,109.97,0,0.785,591
2026-08-05 17:30:00,CELL-CHE-03,Chennai,46.08,213.36,0,0.78,469
2026-08-04 04:30:00,CELL-BLR-03,Bengaluru,42.64,212.2,0,0.656,285
2026-08-03 16:30:00,CELL-HYD-03,Hyderabad,31.67,109.24,0,0.611,339
2026-08-04 04:30:00,CELL-MUM-01,Mumbai,27.65,230.39,0,0.403,454
2026-08-04 18:15:00,CELL-KOL-02,Kolkata,43.16,139.63,0,0.419,388
2026-08-05 07:00:00,CELL-MUM-02,Mumbai,42.06,180.82,0,0.203,396
2026-08-02 02:30:00,CELL-MUM-02,Mumbai,,0.0,15,0.53,344
2026-08-04 12:15:00,CELL-MUM-01,Mumbai,37.56,170.6,0,0.831,314
2026-08-05 08:30:00,CELL-KOL-03,Kolkata,34.95,271.89,0,0.638,345
2026-08-03 12:30:00,CELL-CHE-03,Chennai,41.04,258.69,0,0.637,581
2026-08-01 06:15:00,CELL-HYD-02,Hyderabad,33.51,153.79,0,0.285,374
2026-08-05 01:30:00,CELL-HYD-03,Hyderabad,29.07,140.43,0,0.209,349
2026-08-02 10:15:00,CELL-MUM-03,Mumbai,45.09,130.67,0,0.751,445
2026-08-05 07:45:00,CELL-DEL-02,Delhi,36.55,200.84,0,0.85,551
2026-08-04 16:45:00,CELL-DEL-02,Delhi,46.33,187.07,0,0.982,535
2026-08-04 19:00:00,CELL-MUM-03,Mumbai,58.52,114.67,0,0.303,588
2026-08-01 21:30:00,CELL-KOL-03,Kolkata,29.31,177.98,0,0.626,285
2026-08-05 06:45:00,CELL-KOL-02,Kolkata,30.84,157.57,0,0.633,302
2026-08-05 07:30:00,CELL-CHE-01,Chennai,36.05,198.53,0,0.515,358
2026-08-02 08:30:00,CELL-BLR-03,Bengaluru,45.72,191.1,0,0.89,394
2026-08-02 16:45:00,CELL-HYD-01,Hyderabad,34.35,169.39,0,0.824,489
2026-08-02 16:15:00,CELL-MUM-01,Mumbai,35.33,224.93,0,0.931,368
2026-08-01 03:15:00,CELL-HYD-02,Hyderabad,37.88,177.32,0,0.518,483
2026-08-05 21:00:00,CELL-MUM-01,Mumbai,46.71,137.18,0,0.844,445
2026-08-01 00:30:00,CELL-KOL-01,Kolkata,46.52,235.88,0,0.399,368
2026-08-02 06:15:00,CELL-MUM-02,Mumbai,49.93,190.46,0,0.582,296
2026-08-05 18:30:00,CELL-MUM-02,Mumbai,64.55,147.25,0,0.869,471
2026-08-05 20:45:00,CELL-CHE-02,Chennai,38.78,115.22,0,0.874,584
2026-08-03 03:30:00,CELL-KOL-01,Kolkata,45.37,217.47,0,0.483,353
2026-08-03 19:45:00,CELL-BLR-02,Bengaluru,40.51,174.53,0,0.776,590
2026-08-03 00:30:00,CELL-KOL-03,Kolkata,29.76,215.95,0,0.303,352
2026-08-05 22:00:00,CELL-DEL-01,Delhi,28.43,208.53,0,0.611,395
2026-08-05 17:30:00,CELL-KOL-02,Kolkata,37.73,126.58,0,0.6,500
2026-08-03 09:00:00,CELL-CHE-01,Chennai,32.52,157.59,0,0.651,362
2026-08-01 17:00:00,CELL-BLR-02,Bengaluru,32.87,219.23,0,0.669,291
2026-08-01 05:15:00,CELL-KOL-01,Kolkata,39.17,218.52,0,0.626,383
2026-08-03 11:30:00,CELL-CHE-02,Chennai,38.55,124.36,0,1.015,583
2026-08-01 00:15:00,CELL-BLR-03,Bengaluru,33.48,202.73,0,0.699,218
2026-08-04 21:15:00,CELL-CHE-02,Chennai,82.19,119.32,0,0.393,337
2026-08-03 03:15:00,CELL-CHE-02,Chennai,30.54,163.95,0,0.704,409
2026-08-01 11:15:00,CELL-CHE-01,Chennai,39.91,140.68,0,0.331,451
2026-08-01 22:45:00,CELL-DEL-01,Delhi,31.8,194.36,0,0.522,216
2026-08-01 00:30:00,CELL-BLR-03,Bengaluru,38.16,183.61,0,1.111,250
2026-08-02 21:00:00,CELL-HYD-02,Hyderabad,49.35,142.86,0,1.063,477
2026-08-03 09:30:00,CELL-CHE-01,Chennai,28.42,176.53,0,0.286,381
2026-08-04 11:45:00,CELL-HYD-02,Hyderabad,45.19,166.7,0,1.18,502
2026-08-03 12:45:00,CELL-DEL-01,Delhi,36.87,161.15,0,0.307,563
2026-08-03 01:00:00,CELL-HYD-02,Hyderabad,35.81,172.39,0,0.931,366
2026-08-03 10:15:00,CELL-KOL-03,Kolkata,36.26,186.55,0,0.564,304
2026-08-05 08:15:00,CELL-MUM-01,Mumbai,26.34,240.67,0,0.841,298
2026-08-04 12:15:00,CELL-DEL-03,Delhi,37.65,135.77,0,0.641,380
2026-08-03 13:15:00,CELL-HYD-03,Hyderabad,32.51,132.43,0,1.028,568
2026-08-02 04:45:00,CELL-BLR-03,Bengaluru,36.71,199.58,0,0.445,459
2026-08-04 09:45:00,CELL-DEL-03,Delhi,31.62,156.55,0,0.928,472
2026-08-01 04:00:00,CELL-KOL-01,Kolkata,44.38,238.71,0,0.307,421
2026-08-01 13:30:00,CELL-CHE-01,Chennai,33.43,136.71,0,0.542,305
2026-08-03 15:00:00,CELL-CHE-03,Chennai,41.65,241.57,0,0.539,228
2026-08-05 08:30:00,CELL-KOL-02,Kolkata,29.84,173.33,0,0.661,372
2026-08-02 03:15:00,CELL-CHE-03,Chennai,35.35,310.75,0,0.843,483
2026-08-01 14:15:00,CELL-BLR-01,Bengaluru,33.65,188.18,0,0.651,360
2026-08-02 04:15:00,CELL-HYD-03,Hyderabad,31.18,130.62,0,0.858,296
2026-08-04 15:00:00,CELL-BLR-01,Bengaluru,45.88,177.41,0,0.096,356
2026-08-04 01:00:00,CELL-BLR-01,Bengaluru,39.18,203.06,0,0.348,442
2026-08-01 07:15:00,CELL-DEL-03,Delhi,26.94,179.93,0,0.607,377
2026-08-02 07:00:00,CELL-HYD-01,Hyderabad,30.02,161.32,0,0.751,295
2026-08-05 01:45:00,CELL-MUM-03,Mumbai,40.75,140.86,0,0.46,514
2026-08-01 15:30:00,CELL-HYD-01,Hyderabad,28.82,140.12,0,0.743,304
2026-08-04 08:00:00,CELL-BLR-03,Bengaluru,40.56,204.73,0,0.54,377
2026-08-02 00:00:00,CELL-DEL-02,Delhi,42.42,253.75,0,0.351,140
2026-08-02 21:45:00,CELL-HYD-03,Hyderabad,40.67,110.3,0,0.862,324
2026-08-02 17:45:00,CELL-BLR-02,Bengaluru,34.83,189.47,0,0.522,312
2026-08-02 05:45:00,CELL-DEL-03,Delhi,27.05,197.53,0,0.522,425
2026-08-02 03:15:00,CELL-HYD-03,Hyderabad,27.44,136.41,0,0.447,378
2026-08-03 21:15:00,CELL-KOL-01,Kolkata,52.1,149.97,0,0.423,520
2026-08-01 01:00:00,CELL-HYD-03,Hyderabad,28.85,139.64,0,0.808,202
2026-08-04 18:45:00,CELL-HYD-01,Hyderabad,41.79,124.64,0,0.442,218
2026-08-04 13:30:00,CELL-MUM-02,Mumbai,57.45,177.69,0,0.386,489
2026-08-05 09:30:00,CELL-HYD-01,Hyderabad,29.93,161.6,0,0.527,504
2026-08-02 17:00:00,CELL-DEL-01,Delhi,32.7,223.4,0,1.075,405
2026-08-03 02:30:00,CELL-MUM-01,Mumbai,26.78,211.75,0,0.681,349
2026-08-05 04:30:00,CELL-HYD-01,Hyderabad,30.72,191.54,0,0.612,400
2026-08-01 04:15:00,CELL-BLR-02,Bengaluru,28.07,260.24,0,0.417,125
2026-08-03 13:00:00,CELL-KOL-02,Kolkata,34.42,156.17,0,0.378,278
2026-08-04 06:15:00,CELL-MUM-03,Mumbai,41.52,171.64,0,0.421,327
2026-08-05 04:00:00,CELL-MUM-03,Mumbai,44.82,151.83,0,0.611,303
2026-08-04 10:45:00,CELL-MUM-03,Mumbai,50.57,133.13,0,0.84,604
2026-08-04 03:15:00,CELL-CHE-01,Chennai,36.39,164.96,0,0.444,197
2026-08-02 08:00:00,CELL-BLR-02,Bengaluru,30.25,211.17,0,0.66,265
2026-08-03 16:30:00,CELL-CHE-03,Chennai,35.81,247.48,0,0.865,409
2026-08-01 22:30:00,CELL-KOL-01,Kolkata,65.11,170.41,0,0.322,443
2026-08-05 00:15:00,CELL-HYD-03,Hyderabad,32.82,129.06,0,0.783,274
2026-08-05 13:15:00,CELL-KOL-03,Kolkata,35.35,216.27,0,0.247,374
2026-08-01 21:00:00,CELL-KOL-01,Kolkata,56.37,137.96,0,0.873,218
2026-08-03 18:45:00,CELL-MUM-03,Mumbai,52.48,122.43,0,0.612,472
2026-08-03 12:00:00,CELL-HYD-03,Hyderabad,33.62,127.71,0,0.382,557
2026-08-02 06:45:00,CELL-MUM-03,Mumbai,44.79,154.84,0,0.416,328
2026-08-04 21:45:00,CELL-CHE-01,Chennai,42.86,108.75,0,0.904,413
2026-08-02 15:45:00,CELL-BLR-02,Bengaluru,32.9,266.14,0,0.545,323
2026-08-04 09:30:00,CELL-HYD-02,Hyderabad,38.21,190.26,0,0.572,310
2026-08-04 05:45:00,CELL-MUM-01,Mumbai,29.24,225.73,0,0.283,328
2026-08-03 10:00:00,CELL-CHE-02,Chennai,26.82,148.58,0,0.743,369
2026-08-05 22:45:00,CELL-CHE-03,Chennai,30.67,192.58,0,1.138,415
2026-08-04 16:15:00,CELL-HYD-02,Hyderabad,38.46,183.92,0,0.532,237
2026-08-04 16:15:00,CELL-DEL-01,Delhi,33.98,198.61,0,0.746,424
2026-08-01 20:45:00,CELL-MUM-03,Mumbai,55.19,113.78,0,0.924,422
2026-08-03 16:30:00,CELL-KOL-03,Kolkata,30.61,212.41,0,0.564,283
2026-08-01 06:30:00,CELL-HYD-02,Hyderabad,41.15,211.55,0,0.204,315
2026-08-05 02:45:00,CELL-HYD-02,Hyderabad,32.19,181.47,0,0.664,399
2026-08-02 15:45:00,CELL-HYD-01,Hyderabad,30.98,154.2,0,0.831,475
2026-08-02 17:00:00,CELL-HYD-02,Hyderabad,40.72,184.16,0,0.884,288
2026-08-05 18:30:00,CELL-MUM-03,Mumbai,65.83,115.44,0,0.459,361
2026-08-03 08:30:00,CELL-HYD-02,Hyderabad,39.53,172.31,0,0.595,467
2026-08-04 14:00:00,CELL-BLR-01,Bengaluru,44.0,191.84,0,0.695,495
2026-08-03 04:30:00,CELL-HYD-01,Hyderabad,28.02,183.49,0,0.749,92
2026-08-02 23:30:00,CELL-KOL-03,Kolkata,32.36,171.81,0,0.847,203
2026-08-02 13:00:00,CELL-HYD-01,Hyderabad,41.44,122.15,0,0.899,313
2026-08-04 08:15:00,CELL-MUM-02,Mumbai,41.16,177.96,0,0.676,446
2026-08-01 20:00:00,CELL-CHE-02,Chennai,42.56,114.48,0,0.557,498
2026-08-01 13:45:00,CELL-HYD-03,Hyderabad,33.74,130.69,0,0.316,311
2026-08-01 12:45:00,CELL-DEL-03,Delhi,35.77,163.7,0,0.597,446
2026-08-04 16:00:00,CELL-CHE-02,Chennai,34.39,153.95,0,0.506,395
2026-08-01 22:45:00,CELL-HYD-01,Hyderabad,35.16,163.82,0,0.524,295
2026-08-01 06:30:00,CELL-CHE-03,Chennai,30.79,241.8,0,0.694,381
2026-08-02 10:15:00,CELL-CHE-02,Chennai,31.54,123.48,0,0.653,528
2026-08-02 09:15:00,CELL-CHE-03,Chennai,35.38,229.76,0,0.925,482
2026-08-01 01:45:00,CELL-HYD-01,Hyderabad,34.41,168.8,0,0.571,173
2026-08-01 23:15:00,CELL-HYD-03,Hyderabad,26.46,128.37,0,0.307,253
2026-08-04 22:15:00,CELL-CHE-01,Chennai,38.81,142.77,0,0.426,225
2026-08-04 22:45:00,CELL-BLR-03,Bengaluru,49.98,177.0,0,0.588,471
2026-08-01 23:30:00,CELL-MUM-01,Mumbai,31.44,195.93,0,0.537,336
2026-08-05 23:15:00,CELL-BLR-01,Bengaluru,36.37,178.38,0,0.81,429
2026-08-02 14:45:00,CELL-DEL-01,Delhi,33.99,230.81,0,0.289,278
2026-08-01 01:30:00,CELL-HYD-03,Hyderabad,27.38,155.57,0,0.761,274
2026-08-04 03:45:00,CELL-BLR-03,Bengaluru,43.57,204.73,0,0.815,447
2026-08-02 11:30:00,CELL-MUM-02,Mumbai,52.88,157.8,0,0.518,439
2026-08-04 06:15:00,CELL-KOL-02,Kolkata,28.94,183.18,0,0.733,412
2026-08-05 06:00:00,CELL-HYD-01,Hyderabad,23.85,151.78,0,0.438,369
2026-08-04 21:30:00,CELL-MUM-03,Mumbai,43.31,105.61,0,0.58,383
2026-08-02 12:15:00,CELL-KOL-03,Kolkata,36.46,206.2,0,0.342,316
2026-08-04 05:45:00,CELL-HYD-02,Hyderabad,37.76,212.92,0,0.396,312
2026-08-05 20:45:00,CELL-HYD-03,Hyderabad,37.04,100.82,0,0.586,434
2026-08-03 04:00:00,CELL-HYD-03,Hyderabad,27.38,126.48,0,0.3,380
2026-08-03 11:00:00,CELL-HYD-01,Hyderabad,35.28,149.54,0,1.243,444
2026-08-02 12:00:00,CELL-CHE-03,Chennai,35.55,214.31,0,0.465,212
2026-08-05 21:30:00,CELL-DEL-01,Delhi,37.17,160.22,0,0.284,359
2026-08-04 22:30:00,CELL-DEL-01,Delhi,35.65,186.13,0,0.602,459
2026-08-02 08:15:00,CELL-HYD-03,Hyderabad,26.28,125.16,0,0.336,255
2026-08-01 02:30:00,CELL-MUM-03,Mumbai,36.38,141.65,0,0.612,346
2026-08-01 17:00:00,CELL-HYD-01,Hyderabad,35.87,138.93,0,0.352,361
2026-08-02 16:00:00,CELL-KOL-03,Kolkata,27.76,224.85,0,0.649,180
2026-08-05 18:15:00,CELL-DEL-01,Delhi,36.84,201.72,0,0.662,386
2026-08-02 17:45:00,CELL-HYD-02,Hyderabad,44.56,154.24,0,0.896,307
2026-08-05 18:00:00,CELL-MUM-03,Mumbai,50.87,106.83,0,0.598,289
2026-08-03 22:30:00,CELL-BLR-02,Bengaluru,38.25,230.63,0,0.483,288
2026-08-04 10:30:00,CELL-KOL-02,Kolkata,33.78,155.85,0,0.031,324
2026-08-01 22:30:00,CELL-BLR-02,Bengaluru,36.86,206.99,0,0.896,488
2026-08-03 09:15:00,CELL-BLR-03,Bengaluru,43.32,168.33,0,0.513,489
2026-08-03 21:15:00,CELL-DEL-03,Delhi,111.08,146.29,0,1.583,340
2026-08-01 02:30:00,CELL-CHE-03,Chennai,42.0,277.09,0,0.203,208
2026-08-05 14:30:00,CELL-HYD-02,Hyderabad,39.29,183.45,0,0.719,403
2026-08-01 16:00:00,CELL-CHE-02,Chennai,33.03,135.98,0,0.608,418
2026-08-03 20:00:00,CELL-BLR-03,Bengaluru,48.73,131.35,0,0.858,591
2026-08-04 23:45:00,CELL-KOL-01,Kolkata,40.46,168.96,0,1.129,356
2026-08-04 01:15:00,CELL-BLR-03,Bengaluru,44.26,206.7,0,0.261,192
2026-08-05 04:30:00,CELL-BLR-03,Bengaluru,39.38,205.37,0,0.909,252
2026-08-05 08:15:00,CELL-CHE-02,Chennai,30.72,176.92,0,0.713,420
2026-08-03 18:00:00,CELL-HYD-03,Hyderabad,37.58,119.04,0,1.084,209
2026-08-04 14:15:00,CELL-HYD-02,Hyderabad,36.97,170.37,0,0.556,624
2026-08-03 11:15:00,CELL-KOL-01,Kolkata,47.24,174.34,0,0.548,415
2026-08-03 02:00:00,CELL-MUM-03,Mumbai,43.36,162.34,0,0.215,391
2026-08-03 11:15:00,CELL-CHE-02,Chennai,29.24,101.75,0,0.171,469
2026-08-05 07:45:00,CELL-KOL-01,Kolkata,53.32,225.55,0,0.851,407
2026-08-02 04:30:00,CELL-HYD-02,Hyderabad,28.46,179.75,0,0.302,369
2026-08-05 08:15:00,CELL-MUM-03,Mumbai,41.95,144.18,0,0.48,335
2026-08-05 11:30:00,CELL-DEL-02,Delhi,57.7,194.2,0,0.3,290
2026-08-03 13:00:00,CELL-DEL-01,Delhi,34.83,210.57,0,0.526,271
2026-08-02 20:45:00,CELL-MUM-01,Mumbai,35.67,127.76,0,0.826,590
2026-08-04 14:30:00,CELL-KOL-03,Kolkata,28.04,211.36,0,0.616,414
2026-08-01 18:00:00,CELL-DEL-01,Delhi,37.44,198.92,0,0.855,497
2026-08-03 17:00:00,CELL-BLR-03,Bengaluru,46.93,158.48,0,0.813,444
2026-08-01 01:00:00,CELL-CHE-02,Chennai,28.25,153.77,0,0.602,347
2026-08-05 08:45:00,CELL-KOL-01,Kolkata,42.66,195.55,0,0.66,295
2026-08-03 23:15:00,CELL-KOL-02,Kolkata,30.73,179.45,0,0.318,383
2026-08-03 10:15:00,CELL-DEL-03,Delhi,33.65,171.26,0,0.949,470
2026-08-01 17:45:00,CELL-CHE-01,Chennai,44.88,148.89,0,1.189,513
2026-08-01 00:00:00,CELL-BLR-02,Bengaluru,22.24,238.21,0,0.327,87
2026-08-05 16:00:00,CELL-CHE-02,Chennai,36.82,149.11,0,0.005,358
2026-08-04 18:30:00,CELL-BLR-02,Bengaluru,41.85,194.62,0,0.989,366
2026-08-04 12:45:00,CELL-KOL-02,Kolkata,35.42,131.7,0,0.475,352
2026-08-02 06:30:00,CELL-BLR-01,Bengaluru,30.46,225.83,0,0.758,186
2026-08-05 11:45:00,CELL-KOL-01,Kolkata,46.02,169.69,0,1.04,299
2026-08-02 04:00:00,CELL-HYD-03,Hyderabad,32.16,148.44,0,0.885,246
2026-08-01 07:00:00,CELL-BLR-01,Bengaluru,38.71,159.11,0,0.573,243
2026-08-04 01:30:00,CELL-BLR-01,Bengaluru,36.05,216.94,0,0.989,340
2026-08-04 02:30:00,CELL-BLR-01,Bengaluru,34.61,194.26,0,0.417,268
2026-08-02 12:00:00,CELL-HYD-03,Hyderabad,40.41,120.23,0,0.791,243
2026-08-03 17:15:00,CELL-MUM-03,Mumbai,47.49,128.67,0,0.323,462
2026-08-01 04:00:00,CELL-BLR-01,Bengaluru,27.68,230.23,0,0.396,429
2026-08-05 10:30:00,CELL-KOL-03,Kolkata,42.91,212.37,0,0.979,425
2026-08-05 10:00:00,CELL-CHE-01,Chennai,37.89,140.18,0,0.548,240
2026-08-02 14:15:00,CELL-CHE-02,Chennai,30.7,148.02,0,0.35,348
2026-08-05 22:45:00,CELL-DEL-02,Delhi,45.88,223.73,0,0.985,465
2026-08-05 15:00:00,CELL-HYD-03,Hyderabad,24.21,159.54,0,0.972,380
2026-08-05 13:15:00,CELL-MUM-01,Mumbai,29.14,165.91,0,0.654,488
2026-08-04 16:15:00,CELL-CHE-02,Chennai,34.74,141.28,0,0.702,84
2026-08-05 03:00:00,CELL-BLR-01,Bengaluru,33.29,188.63,0,0.546,408
2026-08-04 01:45:00,CELL-KOL-02,Kolkata,23.61,169.83,0,0.957,260
2026-08-02 19:30:00,CELL-HYD-03,Hyderabad,43.11,96.11,0,0.752,266
2026-08-04 04:15:00,CELL-CHE-03,Chennai,38.24,271.79,0,0.357,342
2026-08-05 23:45:00,CELL-MUM-03,Mumbai,42.62,137.87,0,1.107,354
2026-08-03 14:00:00,CELL-MUM-01,Mumbai,40.71,189.88,0,0.57,282
2026-08-05 18:15:00,CELL-KOL-03,Kolkata,40.63,173.03,0,0.962,424
2026-08-02 22:00:00,CELL-MUM-03,Mumbai,52.03,134.12,0,0.489,278
2026-08-04 05:15:00,CELL-BLR-02,Bengaluru,28.42,287.71,0,0.622,365
2026-08-04 17:30:00,CELL-CHE-03,Chennai,50.14,199.22,0,0.642,318
2026-08-04 03:30:00,CELL-CHE-02,Chennai,29.89,150.5,0,0.69,166
2026-08-02 02:15:00,CELL-MUM-01,Mumbai,31.65,233.52,0,0.738,305
2026-08-05 15:30:00,CELL-HYD-03,Hyderabad,32.76,123.31,0,0.422,427
2026-08-03 23:15:00,CELL-HYD-03,Hyderabad,32.57,115.63,0,0.532,354
2026-08-03 14:15:00,CELL-KOL-02,Kolkata,26.73,151.57,0,0.342,284
2026-08-03 07:15:00,CELL-DEL-02,Delhi,45.64,235.35,0,0.563,443
2026-08-04 07:30:00,CELL-BLR-01,Bengaluru,36.33,201.31,0,0.306,253
2026-08-02 15:30:00,CELL-DEL-03,Delhi,32.93,161.15,0,0.992,199
2026-08-02 08:45:00,CELL-BLR-03,Bengaluru,40.2,212.14,0,0.69,90
2026-08-04 14:30:00,CELL-HYD-01,Hyderabad,32.4,174.75,0,0.574,340
2026-08-03 06:00:00,CELL-KOL-03,Kolkata,27.87,239.26,0,0.926,544
2026-08-04 23:45:00,CELL-DEL-03,Delhi,30.66,167.72,0,0.1,343
2026-08-05 00:30:00,CELL-CHE-03,Chennai,34.46,240.73,0,0.549,362
2026-08-02 19:30:00,CELL-BLR-01,Bengaluru,64.15,137.46,0,1.287,576
2026-08-01 06:00:00,CELL-BLR-01,Bengaluru,33.77,185.79,0,0.61,261
2026-08-01 16:30:00,CELL-DEL-02,Delhi,44.79,221.59,0,1.153,348
2026-08-02 02:45:00,CELL-CHE-01,Chennai,33.96,190.85,0,0.58,295
2026-08-04 02:30:00,CELL-BLR-03,Bengaluru,37.55,159.33,0,0.733,256
2026-08-03 17:15:00,CELL-BLR-02,Bengaluru,35.51,212.61,0,0.632,385
2026-08-03 08:15:00,CELL-KOL-03,Kolkata,22.94,187.03,0,0.343,352
2026-08-04 20:30:00,CELL-BLR-03,Bengaluru,62.7,134.25,0,1.04,313
2026-08-02 22:45:00,CELL-DEL-01,Delhi,38.17,199.28,0,0.512,338
2026-08-03 00:15:00,CELL-CHE-02,Chennai,28.04,150.19,0,0.433,426
2026-08-02 10:15:00,CELL-BLR-03,Bengaluru,50.21,175.6,0,0.83,541
2026-08-05 15:30:00,CELL-CHE-01,Chennai,24.91,162.02,0,0.662,187
2026-08-02 14:00:00,CELL-BLR-01,Bengaluru,38.47,177.13,0,0.847,439
2026-08-05 16:30:00,CELL-MUM-03,Mumbai,44.32,123.59,0,0.393,332
2026-08-02 09:30:00,CELL-HYD-03,Hyderabad,27.22,115.35,0,0.384,396
2026-08-02 12:15:00,CELL-MUM-01,Mumbai,41.75,181.75,0,1.027,249
2026-08-04 09:30:00,CELL-DEL-01,Delhi,30.3,280.95,0,0.4,544
2026-08-04 11:15:00,CELL-KOL-01,Kolkata,64.48,187.88,0,0.421,368
2026-08-05 18:00:00,CELL-KOL-01,Kolkata,50.43,145.95,0,0.952,353
2026-08-03 12:30:00,CELL-HYD-02,Hyderabad,44.02,167.52,0,0.888,358
2026-08-04 05:15:00,CELL-CHE-02,Chennai,29.96,177.06,0,0.286,391
2026-08-03 15:30:00,CELL-HYD-02,Hyderabad,32.13,184.8,0,0.482,317
2026-08-05 05:00:00,CELL-DEL-02,Delhi,38.15,249.05,0,0.597,333
2026-08-04 20:45:00,CELL-DEL-03,Delhi,48.39,135.03,0,1.209,343
2026-08-02 02:45:00,CELL-KOL-01,Kolkata,47.26,195.28,0,0.561,232
2026-08-05 03:00:00,CELL-HYD-03,Hyderabad,30.63,141.44,0,0.475,144
2026-08-05 01:45:00,CELL-CHE-03,Chennai,31.48,272.71,0,0.761,185
2026-08-05 22:45:00,CELL-BLR-01,Bengaluru,44.8,157.59,0,0.811,425
2026-08-05 20:15:00,CELL-DEL-02,Delhi,59.71,151.13,0,0.404,372
2026-08-02 11:00:00,CELL-DEL-01,Delhi,30.22,220.31,0,1.019,458
2026-08-01 17:00:00,CELL-MUM-01,Mumbai,35.96,171.42,0,0.729,372
2026-08-01 00:45:00,CELL-DEL-03,Delhi,23.93,169.76,0,0.57,174
2026-08-03 17:30:00,CELL-MUM-02,Mumbai,54.7,-671.54,0,1.317,424
2026-08-01 06:00:00,CELL-BLR-03,Bengaluru,40.38,197.15,0,0.304,308
2026-08-03 22:15:00,CELL-MUM-02,Mumbai,58.61,158.06,0,0.892,401
2026-08-02 07:45:00,CELL-BLR-02,Bengaluru,27.61,265.95,0,0.646,308
2026-08-01 20:30:00,CELL-BLR-01,Bengaluru,44.91,108.04,0,0.795,534
2026-08-03 17:15:00,CELL-DEL-03,Delhi,30.7,153.08,0,0.937,387
2026-08-02 21:30:00,CELL-KOL-02,Kolkata,39.53,123.67,0,1.26,513
2026-08-03 15:15:00,CELL-MUM-03,Mumbai,43.62,141.56,0,0.395,491
2026-08-05 02:30:00,CELL-MUM-01,Mumbai,31.88,225.63,0,0.635,229
2026-08-03 19:30:00,CELL-DEL-03,Delhi,77.98,145.45,0,1.422,628
2026-08-01 10:15:00,CELL-DEL-03,Delhi,31.16,158.1,0,0.895,446
2026-08-01 05:00:00,CELL-HYD-03,Hyderabad,33.05,165.99,0,0.307,143
2026-08-05 12:45:00,CELL-BLR-03,Bengaluru,47.0,156.1,0,0.57,429
2026-08-03 14:00:00,CELL-HYD-02,Hyderabad,41.73,145.66,0,0.746,366
2026-08-04 01:45:00,CELL-KOL-03,Kolkata,26.87,258.44,0,0.651,330
2026-08-04 09:15:00,CELL-KOL-02,Kolkata,29.32,155.88,0,0.247,446
2026-08-01 08:15:00,CELL-BLR-03,Bengaluru,42.48,232.41,0,0.214,404
2026-08-04 10:30:00,CELL-CHE-02,Chennai,37.0,139.46,0,0.539,372
2026-08-04 06:00:00,CELL-CHE-02,Chennai,30.42,173.52,0,0.723,461
2026-08-05 18:45:00,CELL-DEL-02,Delhi,58.73,184.71,0,0.378,374
2026-08-05 09:30:00,CELL-MUM-01,Mumbai,31.96,209.01,0,0.864,275
2026-08-04 19:30:00,CELL-DEL-03,Delhi,34.89,136.54,0,0.909,481
2026-08-04 09:30:00,CELL-DEL-02,Delhi,39.66,211.87,0,0.782,486
2026-08-04 07:45:00,CELL-HYD-01,Hyderabad,33.2,173.38,0,1.445,331
2026-08-05 16:30:00,CELL-CHE-02,Chennai,29.98,150.69,0,0.51,228
2026-08-02 07:45:00,CELL-KOL-02,Kolkata,31.69,164.8,0,0.765,259
2026-08-05 20:00:00,CELL-DEL-03,Delhi,40.24,128.63,0,0.625,564
2026-08-05 00:30:00,CELL-KOL-03,Kolkata,30.04,252.65,0,0.79,308
2026-08-05 04:30:00,CELL-MUM-01,Mumbai,30.52,219.16,0,0.715,139
2026-08-03 18:30:00,CELL-HYD-03,Hyderabad,35.15,113.16,0,0.44,358
2026-08-01 21:15:00,CELL-KOL-01,Kolkata,48.72,139.79,0,0.794,602
2026-08-01 06:15:00,CELL-CHE-03,Chennai,40.7,234.27,0,0.347,358
2026-08-04 03:30:00,CELL-DEL-03,Delhi,36.08,196.82,0,0.319,287
2026-08-05 18:00:00,CELL-BLR-03,Bengaluru,58.22,163.36,0,0.663,162
2026-08-01 23:30:00,CELL-MUM-03,Mumbai,41.76,141.74,0,0.961,262
2026-08-03 05:00:00,CELL-BLR-02,Bengaluru,28.59,237.71,0,0.554,242
2026-08-02 01:15:00,CELL-KOL-02,Kolkata,28.21,205.75,0,0.752,209
2026-08-01 12:15:00,CELL-MUM-03,Mumbai,48.1,147.71,0,0.414,112
2026-08-01 09:00:00,CELL-KOL-02,Kolkata,31.66,188.18,0,0.578,294
2026-08-02 13:00:00,CELL-CHE-02,Chennai,37.13,114.51,0,0.856,581
2026-08-01 11:15:00,CELL-MUM-03,Mumbai,48.91,142.92,0,0.663,476
2026-08-04 02:15:00,CELL-BLR-03,Bengaluru,43.38,193.43,0,0.334,242
2026-08-05 10:00:00,CELL-HYD-01,Hyderabad,32.03,151.83,0,0.888,187
2026-08-02 16:45:00,CELL-DEL-03,Delhi,33.47,138.41,0,0.443,521
2026-08-02 14:15:00,CELL-BLR-02,Bengaluru,31.63,202.52,0,0.636,367
2026-08-01 20:30:00,CELL-HYD-02,Hyderabad,50.07,129.95,0,0.371,276
2026-08-04 06:15:00,CELL-HYD-03,Hyderabad,25.51,130.83,0,0.471,215
2026-08-01 04:15:00,CELL-DEL-01,Delhi,32.57,205.96,0,0.572,322
2026-08-02 12:15:00,CELL-MUM-02,Mumbai,51.68,131.61,0,0.543,426
2026-08-04 04:45:00,CELL-HYD-03,Hyderabad,27.51,154.64,0,0.646,294
2026-08-04 10:00:00,CELL-MUM-01,Mumbai,33.39,193.06,0,0.757,261
2026-08-05 10:45:00,CELL-MUM-03,Mumbai,42.34,129.12,0,0.9,492
2026-08-04 15:45:00,CELL-BLR-03,Bengaluru,41.34,198.75,0,0.538,407
2026-08-03 09:15:00,CELL-BLR-02,Bengaluru,30.15,235.08,0,0.622,263
2026-08-01 17:30:00,CELL-MUM-01,Mumbai,39.72,187.0,0,0.315,200
2026-08-01 06:45:00,CELL-DEL-03,Delhi,30.4,192.76,0,0.719,480
2026-08-04 09:00:00,CELL-DEL-02,Delhi,41.63,217.76,0,0.836,417
2026-08-04 08:45:00,CELL-HYD-03,Hyderabad,32.02,136.26,0,0.5,308
2026-08-01 17:45:00,CELL-HYD-02,Hyderabad,48.67,150.34,0,0.896,239
2026-08-01 05:15:00,CELL-BLR-03,Bengaluru,33.43,198.2,0,0.201,247
2026-08-01 16:30:00,CELL-DEL-01,Delhi,34.22,222.52,0,0.533,567
2026-08-02 19:45:00,CELL-MUM-03,Mumbai,62.42,101.6,0,1.258,503
2026-08-01 17:00:00,CELL-DEL-02,Delhi,52.42,182.62,0,0.759,381
2026-08-03 00:15:00,CELL-DEL-03,Delhi,35.82,181.21,0,0.205,224
2026-08-01 15:45:00,CELL-MUM-01,Mumbai,35.73,224.91,0,0.882,346
2026-08-02 06:45:00,CELL-HYD-03,Hyderabad,26.63,137.2,0,0.609,476
2026-08-01 18:15:00,CELL-BLR-01,Bengaluru,42.52,153.37,0,1.023,343
2026-08-02 05:15:00,CELL-CHE-03,Chennai,36.76,254.59,0,0.806,312
2026-08-03 00:15:00,CELL-KOL-03,Kolkata,35.18,204.54,0,0.173,465
2026-08-05 20:30:00,CELL-DEL-01,Delhi,45.87,144.94,0,0.9,701
2026-08-01 15:30:00,CELL-KOL-02,Kolkata,30.76,182.56,0,0.534,207
2026-08-05 16:30:00,CELL-MUM-02,Mumbai,40.07,189.16,0,0.69,412
2026-08-01 13:00:00,CELL-KOL-01,Kolkata,40.48,149.67,0,1.148,231
2026-08-01 08:00:00,CELL-KOL-02,Kolkata,26.34,177.31,0,0.702,420
2026-08-02 15:15:00,CELL-KOL-01,Kolkata,42.08,220.33,0,0.75,354
2026-08-01 22:45:00,CELL-MUM-02,Mumbai,51.07,147.44,0,1.093,378
2026-08-02 10:00:00,CELL-BLR-03,Bengaluru,52.52,173.1,0,0.718,294
2026-08-03 08:00:00,CELL-CHE-03,Chennai,35.48,238.36,0,0.535,341
2026-08-01 04:45:00,CELL-HYD-02,Hyderabad,33.32,209.78,0,0.418,391
2026-08-02 10:15:00,CELL-KOL-03,Kolkata,34.97,181.95,0,0.049,200
2026-08-05 07:30:00,CELL-BLR-01,Bengaluru,37.97,190.51,0,0.564,203
2026-08-01 11:30:00,CELL-DEL-01,Delhi,33.32,200.04,0,1.445,562
2026-08-04 18:45:00,CELL-BLR-02,Bengaluru,32.05,133.57,0,0.728,534
2026-08-04 04:45:00,CELL-MUM-03,Mumbai,42.56,163.33,0,0.229,372
2026-08-01 09:15:00,CELL-HYD-01,Hyderabad,33.61,184.93,0,0.732,308
2026-08-03 12:30:00,CELL-DEL-01,Delhi,41.32,177.52,0,0.648,174
2026-08-05 17:30:00,CELL-HYD-02,Hyderabad,41.05,143.01,0,0.726,307
2026-08-02 14:00:00,CELL-MUM-02,Mumbai,47.29,149.01,0,0.332,477
2026-08-05 16:45:00,CELL-KOL-02,Kolkata,32.35,186.87,0,0.638,307
2026-08-01 14:45:00,CELL-CHE-03,Chennai,39.73,206.97,0,0.439,515
2026-08-04 00:45:00,CELL-KOL-03,Kolkata,27.58,240.63,0,0.533,367
2026-08-05 08:30:00,CELL-HYD-02,Hyderabad,34.95,197.74,0,0.512,458
2026-08-02 19:15:00,CELL-HYD-02,Hyderabad,49.01,122.22,0,0.719,620
2026-08-03 10:45:00,CELL-CHE-02,Chennai,33.05,123.17,0,0.843,218
2026-08-03 17:45:00,CELL-DEL-03,Delhi,52.72,149.17,0,0.978,415
2026-08-05 16:00:00,CELL-BLR-01,Bengaluru,37.27,179.15,0,0.894,246
2026-08-04 14:15:00,CELL-DEL-01,Delhi,31.82,235.33,0,0.969,263
2026-08-04 13:45:00,CELL-MUM-03,Mumbai,55.74,132.09,0,0.621,476
2026-08-03 07:45:00,CELL-CHE-01,Chennai,29.47,184.89,0,0.462,206
2026-08-02 13:15:00,CELL-BLR-02,Bengaluru,29.03,236.76,0,0.518,491
2026-08-03 07:15:00,CELL-BLR-03,Bengaluru,33.28,190.14,0,0.597,317
2026-08-05 18:30:00,CELL-HYD-02,Hyderabad,40.95,149.93,0,0.62,475
2026-08-05 21:45:00,CELL-MUM-03,Mumbai,62.76,131.02,0,0.352,317
2026-08-05 08:30:00,CELL-MUM-03,Mumbai,43.67,129.95,0,0.199,194
2026-08-01 08:15:00,CELL-CHE-02,Chennai,30.13,152.09,0,0.26,418
2026-08-04 17:45:00,CELL-DEL-02,Delhi,51.57,195.17,0,1.104,194
2026-08-04 16:45:00,CELL-MUM-02,Mumbai,46.12,176.64,0,0.55,461
2026-08-02 06:30:00,CELL-DEL-02,Delhi,32.66,267.78,0,0.852,302
2026-08-01 01:30:00,CELL-DEL-01,Delhi,31.23,253.54,0,0.518,320
2026-08-01 16:45:00,CELL-BLR-01,Bengaluru,37.87,165.55,0,0.531,597
2026-08-01 11:15:00,CELL-BLR-02,Bengaluru,35.51,242.61,0,0.127,485
2026-08-01 16:30:00,CELL-BLR-03,Bengaluru,38.99,187.6,0,0.672,276
2026-08-03 09:45:00,CELL-BLR-01,Bengaluru,42.66,136.96,0,0.813,329
2026-08-04 10:45:00,CELL-KOL-03,Kolkata,31.37,219.46,0,0.443,637
2026-08-04 20:45:00,CELL-CHE-03,Chennai,45.47,187.86,0,0.367,463
2026-08-01 21:30:00,CELL-KOL-01,Kolkata,62.59,155.18,0,1.058,163
2026-08-03 02:15:00,CELL-HYD-03,Hyderabad,30.02,149.71,0,0.602,411
2026-08-04 02:30:00,CELL-CHE-03,Chennai,36.23,250.3,0,0.759,264
2026-08-02 22:30:00,CELL-DEL-03,Delhi,35.53,149.13,0,0.645,579
2026-08-03 06:00:00,CELL-BLR-02,Bengaluru,31.88,296.65,0,0.486,437
2026-08-04 22:45:00,CELL-KOL-02,Kolkata,31.21,165.64,0,0.615,376
2026-08-03 11:45:00,CELL-HYD-03,Hyderabad,34.1,102.35,0,0.653,284
2026-08-05 04:00:00,CELL-MUM-02,Mumbai,49.55,202.48,0,0.402,406
2026-08-01 16:30:00,CELL-HYD-01,Hyderabad,30.61,150.63,0,0.611,237
2026-08-04 01:30:00,CELL-BLR-03,Bengaluru,41.64,199.94,0,0.84,316
2026-08-01 12:00:00,CELL-DEL-02,Delhi,46.36,169.12,0,0.936,487
2026-08-05 03:15:00,CELL-CHE-03,Chennai,37.52,270.67,0,0.464,256
2026-08-03 10:45:00,CELL-BLR-02,Bengaluru,30.04,209.66,0,0.571,395
2026-08-01 16:45:00,CELL-KOL-02,Kolkata,29.28,162.58,0,0.775,484
2026-08-03 23:00:00,CELL-MUM-03,Mumbai,38.27,143.24,0,0.855,373
2026-08-02 17:45:00,CELL-MUM-02,Mumbai,63.0,140.19,0,0.634,643
2026-08-03 21:30:00,CELL-HYD-01,Hyderabad,42.03,124.03,0,0.672,337
2026-08-03 00:00:00,CELL-DEL-01,Delhi,33.99,201.47,0,0.761,374
2026-08-04 09:45:00,CELL-DEL-02,Delhi,46.19,237.61,0,0.391,468
2026-08-03 01:30:00,CELL-KOL-02,Kolkata,27.42,191.96,0,0.417,345
2026-08-03 05:30:00,CELL-BLR-02,Bengaluru,26.93,255.53,0,0.318,481
2026-08-01 21:45:00,CELL-BLR-03,Bengaluru,62.85,156.42,0,0.162,113
2026-08-02 18:00:00,CELL-HYD-02,Hyderabad,43.85,153.4,0,0.484,345
2026-08-04 00:30:00,CELL-HYD-01,Hyderabad,24.18,178.63,0,0.475,343
2026-08-03 19:45:00,CELL-MUM-02,Mumbai,71.9,137.33,0,0.499,411
2026-08-04 23:00:00,CELL-KOL-03,Kolkata,32.09,180.07,0,0.746,424
2026-08-01 06:30:00,CELL-DEL-03,Delhi,29.33,177.31,0,0.431,240
2026-08-04 11:15:00,CELL-BLR-02,Bengaluru,40.35,196.8,0,0.417,466
2026-08-01 01:45:00,CELL-CHE-02,Chennai,28.59,170.2,0,0.275,270
2026-08-05 00:45:00,CELL-DEL-02,Delhi,42.29,231.82,0,0.624,334
2026-08-05 00:15:00,CELL-DEL-02,Delhi,37.54,212.52,0,0.621,354
2026-08-05 16:00:00,CELL-BLR-02,Bengaluru,34.61,244.89,0,0.503,453
2026-08-02 02:45:00,CELL-KOL-03,Kolkata,30.91,219.93,0,0.575,380
2026-08-03 07:45:00,CELL-BLR-02,Bengaluru,29.68,261.84,0,0.862,338
2026-08-02 14:30:00,CELL-DEL-03,Delhi,37.87,192.83,0,0.306,370
2026-08-03 07:45:00,CELL-HYD-01,Hyderabad,29.81,156.39,0,0.678,219
2026-08-03 20:30:00,CELL-KOL-02,Kolkata,44.72,123.88,0,0.694,381
2026-08-05 10:45:00,CELL-KOL-03,Kolkata,35.18,197.4,0,0.485,376
2026-08-03 01:00:00,CELL-KOL-01,Kolkata,45.84,190.63,0,0.674,298
2026-08-01 02:15:00,CELL-CHE-02,Chennai,31.56,175.3,0,0.741,193
2026-08-04 18:15:00,CELL-BLR-02,Bengaluru,34.85,201.6,0,0.719,538
2026-08-02 02:15:00,CELL-KOL-01,Kolkata,48.66,215.26,0,0.317,289
2026-08-05 10:15:00,CELL-MUM-03,Mumbai,40.16,139.36,0,1.108,440
2026-08-05 16:15:00,CELL-BLR-02,Bengaluru,32.83,228.69,0,0.532,165
2026-08-05 05:15:00,CELL-CHE-02,Chennai,28.54,174.07,0,0.515,333
2026-08-05 18:00:00,CELL-DEL-02,Delhi,40.22,181.3,0,0.726,540
2026-08-05 20:30:00,CELL-CHE-03,Chennai,49.62,180.84,0,0.814,618
2026-08-04 10:15:00,CELL-BLR-03,Bengaluru,46.74,174.78,0,0.713,361
2026-08-03 07:00:00,CELL-CHE-02,Chennai,30.06,157.14,0,0.828,190
2026-08-03 11:45:00,CELL-HYD-02,Hyderabad,42.3,141.03,0,0.469,402
2026-08-02 01:30:00,CELL-KOL-02,Kolkata,26.6,178.77,0,0.878,281
2026-08-05 20:15:00,CELL-BLR-03,Bengaluru,69.54,116.32,0,0.658,266
2026-08-03 00:15:00,CELL-HYD-01,Hyderabad,29.08,152.31,0,0.649,342
2026-08-01 20:15:00,CELL-MUM-02,Mumbai,57.23,127.33,0,0.883,343
2026-08-02 03:45:00,CELL-BLR-02,Bengaluru,31.04,271.13,0,0.42,326
2026-08-03 04:30:00,CELL-CHE-03,Chennai,31.19,275.93,0,0.55,190
2026-08-01 05:15:00,CELL-BLR-02,Bengaluru,28.86,240.2,0,0.701,272
2026-08-03 13:00:00,CELL-DEL-03,Delhi,37.08,148.07,0,0.3,424
2026-08-03 20:45:00,CELL-DEL-01,Delhi,40.43,171.6,0,0.316,421
2026-08-03 16:45:00,CELL-CHE-02,Chennai,27.2,157.69,0,0.932,240
2026-08-02 11:45:00,CELL-BLR-02,Bengaluru,34.4,195.12,0,0.839,175
2026-08-03 10:00:00,CELL-MUM-02,Mumbai,47.2,174.53,0,0.308,513
2026-08-01 00:30:00,CELL-KOL-03,Kolkata,32.45,192.24,0,0.95,328
2026-08-05 09:30:00,CELL-BLR-02,Bengaluru,31.71,231.29,0,0.371,236
2026-08-05 09:15:00,CELL-CHE-01,Chennai,38.35,153.49,0,0.533,394
2026-08-05 07:30:00,CELL-KOL-01,Kolkata,37.37,245.55,0,0.353,192
2026-08-04 14:30:00,CELL-CHE-02,Chennai,35.82,162.85,0,0.467,317
2026-08-03 15:15:00,CELL-KOL-02,Kolkata,32.75,192.55,0,0.611,412
2026-08-01 14:30:00,CELL-CHE-03,Chennai,33.55,164.97,0,0.728,315
2026-08-01 23:30:00,CELL-DEL-01,Delhi,27.09,225.25,0,0.713,352
2026-08-03 12:15:00,CELL-DEL-01,Delhi,37.05,204.4,0,0.25,619
2026-08-03 04:30:00,CELL-CHE-01,Chennai,25.07,161.86,0,0.817,389
2026-08-05 04:30:00,CELL-DEL-02,Delhi,40.94,239.27,0,0.645,363
2026-08-03 05:15:00,CELL-DEL-02,Delhi,37.77,250.62,0,0.899,326
2026-08-02 02:00:00,CELL-MUM-01,Mumbai,28.26,209.65,0,0.772,393
2026-08-02 05:15:00,CELL-MUM-01,Mumbai,28.29,256.46,0,0.843,166
2026-08-05 09:00:00,CELL-BLR-03,Bengaluru,42.38,196.87,0,0.405,456
2026-08-03 13:30:00,CELL-MUM-02,Mumbai,37.19,172.02,0,0.667,299
2026-08-03 12:45:00,CELL-BLR-01,Bengaluru,41.77,175.88,0,0.769,366
2026-08-02 19:45:00,CELL-BLR-02,Bengaluru,47.29,172.55,0,0.987,558
2026-08-02 13:00:00,CELL-MUM-03,Mumbai,51.59,131.58,0,0.421,325
2026-08-05 04:15:00,CELL-HYD-02,Hyderabad,35.08,186.92,0,0.615,376
2026-08-05 02:30:00,CELL-KOL-01,Kolkata,39.78,201.1,0,1.115,237
2026-08-03 08:45:00,CELL-HYD-02,Hyderabad,40.63,177.04,0,0.371,170
2026-08-03 19:45:00,CELL-CHE-01,Chennai,41.74,113.05,0,0.853,467
2026-08-03 23:15:00,CELL-BLR-02,Bengaluru,29.09,241.84,0,0.809,344
2026-08-04 02:45:00,CELL-HYD-03,Hyderabad,24.84,143.9,0,0.658,209
2026-08-04 07:30:00,CELL-CHE-01,Chennai,29.23,146.23,0,0.649,309
2026-08-05 15:00:00,CELL-CHE-03,Chennai,36.03,245.73,0,0.265,336
2026-08-01 12:30:00,CELL-HYD-02,Hyderabad,43.36,148.79,0,0.495,319
2026-08-02 14:30:00,CELL-BLR-01,Bengaluru,31.59,196.15,0,0.734,305
2026-08-03 11:15:00,CELL-MUM-03,Mumbai,47.04,138.15,0,0.524,247
2026-08-05 08:30:00,CELL-MUM-02,Mumbai,51.32,216.48,0,0.804,270
2026-08-05 07:45:00,CELL-HYD-03,Hyderabad,32.63,144.35,0,0.947,470
2026-08-04 08:30:00,CELL-MUM-03,Mumbai,43.18,161.14,0,0.543,352
2026-08-03 03:45:00,CELL-MUM-03,Mumbai,41.82,147.37,0,0.503,384
2026-08-02 05:45:00,CELL-MUM-02,Mumbai,42.03,200.16,0,0.817,328
2026-08-04 05:45:00,CELL-CHE-01,Chennai,34.63,215.78,0,0.271,315
2026-08-01 08:00:00,CELL-BLR-01,Bengaluru,38.9,198.17,0,0.566,416
2026-08-05 19:30:00,CELL-DEL-02,Delhi,57.32,179.43,0,1.291,469
2026-08-01 11:30:00,CELL-HYD-03,Hyderabad,39.54,125.74,0,0.599,577
2026-08-03 09:45:00,CELL-DEL-02,Delhi,42.85,216.62,0,0.489,318
2026-08-04 12:45:00,CELL-BLR-03,Bengaluru,52.66,174.62,0,0.863,260
2026-08-04 14:15:00,CELL-MUM-01,Mumbai,33.54,172.03,0,1.027,413
2026-08-01 06:30:00,CELL-MUM-01,Mumbai,26.54,205.92,0,0.783,412
2026-08-02 06:45:00,CELL-BLR-02,Bengaluru,28.58,277.44,0,0.592,469
2026-08-03 18:00:00,CELL-KOL-03,Kolkata,44.36,193.74,0,0.779,434
2026-08-03 06:30:00,CELL-CHE-02,Chennai,28.79,158.08,0,0.459,343
2026-08-01 21:00:00,CELL-DEL-01,Delhi,,191.47,0,1.124,484
2026-08-02 00:30:00,CELL-KOL-02,Kolkata,29.42,199.08,0,0.417,256
2026-08-02 19:45:00,CELL-CHE-03,Chennai,55.28,156.74,0,1.043,346
2026-08-03 08:45:00,CELL-MUM-01,Mumbai,26.64,234.71,0,0.579,449
2026-08-04 06:45:00,CELL-CHE-03,Chennai,38.16,297.44,0,0.555,278
2026-08-03 19:30:00,CELL-CHE-01,Chennai,48.52,118.94,0,0.635,487
2026-08-02 14:45:00,CELL-BLR-01,Bengaluru,36.26,169.51,0,0.621,202
2026-08-05 05:00:00,CELL-MUM-02,Mumbai,44.12,186.79,0,0.406,360
2026-08-02 03:15:00,CELL-MUM-02,Mumbai,,0.0,15,0.822,334
2026-08-02 00:00:00,CELL-CHE-03,Chennai,36.66,230.63,0,0.147,457
2026-08-04 17:45:00,CELL-CHE-02,Chennai,30.6,118.94,0,0.764,280
2026-08-02 04:30:00,CELL-KOL-01,Kolkata,47.86,218.04,0,0.565,493
2026-08-03 21:30:00,CELL-MUM-03,Mumbai,55.55,116.19,0,1.044,411
2026-08-02 11:15:00,CELL-DEL-01,Delhi,43.89,218.33,0,1.104,302
2026-08-04 23:30:00,CELL-HYD-03,Hyderabad,38.49,134.0,0,0.766,196
2026-08-03 21:45:00,CELL-MUM-01,Mumbai,39.93,152.04,0,0.449,521
2026-08-04 04:30:00,CELL-CHE-02,Chennai,29.39,152.53,0,0.467,386
2026-08-02 12:30:00,CELL-MUM-01,Mumbai,33.06,179.74,0,1.059,408
2026-08-03 14:15:00,CELL-HYD-02,Hyderabad,45.53,178.66,0,0.363,466
2026-08-02 23:15:00,CELL-CHE-01,Chennai,35.33,157.87,0,0.648,297
2026-08-02 23:45:00,CELL-HYD-01,Hyderabad,32.86,145.98,0,0.552,329
2026-08-01 17:15:00,CELL-DEL-01,Delhi,30.79,195.74,0,0.833,424
2026-08-01 07:45:00,CELL-KOL-02,Kolkata,27.67,186.89,0,0.185,370
2026-08-03 14:30:00,CELL-BLR-01,Bengaluru,40.39,168.87,0,0.497,480
2026-08-01 21:15:00,CELL-MUM-02,Mumbai,56.04,138.35,0,0.175,255
2026-08-02 00:30:00,CELL-BLR-03,Bengaluru,42.36,196.4,0,0.663,217
2026-08-03 05:00:00,CELL-HYD-02,Hyderabad,28.89,214.05,0,0.71,252
2026-08-04 16:30:00,CELL-CHE-03,Chennai,40.86,220.09,0,0.658,280
2026-08-01 07:30:00,CELL-HYD-01,Hyderabad,31.04,146.82,0,0.483,223
2026-08-03 10:45:00,CELL-DEL-01,Delhi,36.5,231.85,0,0.863,389
2026-08-04 23:45:00,CELL-KOL-02,Kolkata,29.84,160.47,0,0.295,375
2026-08-04 17:45:00,CELL-KOL-03,Kolkata,32.24,215.21,0,0.485,346
2026-08-03 23:00:00,CELL-DEL-01,Delhi,32.58,216.91,0,0.681,440
2026-08-02 15:30:00,CELL-BLR-01,Bengaluru,35.72,192.6,0,0.511,266
2026-08-03 20:30:00,CELL-HYD-03,Hyderabad,42.06,99.06,0,0.617,412
2026-08-05 17:00:00,CELL-BLR-03,Bengaluru,49.08,183.93,0,0.226,265
2026-08-01 23:45:00,CELL-DEL-01,Delhi,31.66,224.8,0,0.273,320
2026-08-03 07:15:00,CELL-CHE-03,Chennai,33.24,271.86,0,0.702,315
2026-08-05 13:30:00,CELL-MUM-03,Mumbai,54.33,140.31,0,0.584,314
2026-08-04 23:30:00,CELL-CHE-02,Chennai,32.69,124.03,0,0.771,372
2026-08-02 17:00:00,CELL-MUM-01,Mumbai,32.07,185.56,0,0.298,422
2026-08-03 23:00:00,CELL-KOL-02,Kolkata,32.63,153.81,0,0.633,323
2026-08-04 16:30:00,CELL-BLR-03,Bengaluru,46.14,188.7,0,0.15,345
2026-08-04 04:45:00,CELL-BLR-03,Bengaluru,40.82,179.23,0,0.62,188
2026-08-04 05:30:00,CELL-BLR-03,Bengaluru,42.75,210.33,0,0.633,345
2026-08-05 10:00:00,CELL-BLR-03,Bengaluru,42.56,198.51,0,0.89,400
2026-08-03 03:15:00,CELL-HYD-03,Hyderabad,26.23,166.35,0,0.714,335
2026-08-02 09:00:00,CELL-HYD-02,Hyderabad,35.83,187.35,0,0.577,532
2026-08-04 10:00:00,CELL-DEL-03,Delhi,39.63,170.76,0,0.859,215
2026-08-03 05:45:00,CELL-MUM-03,Mumbai,45.83,163.38,0,1.06,278
2026-08-04 16:45:00,CELL-MUM-01,Mumbai,36.63,206.36,0,0.612,170
2026-08-01 02:45:00,CELL-MUM-03,Mumbai,41.67,172.48,0,0.78,372
2026-08-01 10:45:00,CELL-CHE-03,Chennai,35.02,173.01,0,0.845,526
2026-08-01 16:30:00,CELL-DEL-03,Delhi,32.61,169.84,0,0.426,332
2026-08-03 00:45:00,CELL-CHE-03,Chennai,36.36,237.65,0,0.404,242
2026-08-01 20:30:00,CELL-BLR-03,Bengaluru,73.94,141.32,0,0.967,306
2026-08-01 22:30:00,CELL-MUM-01,Mumbai,35.03,197.31,0,0.572,445
2026-08-03 00:15:00,CELL-DEL-01,Delhi,30.89,212.67,0,0.784,244
2026-08-01 05:45:00,CELL-HYD-02,Hyderabad,33.87,161.95,0,0.586,280
2026-08-04 00:00:00,CELL-KOL-01,Kolkata,46.32,186.1,0,0.692,403
2026-08-04 09:30:00,CELL-BLR-01,Bengaluru,43.8,155.8,0,0.791,357
2026-08-02 05:00:00,CELL-KOL-01,Kolkata,44.27,200.9,0,0.465,370
2026-08-01 02:00:00,CELL-CHE-02,Chennai,28.07,171.35,0,0.406,272
2026-08-03 06:45:00,CELL-DEL-01,Delhi,26.4,262.4,0,0.704,291
2026-08-03 22:30:00,CELL-BLR-01,Bengaluru,42.74,186.45,0,1.14,403
2026-08-01 15:15:00,CELL-DEL-02,Delhi,42.63,240.24,0,0.978,431
2026-08-02 17:30:00,CELL-MUM-03,Mumbai,48.3,119.36,0,0.47,220
2026-08-03 06:45:00,CELL-KOL-01,Kolkata,50.16,216.93,0,0.41,343
2026-08-04 10:30:00,CELL-CHE-01,Chennai,37.43,142.95,0,1.058,547
2026-08-03 11:30:00,CELL-DEL-01,Delhi,36.79,191.89,0,0.687,423
2026-08-04 04:00:00,CELL-DEL-03,Delhi,28.82,209.92,0,0.521,282
2026-08-05 06:15:00,CELL-DEL-01,Delhi,25.72,227.7,0,0.526,461
2026-08-02 21:00:00,CELL-KOL-03,Kolkata,41.83,178.26,0,0.847,452
2026-08-04 05:00:00,CELL-CHE-02,Chennai,26.51,177.2,0,0.419,184
2026-08-03 08:30:00,CELL-MUM-01,Mumbai,29.09,216.4,0,0.67,165
2026-08-04 05:45:00,CELL-HYD-01,Hyderabad,31.23,152.47,0,0.717,367
2026-08-01 20:30:00,CELL-HYD-03,Hyderabad,38.36,102.16,0,0.743,384
2026-08-03 04:30:00,CELL-KOL-01,Kolkata,43.74,214.18,0,0.698,288
2026-08-03 20:15:00,CELL-BLR-01,Bengaluru,57.95,127.67,0,0.643,372
2026-08-03 01:00:00,CELL-DEL-03,Delhi,22.28,193.94,0,0.373,139
2026-08-01 02:30:00,CELL-DEL-01,Delhi,28.63,288.73,0,0.463,335
2026-08-01 00:00:00,CELL-DEL-02,Delhi,40.27,204.44,0,0.633,151
2026-08-05 02:15:00,CELL-DEL-03,Delhi,27.26,188.94,0,0.469,372
2026-08-03 14:15:00,CELL-KOL-01,Kolkata,41.07,215.03,0,0.779,366
2026-08-02 04:00:00,CELL-KOL-02,Kolkata,26.59,206.65,0,0.547,351
2026-08-02 20:00:00,CELL-BLR-03,Bengaluru,57.98,134.1,0,0.859,351
2026-08-04 10:00:00,CELL-MUM-02,Mumbai,46.21,152.67,0,0.62,436
2026-08-05 01:45:00,CELL-KOL-01,Kolkata,46.44,218.94,0,0.642,238
2026-08-01 14:45:00,CELL-MUM-02,Mumbai,48.35,178.64,0,0.573,346
2026-08-02 02:30:00,CELL-BLR-01,Bengaluru,42.37,201.75,0,0.395,301
2026-08-03 05:15:00,CELL-KOL-01,Kolkata,49.12,215.36,0,0.892,479
2026-08-05 06:15:00,CELL-MUM-02,Mumbai,39.92,179.97,0,0.794,376
2026-08-03 15:45:00,CELL-CHE-01,Chennai,37.11,151.31,0,0.723,166
2026-08-05 20:30:00,CELL-MUM-02,Mumbai,57.42,115.26,0,1.249,570
2026-08-04 07:00:00,CELL-KOL-02,Kolkata,29.08,189.49,0,0.357,323
2026-08-02 06:45:00,CELL-HYD-02,Hyderabad,39.12,184.81,0,0.487,163
2026-08-04 20:15:00,CELL-BLR-02,Bengaluru,42.79,160.72,0,1.059,624
2026-08-02 02:15:00,CELL-KOL-03,Kolkata,27.28,253.07,0,0.295,205
2026-08-05 12:30:00,CELL-CHE-01,Chennai,40.46,124.96,0,0.83,501
2026-08-04 03:45:00,CELL-MUM-03,Mumbai,40.97,149.17,0,0.852,296
2026-08-05 19:45:00,CELL-KOL-03,Kolkata,39.37,158.05,0,0.111,613
2026-08-02 03:00:00,CELL-CHE-01,Chennai,31.49,156.14,0,0.411,72
2026-08-01 17:00:00,CELL-KOL-03,Kolkata,28.68,224.74,0,0.866,552
2026-08-01 20:45:00,CELL-BLR-03,Bengaluru,55.25,106.85,0,0.384,552
2026-08-02 23:15:00,CELL-KOL-02,Kolkata,27.88,145.73,0,0.747,341
2026-08-05 03:15:00,CELL-DEL-03,Delhi,28.55,158.97,0,0.174,233
2026-08-05 00:15:00,CELL-HYD-02,Hyderabad,35.77,198.8,0,0.568,195
2026-08-04 23:45:00,CELL-HYD-01,Hyderabad,38.8,163.3,0,0.658,346
2026-08-04 18:30:00,CELL-DEL-01,Delhi,38.59,197.05,0,0.517,646
2026-08-01 05:45:00,CELL-HYD-01,Hyderabad,31.35,159.99,0,0.675,225
2026-08-01 05:15:00,CELL-KOL-02,Kolkata,31.1,186.87,0,1.052,224
2026-08-03 20:00:00,CELL-KOL-02,Kolkata,45.33,118.36,0,0.476,446
2026-08-05 13:15:00,CELL-DEL-01,Delhi,33.31,226.4,0,0.56,337
2026-08-01 15:30:00,CELL-MUM-01,Mumbai,28.06,204.57,0,0.738,497
2026-08-02 09:45:00,CELL-HYD-03,Hyderabad,24.34,128.72,0,0.962,476
2026-08-04 11:45:00,CELL-MUM-01,Mumbai,38.15,186.08,0,0.82,468
2026-08-04 09:30:00,CELL-KOL-01,Kolkata,43.86,193.51,0,1.009,536
2026-08-05 10:15:00,CELL-BLR-02,Bengaluru,28.7,284.9,0,0.749,286
2026-08-03 05:30:00,CELL-DEL-03,Delhi,28.03,191.31,0,0.293,307
2026-08-05 00:00:00,CELL-CHE-02,Chennai,26.66,132.39,0,0.359,253
2026-08-05 18:45:00,CELL-DEL-03,Delhi,32.68,140.33,0,0.997,282
2026-08-04 22:15:00,CELL-HYD-01,Hyderabad,38.13,140.26,0,0.291,666
2026-08-03 23:15:00,CELL-MUM-03,Mumbai,43.53,126.42,0,0.551,382
2026-08-03 13:15:00,CELL-KOL-03,Kolkata,36.56,180.4,0,0.355,295
2026-08-02 19:00:00,CELL-KOL-02,Kolkata,41.61,145.38,0,0.568,278
2026-08-02 18:45:00,CELL-BLR-02,Bengaluru,38.41,185.48,0,0.175,615
2026-08-04 17:00:00,CELL-DEL-02,Delhi,47.78,190.94,0,0.471,521
2026-08-03 16:15:00,CELL-MUM-03,Mumbai,53.24,174.74,0,0.879,274
2026-08-02 05:00:00,CELL-DEL-01,Delhi,26.14,291.22,0,0.488,463
2026-08-05 08:15:00,CELL-CHE-01,Chennai,35.29,168.66,0,0.551,407
2026-08-03 00:00:00,CELL-HYD-02,Hyderabad,37.07,199.98,0,0.343,184
2026-08-03 03:00:00,CELL-BLR-02,Bengaluru,27.09,275.0,0,0.756,352
2026-08-04 12:15:00,CELL-BLR-01,Bengaluru,43.48,140.92,0,0.097,512
2026-08-04 20:30:00,CELL-BLR-02,Bengaluru,45.65,152.2,0,0.193,440
2026-08-04 16:45:00,CELL-KOL-02,Kolkata,30.4,158.96,0,0.7,332
2026-08-05 18:15:00,CELL-HYD-01,Hyderabad,38.82,146.2,0,0.551,353
2026-08-05 04:00:00,CELL-HYD-03,Hyderabad,27.77,169.06,0,0.579,388
2026-08-03 17:15:00,CELL-BLR-01,Bengaluru,38.71,155.66,0,0.582,459
2026-08-05 23:15:00,CELL-CHE-02,Chennai,30.78,150.76,0,0.568,336
2026-08-05 01:15:00,CELL-HYD-03,Hyderabad,29.31,125.62,0,0.364,127
2026-08-02 08:00:00,CELL-BLR-01,Bengaluru,33.59,162.96,0,0.427,312
2026-08-05 13:45:00,CELL-KOL-02,Kolkata,32.46,146.26,0,0.779,236
2026-08-01 03:15:00,CELL-HYD-03,Hyderabad,38.9,135.04,0,0.585,458
2026-08-04 16:00:00,CELL-KOL-03,Kolkata,30.95,211.98,0,0.412,412
2026-08-02 04:45:00,CELL-BLR-02,Bengaluru,26.5,240.46,0,0.454,244
2026-08-05 03:30:00,CELL-HYD-01,Hyderabad,32.2,165.22,0,0.463,327
2026-08-01 09:45:00,CELL-MUM-02,Mumbai,45.84,180.15,0,0.633,306
2026-08-04 06:45:00,CELL-DEL-03,Delhi,30.08,183.57,0,0.77,396
2026-08-03 15:15:00,CELL-DEL-01,Delhi,,215.98,0,0.677,145
2026-08-01 16:15:00,CELL-KOL-01,Kolkata,45.01,185.21,0,0.733,434
2026-08-05 02:30:00,CELL-BLR-02,Bengaluru,26.23,229.66,0,1.08,244
2026-08-05 01:30:00,CELL-HYD-02,Hyderabad,39.65,190.89,0,0.233,333
2026-08-03 12:30:00,CELL-KOL-01,Kolkata,51.15,166.65,0,0.545,365
2026-08-05 02:15:00,CELL-MUM-03,Mumbai,43.08,147.97,0,0.082,449
2026-08-05 09:15:00,CELL-BLR-03,Bengaluru,39.59,196.38,0,0.124,309
2026-08-03 23:45:00,CELL-MUM-02,Mumbai,44.01,183.89,0,0.404,223
2026-08-02 18:45:00,CELL-KOL-03,Kolkata,35.89,164.32,0,0.83,437
2026-08-05 05:00:00,CELL-KOL-03,Kolkata,32.61,213.56,0,1.013,293
2026-08-05 20:00:00,CELL-CHE-02,Chennai,38.39,98.41,0,1.099,302
2026-08-02 23:30:00,CELL-DEL-02,Delhi,43.63,213.18,0,0.748,369
2026-08-03 21:45:00,CELL-KOL-01,Kolkata,52.68,168.46,0,0.801,566
2026-08-02 04:30:00,CELL-MUM-03,Mumbai,38.27,155.9,0,0.357,187
2026-08-01 13:30:00,CELL-MUM-01,Mumbai,37.98,182.64,0,0.522,538
2026-08-01 22:15:00,CELL-KOL-03,Kolkata,32.96,179.56,0,0.445,455
2026-08-04 11:15:00,CELL-HYD-01,Hyderabad,41.62,168.77,0,0.947,113
2026-08-05 20:00:00,CELL-KOL-02,Kolkata,45.41,143.7,0,0.796,555
2026-08-01 03:15:00,CELL-MUM-01,Mumbai,28.75,219.68,0,0.656,253
2026-08-05 08:30:00,CELL-CHE-03,Chennai,32.12,287.13,0,0.855,302
2026-08-04 16:15:00,CELL-MUM-01,Mumbai,33.28,196.02,0,0.23,210
2026-08-04 18:00:00,CELL-MUM-03,Mumbai,52.51,105.36,0,0.608,454
2026-08-02 13:00:00,CELL-CHE-03,Chennai,48.51,220.24,0,0.642,405
2026-08-05 07:00:00,CELL-BLR-03,Bengaluru,45.55,219.11,0,0.454,350
2026-08-04 01:45:00,CELL-CHE-03,Chennai,33.59,243.64,0,0.807,235
2026-08-04 21:00:00,CELL-MUM-03,Mumbai,68.33,109.04,0,1.007,397
2026-08-01 23:30:00,CELL-KOL-03,Kolkata,28.76,220.41,0,0.662,366
2026-08-01 19:15:00,CELL-DEL-02,Delhi,61.88,168.28,0,0.952,435
2026-08-02 02:45:00,CELL-DEL-01,Delhi,29.66,256.4,0,0.463,193
2026-08-02 03:00:00,CELL-BLR-03,Bengaluru,37.91,182.72,0,0.598,476
2026-08-05 19:15:00,CELL-CHE-02,Chennai,41.76,120.94,0,0.305,410
2026-08-05 23:00:00,CELL-CHE-01,Chennai,36.91,142.77,0,0.952,542
2026-08-03 17:00:00,CELL-DEL-03,Delhi,30.43,165.98,0,0.402,470
2026-08-01 18:15:00,CELL-MUM-01,Mumbai,38.83,179.41,0,0.83,345
2026-08-03 09:00:00,CELL-DEL-01,Delhi,28.53,208.99,0,0.546,208
2026-08-01 01:45:00,CELL-DEL-03,Delhi,27.7,203.39,0,0.519,288
2026-08-03 00:45:00,CELL-MUM-03,Mumbai,48.07,133.42,0,0.295,429
2026-08-03 23:30:00,CELL-HYD-03,Hyderabad,35.68,122.0,0,0.104,313
2026-08-02 02:45:00,CELL-DEL-03,Delhi,31.31,191.08,0,0.555,347
2026-08-03 18:30:00,CELL-KOL-01,Kolkata,45.55,153.82,0,1.133,343
2026-08-05 18:30:00,CELL-HYD-01,Hyderabad,42.66,134.18,0,0.453,269
2026-08-05 16:15:00,CELL-MUM-02,Mumbai,49.71,170.55,0,0.481,284
2026-08-05 07:30:00,CELL-MUM-03,Mumbai,46.86,148.06,0,0.02,375
2026-08-04 00:30:00,CELL-DEL-02,Delhi,48.26,208.91,0,0.321,295
2026-08-05 23:30:00,CELL-KOL-01,Kolkata,53.18,156.04,0,0.712,394
2026-08-04 07:30:00,CELL-HYD-01,Hyderabad,27.51,161.67,0,0.601,307
2026-08-03 13:00:00,CELL-DEL-02,Delhi,49.6,200.73,0,0.404,367
2026-08-04 03:45:00,CELL-KOL-02,Kolkata,30.51,156.83,0,0.553,324
2026-08-01 13:15:00,CELL-BLR-03,Bengaluru,46.62,164.89,0,0.847,256
2026-08-03 05:00:00,CELL-BLR-03,Bengaluru,44.31,194.26,0,0.596,489
2026-08-01 14:15:00,CELL-BLR-02,Bengaluru,33.5,225.87,0,0.286,375
2026-08-04 16:45:00,CELL-KOL-01,Kolkata,50.04,203.84,0,0.419,425
2026-08-04 02:15:00,CELL-CHE-03,Chennai,29.18,234.07,0,0.348,221
2026-08-01 07:15:00,CELL-MUM-03,Mumbai,37.68,159.51,0,0.769,321
2026-08-01 10:00:00,CELL-MUM-02,Mumbai,49.12,177.59,0,0.557,350
2026-08-03 15:30:00,CELL-KOL-02,Kolkata,33.13,148.54,0,0.711,462
2026-08-04 22:00:00,CELL-MUM-03,Mumbai,45.54,136.43,0,0.798,427
2026-08-03 18:00:00,CELL-CHE-01,Chennai,40.72,137.44,0,0.964,679
2026-08-01 19:45:00,CELL-MUM-02,Mumbai,59.01,153.85,0,0.469,289
2026-08-02 05:15:00,CELL-KOL-01,Kolkata,48.39,223.88,0,0.873,375
2026-08-02 02:00:00,CELL-BLR-03,Bengaluru,38.78,173.54,0,0.984,187
2026-08-03 15:15:00,CELL-BLR-03,Bengaluru,43.62,180.69,0,0.492,362
2026-08-03 08:30:00,CELL-KOL-01,Kolkata,42.86,173.63,0,0.147,400
2026-08-01 00:00:00,CELL-CHE-03,Chennai,38.22,274.87,0,0.775,362
2026-08-04 05:30:00,CELL-KOL-01,Kolkata,40.51,228.32,0,0.77,370
2026-08-03 04:45:00,CELL-HYD-02,Hyderabad,30.75,178.64,0,0.489,286
2026-08-01 02:00:00,CELL-KOL-02,Kolkata,30.98,166.04,0,0.598,279
2026-08-04 11:00:00,CELL-HYD-02,Hyderabad,39.06,144.64,0,0.851,270
2026-08-01 05:00:00,CELL-DEL-03,Delhi,32.16,196.43,0,0.73,259
2026-08-04 20:15:00,CELL-MUM-02,Mumbai,55.34,126.01,0,0.752,420
2026-08-05 13:45:00,CELL-BLR-02,Bengaluru,29.99,240.54,0,0.88,474
2026-08-05 20:15:00,CELL-HYD-01,Hyderabad,43.16,116.93,0,0.832,533
2026-08-05 10:30:00,CELL-MUM-02,Mumbai,53.6,144.15,0,0.133,545
2026-08-05 16:00:00,CELL-HYD-01,Hyderabad,38.54,164.35,0,1.076,287
2026-08-05 14:30:00,CELL-HYD-01,Hyderabad,33.3,172.95,0,0.473,477
2026-08-02 01:00:00,CELL-KOL-02,Kolkata,29.8,199.68,0,0.596,272
2026-08-02 21:15:00,CELL-DEL-02,Delhi,54.24,147.04,0,0.752,425
2026-08-05 22:45:00,CELL-DEL-01,Delhi,38.16,232.77,0,0.669,282
2026-08-02 00:30:00,CELL-BLR-01,Bengaluru,38.02,206.84,0,0.508,350
2026-08-04 04:45:00,CELL-CHE-03,Chennai,40.34,284.31,0,0.334,214
2026-08-03 15:30:00,CELL-DEL-01,Delhi,32.01,224.82,0,0.967,288
2026-08-04 13:15:00,CELL-HYD-02,Hyderabad,39.83,143.13,0,1.389,223
2026-08-01 07:00:00,CELL-MUM-01,Mumbai,30.58,204.82,0,0.256,317
2026-08-02 08:30:00,CELL-KOL-03,Kolkata,32.21,226.1,0,0.48,442
2026-08-02 10:15:00,CELL-CHE-01,Chennai,35.05,134.13,0,1.043,295
2026-08-04 19:15:00,CELL-CHE-03,Chennai,46.7,195.91,0,0.864,585
2026-08-03 09:45:00,CELL-CHE-03,Chennai,45.08,267.53,0,0.402,316
2026-08-03 13:15:00,CELL-BLR-02,Bengaluru,37.91,207.63,0,0.946,370
2026-08-02 02:30:00,CELL-CHE-02,Chennai,27.51,152.92,0,0.821,463
2026-08-05 04:30:00,CELL-KOL-03,Kolkata,33.19,197.87,0,0.928,343
2026-08-05 14:00:00,CELL-CHE-03,Chennai,40.68,246.33,0,0.912,438
2026-08-03 02:15:00,CELL-HYD-02,Hyderabad,41.76,229.69,0,0.154,265
2026-08-02 11:45:00,CELL-BLR-03,Bengaluru,53.04,164.24,0,0.775,612
2026-08-04 04:45:00,CELL-DEL-02,Delhi,37.34,255.1,0,0.194,495
2026-08-05 17:15:00,CELL-KOL-02,Kolkata,33.5,150.46,0,0.418,264
2026-08-04 22:00:00,CELL-HYD-01,Hyderabad,41.24,159.48,0,0.99,408
2026-08-01 17:30:00,CELL-CHE-02,Chennai,39.29,136.18,0,0.583,416
2026-08-02 16:45:00,CELL-MUM-01,Mumbai,40.23,180.87,0,0.672,349
2026-08-05 13:45:00,CELL-CHE-01,Chennai,35.32,160.65,0,0.84,319
2026-08-02 23:00:00,CELL-MUM-01,Mumbai,34.65,213.94,0,1.128,570
2026-08-01 04:45:00,CELL-HYD-01,Hyderabad,28.51,146.19,0,0.478,384
2026-08-01 09:30:00,CELL-DEL-03,Delhi,33.17,173.42,0,0.301,464
2026-08-02 07:15:00,CELL-KOL-02,Kolkata,28.42,207.04,0,0.346,256
2026-08-04 18:00:00,CELL-MUM-01,Mumbai,37.02,157.0,0,0.892,371
2026-08-04 20:30:00,CELL-DEL-01,Delhi,42.99,191.15,0,0.376,732
2026-08-05 04:15:00,CELL-DEL-02,Delhi,36.74,260.09,0,0.724,316
2026-08-02 00:15:00,CELL-DEL-02,Delhi,37.22,229.28,0,0.59,237
2026-08-04 04:00:00,CELL-KOL-02,Kolkata,29.58,206.39,0,0.522,211
2026-08-04 09:45:00,CELL-HYD-01,Hyderabad,32.73,148.48,0,0.593,390
2026-08-02 04:15:00,CELL-KOL-01,Kolkata,44.69,224.75,0,0.486,344
2026-08-04 16:45:00,CELL-BLR-03,Bengaluru,50.5,161.65,0,0.598,308
2026-08-01 03:30:00,CELL-BLR-01,Bengaluru,32.59,214.98,0,0.604,575
2026-08-01 19:15:00,CELL-KOL-03,Kolkata,44.14,148.6,0,0.391,293
2026-08-03 10:30:00,CELL-KOL-03,Kolkata,39.35,191.54,0,0.656,356
2026-08-02 03:45:00,CELL-DEL-01,Delhi,26.48,260.38,0,0.503,378
2026-08-05 00:45:00,CELL-BLR-01,Bengaluru,30.9,209.52,0,0.294,402
2026-08-04 06:15:00,CELL-BLR-03,Bengaluru,37.26,202.27,0,0.657,270
2026-08-02 12:45:00,CELL-KOL-03,Kolkata,37.64,164.63,0,0.686,408
2026-08-02 18:00:00,CELL-KOL-02,Kolkata,43.4,151.05,0,1.145,231
2026-08-02 18:45:00,CELL-HYD-01,Hyderabad,33.55,130.99,0,0.146,425
2026-08-03 19:30:00,CELL-KOL-02,Kolkata,40.55,111.58,0,0.854,718
2026-08-03 22:00:00,CELL-KOL-01,Kolkata,68.4,154.6,0,0.736,463
2026-08-01 17:15:00,CELL-KOL-01,Kolkata,49.2,172.4,0,0.938,486
2026-08-01 23:00:00,CELL-BLR-01,Bengaluru,47.19,176.25,0,0.822,393
2026-08-02 05:15:00,CELL-HYD-02,Hyderabad,27.88,165.98,0,0.529,304
2026-08-02 22:00:00,CELL-HYD-02,Hyderabad,48.15,134.25,0,0.82,266
2026-08-05 01:30:00,CELL-KOL-02,Kolkata,32.09,157.52,0,0.566,377
2026-08-05 04:15:00,CELL-KOL-03,Kolkata,27.74,211.97,0,0.396,388
2026-08-05 21:15:00,CELL-HYD-01,Hyderabad,39.46,122.28,0,0.929,312
2026-08-01 16:00:00,CELL-KOL-02,Kolkata,31.21,178.33,0,0.526,242
2026-08-02 09:45:00,CELL-DEL-02,Delhi,44.59,215.66,0,0.457,165
2026-08-04 00:00:00,CELL-DEL-02,Delhi,35.79,213.63,0,0.445,451
2026-08-02 09:15:00,CELL-DEL-01,Delhi,27.28,238.36,0,0.933,233
2026-08-02 10:15:00,CELL-DEL-03,Delhi,37.78,163.91,0,0.29,337
2026-08-02 09:30:00,CELL-BLR-02,Bengaluru,37.11,248.31,0,0.746,365
2026-08-03 19:00:00,CELL-HYD-01,Hyderabad,44.68,118.52,0,0.953,330
2026-08-03 20:00:00,CELL-CHE-02,Chennai,37.0,109.31,0,1.072,341
2026-08-02 04:15:00,CELL-MUM-01,Mumbai,21.83,256.02,0,0.665,215
2026-08-05 22:00:00,CELL-MUM-01,Mumbai,34.59,160.51,0,0.913,569
2026-08-04 15:15:00,CELL-DEL-02,Delhi,42.0,213.42,0,0.638,232
2026-08-04 19:00:00,CELL-CHE-03,Chennai,42.12,201.77,0,1.154,271
2026-08-03 05:15:00,CELL-BLR-03,Bengaluru,39.6,211.17,0,0.779,212
2026-08-05 17:15:00,CELL-BLR-01,Bengaluru,48.03,185.22,0,0.603,437
2026-08-05 11:15:00,CELL-CHE-02,Chennai,33.79,139.05,0,0.252,543
2026-08-02 15:15:00,CELL-HYD-02,Hyderabad,42.83,187.06,0,0.499,645
2026-08-03 07:30:00,CELL-DEL-01,Delhi,27.95,261.94,0,0.514,368
2026-08-03 14:45:00,CELL-BLR-02,Bengaluru,29.49,216.66,0,0.274,89
2026-08-01 05:00:00,CELL-KOL-03,Kolkata,31.24,214.92,0,0.358,391
2026-08-04 09:45:00,CELL-MUM-02,Mumbai,43.26,177.39,0,0.644,440
2026-08-05 13:00:00,CELL-CHE-02,Chennai,32.01,116.63,0,0.898,265
2026-08-03 18:15:00,CELL-DEL-03,Delhi,49.72,140.17,0,1.335,731
2026-08-04 23:30:00,CELL-HYD-01,Hyderabad,36.23,154.13,0,0.85,179
2026-08-04 11:15:00,CELL-BLR-01,Bengaluru,44.36,169.24,0,0.919,321
2026-08-05 05:30:00,CELL-KOL-01,Kolkata,45.81,200.98,0,0.273,289
2026-08-01 15:30:00,CELL-DEL-01,Delhi,32.71,273.45,0,0.548,413
2026-08-01 04:45:00,CELL-MUM-03,Mumbai,46.95,144.51,0,0.48,383
2026-08-04 23:30:00,CELL-MUM-03,Mumbai,53.7,164.13,0,0.336,139
2026-08-02 17:45:00,CELL-MUM-01,Mumbai,34.81,188.85,0,0.641,333
2026-08-05 10:45:00,CELL-DEL-02,Delhi,48.03,226.44,0,0.877,455
2026-08-02 00:45:00,CELL-HYD-01,Hyderabad,30.67,176.56,0,0.191,313
2026-08-05 17:00:00,CELL-KOL-01,Kolkata,50.27,162.64,0,0.776,410
2026-08-03 02:00:00,CELL-KOL-01,Kolkata,43.6,211.71,0,0.69,191
2026-08-05 19:30:00,CELL-DEL-03,Delhi,41.51,130.05,0,0.765,529
2026-08-02 10:45:00,CELL-HYD-01,Hyderabad,,0.0,15,0.942,211
2026-08-03 21:30:00,CELL-KOL-01,Kolkata,62.46,130.88,0,0.978,486
2026-08-04 03:15:00,CELL-BLR-03,Bengaluru,39.05,212.09,0,0.58,396
2026-08-03 12:15:00,CELL-MUM-03,Mumbai,49.76,137.15,0,0.811,410
2026-08-03 15:15:00,CELL-CHE-01,Chennai,37.23,167.34,0,0.43,378
2026-08-05 07:45:00,CELL-BLR-01,Bengaluru,39.05,177.04,0,0.349,504
2026-08-02 08:45:00,CELL-HYD-03,Hyderabad,28.48,130.25,0,0.546,403
2026-08-04 23:30:00,CELL-CHE-03,Chennai,40.49,220.01,0,0.204,507
2026-08-02 08:45:00,CELL-KOL-03,Kolkata,28.77,235.95,0,0.609,229
2026-08-04 18:30:00,CELL-MUM-03,Mumbai,68.34,130.54,0,0.82,509
2026-08-01 23:30:00,CELL-CHE-03,Chennai,41.1,212.35,0,0.442,338
2026-08-01 22:15:00,CELL-HYD-01,Hyderabad,31.69,143.12,0,0.182,361
2026-08-01 08:15:00,CELL-MUM-01,Mumbai,29.48,227.91,0,0.576,390
2026-08-03 16:45:00,CELL-HYD-01,Hyderabad,33.53,162.19,0,0.75,565
2026-08-01 10:15:00,CELL-BLR-01,Bengaluru,43.46,159.62,0,0.339,592
2026-08-02 13:45:00,CELL-BLR-02,Bengaluru,34.55,215.46,0,0.821,235
2026-08-01 16:30:00,CELL-HYD-02,Hyderabad,34.47,180.74,0,0.603,291
2026-08-01 05:30:00,CELL-MUM-03,Mumbai,44.99,140.07,0,0.624,195
2026-08-01 02:00:00,CELL-MUM-03,Mumbai,36.58,170.21,0,0.574,266
2026-08-03 09:15:00,CELL-CHE-01,Chennai,36.35,153.59,0,0.733,398
2026-08-05 13:00:00,CELL-HYD-02,Hyderabad,40.32,178.65,0,0.883,456
2026-08-03 05:15:00,CELL-MUM-01,Mumbai,27.04,226.42,0,0.293,293
2026-08-02 22:00:00,CELL-CHE-03,Chennai,40.96,173.0,0,1.378,492
2026-08-04 17:15:00,CELL-CHE-01,Chennai,42.77,149.3,0,0.346,550
2026-08-05 21:00:00,CELL-DEL-01,Delhi,38.07,210.45,0,1.038,486
2026-08-03 19:00:00,CELL-DEL-02,Delhi,58.57,163.88,0,0.808,406
2026-08-01 17:15:00,CELL-CHE-02,Chennai,34.71,149.62,0,0.549,456
2026-08-04 07:15:00,CELL-BLR-02,Bengaluru,27.69,253.37,0,0.359,333
2026-08-04 11:15:00,CELL-DEL-03,Delhi,32.79,135.63,0,0.686,323
2026-08-05 22:00:00,CELL-DEL-02,Delhi,46.85,223.6,0,0.667,271
2026-08-04 17:15:00,CELL-KOL-01,Kolkata,43.14,188.47,0,0.717,338
2026-08-02 01:15:00,CELL-MUM-02,Mumbai,44.41,195.91,0,0.889,300
2026-08-01 15:45:00,CELL-CHE-02,Chennai,33.79,133.17,0,0.906,190
2026-08-05 01:00:00,CELL-HYD-01,Hyderabad,,168.3,0,0.69,332
2026-08-01 18:15:00,CELL-KOL-03,Kolkata,31.41,202.88,0,1.075,368
2026-08-01 15:30:00,CELL-HYD-03,Hyderabad,38.65,141.86,0,0.393,422
2026-08-02 00:00:00,CELL-BLR-03,Bengaluru,43.66,217.02,0,0.807,206
2026-08-01 09:00:00,CELL-HYD-01,Hyderabad,29.54,171.62,0,0.284,186
2026-08-03 01:30:00,CELL-BLR-02,Bengaluru,27.67,227.53,0,0.861,267
2026-08-01 07:00:00,CELL-HYD-02,Hyderabad,30.25,165.01,0,0.833,330
2026-08-02 21:15:00,CELL-MUM-01,Mumbai,41.53,146.33,0,0.772,406
2026-08-03 18:00:00,CELL-KOL-01,Kolkata,53.15,146.74,0,0.736,381
2026-08-02 12:30:00,CELL-KOL-03,Kolkata,34.68,206.22,0,0.641,502
2026-08-03 17:30:00,CELL-BLR-03,Bengaluru,46.87,194.97,0,0.487,381
2026-08-03 10:00:00,CELL-CHE-03,Chennai,34.97,195.2,0,0.783,375
2026-08-02 19:15:00,CELL-HYD-03,Hyderabad,50.99,114.49,0,0.701,618
2026-08-04 02:30:00,CELL-MUM-02,Mumbai,44.66,183.57,0,0.967,262
2026-08-03 23:30:00,CELL-MUM-03,Mumbai,38.22,145.37,0,0.902,416
2026-08-02 23:00:00,CELL-DEL-03,Delhi,32.92,174.75,0,0.917,469
2026-08-02 05:45:00,CELL-KOL-01,Kolkata,38.26,222.58,0,0.664,408
2026-08-05 12:00:00,CELL-BLR-01,Bengaluru,40.54,153.04,0,0.424,275
2026-08-03 01:15:00,CELL-MUM-01,Mumbai,32.75,234.5,0,0.37,359
2026-08-01 14:15:00,CELL-HYD-03,Hyderabad,34.91,137.28,0,0.903,347
2026-08-04 16:30:00,CELL-BLR-02,Bengaluru,33.68,236.95,0,0.54,428
2026-08-03 11:00:00,CELL-BLR-03,Bengaluru,43.74,163.24,0,1.008,429
2026-08-01 21:15:00,CELL-CHE-01,Chennai,36.25,125.51,0,0.592,445
2026-08-05 00:15:00,CELL-MUM-02,Mumbai,42.14,198.29,0,0.315,388
2026-08-01 01:30:00,CELL-MUM-03,Mumbai,37.62,174.01,0,0.889,342
2026-08-01 15:30:00,CELL-MUM-02,Mumbai,47.52,201.02,0,0.279,614
2026-08-01 06:15:00,CELL-DEL-02,Delhi,39.55,248.32,0,0.529,311
2026-08-05 11:45:00,CELL-BLR-02,Bengaluru,35.0,228.86,0,0.687,374
2026-08-03 18:45:00,CELL-MUM-02,Mumbai,63.85,155.44,0,0.986,462
2026-08-02 07:00:00,CELL-MUM-01,Mumbai,25.96,247.67,0,0.657,441
2026-08-02 01:45:00,CELL-BLR-03,Bengaluru,39.42,180.6,0,0.111,339
2026-08-01 13:15:00,CELL-CHE-03,Chennai,37.27,210.46,0,0.814,294
2026-08-02 17:15:00,CELL-MUM-03,Mumbai,43.55,135.05,0,0.878,374
2026-08-03 06:15:00,CELL-HYD-02,Hyderabad,30.4,181.12,0,0.561,346
2026-08-02 16:00:00,CELL-MUM-01,Mumbai,28.34,195.86,0,0.691,324
2026-08-05 03:30:00,CELL-MUM-02,Mumbai,45.02,201.76,0,0.749,325
2026-08-04 02:45:00,CELL-CHE-02,Chennai,26.14,145.13,0,0.9,251
2026-08-02 16:15:00,CELL-HYD-02,Hyderabad,41.69,164.38,0,0.405,211
2026-08-02 10:30:00,CELL-CHE-02,Chennai,35.53,121.64,0,0.895,460
2026-08-04 16:45:00,CELL-HYD-03,Hyderabad,30.27,124.79,0,0.401,424
2026-08-05 10:30:00,CELL-BLR-02,Bengaluru,30.85,214.94,0,0.422,468
2026-08-01 06:30:00,CELL-BLR-01,Bengaluru,36.31,209.61,0,0.54,299
2026-08-02 19:30:00,CELL-DEL-01,Delhi,37.51,188.97,0,0.578,507
2026-08-04 12:45:00,CELL-DEL-03,Delhi,37.28,158.04,0,0.508,410
2026-08-04 03:30:00,CELL-BLR-03,Bengaluru,40.09,216.74,0,0.862,247
2026-08-03 22:45:00,CELL-DEL-03,Delhi,28.16,169.03,0,0.627,362
2026-08-02 01:15:00,CELL-KOL-01,Kolkata,48.24,246.35,0,0.739,421
2026-08-04 15:00:00,CELL-HYD-01,Hyderabad,36.25,154.48,0,0.697,406
2026-08-01 14:00:00,CELL-MUM-02,Mumbai,40.36,162.18,0,0.581,361
2026-08-04 16:00:00,CELL-HYD-01,Hyderabad,33.48,163.68,0,0.71,516
2026-08-04 21:45:00,CELL-CHE-03,Chennai,50.42,211.09,0,0.281,159
2026-08-03 04:00:00,CELL-BLR-01,Bengaluru,32.96,163.48,0,0.503,377
2026-08-01 16:45:00,CELL-BLR-02,Bengaluru,27.19,244.37,0,0.979,394
2026-08-04 08:15:00,CELL-DEL-01,Delhi,27.33,238.58,0,0.589,383
2026-08-04 00:00:00,CELL-CHE-02,Chennai,30.25,174.81,0,0.806,204
2026-08-02 03:00:00,CELL-HYD-01,Hyderabad,33.19,165.1,0,0.08,380
2026-08-01 23:00:00,CELL-DEL-01,Delhi,31.3,218.43,0,0.758,378
2026-08-03 21:00:00,CELL-HYD-02,Hyderabad,47.25,145.06,0,0.229,657
2026-08-04 07:00:00,CELL-BLR-03,Bengaluru,44.79,179.45,0,0.702,321
2026-08-05 19:30:00,CELL-HYD-01,Hyderabad,43.26,123.1,0,1.041,451
2026-08-02 13:00:00,CELL-HYD-03,Hyderabad,34.04,118.88,0,0.443,240
2026-08-01 08:00:00,CELL-CHE-03,Chennai,33.39,242.05,0,0.371,313
2026-08-01 04:00:00,CELL-KOL-02,Kolkata,32.12,177.16,0,0.572,145
2026-08-03 10:30:00,CELL-BLR-03,Bengaluru,47.28,182.88,0,0.708,423
2026-08-02 21:30:00,CELL-HYD-03,Hyderabad,41.82,126.89,0,0.703,333
2026-08-05 10:30:00,CELL-BLR-03,Bengaluru,44.2,168.16,0,0.202,450
2026-08-02 09:00:00,CELL-DEL-01,Delhi,29.23,259.94,0,0.638,313
2026-08-05 19:30:00,CELL-CHE-02,Chennai,37.45,112.86,0,1.15,664
2026-08-02 10:45:00,CELL-DEL-02,Delhi,54.51,211.85,0,0.644,491
2026-08-05 05:15:00,CELL-DEL-02,Delhi,37.11,237.37,0,0.574,438
2026-08-04 20:30:00,CELL-MUM-01,Mumbai,44.35,149.66,0,1.529,325
2026-08-05 01:00:00,CELL-BLR-01,Bengaluru,36.65,209.58,0,0.537,435
2026-08-01 05:45:00,CELL-KOL-03,Kolkata,30.84,243.17,0,0.614,429
2026-08-03 17:15:00,CELL-CHE-03,Chennai,45.24,245.29,0,0.309,283
2026-08-02 15:30:00,CELL-KOL-01,Kolkata,45.27,208.36,0,0.258,299
2026-08-01 21:15:00,CELL-DEL-02,Delhi,47.55,166.51,0,0.462,326
2026-08-03 14:45:00,CELL-KOL-02,Kolkata,29.17,196.71,0,0.904,449
2026-08-05 11:45:00,CELL-BLR-01,Bengaluru,50.12,160.68,0,1.138,258
2026-08-04 16:00:00,CELL-BLR-02,Bengaluru,32.43,232.07,0,0.52,270
2026-08-03 22:30:00,CELL-CHE-03,Chennai,43.68,206.43,0,0.598,539
2026-08-05 06:15:00,CELL-KOL-01,Kolkata,44.06,189.03,0,0.277,286
2026-08-04 17:45:00,CELL-CHE-03,Chennai,46.48,199.18,0,0.768,228
2026-08-04 13:30:00,CELL-KOL-01,Kolkata,39.55,158.62,0,0.439,404
2026-08-03 19:45:00,CELL-CHE-02,Chennai,38.35,125.05,0,1.13,406
2026-08-03 20:15:00,CELL-CHE-03,Chennai,50.47,189.97,0,0.958,392
2026-08-04 04:45:00,CELL-HYD-01,Hyderabad,32.16,179.54,0,0.655,323
2026-08-05 02:30:00,CELL-HYD-03,Hyderabad,33.17,145.89,0,0.358,415
2026-08-05 04:45:00,CELL-DEL-02,Delhi,36.41,236.9,0,0.393,444
2026-08-01 16:30:00,CELL-CHE-03,Chennai,35.0,253.96,0,0.533,126
2026-08-01 18:15:00,CELL-KOL-01,Kolkata,60.75,156.08,0,0.709,457
2026-08-01 19:30:00,CELL-CHE-01,Chennai,43.38,116.34,0,1.18,255
2026-08-05 02:45:00,CELL-KOL-01,Kolkata,48.21,247.02,0,0.101,383
2026-08-03 09:45:00,CELL-BLR-03,Bengaluru,48.81,216.26,0,0.735,265
2026-08-05 16:30:00,CELL-BLR-02,Bengaluru,31.56,255.07,0,0.396,384
2026-08-05 08:15:00,CELL-DEL-02,Delhi,41.26,229.89,0,1.019,268
2026-08-05 15:00:00,CELL-CHE-02,Chennai,28.25,162.09,0,0.791,403
2026-08-03 13:30:00,CELL-MUM-01,Mumbai,33.3,192.69,0,0.66,444
2026-08-02 05:00:00,CELL-HYD-02,Hyderabad,37.57,216.31,0,0.464,277
2026-08-04 07:15:00,CELL-KOL-01,Kolkata,48.57,213.63,0,1.029,283
2026-08-02 07:45:00,CELL-HYD-01,Hyderabad,34.56,173.91,0,0.194,270
2026-08-01 05:45:00,CELL-MUM-02,Mumbai,41.71,207.66,0,0.93,316
2026-08-03 00:30:00,CELL-HYD-01,Hyderabad,27.9,168.05,0,0.694,216
2026-08-02 05:00:00,CELL-HYD-03,Hyderabad,33.01,105.38,0,0.728,260
2026-08-02 12:30:00,CELL-DEL-02,Delhi,51.56,191.56,0,0.535,403
2026-08-03 04:45:00,CELL-HYD-01,Hyderabad,33.24,179.81,0,0.425,394
2026-08-01 13:30:00,CELL-HYD-03,Hyderabad,28.38,132.06,0,0.421,438
2026-08-02 13:15:00,CELL-MUM-02,Mumbai,47.3,145.17,0,1.131,286
2026-08-04 14:30:00,CELL-KOL-01,Kolkata,49.37,194.08,0,0.899,448
2026-08-01 09:00:00,CELL-BLR-02,Bengaluru,30.28,269.52,0,0.547,340
2026-08-01 05:00:00,CELL-BLR-03,Bengaluru,35.68,196.94,0,0.739,376
2026-08-04 18:15:00,CELL-HYD-03,Hyderabad,38.31,121.58,0,0.589,487
2026-08-02 23:15:00,CELL-BLR-02,Bengaluru,31.88,230.94,0,1.172,427
2026-08-01 06:15:00,CELL-KOL-01,Kolkata,43.42,204.29,0,0.706,295
2026-08-01 00:30:00,CELL-BLR-02,Bengaluru,26.74,272.29,0,0.748,248
2026-08-04 01:15:00,CELL-KOL-03,Kolkata,32.74,260.37,0,0.399,378
2026-08-02 09:30:00,CELL-KOL-01,Kolkata,48.04,202.05,0,0.272,364
2026-08-01 05:30:00,CELL-KOL-01,Kolkata,48.38,226.63,0,0.433,413
2026-08-04 18:15:00,CELL-BLR-01,Bengaluru,49.56,151.3,0,1.383,619
2026-08-01 11:00:00,CELL-HYD-01,Hyderabad,37.78,130.8,0,0.766,549
2026-08-05 13:30:00,CELL-HYD-02,Hyderabad,39.1,179.08,0,0.676,428
2026-08-01 13:30:00,CELL-CHE-03,Chennai,38.64,201.21,0,1.03,362
2026-08-04 23:15:00,CELL-CHE-02,Chennai,24.97,150.14,0,0.387,360
2026-08-04 11:15:00,CELL-KOL-02,Kolkata,38.98,158.16,0,0.974,444
2026-08-05 00:00:00,CELL-KOL-03,Kolkata,31.11,213.63,0,0.445,399
2026-08-01 13:00:00,CELL-BLR-01,Bengaluru,49.67,129.69,0,0.304,317
2026-08-05 13:15:00,CELL-MUM-02,Mumbai,53.47,144.25,0,0.561,399
2026-08-04 01:15:00,CELL-BLR-02,Bengaluru,30.59,201.45,0,0.373,228
2026-08-04 12:30:00,CELL-CHE-03,Chennai,49.98,255.24,0,0.264,366
2026-08-01 13:00:00,CELL-HYD-02,Hyderabad,45.71,140.79,0,0.514,448
2026-08-05 23:45:00,CELL-HYD-02,Hyderabad,38.37,151.61,0,0.369,292
2026-08-03 06:15:00,CELL-HYD-03,Hyderabad,23.89,116.83,0,0.449,279
2026-08-03 02:45:00,CELL-DEL-01,Delhi,32.25,225.8,0,0.842,255
2026-08-05 10:00:00,CELL-HYD-03,Hyderabad,31.85,121.24,0,0.338,396
2026-08-02 17:00:00,CELL-KOL-02,Kolkata,28.5,156.38,0,0.599,249
2026-08-05 01:00:00,CELL-BLR-02,Bengaluru,24.54,256.31,0,0.802,422
2026-08-02 11:30:00,CELL-KOL-02,Kolkata,36.06,135.16,0,0.378,129
2026-08-04 04:30:00,CELL-CHE-01,Chennai,32.97,195.92,0,0.217,289
2026-08-05 08:00:00,CELL-CHE-02,Chennai,27.16,160.76,0,0.671,255
2026-08-03 19:00:00,CELL-CHE-02,Chennai,39.44,117.7,0,1.009,586
2026-08-03 09:00:00,CELL-HYD-01,Hyderabad,30.08,182.46,0,0.396,369
2026-08-03 11:45:00,CELL-DEL-02,Delhi,51.73,174.02,0,0.842,381
2026-08-01 12:30:00,CELL-KOL-02,Kolkata,34.02,143.14,0,0.565,601
2026-08-03 10:30:00,CELL-DEL-02,Delhi,33.03,187.04,0,0.759,550
2026-08-03 00:15:00,CELL-CHE-03,Chennai,35.94,232.1,0,0.432,257
2026-08-02 06:15:00,CELL-MUM-03,Mumbai,43.86,158.82,0,1.003,266
2026-08-02 15:30:00,CELL-KOL-03,Kolkata,29.94,213.0,0,0.135,373
2026-08-02 14:15:00,CELL-CHE-01,Chennai,32.8,144.86,0,0.277,454
2026-08-03 11:45:00,CELL-CHE-01,Chennai,30.58,148.41,0,0.666,446
2026-08-03 02:45:00,CELL-HYD-01,Hyderabad,37.2,188.21,0,0.396,485
2026-08-02 15:30:00,CELL-BLR-03,Bengaluru,34.58,166.11,0,0.999,409
2026-08-03 13:30:00,CELL-KOL-01,Kolkata,43.81,162.53,0,0.986,325
2026-08-02 15:15:00,CELL-DEL-03,Delhi,26.16,144.07,0,0.921,290
2026-08-02 00:45:00,CELL-DEL-03,Delhi,31.03,195.28,0,0.702,475
2026-08-03 03:45:00,CELL-CHE-01,Chennai,33.13,184.65,0,0.727,329
2026-08-05 23:15:00,CELL-DEL-03,Delhi,27.72,166.46,0,0.835,314
2026-08-03 16:15:00,CELL-MUM-01,Mumbai,29.12,157.78,0,0.321,291
2026-08-02 23:00:00,CELL-HYD-02,Hyderabad,43.66,145.06,0,0.306,290
2026-08-01 14:30:00,CELL-KOL-03,Kolkata,32.88,200.85,0,0.624,307
2026-08-02 06:30:00,CELL-KOL-03,Kolkata,33.58,180.51,0,0.655,16
2026-08-03 01:45:00,CELL-CHE-01,Chennai,36.77,189.67,0,0.668,259
2026-08-04 20:15:00,CELL-DEL-02,Delhi,57.02,135.97,0,1.112,833
2026-08-03 13:30:00,CELL-HYD-01,Hyderabad,39.15,147.4,0,0.45,656
2026-08-03 01:00:00,CELL-DEL-01,Delhi,25.72,229.29,0,0.567,175
2026-08-04 05:00:00,CELL-MUM-01,Mumbai,30.78,250.27,0,0.237,323
2026-08-03 11:45:00,CELL-MUM-03,Mumbai,46.45,129.73,0,0.941,450
2026-08-03 01:45:00,CELL-MUM-03,Mumbai,45.56,152.6,0,0.096,295
2026-08-04 21:15:00,CELL-MUM-02,Mumbai,66.73,166.47,0,0.337,579
2026-08-03 21:45:00,CELL-DEL-03,Delhi,112.54,120.09,0,3.262,297
2026-08-01 12:15:00,CELL-DEL-02,Delhi,51.63,209.22,0,0.975,170
2026-08-02 00:15:00,CELL-HYD-02,Hyderabad,39.37,197.72,0,0.658,364
2026-08-04 01:45:00,CELL-DEL-03,Delhi,32.78,186.91,0,0.748,312
2026-08-01 11:15:00,CELL-HYD-01,Hyderabad,41.56,155.24,0,0.523,276
2026-08-04 14:30:00,CELL-DEL-02,Delhi,34.09,190.16,0,0.544,359
2026-08-02 13:00:00,CELL-BLR-03,Bengaluru,47.48,161.88,0,0.404,380
2026-08-03 22:30:00,CELL-BLR-03,Bengaluru,48.04,167.48,0,0.528,318
2026-08-04 02:45:00,CELL-BLR-02,Bengaluru,,0.0,15,0.423,374
2026-08-02 05:45:00,CELL-CHE-02,Chennai,26.44,172.42,0,0.617,183
2026-08-04 12:45:00,CELL-CHE-02,Chennai,33.03,130.72,0,0.5,453
2026-08-04 03:30:00,CELL-HYD-01,Hyderabad,30.09,208.73,0,0.623,173
2026-08-05 21:30:00,CELL-MUM-03,Mumbai,56.06,99.06,0,0.534,398
2026-08-04 21:30:00,CELL-CHE-02,Chennai,80.59,114.0,0,0.535,571
2026-08-01 10:30:00,CELL-MUM-02,Mumbai,52.48,151.49,0,0.397,566
2026-08-05 19:00:00,CELL-DEL-02,Delhi,62.54,160.29,0,0.54,149
2026-08-04 19:45:00,CELL-BLR-02,Bengaluru,39.34,187.88,0,0.512,453
2026-08-01 08:00:00,CELL-DEL-01,Delhi,24.41,207.61,0,0.817,350
2026-08-01 20:45:00,CELL-MUM-01,Mumbai,38.95,141.67,0,1.391,290
2026-08-05 23:30:00,CELL-DEL-01,Delhi,37.13,210.27,0,1.152,408
2026-08-01 11:00:00,CELL-CHE-02,Chennai,39.26,135.29,0,0.481,488
2026-08-04 12:30:00,CELL-KOL-02,Kolkata,39.96,141.95,0,0.555,180
2026-08-05 16:30:00,CELL-KOL-02,Kolkata,35.22,139.68,0,0.324,254
2026-08-04 01:15:00,CELL-CHE-02,Chennai,29.42,146.03,0,0.518,378
2026-08-04 00:15:00,CELL-MUM-03,Mumbai,45.57,160.57,0,0.602,165
2026-08-05 03:00:00,CELL-DEL-01,Delhi,30.75,284.36,0,0.635,214
2026-08-02 09:45:00,CELL-BLR-01,Bengaluru,35.19,147.16,0,0.304,216
2026-08-01 12:00:00,CELL-KOL-02,Kolkata,43.53,148.4,0,0.487,260
2026-08-01 21:00:00,CELL-CHE-02,Chennai,40.48,110.72,0,0.891,450
2026-08-01 22:15:00,CELL-BLR-03,Bengaluru,49.82,173.9,0,0.883,497
2026-08-02 15:00:00,CELL-BLR-01,Bengaluru,33.53,194.29,0,0.692,305
2026-08-02 18:00:00,CELL-KOL-03,Kolkata,38.81,155.81,0,0.55,377
2026-08-03 07:45:00,CELL-HYD-03,Hyderabad,33.11,146.62,0,0.424,429
2026-08-03 06:30:00,CELL-HYD-03,Hyderabad,27.42,153.58,0,0.442,232
2026-08-03 02:15:00,CELL-BLR-03,Bengaluru,42.99,167.35,0,0.512,269
2026-08-04 07:00:00,CELL-HYD-03,Hyderabad,26.64,119.08,0,0.759,249
2026-08-05 11:00:00,CELL-CHE-03,Chennai,44.31,216.24,0,1.013,344
2026-08-02 22:45:00,CELL-MUM-02,Mumbai,53.33,156.66,0,0.689,387
2026-08-04 14:00:00,CELL-DEL-01,Delhi,28.17,203.99,0,0.993,444
2026-08-03 01:30:00,CELL-HYD-03,Hyderabad,32.41,150.15,0,0.532,339
2026-08-03 10:00:00,CELL-CHE-01,Chennai,41.07,143.43,0,0.043,516
2026-08-02 08:15:00,CELL-DEL-02,Delhi,41.88,229.42,0,0.58,244
2026-08-04 03:00:00,CELL-BLR-02,Bengaluru,,0.0,15,0.508,350
2026-08-02 04:00:00,CELL-DEL-01,Delhi,24.52,261.48,0,0.011,394
2026-08-02 12:00:00,CELL-CHE-02,Chennai,37.52,133.38,0,0.602,381
2026-08-02 04:45:00,CELL-BLR-01,Bengaluru,34.34,203.25,0,0.412,363
2026-08-03 08:00:00,CELL-HYD-02,Hyderabad,39.32,197.62,0,0.68,338
2026-08-04 02:15:00,CELL-MUM-01,Mumbai,26.18,216.2,0,0.857,363
2026-08-05 12:15:00,CELL-BLR-03,Bengaluru,49.06,165.12,0,0.522,321
2026-08-03 11:00:00,CELL-KOL-03,Kolkata,36.87,193.48,0,1.085,470
2026-08-04 07:15:00,CELL-DEL-03,Delhi,27.71,192.99,0,0.579,340
2026-08-04 22:00:00,CELL-DEL-02,Delhi,50.98,210.03,0,0.487,405
2026-08-02 15:00:00,CELL-KOL-02,Kolkata,27.6,169.38,0,0.896,199
2026-08-04 12:00:00,CELL-DEL-03,Delhi,37.47,151.71,0,0.361,146
2026-08-05 09:30:00,CELL-KOL-03,Kolkata,32.89,238.29,0,0.687,378
2026-08-04 13:00:00,CELL-BLR-01,Bengaluru,36.56,145.31,0,0.725,324
2026-08-04 22:00:00,CELL-CHE-01,Chennai,41.53,119.53,0,0.879,505
2026-08-03 18:15:00,CELL-MUM-03,Mumbai,55.89,121.81,0,0.637,453
2026-08-04 12:00:00,CELL-CHE-03,Chennai,48.57,210.05,0,0.653,313
2026-08-02 20:45:00,CELL-CHE-03,Chennai,45.37,190.23,0,0.681,116
2026-08-04 06:15:00,CELL-CHE-02,Chennai,23.9,165.19,0,0.109,472
2026-08-05 15:15:00,CELL-DEL-03,Delhi,37.02,179.56,0,0.604,473
2026-08-02 10:00:00,CELL-HYD-03,Hyderabad,30.95,126.15,0,0.833,422
2026-08-04 19:45:00,CELL-CHE-02,Chennai,93.23,103.12,0,0.616,455
2026-08-01 04:00:00,CELL-CHE-02,Chennai,28.93,148.31,0,0.59,90
2026-08-04 05:15:00,CELL-DEL-02,Delhi,44.53,269.68,0,0.718,268
2026-08-02 10:00:00,CELL-KOL-01,Kolkata,49.72,147.32,0,0.996,294
2026-08-02 05:30:00,CELL-MUM-02,Mumbai,34.29,177.95,0,0.552,310
2026-08-05 20:30:00,CELL-KOL-03,Kolkata,32.93,155.92,0,0.516,366
2026-08-03 03:30:00,CELL-CHE-02,Chennai,26.18,156.16,0,0.94,410
2026-08-02 03:45:00,CELL-HYD-03,Hyderabad,30.31,153.82,0,0.243,453
2026-08-02 12:15:00,CELL-CHE-03,Chennai,33.92,188.58,0,0.245,593
2026-08-03 19:00:00,CELL-CHE-03,Chennai,50.46,182.64,0,0.866,332
2026-08-03 10:00:00,CELL-MUM-03,Mumbai,43.77,127.81,0,0.746,395
2026-08-02 18:15:00,CELL-KOL-02,Kolkata,35.68,128.98,0,0.368,496
2026-08-01 15:30:00,CELL-KOL-03,Kolkata,25.41,216.99,0,0.695,226
2026-08-03 21:45:00,CELL-HYD-01,Hyderabad,39.02,120.21,0,0.653,468
2026-08-01 14:30:00,CELL-MUM-03,Mumbai,43.82,131.71,0,0.656,281
2026-08-04 00:15:00,CELL-BLR-01,Bengaluru,43.39,201.43,0,0.188,427
2026-08-02 17:30:00,CELL-HYD-01,Hyderabad,36.5,149.08,0,0.648,332
2026-08-03 00:30:00,CELL-MUM-03,Mumbai,45.5,165.33,0,0.576,315
2026-08-03 16:00:00,CELL-KOL-01,Kolkata,48.21,179.5,0,0.445,311
2026-08-05 17:15:00,CELL-CHE-02,Chennai,34.33,144.8,0,0.996,226
2026-08-04 09:15:00,CELL-BLR-01,Bengaluru,38.71,185.85,0,0.471,344
2026-08-05 15:00:00,CELL-BLR-03,Bengaluru,45.42,154.43,0,0.364,253
2026-08-05 17:45:00,CELL-BLR-02,Bengaluru,32.49,197.85,0,0.908,292
2026-08-03 04:30:00,CELL-BLR-01,Bengaluru,34.21,186.77,0,0.409,338
2026-08-01 18:00:00,CELL-CHE-01,Chennai,41.8,117.72,0,0.619,351
2026-08-03 02:30:00,CELL-MUM-02,Mumbai,50.02,165.09,0,0.617,381
2026-08-03 22:00:00,CELL-HYD-03,Hyderabad,31.99,92.15,0,0.631,236
2026-08-03 16:00:00,CELL-BLR-03,Bengaluru,47.7,177.89,0,0.821,327
2026-08-01 08:30:00,CELL-MUM-01,Mumbai,28.29,243.5,0,0.358,360
2026-08-02 01:45:00,CELL-HYD-01,Hyderabad,26.8,190.81,0,0.499,346
2026-08-04 03:30:00,CELL-BLR-01,Bengaluru,39.2,244.72,0,0.141,490
2026-08-04 02:45:00,CELL-DEL-02,Delhi,36.54,253.72,0,0.58,204
2026-08-05 21:30:00,CELL-HYD-01,Hyderabad,45.05,138.5,0,0.809,521
2026-08-04 09:15:00,CELL-CHE-02,Chennai,29.97,156.83,0,1.064,204
2026-08-03 09:00:00,CELL-KOL-03,Kolkata,31.77,212.14,0,0.237,379
2026-08-03 13:15:00,CELL-KOL-01,Kolkata,50.33,167.53,0,1.266,344
2026-08-05 09:30:00,CELL-CHE-01,Chennai,37.88,156.71,0,0.397,340
2026-08-04 07:45:00,CELL-MUM-03,Mumbai,42.44,137.04,0,0.293,313
2026-08-03 00:00:00,CELL-KOL-03,Kolkata,28.28,228.09,0,0.752,381
2026-08-04 21:45:00,CELL-HYD-01,Hyderabad,34.1,122.54,0,0.708,485
2026-08-02 20:45:00,CELL-BLR-01,Bengaluru,50.15,141.05,0,0.656,406
2026-08-03 06:45:00,CELL-BLR-01,Bengaluru,37.75,219.38,0,0.66,359
2026-08-05 08:15:00,CELL-DEL-01,Delhi,31.99,243.22,0,0.555,416
2026-08-04 01:00:00,CELL-HYD-02,Hyderabad,35.83,170.14,0,0.581,284
2026-08-01 01:00:00,CELL-DEL-03,Delhi,25.67,172.3,0,0.269,403
2026-08-01 19:00:00,CELL-HYD-03,Hyderabad,33.32,101.32,0,0.176,760
2026-08-01 16:15:00,CELL-CHE-03,Chennai,35.66,227.45,0,0.528,233
2026-08-01 01:30:00,CELL-MUM-01,Mumbai,26.25,195.55,0,0.425,184
2026-08-05 11:30:00,CELL-HYD-02,Hyderabad,33.77,147.77,0,0.46,393
2026-08-05 13:00:00,CELL-DEL-03,Delhi,34.81,149.02,0,0.804,392
2026-08-01 10:00:00,CELL-BLR-02,Bengaluru,32.9,175.36,0,0.697,483
2026-08-02 08:45:00,CELL-KOL-01,Kolkata,51.9,168.08,0,0.504,328
2026-08-02 17:15:00,CELL-KOL-02,Kolkata,38.58,162.37,0,0.728,289
2026-08-05 07:30:00,CELL-MUM-02,Mumbai,40.85,155.98,0,0.406,252
2026-08-05 20:00:00,CELL-KOL-03,Kolkata,41.48,186.06,0,1.143,469
2026-08-05 07:30:00,CELL-HYD-03,Hyderabad,30.89,135.83,0,0.767,283
2026-08-02 22:00:00,CELL-KOL-03,Kolkata,42.05,158.23,0,0.577,456
2026-08-03 15:15:00,CELL-CHE-03,Chennai,35.25,256.41,0,0.247,364
2026-08-05 22:15:00,CELL-BLR-02,Bengaluru,33.5,214.42,0,1.158,229
2026-08-03 15:30:00,CELL-CHE-02,Chennai,28.89,146.53,0,0.15,288
2026-08-01 12:00:00,CELL-HYD-02,Hyderabad,44.41,161.98,0,0.515,304
2026-08-02 10:00:00,CELL-HYD-01,Hyderabad,,0.0,15,0.275,412
2026-08-03 12:45:00,CELL-KOL-02,Kolkata,35.35,146.99,0,0.863,381
2026-08-05 09:45:00,CELL-HYD-02,Hyderabad,41.86,188.72,0,0.61,529
2026-08-03 12:15:00,CELL-BLR-02,Bengaluru,36.14,221.78,0,0.225,413
2026-08-01 05:00:00,CELL-HYD-01,Hyderabad,28.1,196.5,0,0.782,380
2026-08-05 18:30:00,CELL-CHE-01,Chennai,35.27,117.2,0,1.025,432
2026-08-04 14:15:00,CELL-CHE-01,Chennai,35.05,172.43,0,0.014,369
2026-08-04 12:00:00,CELL-HYD-03,Hyderabad,35.28,121.24,0,0.643,444
2026-08-02 03:30:00,CELL-DEL-01,Delhi,29.93,233.07,0,0.518,515
2026-08-05 20:45:00,CELL-DEL-02,Delhi,54.58,182.34,0,0.964,339
2026-08-02 11:00:00,CELL-DEL-03,Delhi,31.65,148.01,0,0.518,430
2026-08-01 08:30:00,CELL-KOL-03,Kolkata,28.94,257.2,0,0.385,362
2026-08-02 16:00:00,CELL-CHE-02,Chennai,30.8,112.19,0,0.748,146
2026-08-02 11:45:00,CELL-DEL-02,Delhi,48.31,210.99,0,0.982,498
2026-08-03 06:30:00,CELL-DEL-03,Delhi,27.32,202.16,0,0.275,427
2026-08-03 12:00:00,CELL-MUM-02,Mumbai,58.76,125.61,0,1.014,327
2026-08-05 15:30:00,CELL-DEL-01,Delhi,24.92,238.78,0,0.814,366
2026-08-04 22:45:00,CELL-DEL-03,Delhi,31.16,179.23,0,0.198,86
2026-08-01 21:45:00,CELL-KOL-03,Kolkata,43.21,174.01,0,0.656,360
2026-08-03 00:30:00,CELL-BLR-01,Bengaluru,40.16,195.52,0,0.272,298
2026-08-04 08:30:00,CELL-DEL-01,Delhi,27.89,219.36,0,0.37,283
2026-08-05 12:15:00,CELL-DEL-02,Delhi,49.39,204.36,0,1.189,304
2026-08-02 22:30:00,CELL-HYD-02,Hyderabad,45.9,172.19,0,0.811,348
2026-08-03 15:15:00,CELL-MUM-02,Mumbai,42.06,173.27,0,0.449,443
2026-08-01 20:00:00,CELL-HYD-03,Hyderabad,42.31,97.59,0,0.812,309
2026-08-01 19:45:00,CELL-MUM-01,Mumbai,34.46,154.59,0,0.877,701
2026-08-02 15:30:00,CELL-MUM-02,Mumbai,51.08,170.1,0,0.512,335
2026-08-05 08:00:00,CELL-MUM-01,Mumbai,22.57,236.2,0,0.647,331
2026-08-04 22:30:00,CELL-HYD-02,Hyderabad,42.74,135.09,0,0.545,346
2026-08-03 22:15:00,CELL-KOL-02,Kolkata,39.66,135.32,0,0.548,476
2026-08-03 22:45:00,CELL-KOL-01,Kolkata,56.61,194.7,0,0.725,339
2026-08-03 21:00:00,CELL-DEL-01,Delhi,39.11,186.73,0,1.026,397
2026-08-05 22:45:00,CELL-HYD-01,Hyderabad,36.29,169.82,0,0.896,375
2026-08-05 22:45:00,CELL-HYD-02,Hyderabad,43.12,177.48,0,0.873,333
2026-08-02 07:15:00,CELL-CHE-02,Chennai,33.2,141.39,0,0.553,400
2026-08-02 08:45:00,CELL-HYD-02,Hyderabad,39.02,170.93,0,0.451,281
2026-08-04 04:15:00,CELL-KOL-01,Kolkata,43.57,199.67,0,0.106,243
2026-08-04 23:15:00,CELL-HYD-01,Hyderabad,30.27,161.78,0,0.396,352
2026-08-02 13:15:00,CELL-HYD-01,Hyderabad,35.47,147.75,0,0.803,163
2026-08-02 10:45:00,CELL-MUM-03,Mumbai,54.48,135.35,0,0.529,224
2026-08-03 06:15:00,CELL-DEL-03,Delhi,25.12,186.55,0,0.597,311
2026-08-02 05:15:00,CELL-DEL-02,Delhi,36.52,231.22,0,0.674,342
2026-08-01 21:30:00,CELL-MUM-01,Mumbai,34.64,156.95,0,0.347,67
2026-08-04 17:30:00,CELL-HYD-02,Hyderabad,49.67,138.77,0,0.517,410
2026-08-03 17:15:00,CELL-MUM-01,Mumbai,28.53,198.78,0,0.843,280
2026-08-04 09:45:00,CELL-KOL-01,Kolkata,44.82,166.41,0,0.874,388
2026-08-01 23:15:00,CELL-BLR-02,Bengaluru,34.75,235.53,0,0.718,434
2026-08-01 07:00:00,CELL-KOL-01,Kolkata,42.62,222.14,0,0.77,313
2026-08-05 14:30:00,CELL-KOL-03,Kolkata,34.44,190.24,0,0.069,359
2026-08-04 09:45:00,CELL-BLR-01,Bengaluru,42.14,170.99,0,0.785,239
2026-08-03 13:45:00,CELL-CHE-02,Chennai,29.27,142.19,0,0.573,310
2026-08-01 02:45:00,CELL-HYD-01,Hyderabad,25.95,176.12,0,0.542,566
2026-08-02 08:45:00,CELL-DEL-03,Delhi,27.95,197.46,0,0.865,243
2026-08-03 12:00:00,CELL-MUM-01,Mumbai,36.27,169.38,0,1.191,261
2026-08-01 06:30:00,CELL-HYD-01,Hyderabad,28.15,155.98,0,0.596,483
2026-08-05 07:00:00,CELL-CHE-03,Chennai,34.51,306.45,0,0.644,309
2026-08-01 11:00:00,CELL-BLR-03,Bengaluru,,170.42,0,0.475,235
2026-08-02 17:45:00,CELL-CHE-02,Chennai,41.78,121.92,0,0.499,517
2026-08-03 19:15:00,CELL-BLR-02,Bengaluru,42.28,199.09,0,0.258,496
2026-08-04 13:00:00,CELL-HYD-03,Hyderabad,40.86,101.76,0,0.858,316
2026-08-03 19:15:00,CELL-DEL-02,Delhi,59.7,167.27,0,0.428,307
2026-08-01 10:00:00,CELL-MUM-03,Mumbai,49.45,113.29,0,0.755,595
2026-08-03 01:15:00,CELL-BLR-01,Bengaluru,32.76,200.25,0,1.069,397
2026-08-04 12:45:00,CELL-HYD-02,Hyderabad,48.62,143.47,0,0.368,510
2026-08-03 15:15:00,CELL-DEL-03,Delhi,36.99,166.84,0,0.561,334
2026-08-02 04:00:00,CELL-KOL-01,Kolkata,47.57,229.35,0,0.461,497
2026-08-05 22:15:00,CELL-BLR-03,Bengaluru,38.83,154.8,0,0.416,381
2026-08-01 10:15:00,CELL-DEL-01,Delhi,37.4,191.01,0,0.412,451
2026-08-03 07:15:00,CELL-MUM-03,Mumbai,43.37,157.99,0,0.805,393
2026-08-02 15:00:00,CELL-HYD-03,Hyderabad,31.71,159.88,0,0.665,275
2026-08-03 08:30:00,CELL-MUM-03,Mumbai,49.93,145.62,0,0.671,321
2026-08-02 00:30:00,CELL-BLR-02,Bengaluru,26.19,257.69,0,0.55,431
2026-08-04 18:15:00,CELL-CHE-01,Chennai,41.93,140.44,0,0.248,288
2026-08-02 15:00:00,CELL-DEL-02,Delhi,42.58,217.23,0,0.439,237
2026-08-02 02:00:00,CELL-KOL-02,Kolkata,31.76,182.7,0,0.137,348
2026-08-04 20:30:00,CELL-KOL-03,Kolkata,41.68,161.03,0,0.38,221
2026-08-02 04:15:00,CELL-KOL-03,Kolkata,27.1,214.48,0,0.217,502
2026-08-03 11:30:00,CELL-HYD-01,Hyderabad,39.54,151.17,0,0.611,377
2026-08-01 10:30:00,CELL-HYD-03,Hyderabad,37.18,126.66,0,0.743,245
2026-08-05 05:30:00,CELL-BLR-02,Bengaluru,31.01,259.85,0,0.478,435
2026-08-05 20:15:00,CELL-MUM-02,Mumbai,60.33,128.94,0,1.033,397
2026-08-01 00:45:00,CELL-HYD-01,Hyderabad,26.95,202.31,0,0.223,407
2026-08-03 19:30:00,CELL-KOL-01,Kolkata,66.56,123.36,0,0.592,734
2026-08-05 18:45:00,CELL-MUM-03,Mumbai,58.99,120.29,0,0.909,448
2026-08-05 08:00:00,CELL-CHE-03,Chennai,38.13,242.15,0,0.531,249
2026-08-01 20:15:00,CELL-MUM-03,Mumbai,64.02,103.84,0,1.031,333
2026-08-05 11:30:00,CELL-MUM-02,Mumbai,55.13,136.23,0,0.91,524
2026-08-01 15:00:00,CELL-BLR-01,Bengaluru,35.25,149.01,0,0.42,331
2026-08-04 15:15:00,CELL-MUM-01,Mumbai,34.0,204.96,0,0.371,334
2026-08-05 09:00:00,CELL-MUM-02,Mumbai,44.25,200.57,0,0.549,258
2026-08-01 19:30:00,CELL-DEL-02,Delhi,59.05,169.55,0,0.733,424
2026-08-01 07:00:00,CELL-MUM-02,Mumbai,48.13,168.23,0,0.573,291
2026-08-01 21:15:00,CELL-CHE-02,Chennai,35.66,125.38,0,1.309,393
2026-08-01 09:30:00,CELL-MUM-01,Mumbai,31.6,190.6,0,0.839,398
2026-08-01 19:15:00,CELL-BLR-02,Bengaluru,39.09,165.51,0,0.562,473
2026-08-01 13:00:00,CELL-HYD-03,Hyderabad,36.63,116.7,0,0.617,561
2026-08-04 08:00:00,CELL-HYD-01,Hyderabad,27.46,150.67,0,0.096,313
2026-08-04 11:45:00,CELL-HYD-03,Hyderabad,35.49,99.45,0,0.437,409
2026-08-05 01:15:00,CELL-MUM-03,Mumbai,38.38,145.1,0,0.718,328
2026-08-02 04:00:00,CELL-DEL-02,Delhi,39.81,233.35,0,0.0,213
2026-08-03 05:15:00,CELL-MUM-03,Mumbai,40.35,151.67,0,0.559,192
2026-08-05 06:15:00,CELL-DEL-02,Delhi,36.02,194.29,0,0.533,299
2026-08-04 09:00:00,CELL-MUM-02,Mumbai,46.85,171.26,0,0.987,284
2026-08-05 06:30:00,CELL-HYD-01,Hyderabad,31.99,189.62,0,0.426,84
2026-08-04 16:30:00,CELL-BLR-01,Bengaluru,37.44,189.82,0,0.802,325
2026-08-04 18:00:00,CELL-CHE-02,Chennai,37.79,114.0,0,1.106,380
2026-08-01 21:15:00,CELL-MUM-03,Mumbai,54.7,119.38,0,0.87,334
2026-08-04 14:15:00,CELL-HYD-03,Hyderabad,31.07,125.85,0,0.894,421
2026-08-04 21:30:00,CELL-BLR-03,Bengaluru,48.29,138.08,0,0.964,530
2026-08-02 08:30:00,CELL-MUM-01,Mumbai,34.83,237.7,0,0.529,352
2026-08-04 22:15:00,CELL-BLR-03,Bengaluru,53.16,168.46,0,0.759,431
2026-08-02 13:15:00,CELL-BLR-03,Bengaluru,40.5,178.77,0,0.46,311
2026-08-04 00:45:00,CELL-DEL-02,Delhi,35.28,226.3,0,0.615,282
2026-08-04 11:00:00,CELL-BLR-03,Bengaluru,44.39,174.76,0,0.408,401
2026-08-05 11:00:00,CELL-MUM-02,Mumbai,51.52,140.2,0,0.992,363
2026-08-01 04:30:00,CELL-CHE-03,Chennai,37.09,244.26,0,0.661,194
2026-08-05 06:45:00,CELL-BLR-02,Bengaluru,29.0,255.94,0,0.737,440
2026-08-03 08:00:00,CELL-CHE-02,Chennai,28.98,148.53,0,0.685,286
2026-08-04 08:45:00,CELL-DEL-01,Delhi,31.09,215.98,0,0.638,415
2026-08-01 05:00:00,CELL-DEL-01,Delhi,26.39,209.79,0,0.124,258
2026-08-04 07:30:00,CELL-CHE-02,Chennai,29.94,152.27,0,0.311,326
2026-08-04 13:15:00,CELL-CHE-01,Chennai,33.64,158.42,0,0.449,247
2026-08-01 03:45:00,CELL-KOL-02,Kolkata,31.8,201.35,0,0.521,359
2026-08-03 23:30:00,CELL-DEL-01,Delhi,30.15,202.92,0,0.171,295
2026-08-02 11:30:00,CELL-HYD-02,Hyderabad,46.18,130.99,0,0.919,530
2026-08-04 17:45:00,CELL-KOL-01,Kolkata,48.82,185.51,0,0.872,416
2026-08-02 09:00:00,CELL-BLR-02,Bengaluru,36.07,274.0,0,1.025,359
2026-08-05 22:15:00,CELL-MUM-01,Mumbai,39.67,168.71,0,0.613,580
2026-08-03 23:45:00,CELL-CHE-02,Chennai,24.07,144.81,0,0.491,457
2026-08-03 20:00:00,CELL-CHE-03,Chennai,45.8,175.48,0,0.846,622
2026-08-05 17:15:00,CELL-KOL-03,Kolkata,30.05,175.18,0,0.852,448
2026-08-01 11:45:00,CELL-HYD-03,Hyderabad,36.65,120.53,0,0.162,409
2026-08-01 14:45:00,CELL-HYD-03,Hyderabad,29.71,143.12,0,0.202,355
2026-08-03 07:15:00,CELL-KOL-03,Kolkata,28.64,245.64,0,0.848,318
2026-08-04 20:00:00,CELL-DEL-02,Delhi,54.07,178.0,0,0.565,537
2026-08-04 08:00:00,CELL-CHE-03,Chennai,37.2,232.74,0,0.39,267
2026-08-04 14:45:00,CELL-DEL-01,Delhi,29.13,233.7,0,0.247,354
2026-08-03 16:45:00,CELL-CHE-01,Chennai,27.77,170.25,0,0.734,457
2026-08-05 19:15:00,CELL-MUM-01,Mumbai,46.88,122.06,0,0.498,588
2026-08-01 17:00:00,CELL-CHE-03,Chennai,44.04,222.44,0,0.928,420
2026-08-01 00:30:00,CELL-HYD-02,Hyderabad,39.93,154.31,0,0.357,460
2026-08-01 18:00:00,CELL-DEL-02,Delhi,54.7,184.42,0,0.635,400
2026-08-05 18:15:00,CELL-HYD-02,Hyderabad,44.18,159.07,0,0.842,363
2026-08-05 09:00:00,CELL-CHE-02,Chennai,28.91,166.33,0,1.091,413
2026-08-04 02:00:00,CELL-BLR-01,Bengaluru,41.67,179.73,0,0.483,159
2026-08-02 20:45:00,CELL-BLR-02,Bengaluru,44.47,189.43,0,0.499,567
2026-08-04 21:45:00,CELL-KOL-03,Kolkata,39.84,189.41,0,0.514,504
2026-08-04 00:30:00,CELL-KOL-03,Kolkata,35.12,267.08,0,0.696,226
2026-08-01 17:00:00,CELL-KOL-02,Kolkata,33.42,134.01,0,0.21,227
2026-08-03 03:30:00,CELL-HYD-02,Hyderabad,36.35,195.86,0,0.611,173
2026-08-03 16:45:00,CELL-MUM-02,Mumbai,42.16,189.03,0,0.974,277
2026-08-02 17:15:00,CELL-DEL-03,Delhi,29.72,146.59,0,0.774,360
2026-08-01 17:45:00,CELL-HYD-03,Hyderabad,38.02,108.72,0,0.667,204
2026-08-03 17:30:00,CELL-KOL-02,Kolkata,32.85,173.73,0,0.517,310
2026-08-02 03:30:00,CELL-HYD-03,Hyderabad,27.84,178.81,0,0.714,260
2026-08-04 02:00:00,CELL-CHE-03,Chennai,32.62,239.09,0,0.909,386
2026-08-01 22:00:00,CELL-MUM-03,Mumbai,57.56,125.7,0,0.17,319
2026-08-02 04:15:00,CELL-BLR-03,Bengaluru,42.98,178.56,0,0.345,414
2026-08-01 09:15:00,CELL-DEL-03,Delhi,26.28,185.41,0,1.165,258
2026-08-01 17:45:00,CELL-MUM-03,Mumbai,46.2,141.41,0,0.743,318
2026-08-03 11:00:00,CELL-MUM-02,Mumbai,58.72,160.86,0,0.853,413
2026-08-01 01:00:00,CELL-MUM-03,Mumbai,44.44,155.16,0,0.686,282
2026-08-02 15:00:00,CELL-KOL-03,Kolkata,31.3,207.77,0,0.543,221
2026-08-05 21:15:00,CELL-KOL-02,Kolkata,43.79,138.47,0,0.824,447
2026-08-03 17:15:00,CELL-BLR-03,Bengaluru,53.73,164.57,0,0.959,474
2026-08-03 13:30:00,CELL-BLR-01,Bengaluru,44.44,158.96,0,0.79,458
2026-08-04 06:30:00,CELL-HYD-02,Hyderabad,41.37,220.62,0,0.66,176
2026-08-02 15:45:00,CELL-CHE-01,Chennai,37.46,158.35,0,0.395,376
2026-08-03 14:00:00,CELL-DEL-03,Delhi,40.19,150.42,0,0.232,288
2026-08-01 11:00:00,CELL-MUM-02,Mumbai,56.23,148.67,0,0.664,550
2026-08-04 09:00:00,CELL-HYD-01,Hyderabad,24.29,160.34,0,0.322,239
2026-08-05 01:00:00,CELL-BLR-03,Bengaluru,37.39,206.26,0,0.262,493
2026-08-03 06:45:00,CELL-CHE-01,Chennai,33.06,188.19,0,0.417,330
2026-08-01 13:15:00,CELL-BLR-01,Bengaluru,46.64,136.23,0,0.483,282
2026-08-01 07:30:00,CELL-KOL-02,Kolkata,31.06,151.65,0,0.661,358
2026-08-05 21:30:00,CELL-HYD-02,Hyderabad,42.21,133.65,0,1.033,354
2026-08-05 16:15:00,CELL-CHE-03,Chennai,40.59,214.07,0,0.891,376
2026-08-05 03:15:00,CELL-KOL-01,Kolkata,47.23,197.65,0,0.343,251
2026-08-03 08:30:00,CELL-CHE-02,Chennai,30.45,165.79,0,0.431,362
2026-08-03 20:00:00,CELL-MUM-01,Mumbai,45.23,139.44,0,1.303,455
2026-08-03 01:45:00,CELL-MUM-02,Mumbai,44.79,215.14,0,0.501,402
2026-08-05 21:15:00,CELL-KOL-03,Kolkata,37.59,140.35,0,0.515,618
2026-08-01 11:15:00,CELL-DEL-01,Delhi,36.38,229.96,0,0.729,370
2026-08-04 16:45:00,CELL-BLR-02,Bengaluru,31.05,213.22,0,0.813,448
2026-08-03 07:00:00,CELL-KOL-02,Kolkata,26.84,209.05,0,0.443,299
2026-08-02 06:00:00,CELL-DEL-01,Delhi,28.87,214.72,0,0.347,372
2026-08-01 04:15:00,CELL-MUM-02,Mumbai,42.54,196.85,0,0.409,324
2026-08-05 17:00:00,CELL-MUM-02,Mumbai,46.22,168.87,0,0.584,283
2026-08-05 09:30:00,CELL-DEL-02,Delhi,41.28,223.04,0,0.665,364
2026-08-03 02:45:00,CELL-HYD-02,Hyderabad,34.72,215.09,0,0.382,338
2026-08-02 18:00:00,CELL-MUM-01,Mumbai,35.28,193.26,0,0.53,462
2026-08-02 10:45:00,CELL-BLR-01,Bengaluru,40.55,168.29,0,0.763,446
2026-08-05 15:45:00,CELL-HYD-03,Hyderabad,27.24,113.92,0,0.46,243
2026-08-01 18:45:00,CELL-CHE-01,Chennai,45.11,124.76,0,0.685,529
2026-08-01 12:30:00,CELL-MUM-01,Mumbai,33.03,170.95,0,0.533,352
2026-08-03 02:45:00,CELL-BLR-02,Bengaluru,30.04,248.6,0,0.375,184
2026-08-01 17:15:00,CELL-MUM-01,Mumbai,32.15,194.07,0,0.634,470
2026-08-05 19:45:00,CELL-DEL-01,Delhi,43.36,176.15,0,0.807,337
2026-08-02 21:45:00,CELL-HYD-02,Hyderabad,43.91,132.91,0,0.492,460
2026-08-02 06:15:00,CELL-BLR-03,Bengaluru,38.13,167.39,0,0.537,271
2026-08-02 14:45:00,CELL-MUM-01,Mumbai,33.7,174.93,0,0.218,292
2026-08-02 15:30:00,CELL-DEL-01,Delhi,37.5,247.91,0,0.797,376
2026-08-01 21:45:00,CELL-HYD-03,Hyderabad,33.27,111.52,0,0.243,482
2026-08-03 05:00:00,CELL-HYD-01,Hyderabad,26.65,185.33,0,0.53,336
2026-08-04 09:00:00,CELL-CHE-02,Chennai,33.1,147.42,0,0.359,329
2026-08-02 20:15:00,CELL-HYD-02,Hyderabad,35.5,167.18,0,0.73,541
2026-08-05 23:15:00,CELL-HYD-01,Hyderabad,34.65,140.58,0,0.735,304
2026-08-05 07:15:00,CELL-MUM-01,Mumbai,26.86,230.01,0,0.404,339
2026-08-02 23:00:00,CELL-BLR-01,Bengaluru,34.26,151.68,0,0.678,447
2026-08-02 07:00:00,CELL-BLR-02,Bengaluru,32.98,272.49,0,0.543,293
2026-08-03 13:00:00,CELL-BLR-03,Bengaluru,48.4,155.85,0,0.829,391
2026-08-02 06:00:00,CELL-BLR-01,Bengaluru,37.69,192.09,0,0.259,422
2026-08-03 06:30:00,CELL-CHE-03,Chennai,41.86,243.43,0,0.336,296
2026-08-02 11:15:00,CELL-CHE-03,Chennai,45.03,233.95,0,0.771,602
2026-08-03 18:45:00,CELL-HYD-02,Hyderabad,50.54,146.24,0,0.44,561
2026-08-05 01:00:00,CELL-CHE-02,Chennai,29.43,158.83,0,0.54,222
2026-08-02 16:45:00,CELL-CHE-03,Chennai,35.92,254.36,0,0.93,330
2026-08-05 01:45:00,CELL-BLR-02,Bengaluru,33.71,254.72,0,0.656,272
2026-08-02 13:45:00,CELL-CHE-03,Chennai,38.3,221.46,0,0.366,312
2026-08-02 10:15:00,CELL-HYD-01,Hyderabad,,0.0,15,0.223,300
2026-08-01 06:30:00,CELL-DEL-01,Delhi,26.97,247.39,0,0.701,207
2026-08-04 08:15:00,CELL-HYD-02,Hyderabad,32.9,162.92,0,0.511,533
2026-08-05 02:15:00,CELL-HYD-02,Hyderabad,29.76,194.66,0,0.581,414
2026-08-02 20:00:00,CELL-DEL-03,Delhi,41.18,121.52,0,0.855,437
2026-08-01 09:15:00,CELL-DEL-01,Delhi,35.44,262.58,0,0.832,228
2026-08-02 05:45:00,CELL-MUM-03,Mumbai,41.08,143.9,0,0.451,131
2026-08-05 16:30:00,CELL-KOL-01,Kolkata,41.61,214.24,0,0.801,324
2026-08-03 13:15:00,CELL-DEL-03,Delhi,38.46,148.09,0,0.39,345
2026-08-02 20:30:00,CELL-BLR-01,Bengaluru,47.13,125.84,0,1.388,473
2026-08-05 09:45:00,CELL-BLR-01,Bengaluru,40.8,171.31,0,0.393,392
2026-08-02 20:15:00,CELL-DEL-03,Delhi,46.7,134.17,0,1.274,519
2026-08-03 14:30:00,CELL-BLR-02,Bengaluru,33.38,243.85,0,0.598,135
2026-08-01 12:30:00,CELL-KOL-03,Kolkata,37.35,168.32,0,0.592,344
2026-08-05 20:15:00,CELL-BLR-02,Bengaluru,44.9,156.17,0,0.692,286
2026-08-05 00:00:00,CELL-HYD-01,Hyderabad,34.4,174.62,0,0.104,400
2026-08-03 05:15:00,CELL-BLR-02,Bengaluru,31.46,288.23,0,0.582,407
2026-08-05 10:15:00,CELL-HYD-03,Hyderabad,30.0,113.46,0,0.851,405
2026-08-02 19:15:00,CELL-DEL-02,Delhi,54.91,177.48,0,0.718,551
2026-08-05 11:15:00,CELL-MUM-01,Mumbai,39.05,204.2,0,0.536,359
2026-08-04 20:15:00,CELL-CHE-03,Chennai,52.06,146.34,0,0.512,504
2026-08-01 20:30:00,CELL-DEL-01,Delhi,42.69,150.44,0,0.519,513
2026-08-02 11:15:00,CELL-CHE-02,Chennai,32.61,131.75,0,0.73,568
2026-08-02 11:15:00,CELL-BLR-01,Bengaluru,48.31,181.96,0,0.438,413
2026-08-04 16:30:00,CELL-KOL-03,Kolkata,34.27,243.32,0,0.508,309
2026-08-05 17:45:00,CELL-BLR-01,Bengaluru,46.12,170.81,0,0.725,230
2026-08-01 19:30:00,CELL-BLR-02,Bengaluru,30.76,173.09,0,0.288,546
2026-08-02 02:15:00,CELL-HYD-03,Hyderabad,26.91,184.81,0,0.516,218
2026-08-03 18:15:00,CELL-MUM-01,Mumbai,36.89,158.77,0,0.895,430
2026-08-04 00:15:00,CELL-BLR-03,Bengaluru,40.56,171.17,0,0.315,229
2026-08-05 13:00:00,CELL-MUM-03,Mumbai,49.07,148.47,0,0.715,464
2026-08-03 09:15:00,CELL-MUM-02,Mumbai,50.5,163.55,0,0.37,158
2026-08-03 16:00:00,CELL-HYD-01,Hyderabad,32.0,136.21,0,0.688,305
2026-08-04 20:30:00,CELL-MUM-02,Mumbai,58.64,136.67,0,1.031,480
2026-08-03 16:15:00,CELL-CHE-02,Chennai,33.22,174.77,0,0.648,267
2026-08-01 13:45:00,CELL-MUM-01,Mumbai,29.03,202.71,0,0.508,476
2026-08-02 06:15:00,CELL-CHE-01,Chennai,34.4,174.15,0,0.674,370
2026-08-04 00:30:00,CELL-CHE-01,Chennai,31.43,218.6,0,0.211,311
2026-08-04 09:15:00,CELL-BLR-02,Bengaluru,34.87,274.56,0,0.287,379
2026-08-02 17:00:00,CELL-BLR-02,Bengaluru,33.01,222.37,0,0.896,514
2026-08-01 18:00:00,CELL-KOL-03,Kolkata,34.08,184.26,0,0.236,570
2026-08-02 20:00:00,CELL-MUM-01,Mumbai,39.68,146.86,0,0.177,462
2026-08-02 08:30:00,CELL-MUM-02,Mumbai,50.17,157.31,0,0.288,340
2026-08-03 09:15:00,CELL-HYD-03,Hyderabad,30.38,105.1,0,0.501,353
2026-08-04 23:00:00,CELL-BLR-03,Bengaluru,46.15,177.32,0,0.73,242
2026-08-05 12:30:00,CELL-BLR-02,Bengaluru,40.98,213.04,0,0.752,466
2026-08-03 14:00:00,CELL-BLR-03,Bengaluru,45.24,189.1,0,0.641,291
2026-08-01 01:00:00,CELL-KOL-03,Kolkata,31.16,230.17,0,0.506,370
2026-08-03 15:45:00,CELL-HYD-02,Hyderabad,,177.66,0,0.924,355
2026-08-01 06:45:00,CELL-KOL-02,Kolkata,29.73,200.47,0,0.524,493
2026-08-03 02:00:00,CELL-HYD-03,Hyderabad,22.18,152.48,0,0.324,394
2026-08-05 21:00:00,CELL-CHE-03,Chennai,60.14,180.46,0,0.527,355
2026-08-05 15:15:00,CELL-HYD-03,Hyderabad,28.8,142.41,0,1.139,152
2026-08-05 05:30:00,CELL-KOL-03,Kolkata,27.62,227.46,0,0.192,256
2026-08-03 16:45:00,CELL-DEL-01,Delhi,32.14,225.26,0,0.76,409
2026-08-04 20:15:00,CELL-DEL-03,Delhi,44.1,115.34,0,0.969,321
2026-08-04 03:15:00,CELL-BLR-01,Bengaluru,33.6,166.28,0,0.427,486
2026-08-02 17:00:00,CELL-MUM-03,Mumbai,54.49,154.89,0,1.144,373
2026-08-01 07:15:00,CELL-BLR-02,Bengaluru,22.87,261.89,0,0.793,324
2026-08-05 04:15:00,CELL-KOL-01,Kolkata,37.73,224.93,0,0.877,321
2026-08-02 08:15:00,CELL-CHE-01,Chennai,30.89,156.43,0,0.58,343
2026-08-05 14:30:00,CELL-CHE-02,Chennai,29.86,153.02,0,0.542,384
2026-08-01 23:15:00,CELL-DEL-03,Delhi,34.31,135.79,0,0.484,448
2026-08-05 10:15:00,CELL-KOL-02,Kolkata,32.4,162.73,0,0.816,390
2026-08-01 01:00:00,CELL-CHE-03,Chennai,33.41,262.99,0,0.378,349
2026-08-01 18:45:00,CELL-BLR-03,Bengaluru,46.07,137.11,0,1.199,604
2026-08-02 03:45:00,CELL-DEL-03,Delhi,22.54,177.29,0,0.982,246
2026-08-02 20:30:00,CELL-MUM-01,Mumbai,45.79,159.81,0,0.904,395
2026-08-05 06:45:00,CELL-CHE-01,Chennai,32.3,210.1,0,0.818,291
2026-08-02 19:15:00,CELL-KOL-01,Kolkata,51.7,139.05,0,1.565,586
2026-08-04 07:45:00,CELL-KOL-01,Kolkata,41.98,195.78,0,0.343,508
2026-08-04 09:00:00,CELL-KOL-02,Kolkata,32.21,180.67,0,0.629,295
2026-08-04 22:15:00,CELL-DEL-01,Delhi,37.94,204.43,0,0.559,492
2026-08-04 05:15:00,CELL-KOL-03,Kolkata,28.89,229.35,0,0.77,349
2026-08-02 17:15:00,CELL-BLR-03,Bengaluru,46.12,144.64,0,0.897,537
2026-08-05 10:15:00,CELL-CHE-03,Chennai,39.31,225.61,0,0.982,280
2026-08-04 22:15:00,CELL-MUM-01,Mumbai,30.82,167.26,0,1.053,479
2026-08-02 03:45:00,CELL-MUM-01,Mumbai,30.79,222.32,0,0.312,516
2026-08-02 13:30:00,CELL-BLR-01,Bengaluru,44.27,144.33,0,0.47,356
2026-08-01 15:00:00,CELL-HYD-01,Hyderabad,36.5,179.89,0,0.844,412
2026-08-05 08:15:00,CELL-DEL-03,Delhi,28.25,213.75,0,0.206,145
2026-08-03 16:15:00,CELL-KOL-01,Kolkata,47.29,190.54,0,0.894,337
2026-08-04 23:00:00,CELL-DEL-03,Delhi,35.83,145.88,0,0.509,348
2026-08-04 08:15:00,CELL-CHE-03,Chennai,33.64,246.39,0,0.495,439
2026-08-03 13:00:00,CELL-HYD-01,Hyderabad,32.89,131.67,0,0.622,422
2026-08-02 04:30:00,CELL-MUM-01,Mumbai,27.29,227.45,0,0.462,454
2026-08-05 02:45:00,CELL-BLR-03,Bengaluru,39.14,209.44,0,0.661,184
2026-08-02 05:30:00,CELL-BLR-02,Bengaluru,28.82,278.94,0,0.771,333
2026-08-03 14:15:00,CELL-DEL-03,Delhi,31.34,167.6,0,1.282,395
2026-08-04 03:30:00,CELL-KOL-01,Kolkata,48.58,231.42,0,0.794,363
2026-08-05 14:30:00,CELL-HYD-03,Hyderabad,30.62,147.24,0,0.561,281
2026-08-03 16:00:00,CELL-MUM-03,Mumbai,44.94,146.53,0,0.61,264
2026-08-05 00:30:00,CELL-BLR-02,Bengaluru,25.83,257.03,0,0.6,317
2026-08-04 22:30:00,CELL-DEL-03,Delhi,39.46,156.36,0,1.048,343
2026-08-03 06:00:00,CELL-MUM-01,Mumbai,32.73,194.42,0,0.745,319
2026-08-03 10:00:00,CELL-KOL-01,Kolkata,50.66,183.63,0,0.522,269
2026-08-01 14:15:00,CELL-KOL-02,Kolkata,27.86,151.68,0,0.948,463
2026-08-01 02:00:00,CELL-MUM-01,Mumbai,27.4,194.84,0,1.087,99
2026-08-04 20:00:00,CELL-BLR-01,Bengaluru,55.5,122.02,0,1.411,457
2026-08-04 07:00:00,CELL-KOL-03,Kolkata,30.77,218.78,0,0.776,447
2026-08-02 00:30:00,CELL-HYD-01,Hyderabad,35.49,188.57,0,0.533,352
2026-08-04 13:30:00,CELL-CHE-02,Chennai,35.18,-330.72,0,0.633,440
2026-08-01 05:00:00,CELL-CHE-03,Chennai,36.87,257.51,0,0.318,439
2026-08-05 12:45:00,CELL-HYD-03,Hyderabad,38.93,116.33,0,0.783,116
2026-08-01 11:30:00,CELL-MUM-02,Mumbai,55.74,177.0,0,1.043,274
2026-08-02 09:45:00,CELL-HYD-01,Hyderabad,,0.0,15,0.83,210
2026-08-05 06:30:00,CELL-KOL-03,Kolkata,32.49,228.98,0,0.216,321
2026-08-02 06:45:00,CELL-KOL-02,Kolkata,30.47,176.81,0,0.729,330
2026-08-04 18:15:00,CELL-HYD-01,Hyderabad,36.19,146.27,0,0.956,402
2026-08-04 07:45:00,CELL-MUM-02,Mumbai,47.89,160.42,0,0.726,293
2026-08-04 17:30:00,CELL-KOL-03,Kolkata,36.16,194.05,0,0.309,495
2026-08-02 10:00:00,CELL-DEL-01,Delhi,29.81,251.74,0,0.577,467
2026-08-03 02:00:00,CELL-DEL-02,Delhi,33.53,230.16,0,0.621,179
2026-08-01 15:15:00,CELL-HYD-03,Hyderabad,34.98,138.58,0,0.773,479
2026-08-04 11:45:00,CELL-KOL-01,Kolkata,65.37,159.68,0,1.051,304
2026-08-05 00:15:00,CELL-MUM-01,Mumbai,31.53,201.1,0,0.603,524
2026-08-03 01:30:00,CELL-MUM-01,Mumbai,23.03,175.36,0,0.511,317
2026-08-05 11:00:00,CELL-BLR-03,Bengaluru,59.88,172.44,0,0.487,266
2026-08-04 08:00:00,CELL-MUM-01,Mumbai,24.99,234.5,0,0.829,461
2026-08-05 09:30:00,CELL-BLR-01,Bengaluru,39.37,170.35,0,0.607,363
2026-08-01 02:30:00,CELL-HYD-03,Hyderabad,30.68,141.98,0,0.746,404
2026-08-01 11:15:00,CELL-KOL-02,Kolkata,39.27,155.86,0,0.335,493
2026-08-02 19:30:00,CELL-CHE-03,Chennai,44.11,190.9,0,0.948,454
2026-08-02 10:15:00,CELL-MUM-01,Mumbai,27.07,166.05,0,0.771,273
2026-08-03 23:15:00,CELL-MUM-02,Mumbai,51.94,190.1,0,0.596,401
2026-08-05 05:45:00,CELL-BLR-01,Bengaluru,33.3,211.48,0,0.508,223
2026-08-02 08:45:00,CELL-DEL-02,Delhi,40.97,253.82,0,0.35,458
2026-08-03 10:30:00,CELL-BLR-01,Bengaluru,43.43,160.33,0,0.485,387
2026-08-03 02:15:00,CELL-CHE-02,Chennai,23.08,178.18,0,0.185,431
2026-08-05 19:30:00,CELL-HYD-02,Hyderabad,45.48,138.59,0,1.007,601
2026-08-02 19:45:00,CELL-HYD-03,Hyderabad,45.39,117.13,0,1.432,683
2026-08-02 13:30:00,CELL-DEL-03,Delhi,41.96,157.69,0,0.756,289
2026-08-05 02:45:00,CELL-BLR-02,Bengaluru,31.32,232.65,0,0.778,175
2026-08-01 06:15:00,CELL-BLR-02,Bengaluru,27.52,266.77,0,0.65,275
2026-08-01 07:15:00,CELL-MUM-01,Mumbai,26.48,249.91,0,0.425,284
2026-08-02 03:00:00,CELL-DEL-03,Delhi,28.65,182.11,0,0.62,255
2026-08-04 02:00:00,CELL-MUM-02,Mumbai,44.84,211.5,0,0.271,255
2026-08-01 09:30:00,CELL-HYD-02,Hyderabad,40.27,171.45,0,0.573,374
2026-08-02 04:30:00,CELL-BLR-01,Bengaluru,38.85,181.81,0,0.502,276
2026-08-04 08:15:00,CELL-HYD-03,Hyderabad,32.12,141.21,0,0.525,378
2026-08-01 03:45:00,CELL-MUM-01,Mumbai,29.0,275.64,0,0.402,351
2026-08-02 13:15:00,CELL-HYD-02,Hyderabad,36.3,165.02,0,0.913,379
2026-08-03 19:45:00,CELL-KOL-03,Kolkata,40.05,152.77,0,0.46,516
2026-08-02 21:00:00,CELL-HYD-01,Hyderabad,35.27,123.37,0,0.285,301
2026-08-02 02:30:00,CELL-HYD-01,Hyderabad,30.95,145.98,0,0.43,382
2026-08-05 23:15:00,CELL-HYD-03,Hyderabad,31.5,133.14,0,0.65,359
2026-08-01 10:30:00,CELL-BLR-02,Bengaluru,26.01,235.66,0,0.581,275
2026-08-05 21:45:00,CELL-HYD-01,Hyderabad,40.04,134.41,0,0.388,421
2026-08-04 07:30:00,CELL-KOL-03,Kolkata,31.03,257.19,0,0.47,496
2026-08-04 13:45:00,CELL-KOL-02,Kolkata,31.06,155.0,0,0.934,546
2026-08-02 13:15:00,CELL-MUM-01,Mumbai,33.14,175.01,0,0.013,298
2026-08-02 12:30:00,CELL-KOL-01,Kolkata,53.93,165.4,0,1.026,392
2026-08-01 16:00:00,CELL-DEL-02,Delhi,40.55,247.06,0,0.805,313
2026-08-05 20:15:00,CELL-DEL-01,Delhi,45.58,137.16,0,1.033,729
2026-08-03 21:30:00,CELL-KOL-03,Kolkata,36.79,188.72,0,0.371,439
2026-08-02 10:45:00,CELL-BLR-03,Bengaluru,52.2,187.4,0,0.266,354
2026-08-03 20:00:00,CELL-HYD-02,Hyderabad,46.74,154.75,0,0.521,284
2026-08-03 23:45:00,CELL-DEL-02,Delhi,40.53,193.11,0,0.428,395
2026-08-02 18:00:00,CELL-CHE-02,Chennai,29.41,139.92,0,0.936,548
2026-08-03 15:00:00,CELL-BLR-03,Bengaluru,46.05,186.6,0,0.499,439
2026-08-03 22:30:00,CELL-DEL-02,Delhi,40.55,224.42,0,0.941,203
2026-08-04 15:45:00,CELL-DEL-03,Delhi,31.55,170.87,0,0.522,542
2026-08-01 13:00:00,CELL-KOL-02,Kolkata,34.97,148.69,0,1.26,485
2026-08-05 23:00:00,CELL-MUM-02,Mumbai,46.46,175.43,0,0.041,420
2026-08-01 01:15:00,CELL-DEL-03,Delhi,23.04,159.14,0,0.704,503
2026-08-01 15:45:00,CELL-BLR-01,Bengaluru,39.14,211.85,0,0.528,277
2026-08-02 19:00:00,CELL-HYD-02,Hyderabad,46.77,153.87,0,0.941,664
2026-08-04 02:45:00,CELL-HYD-02,Hyderabad,29.09,187.2,0,0.336,108
2026-08-01 21:00:00,CELL-HYD-01,Hyderabad,36.41,127.84,0,1.438,355
2026-08-02 21:00:00,CELL-BLR-02,Bengaluru,35.57,179.99,0,0.174,380
2026-08-05 14:45:00,CELL-CHE-02,Chennai,,121.59,0,0.538,423
2026-08-03 06:30:00,CELL-DEL-02,Delhi,40.9,214.75,0,0.762,341
2026-08-02 09:15:00,CELL-MUM-03,Mumbai,46.71,153.47,0,0.512,404
2026-08-04 04:30:00,CELL-DEL-01,Delhi,29.78,224.69,0,0.761,273
2026-08-04 13:15:00,CELL-MUM-02,Mumbai,45.19,150.24,0,0.5,337
2026-08-04 14:15:00,CELL-BLR-01,Bengaluru,46.94,179.41,0,0.848,213
2026-08-01 00:00:00,CELL-MUM-03,Mumbai,45.73,154.3,0,0.543,342
2026-08-02 01:15:00,CELL-BLR-03,Bengaluru,34.67,192.18,0,0.48,266
2026-08-03 10:00:00,CELL-KOL-02,Kolkata,35.71,163.64,0,0.639,419
2026-08-01 15:30:00,CELL-CHE-01,Chennai,30.28,180.85,0,0.732,385
2026-08-01 07:15:00,CELL-HYD-02,Hyderabad,39.82,177.02,0,0.315,195
2026-08-05 10:45:00,CELL-BLR-02,Bengaluru,29.86,217.33,0,0.458,288
2026-08-02 23:00:00,CELL-MUM-03,Mumbai,45.46,133.99,0,0.289,323
2026-08-05 12:00:00,CELL-MUM-01,Mumbai,39.41,185.76,0,0.359,467
2026-08-01 11:00:00,CELL-DEL-03,Delhi,36.5,164.77,0,1.076,449
2026-08-02 04:45:00,CELL-HYD-02,Hyderabad,35.38,192.61,0,0.363,330
2026-08-02 07:30:00,CELL-HYD-03,Hyderabad,33.92,122.16,0,0.363,255
2026-08-05 15:45:00,CELL-DEL-03,Delhi,27.78,157.58,0,0.523,204
2026-08-04 00:15:00,CELL-DEL-01,Delhi,26.02,204.5,0,0.455,145
2026-08-02 18:30:00,CELL-DEL-03,Delhi,34.52,128.79,0,0.313,636
2026-08-05 01:30:00,CELL-CHE-01,Chennai,29.17,176.8,0,0.625,331
2026-08-02 20:30:00,CELL-DEL-03,Delhi,43.51,123.45,0,0.439,644
2026-08-05 02:30:00,CELL-MUM-03,Mumbai,41.85,157.94,0,0.794,283
2026-08-05 07:15:00,CELL-MUM-03,Mumbai,47.94,163.57,0,0.027,391
2026-08-04 18:30:00,CELL-BLR-01,Bengaluru,49.53,139.12,0,0.785,438
2026-08-05 07:00:00,CELL-BLR-01,Bengaluru,28.56,197.34,0,0.262,221
2026-08-05 16:00:00,CELL-DEL-03,Delhi,34.02,169.21,0,0.773,296
2026-08-04 23:30:00,CELL-HYD-02,Hyderabad,45.86,190.07,0,1.049,480
2026-08-05 14:00:00,CELL-KOL-01,Kolkata,44.18,162.67,0,0.775,225
2026-08-03 07:45:00,CELL-BLR-01,Bengaluru,33.96,187.2,0,0.549,176
2026-08-01 10:30:00,CELL-KOL-01,Kolkata,52.75,193.2,0,0.363,299
2026-08-01 17:45:00,CELL-DEL-03,Delhi,31.28,148.44,0,0.749,89
2026-08-05 23:45:00,CELL-BLR-02,Bengaluru,28.74,253.93,0,0.776,237
2026-08-05 16:45:00,CELL-KOL-01,Kolkata,45.27,180.49,0,0.741,385
2026-08-05 04:30:00,CELL-BLR-01,Bengaluru,33.35,163.2,0,1.024,382
2026-08-03 19:45:00,CELL-KOL-02,Kolkata,50.13,103.19,0,0.756,562
2026-08-02 19:45:00,CELL-HYD-02,Hyderabad,49.2,157.33,0,0.563,337
2026-08-05 18:30:00,CELL-CHE-02,Chennai,37.57,122.07,0,0.689,308
2026-08-03 18:45:00,CELL-BLR-03,Bengaluru,63.62,156.43,0,0.059,321
2026-08-03 16:00:00,CELL-KOL-03,Kolkata,27.82,251.47,0,0.55,410
2026-08-05 18:00:00,CELL-CHE-02,Chennai,37.12,124.56,0,0.706,395
2026-08-05 09:00:00,CELL-DEL-02,Delhi,36.19,232.83,0,0.879,261
2026-08-01 21:00:00,CELL-MUM-03,Mumbai,64.12,90.84,0,1.082,307
2026-08-05 22:30:00,CELL-KOL-03,Kolkata,35.26,173.52,0,0.511,526
2026-08-02 00:15:00,CELL-DEL-01,Delhi,32.52,218.46,0,0.038,255
2026-08-01 01:30:00,CELL-CHE-03,Chennai,36.43,241.24,0,0.63,272
2026-08-02 18:15:00,CELL-KOL-01,Kolkata,60.06,146.48,0,1.393,500
2026-08-04 02:30:00,CELL-DEL-01,Delhi,29.68,257.61,0,0.516,388
2026-08-03 14:30:00,CELL-DEL-01,Delhi,32.87,203.41,0,0.514,395
2026-08-03 08:30:00,CELL-DEL-03,Delhi,30.79,166.34,0,0.697,286
2026-08-01 02:30:00,CELL-BLR-03,Bengaluru,42.11,199.48,0,0.521,341
2026-08-02 10:00:00,CELL-MUM-01,Mumbai,30.67,202.68,0,0.803,499
2026-08-03 18:15:00,CELL-KOL-01,Kolkata,61.46,160.64,0,0.694,571
2026-08-05 06:45:00,CELL-KOL-01,Kolkata,42.64,182.91,0,0.903,355
2026-08-03 21:45:00,CELL-BLR-03,Bengaluru,43.6,135.57,0,0.769,510
2026-08-02 22:15:00,CELL-BLR-01,Bengaluru,35.23,174.64,0,0.902,476
2026-08-03 12:45:00,CELL-KOL-01,Kolkata,50.43,185.95,0,0.647,423
2026-08-01 13:30:00,CELL-DEL-01,Delhi,29.8,233.88,0,0.343,283
2026-08-04 16:15:00,CELL-KOL-01,Kolkata,46.7,181.95,0,0.373,265
2026-08-02 02:00:00,CELL-CHE-02,Chennai,33.31,145.47,0,0.49,311
2026-08-01 00:30:00,CELL-DEL-03,Delhi,29.99,185.34,0,0.556,315
2026-08-04 01:15:00,CELL-HYD-02,Hyderabad,37.04,210.43,0,0.73,196
2026-08-03 22:30:00,CELL-CHE-02,Chennai,36.01,127.16,0,0.786,315
2026-08-05 06:00:00,CELL-HYD-03,Hyderabad,27.35,173.54,0,0.248,243
2026-08-02 08:00:00,CELL-KOL-03,Kolkata,35.62,183.42,0,0.764,316
2026-08-05 13:30:00,CELL-MUM-01,Mumbai,36.86,176.48,0,0.706,442
2026-08-02 12:30:00,CELL-MUM-03,Mumbai,50.84,125.0,0,0.818,399
2026-08-05 21:00:00,CELL-KOL-02,Kolkata,41.29,124.84,0,1.123,395
2026-08-03 03:00:00,CELL-CHE-01,Chennai,33.6,166.0,0,0.963,309
2026-08-04 02:15:00,CELL-KOL-03,Kolkata,29.06,218.08,0,0.506,278
2026-08-01 03:45:00,CELL-HYD-01,Hyderabad,28.36,179.49,0,0.181,382
2026-08-05 02:15:00,CELL-BLR-02,Bengaluru,27.25,263.76,0,0.91,195
2026-08-05 23:45:00,CELL-CHE-01,Chennai,33.78,166.91,0,0.551,329
2026-08-01 11:45:00,CELL-BLR-02,Bengaluru,32.33,223.92,0,0.539,521
2026-08-05 23:15:00,CELL-KOL-01,Kolkata,47.44,184.98,0,1.005,327
2026-08-01 03:45:00,CELL-DEL-02,Delhi,29.89,221.52,0,0.363,435
2026-08-04 16:30:00,CELL-MUM-02,Mumbai,52.19,-615.5,0,0.398,463
2026-08-04 07:00:00,CELL-MUM-03,Mumbai,38.9,171.18,0,0.546,137
2026-08-01 04:15:00,CELL-HYD-01,Hyderabad,28.51,161.32,0,0.557,336
2026-08-04 17:00:00,CELL-HYD-02,Hyderabad,35.73,165.92,0,0.418,483
2026-08-05 12:30:00,CELL-BLR-03,Bengaluru,55.89,160.24,0,0.904,388
2026-08-03 11:30:00,CELL-CHE-01,Chennai,35.71,163.17,0,0.732,397
2026-08-02 10:30:00,CELL-CHE-03,Chennai,35.56,214.75,0,0.851,431
2026-08-03 22:15:00,CELL-DEL-02,Delhi,47.61,193.95,0,0.767,305
2026-08-04 00:45:00,CELL-HYD-03,Hyderabad,27.59,160.41,0,0.759,367
2026-08-05 22:00:00,CELL-HYD-01,Hyderabad,48.19,149.72,0,0.593,406
2026-08-05 16:30:00,CELL-HYD-01,Hyderabad,30.05,167.83,0,0.707,292
2026-08-01 23:30:00,CELL-MUM-02,Mumbai,41.01,159.06,0,0.755,550
2026-08-01 23:15:00,CELL-KOL-01,Kolkata,40.92,175.33,0,0.779,306
2026-08-04 22:00:00,CELL-DEL-01,Delhi,39.6,178.36,0,0.592,282
2026-08-05 13:45:00,CELL-MUM-01,Mumbai,30.22,154.33,0,0.61,448
2026-08-05 08:30:00,CELL-CHE-01,Chennai,32.23,156.68,0,0.463,337
2026-08-05 00:45:00,CELL-HYD-02,Hyderabad,40.83,190.19,0,0.827,374
2026-08-01 04:30:00,CELL-HYD-03,Hyderabad,34.88,138.3,0,0.414,364
2026-08-04 16:15:00,CELL-MUM-03,Mumbai,47.19,137.73,0,0.674,453
2026-08-01 09:30:00,CELL-CHE-01,Chennai,43.41,184.63,0,0.97,396
2026-08-05 10:30:00,CELL-CHE-01,Chennai,39.62,132.12,0,0.911,387
2026-08-01 10:30:00,CELL-MUM-01,Mumbai,36.21,193.5,0,0.568,414
2026-08-02 23:15:00,CELL-HYD-02,Hyderabad,37.03,157.16,0,0.662,149
2026-08-04 11:45:00,CELL-DEL-01,Delhi,31.24,199.65,0,0.694,401
2026-08-03 12:30:00,CELL-BLR-01,Bengaluru,43.18,146.19,0,0.266,404
2026-08-05 14:00:00,CELL-HYD-01,Hyderabad,34.84,169.88,0,0.606,305
2026-08-02 20:15:00,CELL-MUM-03,Mumbai,64.49,97.95,0,0.865,493
2026-08-03 14:45:00,CELL-CHE-02,Chennai,33.78,120.57,0,0.767,324
2026-08-05 23:15:00,CELL-KOL-02,Kolkata,37.2,152.2,0,0.71,437
2026-08-03 11:00:00,CELL-DEL-02,Delhi,44.55,166.61,0,0.727,227
2026-08-02 10:45:00,CELL-CHE-03,Chennai,39.0,239.98,0,0.635,366
2026-08-03 12:45:00,CELL-BLR-02,Bengaluru,40.95,179.61,0,0.51,432
2026-08-02 11:45:00,CELL-HYD-03,Hyderabad,39.5,109.95,0,0.718,480
2026-08-04 19:45:00,CELL-CHE-03,Chennai,58.65,164.14,0,0.592,293
2026-08-02 04:45:00,CELL-CHE-01,Chennai,33.17,177.68,0,0.926,400
2026-08-04 04:30:00,CELL-KOL-01,Kolkata,48.14,222.18,0,0.343,223
2026-08-01 01:15:00,CELL-KOL-03,Kolkata,27.46,232.45,0,0.392,340
2026-08-04 06:45:00,CELL-KOL-03,Kolkata,26.56,255.5,0,0.84,424
2026-08-03 07:30:00,CELL-DEL-02,Delhi,32.24,219.25,0,0.653,279
2026-08-04 07:45:00,CELL-CHE-03,Chennai,31.48,254.14,0,0.687,208
2026-08-02 13:00:00,CELL-KOL-02,Kolkata,31.4,150.04,0,0.62,189
2026-08-05 14:30:00,CELL-CHE-01,Chennai,36.22,158.48,0,0.247,235
2026-08-02 20:00:00,CELL-KOL-01,Kolkata,67.86,146.93,0,1.533,516
2026-08-03 05:30:00,CELL-HYD-01,Hyderabad,28.55,160.7,0,1.102,377
2026-08-01 20:30:00,CELL-BLR-02,Bengaluru,37.5,191.85,0,0.858,552
2026-08-01 10:00:00,CELL-CHE-03,Chennai,32.96,236.55,0,1.054,535
2026-08-05 01:00:00,CELL-CHE-01,Chennai,33.5,179.11,0,0.646,347
2026-08-01 09:00:00,CELL-MUM-02,Mumbai,42.89,163.83,0,0.535,402
2026-08-04 08:45:00,CELL-DEL-03,Delhi,30.59,175.26,0,0.569,159
2026-08-01 05:30:00,CELL-MUM-02,Mumbai,38.36,180.82,0,0.715,283
2026-08-04 18:00:00,CELL-DEL-03,Delhi,39.98,121.38,0,0.578,402
2026-08-05 22:45:00,CELL-HYD-03,Hyderabad,26.09,126.56,0,0.761,466
2026-08-05 23:15:00,CELL-CHE-01,Chennai,33.31,182.63,0,0.452,438
2026-08-05 14:30:00,CELL-MUM-02,Mumbai,46.04,166.57,0,0.787,333
2026-08-03 17:45:00,CELL-CHE-03,Chennai,41.7,224.63,0,0.704,479
2026-08-02 14:45:00,CELL-CHE-03,Chennai,40.96,224.62,0,0.636,459
2026-08-05 00:30:00,CELL-BLR-03,Bengaluru,39.87,235.17,0,0.059,312
2026-08-03 14:45:00,CELL-MUM-01,Mumbai,35.75,235.08,0,0.515,286
2026-08-04 00:30:00,CELL-CHE-02,Chennai,29.44,164.11,0,0.267,316
2026-08-05 19:15:00,CELL-DEL-01,Delhi,34.4,168.67,0,1.21,461
2026-08-03 23:15:00,CELL-KOL-03,Kolkata,33.85,166.96,0,0.402,290
2026-08-03 20:30:00,CELL-DEL-01,Delhi,44.25,179.89,0,0.905,434
2026-08-04 14:45:00,CELL-MUM-03,Mumbai,54.61,135.54,0,0.424,366
2026-08-03 15:45:00,CELL-MUM-01,Mumbai,28.95,213.74,0,1.272,241
2026-08-01 04:00:00,CELL-CHE-01,Chennai,33.27,162.83,0,0.51,261
2026-08-02 10:15:00,CELL-HYD-02,Hyderabad,42.34,180.79,0,0.664,306
2026-08-04 07:45:00,CELL-KOL-02,Kolkata,28.76,199.06,0,0.266,440
2026-08-05 16:00:00,CELL-HYD-02,Hyderabad,41.21,177.49,0,0.369,200
2026-08-03 01:45:00,CELL-BLR-03,Bengaluru,36.76,203.43,0,0.892,245
2026-08-02 22:30:00,CELL-BLR-01,Bengaluru,37.2,178.46,0,0.716,419
2026-08-02 13:00:00,CELL-BLR-01,Bengaluru,45.53,149.13,0,0.543,407
2026-08-04 08:15:00,CELL-KOL-03,Kolkata,28.58,239.75,0,0.519,221
2026-08-05 18:00:00,CELL-HYD-02,Hyderabad,42.55,139.1,0,0.447,512
2026-08-05 16:00:00,CELL-MUM-03,Mumbai,55.19,139.59,0,0.438,377
2026-08-04 07:30:00,CELL-BLR-02,Bengaluru,28.9,231.9,0,0.495,365
2026-08-02 10:45:00,CELL-KOL-03,Kolkata,31.74,201.54,0,0.804,492
2026-08-01 09:15:00,CELL-MUM-01,Mumbai,30.77,226.07,0,0.115,482
2026-08-05 22:45:00,CELL-KOL-03,Kolkata,32.87,193.75,0,1.389,435
2026-08-02 00:15:00,CELL-MUM-02,Mumbai,48.36,165.32,0,0.653,196
2026-08-02 09:00:00,CELL-DEL-02,Delhi,43.72,236.17,0,1.223,477
2026-08-04 23:15:00,CELL-CHE-01,Chennai,39.87,160.71,0,0.667,455
2026-08-02 16:45:00,CELL-CHE-02,Chennai,33.66,144.52,0,0.596,324
2026-08-02 16:30:00,CELL-CHE-01,Chennai,35.2,161.1,0,0.333,267
2026-08-04 21:30:00,CELL-DEL-02,Delhi,48.47,178.2,0,0.622,584
2026-08-03 14:00:00,CELL-KOL-03,Kolkata,33.26,213.09,0,0.547,363
2026-08-04 18:15:00,CELL-DEL-01,Delhi,33.98,183.16,0,0.888,474
2026-08-03 23:30:00,CELL-HYD-01,Hyderabad,32.64,171.29,0,0.302,401
2026-08-02 20:00:00,CELL-MUM-03,Mumbai,61.99,117.99,0,0.932,405
2026-08-05 23:45:00,CELL-CHE-03,Chennai,31.65,257.11,0,0.586,359
2026-08-01 10:15:00,CELL-HYD-03,Hyderabad,37.98,98.2,0,0.417,254
2026-08-01 19:00:00,CELL-HYD-02,Hyderabad,46.15,136.59,0,0.365,367
2026-08-03 12:00:00,CELL-DEL-03,Delhi,29.35,147.27,0,0.942,285
2026-08-05 14:15:00,CELL-HYD-02,Hyderabad,37.65,169.61,0,0.774,248
2026-08-04 12:00:00,CELL-MUM-02,Mumbai,54.44,157.45,0,0.375,397
2026-08-04 10:30:00,CELL-KOL-01,Kolkata,55.8,142.28,0,1.162,374
2026-08-04 20:45:00,CELL-BLR-03,Bengaluru,51.25,142.0,0,0.645,661
2026-08-04 10:45:00,CELL-BLR-01,Bengaluru,34.14,159.86,0,0.902,512
2026-08-03 22:15:00,CELL-CHE-01,Chennai,39.35,158.67,0,0.853,393
2026-08-05 21:15:00,CELL-DEL-01,Delhi,39.99,194.05,0,0.896,422
2026-08-04 07:30:00,CELL-BLR-03,Bengaluru,45.33,200.82,0,0.353,538
2026-08-04 14:00:00,CELL-HYD-02,Hyderabad,34.8,187.79,0,0.677,411
2026-08-03 19:45:00,CELL-DEL-01,Delhi,42.32,177.52,0,0.637,600
2026-08-02 14:45:00,CELL-CHE-02,Chennai,27.28,124.43,0,0.505,367
2026-08-03 23:00:00,CELL-KOL-03,Kolkata,29.76,211.96,0,0.169,391
2026-08-02 05:30:00,CELL-CHE-01,Chennai,28.29,199.42,0,0.679,375
2026-08-01 08:00:00,CELL-BLR-03,Bengaluru,41.14,203.69,0,0.519,465
2026-08-05 18:45:00,CELL-HYD-02,Hyderabad,52.26,159.07,0,1.213,541
2026-08-04 22:45:00,CELL-HYD-03,Hyderabad,39.46,137.19,0,0.822,401
2026-08-04 07:30:00,CELL-HYD-02,Hyderabad,34.18,168.73,0,0.345,282
2026-08-02 04:45:00,CELL-CHE-02,Chennai,29.65,149.92,0,0.881,421
2026-08-03 23:30:00,CELL-CHE-01,Chennai,36.49,147.05,0,0.459,253
2026-08-05 19:00:00,CELL-BLR-03,Bengaluru,62.21,164.85,0,0.722,499
2026-08-02 20:15:00,CELL-KOL-03,Kolkata,35.75,154.01,0,1.08,564
2026-08-05 19:30:00,CELL-BLR-02,Bengaluru,46.75,198.42,0,0.471,682
2026-08-03 19:00:00,CELL-HYD-03,Hyderabad,40.97,95.53,0,0.859,503
2026-08-05 09:45:00,CELL-HYD-01,Hyderabad,33.12,174.26,0,0.251,349
2026-08-01 18:15:00,CELL-HYD-03,Hyderabad,38.93,132.4,0,1.113,370
2026-08-02 22:30:00,CELL-KOL-01,Kolkata,54.09,171.61,0,0.653,376
2026-08-04 11:45:00,CELL-BLR-01,Bengaluru,45.28,136.81,0,1.085,343
2026-08-02 14:00:00,CELL-MUM-03,Mumbai,46.28,120.12,0,0.834,268
2026-08-02 11:00:00,CELL-MUM-02,Mumbai,58.86,163.29,0,0.773,269
2026-08-02 15:30:00,CELL-MUM-01,Mumbai,32.35,225.49,0,0.479,239
2026-08-05 13:30:00,CELL-KOL-01,Kolkata,51.84,162.73,0,0.453,182
2026-08-04 19:30:00,CELL-DEL-02,Delhi,59.98,189.68,0,0.786,214
2026-08-03 09:45:00,CELL-CHE-01,Chennai,36.17,156.59,0,1.177,384
2026-08-03 03:30:00,CELL-MUM-02,Mumbai,40.89,193.81,0,0.405,326
2026-08-02 22:45:00,CELL-DEL-03,Delhi,39.66,184.39,0,0.656,350
2026-08-01 21:15:00,CELL-BLR-03,Bengaluru,61.43,133.91,0,0.433,316
2026-08-01 14:45:00,CELL-DEL-02,Delhi,41.59,215.6,0,0.418,417
2026-08-05 19:45:00,CELL-HYD-01,Hyderabad,42.68,111.05,0,0.545,463
2026-08-04 20:15:00,CELL-KOL-03,Kolkata,48.64,172.15,0,0.889,92
2026-08-03 01:15:00,CELL-MUM-02,Mumbai,41.71,157.98,0,0.585,349
2026-08-02 20:45:00,CELL-MUM-02,Mumbai,66.79,137.09,0,1.084,369
2026-08-05 13:45:00,CELL-HYD-03,Hyderabad,34.81,115.61,0,0.386,368
2026-08-04 15:45:00,CELL-CHE-01,Chennai,31.88,161.65,0,0.911,114
2026-08-05 18:00:00,CELL-BLR-02,Bengaluru,33.84,181.27,0,0.944,464
2026-08-02 19:15:00,CELL-DEL-01,Delhi,46.18,138.35,0,0.905,657
2026-08-03 06:45:00,CELL-MUM-01,Mumbai,25.83,205.47,0,0.327,288
2026-08-04 03:45:00,CELL-CHE-01,Chennai,36.19,162.12,0,0.77,164
2026-08-02 03:30:00,CELL-BLR-03,Bengaluru,43.75,202.24,0,0.12,436
2026-08-04 04:15:00,CELL-DEL-02,Delhi,36.45,222.0,0,0.52,363
2026-08-03 06:30:00,CELL-BLR-01,Bengaluru,30.74,193.63,0,0.94,366
2026-08-03 20:45:00,CELL-DEL-02,Delhi,58.36,197.48,0,0.919,662
2026-08-02 01:15:00,CELL-HYD-01,Hyderabad,28.74,167.81,0,0.636,403
2026-08-01 02:45:00,CELL-CHE-01,Chennai,33.11,177.8,0,0.286,304
2026-08-03 03:15:00,CELL-HYD-01,Hyderabad,36.73,158.96,0,0.46,323
2026-08-03 10:15:00,CELL-MUM-02,Mumbai,50.94,168.95,0,0.709,402
2026-08-03 04:00:00,CELL-MUM-02,Mumbai,39.43,197.2,0,0.269,280
2026-08-03 22:15:00,CELL-BLR-01,Bengaluru,47.47,137.25,0,0.809,459
2026-08-05 22:15:00,CELL-CHE-01,Chennai,42.66,150.8,0,1.082,448
2026-08-04 04:30:00,CELL-BLR-01,Bengaluru,39.34,186.43,0,0.851,395
2026-08-01 05:15:00,CELL-KOL-03,Kolkata,32.73,237.06,0,0.447,216
2026-08-01 17:00:00,CELL-MUM-03,Mumbai,51.09,131.21,0,0.917,310
2026-08-01 23:45:00,CELL-CHE-01,Chennai,36.8,155.56,0,0.845,465
2026-08-05 04:45:00,CELL-KOL-01,Kolkata,46.71,209.46,0,0.592,109
2026-08-05 19:15:00,CELL-HYD-01,Hyderabad,39.15,116.08,0,0.873,308
2026-08-04 18:45:00,CELL-BLR-01,Bengaluru,60.8,148.63,0,0.496,411
2026-08-05 17:45:00,CELL-MUM-01,Mumbai,35.51,167.02,0,0.86,387
2026-08-01 06:00:00,CELL-MUM-03,Mumbai,44.71,178.43,0,0.789,389
2026-08-02 13:45:00,CELL-HYD-02,Hyderabad,40.75,135.94,0,0.608,362
2026-08-02 22:00:00,CELL-HYD-01,Hyderabad,29.9,144.37,0,0.811,351
2026-08-04 00:15:00,CELL-HYD-01,Hyderabad,29.37,174.02,0,0.488,346
2026-08-01 11:30:00,CELL-DEL-03,Delhi,37.77,162.08,0,0.635,467
2026-08-04 21:00:00,CELL-DEL-03,Delhi,44.09,130.68,0,0.673,339
2026-08-02 08:00:00,CELL-KOL-02,Kolkata,29.89,208.27,0,0.686,272
2026-08-04 08:00:00,CELL-MUM-02,Mumbai,40.49,176.89,0,0.787,328
2026-08-05 15:30:00,CELL-BLR-03,Bengaluru,,191.69,0,0.228,335
2026-08-05 17:45:00,CELL-HYD-02,Hyderabad,42.34,163.49,0,1.037,427
2026-08-04 18:00:00,CELL-CHE-01,Chennai,46.49,143.84,0,0.506,240
2026-08-01 03:15:00,CELL-DEL-03,Delhi,31.15,176.52,0,0.808,268
2026-08-02 02:45:00,CELL-DEL-02,Delhi,39.82,247.48,0,0.827,354
2026-08-01 07:45:00,CELL-DEL-01,Delhi,30.68,295.12,0,0.353,433
2026-08-03 00:15:00,CELL-MUM-03,Mumbai,44.56,161.55,0,0.798,378
2026-08-02 20:00:00,CELL-HYD-02,Hyderabad,46.37,130.33,0,0.634,525
2026-08-01 16:15:00,CELL-BLR-01,Bengaluru,34.17,160.22,0,0.331,316
2026-08-03 05:00:00,CELL-BLR-01,Bengaluru,40.11,218.47,0,0.335,454
2026-08-01 08:45:00,CELL-MUM-03,Mumbai,42.72,155.51,0,0.67,281
2026-08-03 22:00:00,CELL-HYD-01,Hyderabad,42.12,125.46,0,0.677,401
2026-08-01 04:45:00,CELL-HYD-03,Hyderabad,34.2,120.94,0,0.736,291
2026-08-01 10:00:00,CELL-HYD-01,Hyderabad,34.55,153.82,0,0.552,506
2026-08-01 03:30:00,CELL-KOL-03,Kolkata,30.97,220.55,0,0.391,453
2026-08-05 03:30:00,CELL-CHE-01,Chennai,31.3,190.32,0,0.329,352
2026-08-02 08:45:00,CELL-HYD-01,Hyderabad,29.45,165.96,0,0.635,286
2026-08-03 17:00:00,CELL-DEL-01,Delhi,34.03,271.61,0,0.335,379
2026-08-01 10:45:00,CELL-CHE-02,Chennai,40.91,143.17,0,0.408,140
2026-08-02 10:30:00,CELL-CHE-01,Chennai,38.8,159.52,0,0.619,511
2026-08-05 01:30:00,CELL-DEL-02,Delhi,42.59,231.88,0,0.795,192
2026-08-04 20:45:00,CELL-KOL-01,Kolkata,58.11,134.84,0,1.222,389
2026-08-03 16:45:00,CELL-BLR-03,Bengaluru,43.41,170.23,0,0.361,311
2026-08-04 22:15:00,CELL-HYD-03,Hyderabad,33.08,114.42,0,0.69,562
2026-08-03 21:00:00,CELL-KOL-02,Kolkata,36.87,129.88,0,0.865,640
2026-08-01 02:00:00,CELL-KOL-03,Kolkata,30.94,257.21,0,0.497,397
2026-08-01 06:00:00,CELL-HYD-01,Hyderabad,27.04,154.72,0,0.436,384
2026-08-05 04:15:00,CELL-DEL-01,Delhi,25.57,234.37,0,0.719,309
2026-08-01 09:00:00,CELL-HYD-03,Hyderabad,30.33,136.9,0,0.447,302
2026-08-03 14:30:00,CELL-MUM-01,Mumbai,30.78,220.47,0,0.775,281
2026-08-01 19:15:00,CELL-KOL-02,Kolkata,42.45,137.83,0,0.581,304
2026-08-03 16:00:00,CELL-BLR-01,Bengaluru,34.74,189.2,0,0.759,313
2026-08-02 07:00:00,CELL-MUM-03,Mumbai,47.14,170.29,0,0.645,288
2026-08-04 13:30:00,CELL-DEL-03,Delhi,37.89,148.08,0,0.544,447
2026-08-01 22:15:00,CELL-CHE-01,Chennai,36.0,136.42,0,0.338,266
2026-08-01 05:00:00,CELL-MUM-03,Mumbai,46.09,139.98,0,0.788,310
2026-08-02 03:45:00,CELL-BLR-03,Bengaluru,33.67,186.74,0,0.8,501
2026-08-04 06:30:00,CELL-MUM-02,Mumbai,43.44,158.0,0,0.597,324
2026-08-05 15:45:00,CELL-HYD-02,Hyderabad,35.88,177.86,0,0.697,445
2026-08-01 12:45:00,CELL-BLR-02,Bengaluru,33.3,204.53,0,1.042,452
2026-08-03 01:15:00,CELL-KOL-01,Kolkata,42.87,184.71,0,0.254,404
2026-08-03 07:30:00,CELL-CHE-03,Chennai,30.69,236.74,0,0.46,386
2026-08-01 08:30:00,CELL-HYD-01,Hyderabad,35.06,159.03,0,0.232,377
2026-08-01 05:15:00,CELL-MUM-02,Mumbai,47.39,202.7,0,0.471,187
2026-08-03 15:45:00,CELL-DEL-01,Delhi,28.91,238.25,0,0.57,266
2026-08-02 20:15:00,CELL-MUM-02,Mumbai,74.84,130.4,0,0.688,580
2026-08-04 11:00:00,CELL-BLR-01,Bengaluru,47.83,159.76,0,0.647,242
2026-08-04 13:45:00,CELL-BLR-03,Bengaluru,42.83,179.56,0,0.889,415
2026-08-04 05:45:00,CELL-BLR-01,Bengaluru,37.74,202.32,0,0.777,269
2026-08-01 12:15:00,CELL-BLR-02,Bengaluru,38.4,195.25,0,0.743,268
2026-08-02 01:15:00,CELL-CHE-02,Chennai,29.88,151.73,0,0.253,332
2026-08-01 20:45:00,CELL-DEL-02,Delhi,53.17,130.75,0,1.148,496
2026-08-05 12:00:00,CELL-HYD-02,Hyderabad,40.52,154.75,0,0.681,426
2026-08-01 08:45:00,CELL-CHE-03,Chennai,37.84,229.38,0,0.331,389
2026-08-01 17:30:00,CELL-MUM-02,Mumbai,61.92,171.52,0,0.404,353
2026-08-03 20:30:00,CELL-HYD-01,Hyderabad,,109.81,0,0.625,277
2026-08-04 12:30:00,CELL-BLR-02,Bengaluru,35.45,236.37,0,0.804,479
2026-08-02 19:00:00,CELL-BLR-01,Bengaluru,56.03,139.25,0,1.188,302
2026-08-05 21:30:00,CELL-CHE-01,Chennai,46.99,166.26,0,0.722,489
2026-08-04 16:00:00,CELL-CHE-03,Chennai,34.03,245.89,0,0.486,300
2026-08-04 14:45:00,CELL-KOL-03,Kolkata,32.06,233.64,0,0.439,453
2026-08-01 09:45:00,CELL-HYD-02,Hyderabad,40.98,187.06,0,0.607,534
2026-08-03 01:15:00,CELL-DEL-03,Delhi,28.36,161.87,0,0.552,379
2026-08-02 06:45:00,CELL-MUM-01,Mumbai,32.61,224.75,0,0.398,259
2026-08-01 04:30:00,CELL-DEL-02,Delhi,42.84,265.8,0,0.633,437
2026-08-04 04:45:00,CELL-KOL-02,Kolkata,34.01,171.27,0,0.327,401
2026-08-01 14:15:00,CELL-BLR-03,Bengaluru,42.06,193.2,0,0.386,260
2026-08-05 14:30:00,CELL-BLR-01,Bengaluru,36.93,176.84,0,0.748,295
2026-08-05 22:45:00,CELL-DEL-03,Delhi,31.83,156.17,0,0.744,362
2026-08-04 06:30:00,CELL-HYD-01,Hyderabad,22.47,164.78,0,0.555,251
2026-08-03 23:00:00,CELL-BLR-02,Bengaluru,32.9,197.27,0,0.796,377
2026-08-01 15:00:00,CELL-KOL-03,Kolkata,33.15,218.52,0,0.307,385
2026-08-04 12:15:00,CELL-KOL-01,Kolkata,50.13,146.62,0,0.867,462
2026-08-04 00:45:00,CELL-MUM-01,Mumbai,28.61,226.56,0,0.475,412
2026-08-03 22:00:00,CELL-CHE-02,Chennai,38.58,126.9,0,1.098,481
2026-08-04 22:45:00,CELL-CHE-03,Chennai,41.75,199.9,0,0.734,506
2026-08-04 10:00:00,CELL-CHE-03,Chennai,39.16,245.89,0,0.408,368
2026-08-01 18:30:00,CELL-HYD-02,Hyderabad,45.19,154.78,0,0.744,314
2026-08-01 07:45:00,CELL-DEL-02,Delhi,41.57,230.7,0,0.767,488
2026-08-03 17:45:00,CELL-BLR-01,Bengaluru,49.45,141.42,0,0.698,310
2026-08-04 15:00:00,CELL-MUM-01,Mumbai,40.9,217.93,0,0.578,259
2026-08-05 12:30:00,CELL-CHE-03,Chennai,41.1,212.3,0,0.817,553
2026-08-04 17:30:00,CELL-KOL-01,Kolkata,51.14,184.32,0,0.439,349
2026-08-01 02:30:00,CELL-HYD-02,Hyderabad,40.8,190.94,0,0.157,350
2026-08-04 18:15:00,CELL-MUM-01,Mumbai,32.64,160.22,0,1.104,276
2026-08-03 01:30:00,CELL-DEL-03,Delhi,,177.18,0,0.725,508
2026-08-01 01:00:00,CELL-BLR-03,Bengaluru,44.73,197.58,0,0.219,421
2026-08-04 22:30:00,CELL-BLR-03,Bengaluru,42.69,228.07,0,0.729,449
2026-08-02 13:30:00,CELL-MUM-01,Mumbai,36.67,213.29,0,0.688,510
2026-08-03 20:00:00,CELL-MUM-03,Mumbai,59.0,121.41,0,0.537,732
2026-08-03 16:30:00,CELL-KOL-01,Kolkata,55.0,184.22,0,0.808,342
2026-08-05 02:00:00,CELL-DEL-03,Delhi,28.4,206.08,0,0.792,279
2026-08-01 07:00:00,CELL-BLR-03,Bengaluru,45.38,206.33,0,0.566,403
2026-08-05 04:15:00,CELL-BLR-01,Bengaluru,27.03,192.03,0,0.65,172
2026-08-05 12:45:00,CELL-CHE-03,Chennai,35.56,203.07,0,0.48,370
2026-08-03 01:45:00,CELL-HYD-03,Hyderabad,21.58,150.25,0,0.572,298
2026-08-01 09:00:00,CELL-CHE-02,Chennai,32.84,160.28,0,0.411,292
2026-08-02 18:15:00,CELL-HYD-03,Hyderabad,42.6,98.65,0,0.568,425
2026-08-03 20:30:00,CELL-KOL-01,Kolkata,59.59,150.29,0,1.116,385
2026-08-01 21:30:00,CELL-HYD-03,Hyderabad,38.4,110.27,0,0.998,339
2026-08-01 07:00:00,CELL-DEL-02,Delhi,41.38,232.59,0,0.535,286
2026-08-03 21:30:00,CELL-BLR-03,Bengaluru,52.76,139.18,0,0.775,476
2026-08-04 13:00:00,CELL-KOL-01,Kolkata,51.83,136.31,0,0.448,363
2026-08-01 19:45:00,CELL-CHE-01,Chennai,44.35,137.97,0,0.74,349
2026-08-02 14:00:00,CELL-KOL-01,Kolkata,52.15,173.39,0,0.255,277
2026-08-05 09:15:00,CELL-MUM-03,Mumbai,40.7,149.19,0,0.574,537
2026-08-01 10:30:00,CELL-KOL-02,Kolkata,34.88,180.33,0,0.472,486
2026-08-05 08:45:00,CELL-DEL-03,Delhi,28.77,165.8,0,0.972,440
2026-08-05 22:45:00,CELL-MUM-02,Mumbai,51.87,161.03,0,0.9,519
2026-08-01 07:15:00,CELL-KOL-01,Kolkata,41.21,221.96,0,0.375,512
2026-08-05 18:30:00,CELL-MUM-01,Mumbai,40.13,175.0,0,0.105,544
2026-08-01 14:15:00,CELL-CHE-03,Chennai,37.85,264.65,0,0.672,284
2026-08-01 00:30:00,CELL-DEL-01,Delhi,27.92,241.73,0,0.795,92
2026-08-04 18:30:00,CELL-BLR-03,Bengaluru,55.13,168.29,0,0.704,435
2026-08-01 01:30:00,CELL-KOL-02,Kolkata,29.95,190.72,0,1.059,369
2026-08-04 02:15:00,CELL-HYD-02,Hyderabad,42.51,195.17,0,0.425,206
2026-08-01 17:00:00,CELL-DEL-03,Delhi,34.4,199.5,0,0.394,290
2026-08-02 00:00:00,CELL-KOL-03,Kolkata,30.56,215.87,0,0.703,378
2026-08-02 02:30:00,CELL-MUM-01,Mumbai,29.25,210.73,0,0.791,404
2026-08-05 05:45:00,CELL-MUM-03,Mumbai,34.75,157.56,0,0.82,309
2026-08-04 12:15:00,CELL-DEL-02,Delhi,49.93,183.9,0,0.436,398
2026-08-01 14:30:00,CELL-KOL-01,Kolkata,51.96,179.08,0,1.072,164
2026-08-04 11:30:00,CELL-CHE-02,Chennai,34.43,129.28,0,0.714,370
2026-08-05 14:45:00,CELL-BLR-01,Bengaluru,37.27,177.7,0,0.985,444
2026-08-01 11:30:00,CELL-BLR-03,Bengaluru,51.11,181.86,0,0.648,327
2026-08-04 22:00:00,CELL-KOL-01,Kolkata,58.31,168.02,0,0.601,344
2026-08-03 04:45:00,CELL-MUM-01,Mumbai,25.38,218.64,0,0.316,243
2026-08-02 16:15:00,CELL-BLR-02,Bengaluru,31.14,232.86,0,0.337,506
2026-08-01 18:15:00,CELL-HYD-02,Hyderabad,49.11,159.19,0,0.641,417
2026-08-03 15:00:00,CELL-HYD-02,Hyderabad,33.35,159.34,0,0.427,234
2026-08-01 11:15:00,CELL-KOL-01,Kolkata,56.22,179.96,0,0.44,316
2026-08-04 22:30:00,CELL-MUM-01,Mumbai,34.87,168.2,0,0.777,150
2026-08-02 17:30:00,CELL-KOL-03,Kolkata,33.87,175.53,0,0.624,430
2026-08-01 04:00:00,CELL-MUM-01,Mumbai,29.89,233.71,0,0.477,273
2026-08-05 20:15:00,CELL-DEL-03,Delhi,46.0,134.78,0,0.62,544
2026-08-03 23:00:00,CELL-CHE-02,Chennai,35.22,150.63,0,0.431,311
2026-08-02 00:45:00,CELL-MUM-01,Mumbai,32.75,235.2,0,0.403,112
2026-08-01 12:00:00,CELL-CHE-03,Chennai,49.13,198.87,0,0.403,539
2026-08-02 12:45:00,CELL-BLR-02,Bengaluru,25.48,220.24,0,0.777,292
2026-08-01 21:00:00,CELL-CHE-03,Chennai,45.17,179.88,0,0.998,392
2026-08-02 08:30:00,CELL-KOL-02,Kolkata,27.6,170.95,0,0.91,304
2026-08-04 11:15:00,CELL-CHE-02,Chennai,36.77,138.65,0,1.095,401
2026-08-04 01:15:00,CELL-HYD-03,Hyderabad,30.1,135.55,0,0.111,437
2026-08-02 22:30:00,CELL-BLR-02,Bengaluru,36.84,226.28,0,0.464,486
2026-08-03 04:30:00,CELL-MUM-03,Mumbai,38.05,165.82,0,0.494,355
2026-08-05 19:30:00,CELL-KOL-03,Kolkata,54.53,174.34,0,0.826,416
2026-08-02 16:15:00,CELL-DEL-02,Delhi,40.65,218.76,0,1.103,419
2026-08-04 05:00:00,CELL-CHE-01,Chennai,29.74,151.19,0,0.443,173
2026-08-01 08:30:00,CELL-MUM-02,Mumbai,38.2,190.22,0,0.252,350
2026-08-03 11:30:00,CELL-HYD-02,Hyderabad,45.84,130.79,0,0.571,499
2026-08-05 11:00:00,CELL-BLR-02,Bengaluru,38.45,210.95,0,0.757,387
2026-08-02 14:45:00,CELL-DEL-02,Delhi,53.77,193.96,0,0.163,324
2026-08-05 10:15:00,CELL-KOL-01,Kolkata,40.21,183.58,0,0.966,295
2026-08-02 08:30:00,CELL-DEL-01,Delhi,28.74,218.08,0,0.353,289
2026-08-05 11:15:00,CELL-MUM-02,Mumbai,55.53,143.67,0,0.563,370
2026-08-05 15:45:00,CELL-DEL-01,Delhi,27.27,249.93,0,0.919,217
2026-08-01 09:45:00,CELL-KOL-03,Kolkata,28.75,193.73,0,0.609,363
2026-08-02 16:30:00,CELL-BLR-01,Bengaluru,37.81,144.74,0,0.383,510
2026-08-05 06:00:00,CELL-KOL-03,Kolkata,34.29,217.8,0,0.544,232
2026-08-03 10:00:00,CELL-BLR-03,Bengaluru,49.68,199.35,0,0.756,288
2026-08-02 10:30:00,CELL-KOL-03,Kolkata,32.63,191.04,0,0.598,363
2026-08-05 12:30:00,CELL-KOL-03,Kolkata,42.14,193.1,0,1.004,494
2026-08-04 11:30:00,CELL-BLR-01,Bengaluru,44.56,167.1,0,0.818,361
2026-08-01 12:30:00,CELL-CHE-02,Chennai,35.9,119.42,0,0.867,218
2026-08-03 09:30:00,CELL-HYD-03,Hyderabad,37.0,118.45,0,0.812,425
2026-08-01 07:15:00,CELL-MUM-02,Mumbai,40.51,211.35,0,0.265,232
2026-08-05 16:00:00,CELL-KOL-03,Kolkata,31.54,181.64,0,0.546,280
2026-08-02 23:30:00,CELL-BLR-01,Bengaluru,43.16,173.77,0,0.462,320
2026-08-04 03:45:00,CELL-KOL-01,Kolkata,45.48,192.8,0,0.542,206
2026-08-03 22:15:00,CELL-MUM-01,Mumbai,32.12,179.83,0,0.806,215
2026-08-02 21:30:00,CELL-CHE-01,Chennai,40.01,117.67,0,1.286,589
2026-08-01 16:15:00,CELL-HYD-02,Hyderabad,40.98,156.9,0,0.366,215
2026-08-05 07:30:00,CELL-CHE-03,Chennai,33.26,239.57,0,0.324,279
2026-08-02 21:15:00,CELL-HYD-01,Hyderabad,47.99,129.93,0,0.927,255
2026-08-01 20:15:00,CELL-KOL-02,Kolkata,37.58,136.35,0,1.044,327
2026-08-01 17:15:00,CELL-BLR-02,Bengaluru,38.46,237.76,0,0.285,360
2026-08-04 18:15:00,CELL-MUM-02,Mumbai,57.85,142.05,0,0.982,426
2026-08-03 21:45:00,CELL-DEL-01,Delhi,41.41,189.39,0,0.917,599
2026-08-05 06:00:00,CELL-CHE-01,Chennai,26.69,189.78,0,0.447,246
2026-08-04 10:45:00,CELL-HYD-02,Hyderabad,44.88,167.14,0,0.69,350
2026-08-04 18:45:00,CELL-HYD-03,Hyderabad,30.23,103.56,0,1.173,353
2026-08-03 00:30:00,CELL-BLR-03,Bengaluru,42.08,200.21,0,0.211,451
2026-08-03 18:15:00,CELL-BLR-03,Bengaluru,56.29,168.35,0,0.462,377
2026-08-05 06:45:00,CELL-MUM-01,Mumbai,30.14,245.16,0,0.596,367
2026-08-05 07:45:00,CELL-CHE-02,Chennai,28.74,160.45,0,0.29,294
2026-08-01 13:00:00,CELL-DEL-03,Delhi,34.42,170.19,0,0.627,456
2026-08-04 14:30:00,CELL-BLR-03,Bengaluru,44.9,234.99,0,0.645,503
2026-08-04 03:00:00,CELL-KOL-03,Kolkata,31.31,232.38,0,0.847,213
2026-08-04 08:30:00,CELL-BLR-03,Bengaluru,44.04,183.2,0,0.851,319
2026-08-05 03:30:00,CELL-DEL-03,Delhi,35.86,190.86,0,0.776,270
2026-08-03 17:45:00,CELL-KOL-02,Kolkata,34.47,153.28,0,0.809,477
2026-08-02 06:00:00,CELL-MUM-03,Mumbai,41.38,151.98,0,0.535,259
2026-08-02 07:30:00,CELL-CHE-02,Chennai,24.29,166.96,0,0.373,441
2026-08-03 16:30:00,CELL-CHE-01,Chennai,35.78,168.92,0,0.68,333
2026-08-02 09:45:00,CELL-HYD-02,Hyderabad,39.46,166.98,0,0.279,291
2026-08-03 16:45:00,CELL-BLR-01,Bengaluru,38.84,153.02,0,0.484,385
2026-08-01 16:15:00,CELL-DEL-03,Delhi,33.97,166.77,0,0.258,272
2026-08-05 00:30:00,CELL-MUM-03,Mumbai,39.5,161.47,0,0.893,177
2026-08-04 05:30:00,CELL-MUM-02,Mumbai,42.81,173.39,0,0.881,360
2026-08-01 20:30:00,CELL-HYD-01,Hyderabad,42.77,123.51,0,1.203,435
2026-08-05 07:30:00,CELL-DEL-03,Delhi,26.96,185.33,0,0.936,266
2026-08-03 23:30:00,CELL-DEL-02,Delhi,43.27,223.91,0,0.565,287
2026-08-01 14:00:00,CELL-HYD-02,Hyderabad,40.09,158.93,0,0.588,300
2026-08-05 22:00:00,CELL-DEL-03,Delhi,36.29,155.61,0,0.729,567
2026-08-02 10:00:00,CELL-HYD-01,Hyderabad,,0.0,15,0.275,412
2026-08-03 20:30:00,CELL-HYD-02,Hyderabad,46.29,159.91,0,0.41,386
2026-08-05 17:15:00,CELL-MUM-03,Mumbai,41.83,144.68,0,1.033,422
2026-08-03 20:15:00,CELL-HYD-03,Hyderabad,40.61,100.48,0,0.54,586
2026-08-02 09:00:00,CELL-DEL-03,Delhi,32.47,173.38,0,0.68,215
2026-08-05 12:45:00,CELL-MUM-03,Mumbai,48.6,131.47,0,0.971,554
2026-08-01 09:45:00,CELL-HYD-01,Hyderabad,29.63,177.26,0,0.819,341
2026-08-05 12:00:00,CELL-KOL-03,Kolkata,43.39,180.81,0,0.719,298
2026-08-05 07:00:00,CELL-MUM-01,Mumbai,26.09,227.1,0,0.016,350
2026-08-04 14:00:00,CELL-CHE-03,Chennai,35.03,213.28,0,0.442,306
2026-08-01 03:15:00,CELL-BLR-02,Bengaluru,25.7,233.17,0,0.487,300
2026-08-01 01:30:00,CELL-BLR-03,Bengaluru,44.89,207.49,0,0.43,276
2026-08-04 03:30:00,CELL-MUM-03,Mumbai,36.64,162.01,0,0.56,352
2026-08-03 00:45:00,CELL-HYD-03,Hyderabad,29.9,140.36,0,0.551,288
2026-08-02 05:30:00,CELL-DEL-02,Delhi,41.34,239.44,0,0.648,288
2026-08-02 03:45:00,CELL-MUM-03,Mumbai,37.4,151.33,0,0.519,458
2026-08-05 12:00:00,CELL-BLR-02,Bengaluru,32.52,220.81,0,1.362,284
2026-08-02 02:30:00,CELL-DEL-01,Delhi,28.19,252.81,0,0.764,247
2026-08-04 19:00:00,CELL-KOL-01,Kolkata,63.99,138.69,0,0.564,636
2026-08-03 02:30:00,CELL-MUM-03,Mumbai,43.25,162.47,0,0.676,340
2026-08-01 10:30:00,CELL-MUM-03,Mumbai,48.13,138.89,0,0.817,429
2026-08-02 01:15:00,CELL-DEL-01,Delhi,24.77,257.97,0,0.274,403
2026-08-03 22:15:00,CELL-HYD-03,Hyderabad,37.55,113.84,0,0.263,694
2026-08-03 04:15:00,CELL-HYD-02,Hyderabad,36.09,186.78,0,0.578,269
2026-08-05 02:30:00,CELL-KOL-03,Kolkata,31.62,207.28,0,0.282,305
2026-08-01 11:45:00,CELL-MUM-03,Mumbai,49.87,139.08,0,0.667,327
2026-08-01 07:15:00,CELL-CHE-03,Chennai,38.98,253.3,0,0.441,322
2026-08-01 02:15:00,CELL-CHE-03,Chennai,30.18,219.56,0,0.807,344
2026-08-02 05:45:00,CELL-HYD-02,Hyderabad,29.59,198.21,0,0.463,293
2026-08-01 22:30:00,CELL-CHE-03,Chennai,39.08,206.48,0,0.906,308
2026-08-03 00:30:00,CELL-HYD-02,Hyderabad,31.07,222.92,0,0.827,349
2026-08-01 01:30:00,CELL-DEL-02,Delhi,39.26,249.37,0,0.431,256
2026-08-04 02:45:00,CELL-KOL-03,Kolkata,25.48,265.07,0,0.588,341
2026-08-03 13:00:00,CELL-HYD-02,Hyderabad,49.88,136.33,0,0.773,487
2026-08-02 21:45:00,CELL-DEL-01,Delhi,36.56,186.56,0,0.89,474
2026-08-01 06:30:00,CELL-BLR-03,Bengaluru,37.69,216.53,0,0.353,468
2026-08-05 20:15:00,CELL-CHE-02,Chennai,38.78,97.22,0,0.369,194
2026-08-04 21:30:00,CELL-DEL-01,Delhi,28.76,199.71,0,0.184,321
2026-08-04 08:45:00,CELL-BLR-01,Bengaluru,40.43,178.48,0,0.72,327
2026-08-05 05:45:00,CELL-BLR-02,Bengaluru,25.24,311.85,0,0.375,374
2026-08-04 18:30:00,CELL-HYD-02,Hyderabad,43.41,149.19,0,0.647,553
2026-08-05 11:15:00,CELL-HYD-03,Hyderabad,33.55,108.93,0,0.736,299
2026-08-03 00:15:00,CELL-KOL-01,Kolkata,39.55,196.22,0,0.597,292
2026-08-05 13:30:00,CELL-KOL-03,Kolkata,27.94,184.49,0,0.558,536
2026-08-02 12:00:00,CELL-KOL-01,Kolkata,52.14,150.92,0,0.724,318
2026-08-02 14:00:00,CELL-CHE-03,Chennai,37.99,229.57,0,0.733,313
2026-08-03 15:45:00,CELL-KOL-03,Kolkata,35.14,214.3,0,0.337,413
2026-08-05 03:15:00,CELL-HYD-02,Hyderabad,40.6,181.37,0,0.721,187
2026-08-02 17:00:00,CELL-BLR-03,Bengaluru,54.17,201.39,0,0.92,304
2026-08-02 09:45:00,CELL-CHE-01,Chennai,33.46,145.97,0,0.681,301
2026-08-02 04:00:00,CELL-DEL-03,Delhi,27.66,202.69,0,0.585,222
2026-08-05 00:00:00,CELL-MUM-02,Mumbai,38.16,174.42,0,0.553,231
2026-08-01 06:15:00,CELL-KOL-02,Kolkata,28.98,214.74,0,0.69,483
2026-08-05 10:00:00,CELL-KOL-02,Kolkata,43.45,167.23,0,0.552,364
2026-08-02 17:00:00,CELL-MUM-02,Mumbai,55.99,141.23,0,0.456,435
2026-08-02 07:00:00,CELL-DEL-03,Delhi,33.32,191.52,0,0.851,276
2026-08-01 21:30:00,CELL-BLR-02,Bengaluru,40.15,214.85,0,1.022,524
2026-08-03 03:30:00,CELL-DEL-02,Delhi,41.07,233.28,0,0.614,464
2026-08-03 13:45:00,CELL-HYD-03,Hyderabad,34.78,132.11,0,0.32,284
2026-08-03 06:30:00,CELL-BLR-02,Bengaluru,32.88,207.52,0,0.64,223
2026-08-04 22:00:00,CELL-BLR-02,Bengaluru,31.47,209.71,0,0.159,425
2026-08-03 19:45:00,CELL-BLR-03,Bengaluru,62.49,140.53,0,0.513,630
2026-08-05 07:15:00,CELL-DEL-02,Delhi,43.13,270.13,0,0.55,291
2026-08-04 15:00:00,CELL-HYD-03,Hyderabad,33.79,136.67,0,0.834,427
2026-08-05 09:15:00,CELL-KOL-02,Kolkata,30.1,170.07,0,0.642,198
2026-08-04 14:45:00,CELL-MUM-02,Mumbai,48.84,170.01,0,0.308,135
2026-08-02 04:15:00,CELL-CHE-01,Chennai,31.21,179.3,0,0.594,293
2026-08-05 17:30:00,CELL-KOL-01,Kolkata,53.19,183.2,0,0.822,375
2026-08-04 04:45:00,CELL-MUM-01,Mumbai,27.81,251.71,0,0.406,123
2026-08-02 14:15:00,CELL-KOL-03,Kolkata,31.29,-342.45,0,0.841,370
2026-08-05 01:15:00,CELL-MUM-02,Mumbai,39.48,173.52,0,0.192,331
2026-08-04 16:15:00,CELL-CHE-03,Chennai,37.89,274.93,0,0.646,383
2026-08-02 14:30:00,CELL-CHE-03,Chennai,34.52,225.12,0,0.453,244
2026-08-02 08:00:00,CELL-BLR-03,Bengaluru,38.53,189.36,0,1.099,372
2026-08-04 01:45:00,CELL-DEL-02,Delhi,38.19,256.61,0,0.913,456
2026-08-03 13:15:00,CELL-DEL-02,Delhi,41.27,178.27,0,1.061,368
2026-08-01 16:45:00,CELL-DEL-02,Delhi,42.12,211.02,0,0.124,343
2026-08-02 23:45:00,CELL-CHE-01,Chennai,35.7,155.47,0,0.677,233
2026-08-02 09:00:00,CELL-KOL-01,Kolkata,43.77,212.75,0,0.394,200
2026-08-02 08:30:00,CELL-DEL-02,Delhi,36.86,256.01,0,0.707,310
2026-08-01 20:00:00,CELL-MUM-01,Mumbai,38.77,171.35,0,0.394,399
2026-08-04 11:00:00,CELL-CHE-03,Chennai,40.89,252.13,0,0.587,567
2026-08-03 03:45:00,CELL-BLR-01,Bengaluru,31.95,188.24,0,0.696,332
2026-08-01 05:00:00,CELL-CHE-02,Chennai,34.24,134.85,0,0.482,483
2026-08-04 23:45:00,CELL-MUM-02,Mumbai,49.37,151.08,0,0.271,289
2026-08-02 09:15:00,CELL-MUM-01,Mumbai,30.98,204.47,0,0.387,408
2026-08-02 01:45:00,CELL-CHE-02,Chennai,30.81,167.59,0,0.266,366
2026-08-01 08:30:00,CELL-CHE-01,Chennai,33.27,183.68,0,0.484,293
2026-08-05 21:45:00,CELL-KOL-03,Kolkata,40.27,146.34,0,0.805,332
2026-08-01 10:45:00,CELL-KOL-02,Kolkata,31.56,157.03,0,0.484,250
2026-08-02 19:00:00,CELL-DEL-03,Delhi,41.57,124.18,0,0.68,264
2026-08-01 16:00:00,CELL-DEL-03,Delhi,30.86,155.14,0,0.583,537
2026-08-04 01:00:00,CELL-HYD-01,Hyderabad,28.58,137.6,0,0.883,281
2026-08-02 13:15:00,CELL-KOL-02,Kolkata,35.46,150.92,0,0.717,487
2026-08-03 10:15:00,CELL-MUM-01,Mumbai,28.46,163.3,0,0.197,423
2026-08-01 09:45:00,CELL-DEL-01,Delhi,31.96,217.89,0,0.956,355
2026-08-04 20:45:00,CELL-DEL-01,Delhi,36.3,197.72,0,0.391,408
2026-08-02 00:00:00,CELL-CHE-02,Chennai,33.63,158.51,0,0.725,577
2026-08-04 07:30:00,CELL-CHE-03,Chennai,31.55,232.45,0,1.119,401
2026-08-04 09:30:00,CELL-BLR-02,Bengaluru,27.94,283.44,0,0.58,371
2026-08-03 21:00:00,CELL-BLR-01,Bengaluru,54.26,155.42,0,1.327,449
2026-08-05 07:30:00,CELL-KOL-02,Kolkata,28.54,164.18,0,0.756,278
2026-08-05 00:15:00,CELL-MUM-03,Mumbai,34.85,153.97,0,0.348,245
2026-08-04 14:00:00,CELL-KOL-01,Kolkata,59.17,169.3,0,0.825,484
2026-08-02 19:00:00,CELL-BLR-02,Bengaluru,34.57,184.7,0,1.324,372
2026-08-01 12:45:00,CELL-CHE-01,Chennai,38.33,158.31,0,0.967,400
2026-08-04 01:45:00,CELL-BLR-02,Bengaluru,25.74,298.16,0,0.407,224
2026-08-02 10:30:00,CELL-DEL-01,Delhi,29.83,221.38,0,1.017,505
2026-08-03 00:15:00,CELL-DEL-02,Delhi,34.08,225.59,0,0.609,437
2026-08-03 08:15:00,CELL-MUM-03,Mumbai,47.86,149.48,0,0.203,368
2026-08-05 18:45:00,CELL-BLR-01,Bengaluru,53.71,144.23,0,0.565,449
2026-08-05 20:00:00,CELL-MUM-02,Mumbai,63.27,112.37,0,0.586,441
2026-08-03 19:00:00,CELL-MUM-02,Mumbai,52.09,138.59,0,0.765,286
2026-08-04 15:15:00,CELL-CHE-01,Chennai,32.04,162.56,0,0.621,183
2026-08-03 03:30:00,CELL-CHE-01,Chennai,33.99,152.62,0,0.358,363
2026-08-02 12:00:00,CELL-HYD-02,Hyderabad,43.14,141.61,0,1.039,405
2026-08-02 07:30:00,CELL-DEL-02,Delhi,41.41,231.3,0,0.269,191
2026-08-05 07:15:00,CELL-KOL-02,Kolkata,26.3,187.63,0,0.555,312
2026-08-02 22:45:00,CELL-HYD-01,Hyderabad,40.13,150.54,0,0.116,545
2026-08-03 01:30:00,CELL-HYD-01,Hyderabad,31.02,198.75,0,0.341,321
2026-08-02 02:45:00,CELL-HYD-02,Hyderabad,,166.65,0,0.528,322
2026-08-04 22:15:00,CELL-KOL-01,Kolkata,62.67,151.74,0,0.685,236
2026-08-04 22:15:00,CELL-CHE-02,Chennai,30.14,119.7,0,0.791,346
2026-08-02 15:00:00,CELL-KOL-01,Kolkata,46.67,222.12,0,0.583,382
2026-08-05 06:30:00,CELL-MUM-02,Mumbai,40.53,168.88,0,0.319,240
2026-08-05 23:00:00,CELL-KOL-03,Kolkata,37.38,180.31,0,0.653,341
2026-08-05 15:30:00,CELL-DEL-02,Delhi,38.29,217.66,0,0.224,562
2026-08-03 08:45:00,CELL-BLR-02,Bengaluru,32.51,264.62,0,0.661,214
2026-08-02 04:00:00,CELL-BLR-02,Bengaluru,28.01,258.72,0,0.616,332
2026-08-03 05:30:00,CELL-HYD-03,Hyderabad,26.23,156.59,0,0.537,362
2026-08-04 16:15:00,CELL-KOL-03,Kolkata,32.62,197.16,0,0.411,483
2026-08-02 10:30:00,CELL-DEL-03,Delhi,42.13,165.62,0,0.67,283
2026-08-03 09:00:00,CELL-MUM-02,Mumbai,52.92,181.96,0,0.117,382
2026-08-02 00:30:00,CELL-HYD-03,Hyderabad,27.07,131.31,0,0.669,293
2026-08-01 01:00:00,CELL-KOL-02,Kolkata,28.51,189.0,0,0.395,286
2026-08-05 14:45:00,CELL-BLR-02,Bengaluru,26.81,233.3,0,0.868,365
2026-08-04 07:30:00,CELL-DEL-01,Delhi,26.92,259.6,0,0.469,304
2026-08-03 11:00:00,CELL-MUM-03,Mumbai,56.79,140.35,0,0.452,472
2026-08-01 18:30:00,CELL-DEL-02,Delhi,47.26,193.83,0,1.011,734
2026-08-05 06:15:00,CELL-BLR-02,Bengaluru,25.68,236.53,0,0.553,267
2026-08-04 09:30:00,CELL-KOL-02,Kolkata,29.25,184.33,0,0.805,316
2026-08-05 16:00:00,CELL-KOL-01,Kolkata,47.72,183.38,0,0.657,459
2026-08-01 22:15:00,CELL-KOL-01,Kolkata,47.76,183.28,0,0.368,312
2026-08-05 07:00:00,CELL-HYD-03,Hyderabad,25.27,136.66,0,0.788,345
2026-08-04 18:00:00,CELL-DEL-02,Delhi,48.45,220.81,0,0.273,187
2026-08-04 11:15:00,CELL-KOL-03,Kolkata,37.88,208.13,0,0.716,318
2026-08-03 23:45:00,CELL-KOL-01,Kolkata,46.06,192.08,0,0.466,436
2026-08-01 04:45:00,CELL-MUM-02,Mumbai,44.61,186.51,0,0.749,199
2026-08-01 19:45:00,CELL-BLR-03,Bengaluru,53.18,135.99,0,0.876,354
2026-08-04 00:30:00,CELL-MUM-03,Mumbai,35.09,139.96,0,0.613,493
2026-08-01 20:15:00,CELL-CHE-03,Chennai,47.89,231.67,0,0.947,476
2026-08-01 22:15:00,CELL-HYD-02,Hyderabad,42.93,155.08,0,0.739,415
2026-08-04 03:30:00,CELL-MUM-02,Mumbai,49.59,187.02,0,0.739,393
2026-08-01 05:15:00,CELL-HYD-01,Hyderabad,26.57,186.66,0,0.62,459
2026-08-01 22:30:00,CELL-BLR-03,Bengaluru,50.65,186.99,0,0.813,268
2026-08-03 00:15:00,CELL-KOL-02,Kolkata,26.87,177.31,0,0.511,108
2026-08-02 05:30:00,CELL-CHE-03,Chennai,36.94,251.6,0,0.398,366
2026-08-03 19:00:00,CELL-MUM-01,Mumbai,44.78,159.41,0,0.812,518
2026-08-04 22:45:00,CELL-BLR-02,Bengaluru,32.1,205.55,0,0.527,311
2026-08-04 03:45:00,CELL-DEL-03,Delhi,30.56,181.94,0,0.222,334
2026-08-02 13:00:00,CELL-BLR-02,Bengaluru,34.38,154.5,0,0.183,325
2026-08-05 06:45:00,CELL-DEL-01,Delhi,27.7,235.35,0,0.26,382
2026-08-04 18:30:00,CELL-MUM-02,Mumbai,53.82,153.54,0,0.315,607
2026-08-05 23:15:00,CELL-DEL-01,Delhi,31.86,216.43,0,0.578,393
2026-08-01 13:15:00,CELL-KOL-01,Kolkata,48.4,158.6,0,0.24,297
2026-08-02 20:45:00,CELL-MUM-03,Mumbai,58.94,121.92,0,1.608,212
2026-08-03 00:30:00,CELL-MUM-02,Mumbai,40.9,169.04,0,0.619,458
2026-08-03 00:00:00,CELL-MUM-03,Mumbai,38.31,157.31,0,0.645,281
2026-08-04 23:15:00,CELL-BLR-02,Bengaluru,28.76,239.85,0,0.623,260
2026-08-05 03:00:00,CELL-DEL-02,Delhi,43.04,254.01,0,0.827,316
2026-08-04 06:00:00,CELL-MUM-01,Mumbai,30.07,223.7,0,0.298,265
2026-08-04 20:45:00,CELL-MUM-01,Mumbai,40.81,157.28,0,1.163,385
2026-08-04 05:45:00,CELL-DEL-01,Delhi,30.42,269.57,0,0.352,323
2026-08-04 13:00:00,CELL-BLR-03,Bengaluru,49.96,172.82,0,0.82,423
2026-08-05 06:45:00,CELL-CHE-02,Chennai,30.37,129.11,0,0.501,389
2026-08-02 02:00:00,CELL-KOL-03,Kolkata,33.58,246.15,0,0.7,380
2026-08-01 09:00:00,CELL-CHE-03,Chennai,30.12,251.74,0,0.379,340
2026-08-01 22:30:00,CELL-DEL-01,Delhi,32.08,177.57,0,0.596,404
2026-08-01 09:45:00,CELL-KOL-02,Kolkata,39.74,157.93,0,0.781,440
2026-08-03 07:45:00,CELL-BLR-03,Bengaluru,43.62,175.92,0,0.755,247
2026-08-03 12:30:00,CELL-CHE-02,Chennai,30.6,123.92,0,0.906,386
2026-08-05 06:00:00,CELL-DEL-02,Delhi,37.86,244.45,0,0.382,401
2026-08-02 09:30:00,CELL-HYD-01,Hyderabad,,0.0,15,0.657,350
2026-08-04 22:00:00,CELL-CHE-03,Chennai,43.05,195.92,0,0.076,520
2026-08-05 14:00:00,CELL-DEL-03,Delhi,39.16,166.27,0,0.316,345
2026-08-04 04:30:00,CELL-HYD-03,Hyderabad,29.95,142.77,0,0.228,364
2026-08-02 01:15:00,CELL-CHE-03,Chennai,35.57,264.09,0,0.392,204
2026-08-02 04:45:00,CELL-MUM-02,Mumbai,45.2,203.56,0,0.484,246
2026-08-03 10:15:00,CELL-HYD-01,Hyderabad,39.6,140.89,0,0.251,268
2026-08-01 18:15:00,CELL-DEL-02,Delhi,46.45,172.72,0,1.059,628
2026-08-04 11:00:00,CELL-MUM-03,Mumbai,58.86,127.74,0,0.275,263
2026-08-04 21:30:00,CELL-KOL-01,Kolkata,59.53,158.56,0,0.99,665
2026-08-03 02:30:00,CELL-CHE-03,Chennai,32.88,274.09,0,0.702,452
2026-08-02 05:15:00,CELL-HYD-01,Hyderabad,24.63,180.36,0,0.613,252
2026-08-03 15:30:00,CELL-BLR-02,Bengaluru,29.54,221.86,0,0.377,305
2026-08-05 00:00:00,CELL-DEL-01,Delhi,26.52,262.49,0,0.45,311
2026-08-01 15:15:00,CELL-KOL-03,Kolkata,38.76,226.87,0,0.836,298
2026-08-02 12:30:00,CELL-BLR-01,Bengaluru,42.76,132.48,0,0.507,463
2026-08-01 18:30:00,CELL-BLR-03,Bengaluru,60.47,137.32,0,0.932,436
2026-08-01 13:00:00,CELL-BLR-03,Bengaluru,66.67,143.23,0,0.337,381
2026-08-05 18:15:00,CELL-MUM-01,Mumbai,36.52,130.74,0,0.421,443
2026-08-03 18:30:00,CELL-DEL-02,Delhi,46.71,192.21,0,0.951,319
2026-08-03 07:15:00,CELL-DEL-01,Delhi,28.89,255.56,0,0.482,378
2026-08-05 14:45:00,CELL-CHE-01,Chennai,33.2,157.78,0,0.459,386
2026-08-05 16:30:00,CELL-HYD-02,Hyderabad,39.38,217.75,0,0.169,326
2026-08-05 14:45:00,CELL-CHE-03,Chennai,35.06,230.98,0,0.571,391
2026-08-02 08:30:00,CELL-MUM-03,Mumbai,44.49,132.65,0,0.609,395
2026-08-03 13:45:00,CELL-MUM-02,Mumbai,48.83,150.76,0,0.595,295
2026-08-02 03:00:00,CELL-CHE-03,Chennai,35.61,262.28,0,0.484,87
2026-08-02 08:15:00,CELL-HYD-02,Hyderabad,42.86,189.6,0,0.614,342
2026-08-01 09:00:00,CELL-KOL-01,Kolkata,54.8,177.12,0,0.704,407
2026-08-05 08:15:00,CELL-HYD-03,Hyderabad,31.78,146.37,0,0.302,282
2026-08-05 14:30:00,CELL-CHE-03,Chennai,35.11,209.4,0,0.567,363
2026-08-04 07:45:00,CELL-CHE-03,Chennai,31.48,254.14,0,0.687,208
2026-08-02 07:45:00,CELL-BLR-03,Bengaluru,39.21,197.42,0,0.463,375
2026-08-03 18:30:00,CELL-CHE-01,Chennai,42.22,137.77,0,0.421,508
2026-08-01 21:30:00,CELL-MUM-02,Mumbai,46.71,141.45,0,0.55,457
2026-08-02 06:00:00,CELL-BLR-03,Bengaluru,40.0,201.98,0,0.937,329
2026-08-02 05:30:00,CELL-MUM-01,Mumbai,33.13,-392.85,0,0.616,296
2026-08-04 19:15:00,CELL-HYD-01,Hyderabad,47.58,126.23,0,0.437,598
2026-08-02 13:00:00,CELL-HYD-02,Hyderabad,44.71,161.37,0,1.158,404
2026-08-01 03:45:00,CELL-KOL-01,Kolkata,45.54,199.94,0,0.64,308
2026-08-04 04:00:00,CELL-CHE-03,Chennai,31.7,261.99,0,0.547,278
2026-08-05 02:00:00,CELL-DEL-01,Delhi,32.83,269.2,0,0.494,287
2026-08-03 22:30:00,CELL-DEL-01,Delhi,38.91,220.48,0,0.886,397
2026-08-04 19:00:00,CELL-BLR-03,Bengaluru,49.28,139.71,0,0.99,414
2026-08-05 10:00:00,CELL-KOL-03,Kolkata,36.95,220.65,0,0.641,397
2026-08-04 12:00:00,CELL-HYD-02,Hyderabad,43.31,145.04,0,1.052,309
2026-08-01 23:45:00,CELL-DEL-02,Delhi,39.85,227.46,0,0.555,367
2026-08-05 03:30:00,CELL-KOL-03,Kolkata,31.25,225.78,0,0.23,341
2026-08-05 16:45:00,CELL-HYD-03,Hyderabad,35.06,136.15,0,0.119,84
2026-08-05 18:45:00,CELL-KOL-01,Kolkata,72.1,160.98,0,0.64,391
2026-08-03 17:00:00,CELL-CHE-02,Chennai,37.4,142.53,0,0.57,446
2026-08-03 07:30:00,CELL-HYD-01,Hyderabad,29.89,177.11,0,0.197,375
2026-08-01 12:00:00,CELL-DEL-03,Delhi,37.49,155.29,0,0.687,377
2026-08-02 03:00:00,CELL-HYD-03,Hyderabad,29.21,153.66,0,0.794,263
2026-08-02 05:30:00,CELL-HYD-01,Hyderabad,27.19,173.95,0,0.599,268
2026-08-05 07:00:00,CELL-CHE-01,Chennai,31.85,186.5,0,0.549,346
2026-08-04 17:00:00,CELL-CHE-02,Chennai,34.8,114.66,0,0.9,203
2026-08-04 16:00:00,CELL-HYD-02,Hyderabad,38.74,157.61,0,0.385,300
2026-08-03 23:15:00,CELL-KOL-01,Kolkata,51.87,169.12,0,0.461,251
2026-08-02 21:15:00,CELL-DEL-01,Delhi,40.75,188.38,0,0.821,541
2026-08-02 09:15:00,CELL-HYD-01,Hyderabad,,0.0,15,0.653,350
2026-08-02 07:45:00,CELL-MUM-02,Mumbai,54.34,189.31,0,1.058,318
2026-08-04 22:30:00,CELL-BLR-02,Bengaluru,31.46,254.64,0,0.764,240
2026-08-04 12:45:00,CELL-KOL-03,Kolkata,32.64,189.18,0,0.621,394
2026-08-01 20:00:00,CELL-DEL-01,Delhi,47.02,170.59,0,0.421,420
2026-08-05 13:45:00,CELL-HYD-01,Hyderabad,35.57,140.88,0,0.997,369
2026-08-02 07:00:00,CELL-DEL-01,Delhi,23.47,255.97,0,0.549,504
2026-08-01 16:00:00,CELL-CHE-03,Chennai,40.94,231.04,0,0.609,511
2026-08-02 19:15:00,CELL-CHE-03,Chennai,41.49,153.36,0,0.923,509
2026-08-01 19:30:00,CELL-KOL-03,Kolkata,45.88,157.57,0,1.088,441
2026-08-03 18:15:00,CELL-BLR-02,Bengaluru,35.89,211.33,0,0.64,330
2026-08-02 02:00:00,CELL-HYD-01,Hyderabad,29.68,150.98,0,0.254,285
2026-08-03 19:15:00,CELL-HYD-03,Hyderabad,50.82,83.84,0,0.679,438
2026-08-02 06:15:00,CELL-DEL-03,Delhi,27.09,186.78,0,0.496,327
2026-08-02 02:45:00,CELL-BLR-03,Bengaluru,43.92,176.22,0,0.609,506
2026-08-04 04:15:00,CELL-CHE-01,Chennai,31.02,187.12,0,0.611,162
2026-08-02 23:15:00,CELL-MUM-02,Mumbai,35.21,156.57,0,0.469,254
2026-08-05 15:45:00,CELL-HYD-01,Hyderabad,36.0,168.8,0,0.482,297
2026-08-03 23:45:00,CELL-BLR-02,Bengaluru,34.14,264.38,0,1.122,248
2026-08-02 13:45:00,CELL-KOL-02,Kolkata,28.22,171.45,0,0.701,457
2026-08-05 22:00:00,CELL-BLR-01,Bengaluru,39.75,136.72,0,0.542,346
2026-08-01 11:00:00,CELL-MUM-01,Mumbai,36.02,159.6,0,0.439,311
2026-08-02 19:30:00,CELL-MUM-01,Mumbai,32.65,158.13,0,0.773,505
2026-08-01 23:45:00,CELL-BLR-02,Bengaluru,31.37,247.57,0,0.476,396
2026-08-03 18:00:00,CELL-KOL-02,Kolkata,33.28,139.41,0,0.068,617
2026-08-05 12:30:00,CELL-MUM-01,Mumbai,38.99,188.37,0,0.679,369
2026-08-05 21:45:00,CELL-CHE-02,Chennai,37.09,113.65,0,0.784,496
2026-08-04 11:15:00,CELL-CHE-03,Chennai,42.94,188.54,0,1.078,226
2026-08-01 23:30:00,CELL-HYD-02,Hyderabad,37.36,161.03,0,1.003,602
2026-08-03 18:45:00,CELL-HYD-03,Hyderabad,39.97,102.69,0,1.201,329
2026-08-05 03:45:00,CELL-KOL-02,Kolkata,21.47,176.81,0,0.112,330
2026-08-04 20:00:00,CELL-CHE-02,Chennai,90.6,91.45,0,1.392,458
2026-08-05 21:15:00,CELL-MUM-02,Mumbai,60.34,129.56,0,0.497,661
2026-08-05 04:15:00,CELL-BLR-03,Bengaluru,36.84,195.21,0,0.423,390
2026-08-05 23:45:00,CELL-KOL-01,Kolkata,49.91,171.6,0,0.544,250
2026-08-01 21:15:00,CELL-KOL-02,Kolkata,44.36,128.23,0,0.13,278
2026-08-01 17:00:00,CELL-MUM-02,Mumbai,48.58,177.84,0,1.032,435
2026-08-01 07:15:00,CELL-CHE-01,Chennai,31.83,179.57,0,0.439,372
2026-08-04 16:15:00,CELL-CHE-01,Chennai,32.09,166.07,0,0.791,323
2026-08-01 00:15:00,CELL-MUM-03,Mumbai,42.09,152.65,0,0.517,375
2026-08-02 11:00:00,CELL-HYD-01,Hyderabad,32.32,146.74,0,0.734,320
2026-08-03 18:15:00,CELL-KOL-03,Kolkata,35.51,183.27,0,0.881,268
2026-08-01 12:30:00,CELL-DEL-01,Delhi,34.57,210.07,0,0.823,279
2026-08-02 06:45:00,CELL-BLR-03,Bengaluru,40.64,167.83,0,0.613,334
2026-08-03 09:30:00,CELL-KOL-01,Kolkata,50.07,151.91,0,0.639,257
2026-08-04 09:30:00,CELL-MUM-02,Mumbai,44.91,170.61,0,0.666,180
2026-08-03 15:15:00,CELL-CHE-02,Chennai,26.81,160.93,0,0.245,309
2026-08-01 18:15:00,CELL-KOL-02,Kolkata,30.14,165.72,0,0.346,155
2026-08-02 18:15:00,CELL-HYD-02,Hyderabad,50.01,146.26,0,1.284,413
2026-08-05 08:30:00,CELL-BLR-02,Bengaluru,28.86,276.13,0,0.763,350
2026-08-03 19:00:00,CELL-DEL-03,Delhi,74.78,135.53,0,1.889,246
2026-08-05 22:15:00,CELL-HYD-01,Hyderabad,30.45,145.42,0,0.771,398
2026-08-03 16:45:00,CELL-MUM-03,Mumbai,48.88,141.62,0,0.882,390
2026-08-03 20:30:00,CELL-MUM-03,Mumbai,65.24,113.78,0,1.1,601
2026-08-02 16:30:00,CELL-HYD-02,Hyderabad,38.48,189.67,0,0.436,405
2026-08-01 18:00:00,CELL-CHE-03,Chennai,43.21,206.12,0,0.775,299
2026-08-03 05:30:00,CELL-MUM-01,Mumbai,33.49,197.23,0,0.488,141
2026-08-05 18:30:00,CELL-BLR-02,Bengaluru,31.25,200.92,0,0.552,455
2026-08-01 17:15:00,CELL-KOL-02,Kolkata,33.27,187.62,0,0.014,535
2026-08-01 11:30:00,CELL-CHE-03,Chennai,43.03,203.73,0,0.566,490
2026-08-03 19:45:00,CELL-HYD-02,Hyderabad,53.08,151.11,0,0.657,366
2026-08-03 04:30:00,CELL-KOL-02,Kolkata,28.97,227.65,0,0.637,347
2026-08-03 20:45:00,CELL-KOL-02,Kolkata,40.87,154.56,0,0.971,509
2026-08-05 05:45:00,CELL-KOL-02,Kolkata,30.0,214.48,0,0.5,224
2026-08-03 10:15:00,CELL-BLR-01,Bengaluru,40.2,185.66,0,0.5,326
2026-08-05 17:30:00,CELL-MUM-01,Mumbai,36.76,177.34,0,1.047,472
2026-08-03 06:30:00,CELL-MUM-01,Mumbai,30.38,188.15,0,0.645,292
2026-08-01 00:45:00,CELL-MUM-01,Mumbai,24.82,218.07,0,1.135,427
2026-08-02 05:00:00,CELL-CHE-01,Chennai,33.49,182.73,0,0.582,171
2026-08-01 14:30:00,CELL-DEL-02,Delhi,38.61,164.53,0,0.481,490
2026-08-05 10:30:00,CELL-KOL-02,Kolkata,28.64,168.98,0,1.158,288
2026-08-04 12:15:00,CELL-CHE-01,Chennai,41.53,143.65,0,0.814,333
2026-08-03 01:45:00,CELL-CHE-03,Chennai,33.03,222.76,0,0.501,379
2026-08-02 21:30:00,CELL-BLR-01,Bengaluru,50.49,154.08,0,0.864,358
2026-08-02 16:30:00,CELL-MUM-02,Mumbai,50.22,145.66,0,0.874,507
2026-08-04 02:45:00,CELL-MUM-02,Mumbai,44.98,179.43,0,0.797,219
2026-08-03 02:15:00,CELL-HYD-01,Hyderabad,27.95,190.88,0,0.602,292
2026-08-02 00:30:00,CELL-DEL-01,Delhi,32.07,259.31,0,0.569,140
2026-08-02 13:45:00,CELL-DEL-02,Delhi,45.24,170.7,0,0.646,464
2026-08-04 14:00:00,CELL-MUM-02,Mumbai,44.7,141.97,0,0.264,306
2026-08-03 03:30:00,CELL-DEL-01,Delhi,30.79,243.75,0,0.513,497
2026-08-01 08:15:00,CELL-KOL-02,Kolkata,32.73,173.45,0,0.407,263
2026-08-05 12:15:00,CELL-CHE-01,Chennai,40.17,156.61,0,0.285,346
2026-08-02 22:30:00,CELL-HYD-03,Hyderabad,37.12,115.0,0,0.377,405
2026-08-03 02:30:00,CELL-CHE-01,Chennai,37.34,142.55,0,0.839,298
2026-08-02 18:45:00,CELL-KOL-01,Kolkata,71.6,170.76,0,0.81,622
2026-08-05 19:15:00,CELL-MUM-03,Mumbai,67.34,87.02,0,1.208,488
2026-08-02 01:15:00,CELL-HYD-02,Hyderabad,38.17,209.3,0,0.263,348
2026-08-01 18:30:00,CELL-MUM-02,Mumbai,60.96,147.96,0,0.422,291
2026-08-04 08:00:00,CELL-CHE-01,Chennai,25.11,203.45,0,0.715,281
2026-08-05 19:30:00,CELL-DEL-01,Delhi,39.31,167.04,0,1.01,593
2026-08-04 06:30:00,CELL-BLR-02,Bengaluru,26.26,251.74,0,0.869,407
2026-08-05 04:15:00,CELL-CHE-03,Chennai,32.25,232.65,0,0.215,352
2026-08-04 10:45:00,CELL-CHE-01,Chennai,35.87,176.29,0,0.806,338
2026-08-05 12:45:00,CELL-HYD-02,Hyderabad,37.24,167.69,0,0.212,381
2026-08-01 18:30:00,CELL-KOL-01,Kolkata,65.88,160.57,0,0.387,541
2026-08-02 13:15:00,CELL-CHE-02,Chennai,33.72,137.34,0,0.92,366
2026-08-05 08:45:00,CELL-KOL-02,Kolkata,28.22,171.63,0,0.724,434
2026-08-03 06:30:00,CELL-KOL-02,Kolkata,30.37,208.57,0,0.497,309
2026-08-01 06:00:00,CELL-MUM-02,Mumbai,39.36,209.62,0,0.426,190
2026-08-03 22:15:00,CELL-KOL-01,Kolkata,59.5,195.25,0,0.667,480
2026-08-04 19:15:00,CELL-DEL-01,Delhi,37.96,162.36,0,0.655,686
2026-08-04 07:00:00,CELL-MUM-02,Mumbai,49.78,207.96,0,0.224,470
2026-08-01 11:45:00,CELL-CHE-01,Chennai,33.61,161.68,0,0.57,465
2026-08-02 18:00:00,CELL-CHE-03,Chennai,49.43,199.78,0,1.114,449
2026-08-03 21:15:00,CELL-HYD-01,Hyderabad,44.35,113.24,0,0.677,428
2026-08-04 10:45:00,CELL-MUM-01,Mumbai,,177.92,0,0.4,302
2026-08-03 20:30:00,CELL-CHE-01,Chennai,49.66,131.92,0,0.478,181
2026-08-03 01:15:00,CELL-CHE-02,Chennai,30.12,162.41,0,0.522,315
2026-08-01 21:45:00,CELL-DEL-01,Delhi,40.58,163.07,0,0.092,415
2026-08-03 18:30:00,CELL-MUM-01,Mumbai,43.05,184.81,0,0.302,489
2026-08-01 16:15:00,CELL-CHE-01,Chennai,35.22,162.17,0,0.403,283
2026-08-03 23:45:00,CELL-BLR-03,Bengaluru,41.59,172.94,0,0.616,505
2026-08-05 17:00:00,CELL-DEL-03,Delhi,34.57,176.52,0,0.452,411
2026-08-03 04:45:00,CELL-CHE-02,Chennai,26.83,154.9,0,0.769,398
2026-08-02 18:30:00,CELL-HYD-02,Hyderabad,41.73,151.92,0,0.937,465
2026-08-03 09:30:00,CELL-MUM-02,Mumbai,42.8,168.14,0,0.049,381
2026-08-04 06:15:00,CELL-DEL-01,Delhi,28.78,245.39,0,0.123,276
2026-08-01 11:00:00,CELL-BLR-02,Bengaluru,33.12,204.66,0,0.224,400
2026-08-04 19:30:00,CELL-BLR-03,Bengaluru,46.39,136.89,0,0.668,415
2026-08-04 13:00:00,CELL-CHE-02,Chennai,27.16,155.19,0,0.846,523
2026-08-03 16:00:00,CELL-HYD-02,Hyderabad,34.1,180.75,0,0.717,211
2026-08-01 20:45:00,CELL-BLR-02,Bengaluru,38.43,184.61,0,0.901,514
2026-08-02 23:45:00,CELL-DEL-03,Delhi,36.07,147.64,0,0.178,393
2026-08-03 00:45:00,CELL-KOL-01,Kolkata,41.15,224.13,0,0.646,360
2026-08-03 02:15:00,CELL-KOL-03,Kolkata,,0.0,15,0.428,77
2026-08-05 08:45:00,CELL-HYD-03,Hyderabad,24.58,132.46,0,0.797,363
2026-08-01 03:00:00,CELL-MUM-01,Mumbai,29.27,207.81,0,0.442,293
2026-08-03 22:45:00,CELL-DEL-01,Delhi,31.88,201.59,0,0.57,360
2026-08-02 14:45:00,CELL-KOL-01,Kolkata,48.03,221.89,0,0.66,374
2026-08-02 16:30:00,CELL-KOL-03,Kolkata,32.64,227.68,0,0.989,474
2026-08-04 23:00:00,CELL-KOL-01,Kolkata,46.1,156.3,0,0.707,297
2026-08-05 20:45:00,CELL-CHE-01,Chennai,48.19,133.75,0,0.55,327
2026-08-02 05:15:00,CELL-BLR-02,Bengaluru,31.05,241.59,0,0.691,393
2026-08-01 14:30:00,CELL-HYD-02,Hyderabad,38.45,201.09,0,0.43,234
2026-08-05 10:15:00,CELL-MUM-02,Mumbai,40.03,159.34,0,0.682,323
2026-08-03 17:00:00,CELL-BLR-01,Bengaluru,46.82,156.62,0,0.34,490
2026-08-01 08:30:00,CELL-KOL-01,Kolkata,41.69,241.99,0,0.498,358
2026-08-02 11:45:00,CELL-MUM-01,Mumbai,38.64,189.26,0,0.301,390
2026-08-01 19:00:00,CELL-MUM-03,Mumbai,54.17,120.02,0,0.781,505
2026-08-01 06:00:00,CELL-CHE-03,Chennai,37.15,261.64,0,0.911,256
2026-08-05 02:00:00,CELL-KOL-03,Kolkata,32.96,257.77,0,0.427,417
2026-08-05 04:15:00,CELL-MUM-02,Mumbai,39.51,166.24,0,0.674,239
2026-08-02 10:45:00,CELL-HYD-03,Hyderabad,44.18,112.97,0,0.836,449
2026-08-02 23:30:00,CELL-CHE-03,Chennai,49.34,272.67,0,0.242,365
2026-08-05 16:45:00,CELL-HYD-02,Hyderabad,32.84,189.45,0,0.611,225
2026-08-03 14:00:00,CELL-HYD-01,Hyderabad,31.38,144.84,0,0.746,201
2026-08-02 16:30:00,CELL-KOL-02,Kolkata,31.54,167.41,0,0.465,312
2026-08-01 05:45:00,CELL-DEL-03,Delhi,30.19,179.8,0,0.656,334
2026-08-05 08:45:00,CELL-MUM-01,Mumbai,30.76,192.02,0,0.77,385
2026-08-03 19:00:00,CELL-BLR-03,Bengaluru,59.91,147.32,0,0.587,269
2026-08-01 02:45:00,CELL-BLR-03,Bengaluru,31.62,201.44,0,0.161,264
2026-08-05 03:30:00,CELL-DEL-02,Delhi,33.85,246.97,0,0.605,166
2026-08-01 14:45:00,CELL-KOL-03,Kolkata,30.16,227.68,0,0.748,250
2026-08-04 09:00:00,CELL-BLR-03,Bengaluru,51.77,199.48,0,0.928,296
2026-08-04 17:00:00,CELL-DEL-03,Delhi,37.5,142.65,0,0.868,353
2026-08-03 09:30:00,CELL-HYD-01,Hyderabad,34.93,165.01,0,0.635,413
2026-08-01 05:30:00,CELL-BLR-01,Bengaluru,34.88,177.08,0,0.712,315
2026-08-01 08:45:00,CELL-DEL-03,Delhi,34.79,149.88,0,0.697,283
2026-08-02 12:30:00,CELL-MUM-02,Mumbai,63.17,156.7,0,0.857,180
2026-08-04 08:15:00,CELL-DEL-03,Delhi,29.25,182.93,0,0.388,269
2026-08-03 20:15:00,CELL-CHE-01,Chennai,45.12,116.51,0,0.407,673
2026-08-02 23:45:00,CELL-HYD-02,Hyderabad,32.31,229.53,0,0.734,402
2026-08-01 09:45:00,CELL-BLR-01,Bengaluru,47.51,155.92,0,0.205,423
2026-08-01 01:15:00,CELL-MUM-03,Mumbai,35.47,160.48,0,0.618,272
2026-08-04 09:45:00,CELL-BLR-03,Bengaluru,48.66,167.39,0,0.366,311
2026-08-04 20:45:00,CELL-MUM-03,Mumbai,69.26,107.19,0,0.575,537
2026-08-05 12:00:00,CELL-DEL-01,Delhi,34.35,185.01,0,1.141,350
2026-08-01 00:30:00,CELL-HYD-01,Hyderabad,29.41,196.35,0,0.402,213
2026-08-05 22:30:00,CELL-CHE-03,Chennai,42.04,229.14,0,0.915,351
2026-08-01 21:15:00,CELL-KOL-03,Kolkata,40.65,171.18,0,0.124,204
2026-08-02 05:45:00,CELL-CHE-03,Chennai,32.89,238.58,0,0.513,439
2026-08-05 22:45:00,CELL-MUM-01,Mumbai,38.29,177.85,0,1.171,125
2026-08-04 18:45:00,CELL-CHE-02,Chennai,40.52,128.91,0,0.672,492
2026-08-05 05:15:00,CELL-HYD-03,Hyderabad,31.66,143.85,0,0.536,301
2026-08-02 02:15:00,CELL-HYD-02,Hyderabad,36.36,193.99,0,0.439,460
2026-08-03 20:15:00,CELL-MUM-01,Mumbai,48.87,142.67,0,0.901,483
2026-08-05 14:45:00,CELL-MUM-03,Mumbai,44.16,131.1,0,0.106,388
2026-08-02 10:00:00,CELL-MUM-03,Mumbai,43.89,153.56,0,0.396,286
2026-08-03 20:30:00,CELL-BLR-02,Bengaluru,33.11,188.23,0,1.033,475
2026-08-01 03:45:00,CELL-CHE-02,Chennai,29.41,141.0,0,0.389,288
2026-08-01 10:30:00,CELL-DEL-03,Delhi,38.68,158.15,0,0.922,364
2026-08-05 05:45:00,CELL-MUM-01,Mumbai,33.84,237.05,0,0.564,294
2026-08-04 12:30:00,CELL-KOL-01,Kolkata,60.72,182.97,0,0.379,649
2026-08-03 05:15:00,CELL-HYD-02,Hyderabad,28.63,213.55,0,0.544,370
2026-08-01 07:30:00,CELL-KOL-01,Kolkata,40.52,217.85,0,0.31,299
2026-08-02 05:00:00,CELL-BLR-03,Bengaluru,43.76,194.8,0,0.473,325
2026-08-05 20:45:00,CELL-BLR-02,Bengaluru,46.87,149.44,0,1.159,429
2026-08-01 05:15:00,CELL-DEL-01,Delhi,27.82,222.63,0,0.562,377
2026-08-04 00:00:00,CELL-KOL-02,Kolkata,28.78,173.6,0,0.631,315
2026-08-01 17:45:00,CELL-MUM-02,Mumbai,60.38,165.8,0,1.471,176
2026-08-03 00:00:00,CELL-HYD-01,Hyderabad,29.9,178.17,0,0.402,302
2026-08-05 23:30:00,CELL-HYD-03,Hyderabad,31.11,147.85,0,0.808,333
2026-08-05 09:30:00,CELL-CHE-03,Chennai,33.6,187.06,0,0.417,296
2026-08-02 07:00:00,CELL-BLR-03,Bengaluru,36.58,234.75,0,0.712,321
2026-08-05 06:00:00,CELL-HYD-02,Hyderabad,39.88,215.06,0,0.374,340
2026-08-01 23:00:00,CELL-BLR-03,Bengaluru,47.66,183.83,0,0.763,213
2026-08-03 17:15:00,CELL-DEL-01,Delhi,37.78,224.31,0,0.805,392
2026-08-05 06:15:00,CELL-BLR-03,Bengaluru,42.88,180.89,0,0.769,370
2026-08-03 20:45:00,CELL-DEL-03,Delhi,117.08,126.58,0,2.235,108
2026-08-04 22:15:00,CELL-DEL-02,Delhi,,245.14,0,0.904,378
2026-08-02 04:45:00,CELL-MUM-01,Mumbai,27.61,228.86,0,0.788,129
2026-08-04 10:45:00,CELL-HYD-01,Hyderabad,32.41,131.42,0,0.361,422
2026-08-02 10:45:00,CELL-MUM-01,Mumbai,37.72,170.55,0,0.597,424
2026-08-03 01:30:00,CELL-BLR-03,Bengaluru,46.33,188.85,0,0.489,287
2026-08-05 09:00:00,CELL-HYD-01,Hyderabad,35.01,161.71,0,0.385,537
2026-08-03 05:15:00,CELL-KOL-03,Kolkata,31.02,251.82,0,0.634,231
2026-08-02 23:45:00,CELL-DEL-01,Delhi,28.88,220.68,0,0.082,375
2026-08-03 03:45:00,CELL-BLR-03,Bengaluru,43.92,207.15,0,0.516,336
2026-08-05 03:00:00,CELL-MUM-01,Mumbai,29.36,224.82,0,0.79,274
2026-08-01 01:30:00,CELL-MUM-02,Mumbai,40.28,214.02,0,0.863,355
2026-08-05 01:15:00,CELL-DEL-01,Delhi,28.07,241.11,0,0.444,357
2026-08-05 19:45:00,CELL-MUM-02,Mumbai,59.68,113.96,0,1.077,513
2026-08-05 06:45:00,CELL-DEL-03,Delhi,26.51,211.74,0,0.598,445
2026-08-02 14:45:00,CELL-BLR-02,Bengaluru,28.16,250.49,0,0.293,208
2026-08-02 09:15:00,CELL-HYD-03,Hyderabad,26.86,130.52,0,0.557,286
2026-08-01 11:30:00,CELL-KOL-03,Kolkata,41.05,194.41,0,1.029,358
2026-08-01 16:45:00,CELL-HYD-01,Hyderabad,30.91,142.52,0,0.914,335
2026-08-05 08:30:00,CELL-HYD-01,Hyderabad,29.99,146.41,0,0.388,416
2026-08-01 18:45:00,CELL-CHE-03,Chennai,52.7,181.21,0,0.927,444
2026-08-05 09:00:00,CELL-KOL-01,Kolkata,46.65,195.59,0,0.685,384
2026-08-03 14:00:00,CELL-HYD-03,Hyderabad,28.46,138.59,0,0.488,355
2026-08-03 12:00:00,CELL-KOL-01,Kolkata,52.49,154.24,0,0.646,408
2026-08-03 10:45:00,CELL-HYD-02,Hyderabad,42.28,182.1,0,0.638,453
2026-08-05 04:30:00,CELL-KOL-01,Kolkata,45.45,219.72,0,0.735,187
2026-08-02 09:30:00,CELL-KOL-03,Kolkata,36.49,217.47,0,0.292,200
2026-08-04 17:30:00,CELL-HYD-03,Hyderabad,30.54,118.39,0,0.928,381
2026-08-05 07:00:00,CELL-DEL-01,Delhi,28.11,232.22,0,0.709,257
2026-08-04 09:45:00,CELL-BLR-02,Bengaluru,23.98,264.0,0,1.089,383
2026-08-02 13:30:00,CELL-BLR-02,Bengaluru,32.23,238.16,0,0.604,315
2026-08-02 20:15:00,CELL-DEL-02,Delhi,56.43,158.05,0,0.515,482
2026-08-02 23:00:00,CELL-KOL-02,Kolkata,38.47,151.93,0,1.025,399
2026-08-02 14:30:00,CELL-HYD-03,Hyderabad,28.96,126.83,0,0.855,336
2026-08-04 07:30:00,CELL-DEL-02,Delhi,,277.89,0,0.725,230
2026-08-04 03:30:00,CELL-DEL-01,Delhi,30.54,276.7,0,0.587,280
2026-08-04 05:45:00,CELL-MUM-03,Mumbai,32.43,161.49,0,0.73,200
2026-08-01 22:30:00,CELL-DEL-02,Delhi,41.67,226.4,0,0.882,331
2026-08-02 01:30:00,CELL-DEL-03,Delhi,36.38,188.86,0,0.436,425
2026-08-03 22:30:00,CELL-HYD-01,Hyderabad,28.56,121.4,0,0.907,295
2026-08-01 06:00:00,CELL-BLR-02,Bengaluru,26.17,264.57,0,0.585,411
2026-08-02 12:15:00,CELL-MUM-03,Mumbai,56.83,136.53,0,0.977,275
2026-08-03 13:00:00,CELL-BLR-02,Bengaluru,30.54,175.67,0,0.339,282
2026-08-02 17:15:00,CELL-CHE-03,Chennai,36.27,238.73,0,0.23,378
2026-08-03 01:15:00,CELL-DEL-02,Delhi,35.6,263.2,0,0.193,397
2026-08-04 06:00:00,CELL-HYD-02,Hyderabad,35.21,211.44,0,0.964,374
2026-08-02 01:15:00,CELL-CHE-01,Chennai,27.59,177.78,0,0.492,234
2026-08-02 18:45:00,CELL-HYD-02,Hyderabad,45.74,122.77,0,0.719,544
2026-08-01 23:30:00,CELL-KOL-01,Kolkata,48.53,172.76,0,0.55,286
2026-08-03 01:45:00,CELL-CHE-02,Chennai,28.56,164.95,0,0.325,416
2026-08-03 11:00:00,CELL-DEL-01,Delhi,33.98,206.93,0,0.537,249
2026-08-01 12:45:00,CELL-HYD-03,Hyderabad,31.81,120.8,0,0.444,503
2026-08-01 09:00:00,CELL-HYD-02,Hyderabad,37.34,183.49,0,0.508,265
2026-08-04 17:45:00,CELL-HYD-03,Hyderabad,37.31,120.06,0,0.867,350
2026-08-01 19:00:00,CELL-DEL-01,Delhi,38.08,178.45,0,1.268,336
2026-08-01 21:15:00,CELL-HYD-02,Hyderabad,57.19,126.34,0,0.775,410
2026-08-01 22:15:00,CELL-KOL-02,Kolkata,36.77,146.89,0,0.781,379
2026-08-03 05:15:00,CELL-CHE-01,Chennai,27.44,199.17,0,0.166,385
2026-08-04 01:45:00,CELL-MUM-01,Mumbai,26.24,212.39,0,0.194,228
2026-08-05 08:30:00,CELL-DEL-02,Delhi,40.88,229.39,0,0.465,363
2026-08-02 23:15:00,CELL-HYD-01,Hyderabad,36.16,162.15,0,0.145,534
2026-08-02 19:45:00,CELL-BLR-01,Bengaluru,37.91,117.38,0,1.265,560
2026-08-03 14:15:00,CELL-DEL-02,Delhi,41.29,235.77,0,0.607,426
2026-08-04 15:00:00,CELL-CHE-02,Chennai,29.66,125.38,0,0.541,209
2026-08-02 01:00:00,CELL-KOL-01,Kolkata,39.45,182.44,0,0.611,158
2026-08-05 03:15:00,CELL-KOL-02,Kolkata,24.29,176.1,0,0.861,329
2026-08-05 18:15:00,CELL-CHE-01,Chennai,42.35,113.55,0,0.818,352
2026-08-05 12:45:00,CELL-BLR-01,Bengaluru,56.42,153.08,0,0.891,183
2026-08-01 21:45:00,CELL-BLR-01,Bengaluru,55.74,150.74,0,0.819,320
2026-08-05 13:00:00,CELL-HYD-03,Hyderabad,30.76,98.91,0,0.88,487
2026-08-01 07:30:00,CELL-KOL-03,Kolkata,31.13,240.35,0,0.709,360
2026-08-01 22:00:00,CELL-MUM-02,Mumbai,55.09,145.19,0,0.427,452
2026-08-04 06:45:00,CELL-DEL-01,Delhi,24.88,244.25,0,0.509,379
2026-08-01 12:15:00,CELL-HYD-03,Hyderabad,37.14,111.76,0,0.783,655
2026-08-02 01:00:00,CELL-BLR-03,Bengaluru,44.76,181.61,0,0.653,204
2026-08-02 18:00:00,CELL-BLR-02,Bengaluru,42.18,218.89,0,0.599,376
2026-08-05 01:45:00,CELL-CHE-01,Chennai,30.62,168.18,0,0.426,331
2026-08-01 02:15:00,CELL-MUM-03,Mumbai,38.45,144.44,0,0.349,350
2026-08-03 23:15:00,CELL-HYD-01,Hyderabad,39.07,160.89,0,0.658,125
2026-08-01 23:30:00,CELL-KOL-02,Kolkata,27.44,170.42,0,0.524,424
2026-08-04 01:30:00,CELL-DEL-01,Delhi,28.68,276.32,0,0.732,408
2026-08-04 08:45:00,CELL-HYD-02,Hyderabad,34.76,179.01,0,0.703,472
2026-08-03 05:15:00,CELL-DEL-03,Delhi,33.05,204.65,0,0.44,213
2026-08-05 17:30:00,CELL-BLR-02,Bengaluru,32.13,216.98,0,0.04,535
2026-08-04 15:15:00,CELL-DEL-01,Delhi,32.3,244.5,0,0.711,282
2026-08-01 23:30:00,CELL-BLR-01,Bengaluru,41.24,164.74,0,0.973,320
2026-08-03 02:45:00,CELL-KOL-03,Kolkata,,0.0,15,0.567,178
2026-08-02 20:30:00,CELL-HYD-01,Hyderabad,52.7,114.25,0,0.729,504
2026-08-01 06:15:00,CELL-HYD-03,Hyderabad,29.48,120.52,0,0.619,299
2026-08-01 11:45:00,CELL-DEL-03,Delhi,30.57,142.3,0,0.755,426
2026-08-03 06:00:00,CELL-CHE-02,Chennai,23.03,152.42,0,0.293,245
2026-08-03 00:15:00,CELL-MUM-02,Mumbai,42.32,192.45,0,0.609,294
2026-08-04 16:00:00,CELL-DEL-01,Delhi,31.55,244.63,0,0.298,465
2026-08-04 14:45:00,CELL-BLR-03,Bengaluru,46.03,180.36,0,0.619,199
2026-08-01 07:30:00,CELL-MUM-03,Mumbai,34.46,152.88,0,0.564,427
2026-08-03 11:00:00,CELL-HYD-03,Hyderabad,35.99,112.05,0,0.617,401
2026-08-02 03:30:00,CELL-MUM-01,Mumbai,26.55,224.37,0,0.225,436
2026-08-02 02:45:00,CELL-BLR-01,Bengaluru,39.83,172.44,0,0.524,502
2026-08-05 03:15:00,CELL-MUM-01,Mumbai,29.85,213.7,0,0.598,157
2026-08-05 00:45:00,CELL-DEL-03,Delhi,31.43,203.84,0,0.687,391
2026-08-01 03:30:00,CELL-MUM-01,Mumbai,34.5,187.44,0,0.392,376
2026-08-02 22:00:00,CELL-DEL-01,Delhi,38.9,189.24,0,0.825,269
2026-08-02 04:00:00,CELL-KOL-03,Kolkata,33.06,235.27,0,0.624,215
2026-08-03 08:00:00,CELL-MUM-01,Mumbai,34.21,212.52,0,0.181,324
2026-08-02 09:30:00,CELL-BLR-01,Bengaluru,35.42,167.11,0,0.845,359
2026-08-05 11:00:00,CELL-HYD-03,Hyderabad,33.01,113.42,0,0.885,485
2026-08-03 13:30:00,CELL-DEL-01,Delhi,37.27,215.14,0,0.867,470
2026-08-05 22:30:00,CELL-HYD-01,Hyderabad,35.07,160.13,0,0.751,396
2026-08-02 10:00:00,CELL-BLR-02,Bengaluru,33.11,207.77,0,0.42,367
2026-08-01 00:00:00,CELL-CHE-01,Chennai,33.07,146.47,0,0.154,141
2026-08-02 06:15:00,CELL-CHE-03,Chennai,35.78,276.33,0,0.472,255
2026-08-03 07:30:00,CELL-HYD-02,Hyderabad,34.57,174.97,0,0.684,419
2026-08-03 17:00:00,CELL-DEL-02,Delhi,49.9,203.84,0,0.634,382
2026-08-05 15:15:00,CELL-BLR-03,Bengaluru,49.68,198.44,0,0.708,440
2026-08-02 18:15:00,CELL-KOL-03,Kolkata,38.31,189.64,0,0.825,469
2026-08-04 00:30:00,CELL-MUM-02,Mumbai,39.96,168.17,0,0.3,286
2026-08-04 23:15:00,CELL-CHE-03,Chennai,38.18,227.93,0,0.225,309
2026-08-03 19:45:00,CELL-BLR-01,Bengaluru,54.18,129.06,0,0.305,517
2026-08-04 12:00:00,CELL-DEL-01,Delhi,39.77,201.43,0,0.579,454
2026-08-02 04:15:00,CELL-CHE-03,Chennai,36.04,227.39,0,0.341,319
2026-08-04 20:30:00,CELL-DEL-02,Delhi,54.22,163.7,0,0.627,344
2026-08-05 12:30:00,CELL-MUM-03,Mumbai,48.68,121.02,0,0.308,545
2026-08-04 21:00:00,CELL-CHE-01,Chennai,35.99,115.48,0,1.11,529
2026-08-03 14:00:00,CELL-CHE-02,Chennai,37.49,139.43,0,1.026,300
2026-08-05 08:45:00,CELL-MUM-03,Mumbai,43.23,130.54,0,0.567,293
2026-08-04 09:00:00,CELL-DEL-03,Delhi,34.2,163.63,0,0.313,250
2026-08-03 19:15:00,CELL-MUM-01,Mumbai,40.13,145.39,0,0.521,397
2026-08-02 05:30:00,CELL-DEL-01,Delhi,25.42,254.15,0,0.491,227
2026-08-03 10:15:00,CELL-MUM-03,Mumbai,50.59,128.07,0,0.624,341
2026-08-05 17:45:00,CELL-DEL-03,Delhi,34.85,147.52,0,0.711,277
2026-08-04 15:45:00,CELL-HYD-02,Hyderabad,40.47,157.47,0,0.578,271
2026-08-01 09:45:00,CELL-CHE-01,Chennai,36.36,173.94,0,0.898,283
2026-08-01 17:00:00,CELL-CHE-01,Chennai,37.65,154.78,0,0.888,210
2026-08-04 12:45:00,CELL-BLR-01,Bengaluru,43.88,159.82,0,0.585,460
2026-08-01 00:15:00,CELL-HYD-02,Hyderabad,38.94,185.14,0,0.54,296
2026-08-02 01:30:00,CELL-HYD-02,Hyderabad,28.52,180.33,0,0.491,232
2026-08-02 01:45:00,CELL-CHE-01,Chennai,35.73,202.65,0,0.454,312
2026-08-01 17:30:00,CELL-BLR-03,Bengaluru,53.67,153.82,0,1.118,229
2026-08-03 01:45:00,CELL-KOL-03,Kolkata,,0.0,15,0.587,343
2026-08-04 01:15:00,CELL-CHE-01,Chennai,33.17,194.87,0,0.4,362
2026-08-01 10:00:00,CELL-BLR-01,Bengaluru,46.66,177.97,0,1.287,361
2026-08-03 18:00:00,CELL-MUM-02,Mumbai,61.6,141.31,0,0.693,526
2026-08-03 22:00:00,CELL-HYD-02,Hyderabad,45.12,177.04,0,0.842,499
2026-08-01 00:45:00,CELL-HYD-02,Hyderabad,36.57,199.81,0,0.856,248
2026-08-05 15:30:00,CELL-MUM-01,Mumbai,36.07,201.32,0,0.469,329
2026-08-05 00:30:00,CELL-HYD-03,Hyderabad,33.05,141.53,0,0.407,564
2026-08-02 02:00:00,CELL-MUM-03,Mumbai,,157.87,0,0.286,212
2026-08-03 09:15:00,CELL-HYD-01,Hyderabad,,151.96,0,0.63,299
2026-08-01 19:15:00,CELL-KOL-01,Kolkata,73.89,155.36,0,0.8,240
2026-08-03 11:45:00,CELL-MUM-02,Mumbai,67.44,132.12,0,0.912,528
2026-08-05 00:45:00,CELL-BLR-02,Bengaluru,28.55,291.84,0,0.45,383
2026-08-02 19:00:00,CELL-BLR-03,Bengaluru,60.84,167.28,0,0.591,395
2026-08-03 15:45:00,CELL-CHE-03,Chennai,37.47,211.61,0,0.938,442
2026-08-05 07:30:00,CELL-DEL-02,Delhi,38.61,204.31,0,0.104,529
2026-08-04 18:00:00,CELL-DEL-01,Delhi,38.51,206.93,0,0.844,224
2026-08-01 23:15:00,CELL-BLR-03,Bengaluru,49.15,195.34,0,0.696,190
2026-08-04 20:45:00,CELL-CHE-02,Chennai,80.72,110.62,0,1.043,420
2026-08-01 03:30:00,CELL-KOL-02,Kolkata,29.17,180.55,0,1.003,412
2026-08-02 21:00:00,CELL-CHE-03,Chennai,55.03,193.45,0,0.42,524
2026-08-04 16:00:00,CELL-CHE-01,Chennai,33.1,159.98,0,0.382,336
2026-08-05 14:15:00,CELL-KOL-02,Kolkata,27.15,144.46,0,0.531,337
2026-08-03 17:45:00,CELL-CHE-01,Chennai,35.66,161.61,0,0.711,375
2026-08-04 08:45:00,CELL-BLR-02,Bengaluru,27.82,247.02,0,0.582,313
2026-08-01 23:45:00,CELL-HYD-01,Hyderabad,31.2,164.8,0,0.842,486
2026-08-02 06:15:00,CELL-DEL-01,Delhi,27.21,241.98,0,0.707,188
2026-08-04 10:30:00,CELL-DEL-02,Delhi,51.9,237.71,0,0.616,436
2026-08-05 09:00:00,CELL-HYD-03,Hyderabad,34.71,129.84,0,0.779,262
2026-08-05 21:45:00,CELL-DEL-01,Delhi,41.01,194.86,0,0.603,435
2026-08-04 23:30:00,CELL-BLR-02,Bengaluru,34.37,227.71,0,0.939,426
2026-08-01 22:45:00,CELL-CHE-01,Chennai,33.85,147.86,0,0.784,283
2026-08-02 00:30:00,CELL-KOL-01,Kolkata,33.59,198.7,0,0.349,357
2026-08-02 23:00:00,CELL-CHE-01,Chennai,36.32,157.41,0,0.58,419
2026-08-04 08:00:00,CELL-HYD-02,Hyderabad,34.68,185.24,0,0.734,279
2026-08-03 03:00:00,CELL-MUM-03,Mumbai,33.51,146.75,0,0.471,277
2026-08-03 21:00:00,CELL-MUM-03,Mumbai,62.41,122.85,0,0.698,291
2026-08-03 07:45:00,CELL-MUM-02,Mumbai,45.62,170.68,0,0.828,187
2026-08-05 14:00:00,CELL-MUM-03,Mumbai,46.7,143.55,0,0.869,414
2026-08-04 02:00:00,CELL-CHE-01,Chennai,28.74,173.77,0,0.847,415
2026-08-04 09:15:00,CELL-BLR-03,Bengaluru,46.49,177.07,0,0.553,335
2026-08-05 21:00:00,CELL-DEL-02,Delhi,58.66,148.54,0,1.004,491
2026-08-04 07:45:00,CELL-KOL-03,Kolkata,28.63,205.81,0,0.557,311
2026-08-03 02:30:00,CELL-BLR-01,Bengaluru,39.26,180.52,0,0.44,414
2026-08-01 09:15:00,CELL-KOL-02,Kolkata,30.99,174.63,0,0.781,285
2026-08-02 20:00:00,CELL-HYD-03,Hyderabad,40.0,105.15,0,0.729,606
2026-08-01 19:45:00,CELL-MUM-03,Mumbai,55.75,103.68,0,0.939,271
2026-08-03 10:30:00,CELL-HYD-02,Hyderabad,40.58,201.36,0,0.93,392
2026-08-05 01:30:00,CELL-DEL-01,Delhi,31.87,230.2,0,0.288,372
2026-08-01 11:30:00,CELL-KOL-01,Kolkata,52.06,143.9,0,1.065,366
2026-08-03 05:45:00,CELL-KOL-01,Kolkata,31.29,208.8,0,0.64,326
2026-08-03 05:00:00,CELL-KOL-01,Kolkata,52.69,190.19,0,0.417,304
2026-08-01 13:30:00,CELL-HYD-01,Hyderabad,36.93,176.47,0,1.061,283
2026-08-04 19:00:00,CELL-DEL-03,Delhi,41.69,129.81,0,0.598,370
2026-08-01 12:00:00,CELL-MUM-01,Mumbai,38.32,179.7,0,0.333,469
2026-08-02 10:45:00,CELL-BLR-02,Bengaluru,31.41,206.18,0,0.613,302
2026-08-05 20:00:00,CELL-KOL-01,Kolkata,59.95,146.29,0,0.855,484
2026-08-05 12:00:00,CELL-HYD-01,Hyderabad,29.34,169.4,0,0.951,393
2026-08-02 19:45:00,CELL-CHE-02,Chennai,36.16,103.2,0,0.581,518
2026-08-04 05:00:00,CELL-HYD-03,Hyderabad,30.68,151.44,0,0.602,300
2026-08-02 23:00:00,CELL-KOL-01,Kolkata,54.4,213.15,0,0.828,321
2026-08-04 17:15:00,CELL-CHE-03,Chennai,40.91,240.44,0,0.329,464
2026-08-04 23:15:00,CELL-BLR-01,Bengaluru,43.36,206.49,0,0.717,459
2026-08-01 07:45:00,CELL-BLR-02,Bengaluru,28.33,277.41,0,0.86,194
2026-08-02 07:30:00,CELL-HYD-01,Hyderabad,26.61,165.35,0,0.709,239
2026-08-02 10:00:00,CELL-CHE-03,Chennai,40.35,245.73,0,1.001,359
2026-08-02 10:15:00,CELL-DEL-01,Delhi,31.94,199.67,0,0.273,294
2026-08-02 23:30:00,CELL-HYD-03,Hyderabad,29.59,125.29,0,0.571,340
2026-08-03 17:30:00,CELL-DEL-02,Delhi,56.14,182.39,0,0.278,453
2026-08-02 11:45:00,CELL-HYD-02,Hyderabad,42.85,159.53,0,1.071,462
2026-08-03 01:15:00,CELL-HYD-03,Hyderabad,26.28,150.75,0,0.702,245
2026-08-03 01:45:00,CELL-DEL-02,Delhi,40.54,210.26,0,0.315,236
2026-08-03 07:00:00,CELL-DEL-03,Delhi,32.22,197.66,0,0.451,287
2026-08-05 20:15:00,CELL-CHE-01,Chennai,40.34,116.8,0,1.371,582
2026-08-02 03:00:00,CELL-CHE-02,Chennai,25.93,171.78,0,0.68,309
2026-08-04 23:00:00,CELL-MUM-02,Mumbai,54.89,185.86,0,0.734,273
2026-08-04 22:45:00,CELL-MUM-01,Mumbai,33.66,193.87,0,0.816,364
2026-08-02 11:45:00,CELL-DEL-01,Delhi,39.38,220.52,0,0.549,245
2026-08-04 19:00:00,CELL-CHE-01,Chennai,45.84,124.67,0,0.991,228
2026-08-05 13:15:00,CELL-CHE-02,Chennai,32.26,148.17,0,0.988,524
2026-08-03 05:45:00,CELL-HYD-01,Hyderabad,27.62,175.72,0,0.498,312
2026-08-02 20:15:00,CELL-CHE-02,Chennai,49.04,115.93,0,0.816,405
2026-08-04 06:00:00,CELL-BLR-03,Bengaluru,45.36,199.52,0,0.392,288
2026-08-03 02:00:00,CELL-KOL-03,Kolkata,,0.0,15,0.351,202
2026-08-05 04:45:00,CELL-DEL-01,Delhi,30.05,261.07,0,0.157,402
2026-08-01 04:30:00,CELL-MUM-02,Mumbai,39.41,210.39,0,0.333,395
2026-08-05 07:45:00,CELL-HYD-01,Hyderabad,31.23,168.02,0,0.86,294
2026-08-03 08:45:00,CELL-KOL-02,Kolkata,29.84,164.75,0,0.494,273
2026-08-02 17:30:00,CELL-DEL-01,Delhi,38.08,208.87,0,0.601,384
2026-08-02 04:15:00,CELL-HYD-01,Hyderabad,29.64,186.54,0,0.931,235
2026-08-02 03:15:00,CELL-BLR-02,Bengaluru,25.75,284.5,0,0.421,304
2026-08-05 17:30:00,CELL-HYD-03,Hyderabad,36.09,115.01,0,0.728,148
2026-08-05 06:45:00,CELL-CHE-03,Chennai,36.79,281.62,0,0.644,274
2026-08-03 05:00:00,CELL-CHE-02,Chennai,26.52,175.46,0,0.678,103
2026-08-04 15:45:00,CELL-MUM-03,Mumbai,48.51,141.72,0,0.086,435
2026-08-03 23:00:00,CELL-CHE-01,Chennai,37.28,166.25,0,0.608,574
2026-08-02 04:30:00,CELL-HYD-03,Hyderabad,27.43,155.5,0,0.557,347
2026-08-03 01:15:00,CELL-BLR-03,Bengaluru,44.65,212.44,0,0.393,248
2026-08-01 20:45:00,CELL-CHE-02,Chennai,42.35,97.77,0,0.997,292
2026-08-02 10:00:00,CELL-CHE-02,Chennai,28.22,132.26,0,0.824,413
2026-08-05 14:00:00,CELL-BLR-01,Bengaluru,46.38,181.72,0,0.808,370
2026-08-04 13:15:00,CELL-HYD-01,Hyderabad,33.47,117.27,0,0.275,402
2026-08-02 20:00:00,CELL-KOL-03,Kolkata,39.55,155.26,0,0.576,530
2026-08-01 08:00:00,CELL-KOL-01,Kolkata,43.52,185.56,0,0.228,284
2026-08-05 09:15:00,CELL-BLR-01,Bengaluru,43.64,176.22,0,0.631,500
2026-08-05 11:45:00,CELL-MUM-02,Mumbai,54.49,181.95,0,0.879,355
2026-08-03 15:15:00,CELL-KOL-03,Kolkata,36.66,198.74,0,0.499,420
2026-08-05 18:00:00,CELL-HYD-01,Hyderabad,41.29,141.6,0,0.701,344
2026-08-01 22:00:00,CELL-BLR-02,Bengaluru,36.16,204.31,0,0.479,612
2026-08-05 17:15:00,CELL-HYD-03,Hyderabad,34.78,139.21,0,0.861,516
2026-08-03 07:15:00,CELL-DEL-03,Delhi,32.08,200.86,0,0.716,306
2026-08-01 13:45:00,CELL-MUM-03,Mumbai,53.55,150.98,0,1.065,460
2026-08-03 19:15:00,CELL-CHE-03,Chennai,54.57,180.58,0,0.765,587
2026-08-05 09:15:00,CELL-MUM-01,Mumbai,32.05,217.75,0,0.384,505
2026-08-04 10:30:00,CELL-BLR-03,Bengaluru,51.19,147.34,0,0.536,413
2026-08-02 02:45:00,CELL-CHE-03,Chennai,33.03,240.27,0,0.128,300
2026-08-02 15:45:00,CELL-MUM-02,Mumbai,43.01,169.03,0,0.756,278
2026-08-01 04:45:00,CELL-CHE-03,Chennai,28.34,238.39,0,0.095,232
2026-08-03 03:45:00,CELL-KOL-03,Kolkata,28.48,196.73,0,0.495,422
2026-08-02 20:45:00,CELL-DEL-01,Delhi,43.87,198.08,0,0.352,449
2026-08-03 00:00:00,CELL-KOL-01,Kolkata,47.65,243.78,0,0.624,303
2026-08-02 06:00:00,CELL-HYD-02,Hyderabad,34.75,202.43,0,0.477,375
2026-08-05 10:45:00,CELL-CHE-02,Chennai,31.43,145.5,0,0.558,378
2026-08-04 17:45:00,CELL-BLR-01,Bengaluru,47.48,160.44,0,0.737,375
2026-08-03 15:30:00,CELL-CHE-01,Chennai,32.24,163.05,0,0.716,456
2026-08-02 10:00:00,CELL-MUM-02,Mumbai,45.71,182.89,0,0.58,415
2026-08-04 22:15:00,CELL-DEL-03,Delhi,35.2,147.47,0,0.81,424
2026-08-04 00:30:00,CELL-HYD-02,Hyderabad,33.6,201.68,0,0.721,358
2026-08-03 17:00:00,CELL-MUM-03,Mumbai,41.26,147.88,0,0.124,449
2026-08-05 08:00:00,CELL-DEL-03,Delhi,32.31,211.69,0,0.667,385
2026-08-03 20:00:00,CELL-KOL-03,Kolkata,42.88,157.78,0,0.698,454
2026-08-04 14:45:00,CELL-CHE-03,Chennai,40.09,224.18,0,0.524,288
2026-08-02 17:15:00,CELL-KOL-03,Kolkata,38.11,208.4,0,0.361,625
2026-08-02 19:15:00,CELL-BLR-01,Bengaluru,46.1,146.22,0,0.966,500
2026-08-05 01:15:00,CELL-DEL-03,Delhi,35.14,209.93,0,0.52,156
2026-08-05 20:00:00,CELL-CHE-03,Chennai,53.76,148.98,0,0.575,430
2026-08-04 01:00:00,CELL-HYD-03,Hyderabad,28.62,135.19,0,0.489,314
2026-08-05 05:45:00,CELL-CHE-03,Chennai,31.47,247.16,0,0.285,447
2026-08-01 22:15:00,CELL-DEL-02,Delhi,47.7,168.93,0,0.426,465
2026-08-01 03:15:00,CELL-HYD-01,Hyderabad,33.63,159.6,0,0.494,261
2026-08-02 07:00:00,CELL-KOL-01,Kolkata,39.14,206.33,0,0.653,327
2026-08-05 17:45:00,CELL-DEL-02,Delhi,52.3,185.15,0,0.43,642
2026-08-05 13:30:00,CELL-DEL-02,Delhi,50.08,204.35,0,0.706,329
2026-08-05 05:15:00,CELL-MUM-01,Mumbai,29.46,241.95,0,0.379,181
2026-08-04 18:45:00,CELL-MUM-02,Mumbai,62.68,144.91,0,0.598,475
2026-08-02 16:30:00,CELL-KOL-01,Kolkata,53.47,152.62,0,0.264,250
2026-08-01 20:15:00,CELL-HYD-02,Hyderabad,45.09,133.06,0,0.903,480
2026-08-05 13:45:00,CELL-KOL-01,Kolkata,41.98,159.66,0,0.692,329
2026-08-04 05:30:00,CELL-DEL-01,Delhi,29.03,251.63,0,0.389,152
2026-08-01 03:00:00,CELL-BLR-03,Bengaluru,42.7,163.16,0,1.082,244
2026-08-04 02:45:00,CELL-CHE-03,Chennai,31.07,257.33,0,0.53,385
2026-08-04 23:45:00,CELL-CHE-02,Chennai,29.15,137.59,0,0.576,234
2026-08-04 02:30:00,CELL-HYD-01,Hyderabad,27.76,184.05,0,0.589,277
2026-08-02 11:15:00,CELL-BLR-02,Bengaluru,30.7,219.81,0,0.528,596
2026-08-04 05:15:00,CELL-DEL-01,Delhi,30.23,231.27,0,0.711,229
2026-08-03 11:45:00,CELL-DEL-03,Delhi,38.17,181.62,0,0.574,460
2026-08-01 10:45:00,CELL-KOL-03,Kolkata,37.01,199.25,0,0.648,375
2026-08-05 16:15:00,CELL-HYD-03,Hyderabad,37.49,125.85,0,0.484,338
2026-08-03 18:45:00,CELL-CHE-02,Chennai,33.95,119.26,0,0.729,435
2026-08-04 13:30:00,CELL-CHE-01,Chennai,38.13,167.1,0,0.824,440
2026-08-01 22:00:00,CELL-KOL-01,Kolkata,53.17,166.62,0,0.902,372
2026-08-01 17:45:00,CELL-KOL-02,Kolkata,39.23,151.99,0,0.716,470
2026-08-02 16:00:00,CELL-CHE-03,Chennai,40.01,178.4,0,0.666,309
2026-08-03 12:15:00,CELL-CHE-02,Chennai,31.34,137.87,0,0.578,456
2026-08-05 19:15:00,CELL-MUM-02,Mumbai,54.68,133.13,0,0.834,316
2026-08-01 08:00:00,CELL-HYD-01,Hyderabad,30.34,139.02,0,0.547,459
2026-08-04 08:45:00,CELL-MUM-03,Mumbai,46.59,159.89,0,0.215,407
2026-08-03 22:30:00,CELL-MUM-02,Mumbai,58.27,129.17,0,0.882,427
2026-08-01 09:30:00,CELL-KOL-01,Kolkata,50.78,185.49,0,0.237,312
2026-08-02 08:15:00,CELL-MUM-01,Mumbai,31.99,198.3,0,0.729,308
2026-08-05 19:45:00,CELL-KOL-02,Kolkata,43.16,126.41,0,0.635,322
2026-08-01 17:00:00,CELL-HYD-02,Hyderabad,37.66,144.14,0,0.593,314
2026-08-03 01:30:00,CELL-CHE-01,Chennai,28.85,177.09,0,0.537,325
2026-08-03 16:30:00,CELL-HYD-02,Hyderabad,39.58,177.26,0,0.334,345
2026-08-03 05:00:00,CELL-KOL-02,Kolkata,36.39,203.97,0,0.87,270
2026-08-03 07:30:00,CELL-KOL-03,Kolkata,24.62,222.46,0,0.242,271
2026-08-04 03:00:00,CELL-MUM-03,Mumbai,35.52,184.45,0,0.493,328
2026-08-05 22:30:00,CELL-CHE-01,Chennai,32.98,161.15,0,0.505,438
2026-08-05 03:15:00,CELL-DEL-01,Delhi,22.78,261.55,0,0.265,363
2026-08-01 02:45:00,CELL-MUM-02,Mumbai,43.95,213.71,0,0.631,398
2026-08-04 22:15:00,CELL-KOL-03,Kolkata,33.43,197.75,0,0.554,206
2026-08-05 07:15:00,CELL-BLR-02,Bengaluru,27.49,256.4,0,0.495,292
2026-08-04 14:45:00,CELL-KOL-01,Kolkata,41.83,195.02,0,1.017,388
2026-08-04 13:45:00,CELL-DEL-01,Delhi,28.61,196.73,0,0.116,558
2026-08-01 04:45:00,CELL-CHE-01,Chennai,29.99,150.63,0,0.678,436
2026-08-05 09:00:00,CELL-BLR-01,Bengaluru,40.42,204.33,0,0.738,441
2026-08-03 00:00:00,CELL-CHE-03,Chennai,34.91,293.31,0,0.326,334
2026-08-01 16:45:00,CELL-HYD-02,Hyderabad,35.45,161.34,0,0.96,299
2026-08-05 23:45:00,CELL-CHE-02,Chennai,28.45,125.17,0,1.062,479
2026-08-04 00:45:00,CELL-BLR-03,Bengaluru,,210.17,0,0.563,274
2026-08-05 09:45:00,CELL-MUM-03,Mumbai,51.19,136.46,0,0.93,329
2026-08-02 22:00:00,CELL-BLR-02,Bengaluru,32.68,196.72,0,0.723,664
2026-08-02 08:00:00,CELL-HYD-03,Hyderabad,30.36,155.48,0,0.161,192
2026-08-04 09:00:00,CELL-CHE-03,Chennai,30.83,197.32,0,0.639,443
2026-08-03 10:45:00,CELL-KOL-02,Kolkata,40.89,148.95,0,0.57,281
2026-08-01 10:30:00,CELL-CHE-01,Chennai,36.9,173.42,0,0.392,464
2026-08-04 06:00:00,CELL-HYD-03,Hyderabad,32.65,152.43,0,0.264,441
2026-08-01 12:00:00,CELL-CHE-02,Chennai,36.9,120.45,0,0.587,353
2026-08-05 17:45:00,CELL-MUM-03,Mumbai,37.35,134.74,0,0.545,301
2026-08-05 10:30:00,CELL-CHE-02,Chennai,33.42,125.51,0,0.56,151
2026-08-04 15:00:00,CELL-KOL-03,Kolkata,31.07,193.28,0,0.615,409
2026-08-04 03:00:00,CELL-HYD-03,Hyderabad,31.07,150.0,0,0.717,407
2026-08-03 08:15:00,CELL-HYD-03,Hyderabad,29.44,131.27,0,0.295,388
2026-08-04 08:15:00,CELL-CHE-02,Chennai,33.86,155.57,0,0.48,352
2026-08-03 18:00:00,CELL-CHE-03,Chennai,40.01,186.83,0,0.288,480
2026-08-03 16:15:00,CELL-DEL-01,Delhi,36.15,267.67,0,0.491,405
2026-08-03 02:30:00,CELL-KOL-03,Kolkata,,0.0,15,0.772,9
2026-08-03 09:45:00,CELL-HYD-02,Hyderabad,31.04,154.72,0,0.611,440
2026-08-02 17:00:00,CELL-BLR-01,Bengaluru,49.02,174.52,0,0.763,177
2026-08-03 16:15:00,CELL-KOL-02,Kolkata,38.61,184.74,0,0.686,301
2026-08-05 23:00:00,CELL-BLR-01,Bengaluru,38.06,174.04,0,0.882,442
2026-08-05 09:00:00,CELL-CHE-03,Chennai,38.73,233.6,0,0.303,326
2026-08-04 10:30:00,CELL-KOL-03,Kolkata,31.24,205.97,0,0.648,463
2026-08-04 07:15:00,CELL-DEL-01,Delhi,30.15,245.94,0,0.945,226
2026-08-04 09:30:00,CELL-HYD-01,Hyderabad,33.36,156.16,0,0.768,361
2026-08-05 23:15:00,CELL-BLR-03,Bengaluru,47.43,180.1,0,0.07,269
2026-08-03 21:45:00,CELL-DEL-02,Delhi,43.26,178.12,0,0.829,399
2026-08-02 19:15:00,CELL-KOL-03,Kolkata,39.76,184.12,0,0.803,465
2026-08-02 08:15:00,CELL-KOL-03,Kolkata,31.01,243.01,0,0.233,272
2026-08-02 21:45:00,CELL-MUM-02,Mumbai,52.11,145.11,0,0.738,512
2026-08-04 13:00:00,CELL-MUM-01,Mumbai,37.46,153.54,0,0.601,616
2026-08-05 04:00:00,CELL-DEL-02,Delhi,42.06,224.59,0,0.353,345
2026-08-03 11:15:00,CELL-BLR-03,Bengaluru,54.91,152.45,0,0.707,328
2026-08-03 00:00:00,CELL-BLR-02,Bengaluru,29.13,256.75,0,0.529,347
2026-08-03 05:00:00,CELL-MUM-01,Mumbai,30.36,201.49,0,0.268,220
2026-08-05 21:30:00,CELL-KOL-01,Kolkata,61.04,152.17,0,0.707,368
2026-08-03 22:15:00,CELL-MUM-03,Mumbai,42.92,118.14,0,1.208,209
2026-08-04 03:45:00,CELL-KOL-03,Kolkata,31.77,197.59,0,0.39,277
2026-08-03 09:00:00,CELL-CHE-03,Chennai,38.04,265.88,0,0.352,368
2026-08-01 09:30:00,CELL-BLR-01,Bengaluru,37.8,174.81,0,0.709,274
2026-08-05 17:45:00,CELL-CHE-02,Chennai,28.97,123.68,0,1.263,322
2026-08-02 15:15:00,CELL-MUM-01,Mumbai,29.56,232.02,0,0.449,341
2026-08-02 01:45:00,CELL-DEL-02,Delhi,39.16,255.29,0,0.427,236
2026-08-02 06:30:00,CELL-CHE-02,Chennai,28.61,166.28,0,0.213,304
2026-08-04 14:30:00,CELL-MUM-02,Mumbai,55.27,168.28,0,0.509,380
2026-08-04 00:45:00,CELL-DEL-03,Delhi,27.21,199.13,0,0.722,335
2026-08-05 10:45:00,CELL-DEL-01,Delhi,30.43,219.95,0,0.415,255
2026-08-03 18:45:00,CELL-MUM-01,Mumbai,36.11,169.59,0,0.905,653
2026-08-02 00:15:00,CELL-BLR-02,Bengaluru,27.5,251.36,0,0.835,229
2026-08-02 22:00:00,CELL-MUM-01,Mumbai,37.46,175.93,0,0.569,656
2026-08-03 23:00:00,CELL-BLR-03,Bengaluru,45.34,208.04,0,0.172,364
2026-08-01 00:45:00,CELL-BLR-03,Bengaluru,34.91,199.55,0,0.42,327
2026-08-03 18:15:00,CELL-CHE-03,Chennai,47.16,173.63,0,0.712,546
2026-08-02 01:30:00,CELL-CHE-03,Chennai,26.0,259.8,0,0.687,325
2026-08-05 15:30:00,CELL-BLR-01,Bengaluru,32.99,184.35,0,0.74,200
2026-08-01 21:00:00,CELL-KOL-02,Kolkata,47.47,128.11,0,0.955,335
2026-08-01 23:30:00,CELL-CHE-02,Chennai,32.77,138.78,0,0.619,348
2026-08-04 10:15:00,CELL-KOL-01,Kolkata,41.86,196.58,0,0.466,382
2026-08-01 07:45:00,CELL-HYD-03,Hyderabad,30.16,151.63,0,0.686,282
2026-08-01 08:30:00,CELL-CHE-03,Chennai,37.18,267.93,0,0.991,184
2026-08-05 03:45:00,CELL-DEL-01,Delhi,30.51,254.72,0,0.893,404
2026-08-05 17:00:00,CELL-HYD-01,Hyderabad,31.29,143.57,0,0.665,588
2026-08-03 06:45:00,CELL-DEL-03,Delhi,29.32,188.71,0,0.881,239
2026-08-02 15:00:00,CELL-BLR-03,Bengaluru,43.0,187.38,0,0.405,327
2026-08-03 19:30:00,CELL-MUM-03,Mumbai,61.51,104.23,0,0.516,485
2026-08-04 07:00:00,CELL-DEL-03,Delhi,28.55,180.87,0,0.24,338
2026-08-03 22:45:00,CELL-BLR-01,Bengaluru,42.51,166.82,0,0.217,390
2026-08-02 03:30:00,CELL-CHE-01,Chennai,33.46,214.56,0,0.473,230
2026-08-03 03:45:00,CELL-DEL-02,Delhi,34.45,242.06,0,0.798,254
2026-08-01 00:15:00,CELL-KOL-02,Kolkata,28.27,200.35,0,0.959,189
2026-08-01 20:15:00,CELL-MUM-01,Mumbai,38.12,154.12,0,0.831,568
2026-08-05 20:15:00,CELL-CHE-03,Chennai,48.07,176.9,0,0.846,549
2026-08-03 04:00:00,CELL-HYD-02,Hyderabad,36.49,174.66,0,0.548,219
2026-08-03 14:30:00,CELL-CHE-02,Chennai,28.82,137.92,0,0.159,488
2026-08-02 08:00:00,CELL-DEL-03,Delhi,31.2,216.44,0,0.822,344
2026-08-05 20:30:00,CELL-CHE-02,Chennai,37.15,117.18,0,1.076,562
2026-08-03 20:45:00,CELL-BLR-01,Bengaluru,61.29,130.45,0,0.206,292
2026-08-04 23:00:00,CELL-CHE-03,Chennai,35.63,205.73,0,0.676,242
2026-08-01 16:00:00,CELL-HYD-01,Hyderabad,28.4,170.92,0,0.18,264
2026-08-03 15:30:00,CELL-CHE-03,Chennai,31.67,247.4,0,0.572,497
2026-08-03 14:15:00,CELL-MUM-03,Mumbai,43.79,133.74,0,0.773,368
2026-08-02 13:45:00,CELL-KOL-01,Kolkata,44.9,224.8,0,0.55,473
2026-08-05 08:45:00,CELL-KOL-03,Kolkata,33.72,184.73,0,0.318,299
2026-08-02 09:30:00,CELL-BLR-03,Bengaluru,40.58,192.13,0,0.403,416
2026-08-04 03:45:00,CELL-HYD-01,Hyderabad,32.95,178.36,0,0.555,204
2026-08-02 14:15:00,CELL-MUM-01,Mumbai,31.11,198.34,0,0.738,414
2026-08-04 14:15:00,CELL-BLR-03,Bengaluru,48.78,177.0,0,0.405,413
2026-08-05 11:30:00,CELL-HYD-03,Hyderabad,30.11,102.42,0,1.119,425
2026-08-01 12:15:00,CELL-MUM-01,Mumbai,40.43,181.72,0,0.819,389
2026-08-05 14:15:00,CELL-HYD-01,Hyderabad,39.18,149.3,0,0.26,453
2026-08-03 12:15:00,CELL-DEL-03,Delhi,36.77,164.35,0,0.921,379
2026-08-01 09:45:00,CELL-KOL-01,Kolkata,50.64,173.22,0,0.679,415
2026-08-04 01:30:00,CELL-KOL-02,Kolkata,36.46,204.5,0,0.848,321
2026-08-05 15:00:00,CELL-CHE-01,Chennai,31.09,196.13,0,0.949,333
2026-08-05 22:15:00,CELL-CHE-02,Chennai,39.1,122.41,0,0.512,327
2026-08-03 10:00:00,CELL-HYD-03,Hyderabad,25.64,130.22,0,0.226,339
2026-08-04 15:30:00,CELL-KOL-03,Kolkata,33.41,208.56,0,0.594,332
2026-08-05 08:30:00,CELL-BLR-03,Bengaluru,45.05,162.44,0,0.927,418
2026-08-04 04:15:00,CELL-DEL-01,Delhi,30.34,287.12,0,0.599,398
2026-08-04 15:30:00,CELL-HYD-03,Hyderabad,32.84,129.36,0,0.382,266
2026-08-02 06:15:00,CELL-HYD-03,Hyderabad,32.35,146.56,0,0.549,404
2026-08-03 13:00:00,CELL-MUM-01,Mumbai,31.03,178.03,0,1.299,520
2026-08-01 02:00:00,CELL-HYD-02,Hyderabad,31.54,186.16,0,0.716,336
2026-08-05 02:45:00,CELL-DEL-03,Delhi,35.1,211.32,0,0.613,447
2026-08-02 23:15:00,CELL-MUM-01,Mumbai,37.0,189.13,0,0.634,326
2026-08-03 22:30:00,CELL-CHE-01,Chennai,35.48,128.23,0,0.856,366
2026-08-03 12:30:00,CELL-KOL-03,Kolkata,40.3,193.58,0,0.787,457
2026-08-05 03:45:00,CELL-HYD-03,Hyderabad,23.49,135.27,0,0.656,232
2026-08-05 12:30:00,CELL-HYD-02,Hyderabad,46.74,154.16,0,0.692,327
2026-08-02 18:00:00,CELL-BLR-03,Bengaluru,51.42,149.02,0,0.862,445
2026-08-03 15:00:00,CELL-DEL-01,Delhi,32.13,202.71,0,0.243,253
2026-08-03 11:30:00,CELL-BLR-03,Bengaluru,51.11,156.35,0,0.432,415
2026-08-03 00:30:00,CELL-DEL-02,Delhi,36.17,248.79,0,0.831,341
2026-08-01 00:00:00,CELL-HYD-01,Hyderabad,36.35,194.16,0,0.452,310
2026-08-04 21:30:00,CELL-MUM-01,Mumbai,40.98,185.17,0,0.761,473
2026-08-05 03:45:00,CELL-CHE-03,Chennai,32.53,294.64,0,0.918,276
2026-08-05 11:00:00,CELL-CHE-02,Chennai,35.94,134.29,0,0.572,421
2026-08-04 14:00:00,CELL-BLR-03,Bengaluru,43.69,176.4,0,0.467,361
2026-08-01 08:45:00,CELL-KOL-02,Kolkata,34.09,164.27,0,0.585,340
2026-08-01 03:15:00,CELL-CHE-02,Chennai,23.14,160.3,0,0.478,411
2026-08-04 09:30:00,CELL-CHE-01,Chennai,29.36,148.91,0,0.95,310
2026-08-04 10:45:00,CELL-CHE-02,Chennai,31.72,131.5,0,0.872,383
2026-08-03 02:00:00,CELL-CHE-02,Chennai,31.33,155.79,0,0.359,356
2026-08-04 10:30:00,CELL-HYD-02,Hyderabad,35.4,155.33,0,1.134,362
2026-08-01 21:15:00,CELL-HYD-03,Hyderabad,39.52,114.69,0,0.66,366
2026-08-02 21:30:00,CELL-CHE-02,Chennai,30.47,123.12,0,0.891,599
2026-08-01 21:30:00,CELL-HYD-01,Hyderabad,40.67,124.51,0,1.357,526
2026-08-02 01:45:00,CELL-MUM-03,Mumbai,47.54,108.86,0,0.546,214
2026-08-04 15:00:00,CELL-MUM-03,Mumbai,47.16,131.98,0,0.899,381
2026-08-04 05:30:00,CELL-HYD-03,Hyderabad,27.26,160.37,0,0.494,469
2026-08-05 02:15:00,CELL-CHE-01,Chennai,23.25,191.05,0,0.501,249
2026-08-05 12:45:00,CELL-HYD-01,Hyderabad,36.87,135.94,0,0.58,486
2026-08-02 18:30:00,CELL-BLR-03,Bengaluru,58.88,143.71,0,0.493,518
2026-08-02 22:00:00,CELL-KOL-02,Kolkata,36.48,134.77,0,0.707,488
2026-08-02 00:45:00,CELL-MUM-03,Mumbai,40.91,149.43,0,0.177,256
2026-08-02 07:15:00,CELL-HYD-02,Hyderabad,38.91,203.52,0,0.182,260
2026-08-03 05:00:00,CELL-DEL-02,Delhi,43.49,264.82,0,0.907,235
2026-08-04 22:45:00,CELL-HYD-02,Hyderabad,43.43,185.42,0,0.974,385
2026-08-01 11:00:00,CELL-HYD-03,Hyderabad,32.17,114.02,0,0.008,285
2026-08-02 04:15:00,CELL-HYD-02,Hyderabad,30.97,199.33,0,0.359,313
2026-08-04 15:30:00,CELL-BLR-01,Bengaluru,35.48,181.11,0,1.145,355
2026-08-02 08:15:00,CELL-KOL-01,Kolkata,51.46,185.71,0,0.843,439
2026-08-01 08:15:00,CELL-CHE-01,Chennai,38.12,156.14,0,0.715,244
2026-08-05 23:30:00,CELL-MUM-01,Mumbai,32.69,185.03,0,0.85,361
2026-08-04 06:45:00,CELL-MUM-02,Mumbai,47.56,163.68,0,0.338,449
2026-08-03 06:00:00,CELL-CHE-01,Chennai,32.84,159.89,0,0.357,215
2026-08-03 03:45:00,CELL-KOL-02,Kolkata,31.14,160.89,0,0.63,447
2026-08-03 23:30:00,CELL-BLR-02,Bengaluru,30.56,250.32,0,0.842,386
2026-08-04 23:00:00,CELL-DEL-02,Delhi,48.0,198.72,0,0.798,403
2026-08-02 13:00:00,CELL-MUM-02,Mumbai,43.72,160.25,0,1.417,478
2026-08-02 08:00:00,CELL-HYD-01,Hyderabad,29.9,184.48,0,0.459,276
2026-08-04 14:45:00,CELL-CHE-01,Chennai,31.57,162.34,0,0.461,322
2026-08-05 03:30:00,CELL-MUM-01,Mumbai,30.24,234.82,0,0.46,232
2026-08-05 15:45:00,CELL-CHE-02,Chennai,28.9,155.72,0,0.378,469
2026-08-05 20:00:00,CELL-HYD-03,Hyderabad,54.91,92.13,0,0.86,320
2026-08-02 00:00:00,CELL-DEL-01,Delhi,25.58,292.09,0,0.615,224
2026-08-05 10:15:00,CELL-BLR-01,Bengaluru,37.01,184.32,0,0.587,458
2026-08-02 12:00:00,CELL-KOL-02,Kolkata,31.24,128.52,0,0.127,482
2026-08-01 11:45:00,CELL-DEL-02,Delhi,48.44,169.68,0,0.494,352
2026-08-02 13:00:00,CELL-DEL-02,Delhi,48.17,211.46,0,0.487,290
2026-08-03 09:30:00,CELL-MUM-01,Mumbai,32.97,223.16,0,0.804,373
2026-08-02 06:00:00,CELL-MUM-01,Mumbai,28.78,259.13,0,0.7,273
2026-08-04 18:45:00,CELL-CHE-01,Chennai,41.36,127.0,0,0.761,457
2026-08-04 21:45:00,CELL-HYD-03,Hyderabad,32.62,99.83,0,0.803,396
2026-08-04 07:30:00,CELL-MUM-02,Mumbai,40.25,153.29,0,0.978,444
2026-08-05 12:45:00,CELL-BLR-02,Bengaluru,37.39,198.4,0,1.148,459
2026-08-01 02:30:00,CELL-DEL-02,Delhi,36.78,247.08,0,0.367,159
2026-08-04 22:30:00,CELL-CHE-03,Chennai,41.22,203.07,0,0.767,394
2026-08-03 07:00:00,CELL-HYD-03,Hyderabad,29.17,120.46,0,0.468,372
2026-08-04 14:00:00,CELL-DEL-03,Delhi,38.53,192.0,0,1.445,287
2026-08-02 03:45:00,CELL-KOL-03,Kolkata,32.92,237.15,0,0.702,258
2026-08-05 04:15:00,CELL-CHE-02,Chennai,29.4,192.61,0,0.39,451
2026-08-03 00:15:00,CELL-CHE-01,Chennai,27.82,159.25,0,0.794,273
2026-08-02 18:45:00,CELL-CHE-03,Chennai,45.55,168.5,0,0.815,430
2026-08-03 17:15:00,CELL-HYD-02,Hyderabad,38.93,170.63,0,1.093,346
2026-08-02 13:00:00,CELL-DEL-01,Delhi,38.33,202.5,0,0.732,238
2026-08-05 13:30:00,CELL-MUM-02,Mumbai,46.45,162.92,0,0.918,474
2026-08-01 21:00:00,CELL-HYD-02,Hyderabad,46.93,149.27,0,0.796,461
2026-08-03 14:15:00,CELL-BLR-01,Bengaluru,43.3,175.86,0,0.408,372
2026-08-04 06:30:00,CELL-CHE-02,Chennai,28.24,175.86,0,0.704,356
2026-08-02 19:30:00,CELL-HYD-02,Hyderabad,46.69,131.57,0,1.036,500
2026-08-01 18:00:00,CELL-CHE-02,Chennai,35.74,128.11,0,1.228,541
2026-08-05 07:30:00,CELL-HYD-02,Hyderabad,36.14,219.03,0,0.391,283
2026-08-02 06:00:00,CELL-KOL-01,Kolkata,41.73,219.69,0,0.662,272
2026-08-03 09:15:00,CELL-KOL-01,Kolkata,50.34,196.79,0,0.745,504
2026-08-04 20:00:00,CELL-HYD-02,Hyderabad,61.03,134.29,0,1.041,348
2026-08-02 12:30:00,CELL-DEL-01,Delhi,33.84,215.28,0,0.545,253
2026-08-02 12:00:00,CELL-MUM-03,Mumbai,41.82,128.28,0,0.509,459
2026-08-03 21:00:00,CELL-KOL-03,Kolkata,40.95,169.36,0,0.746,250
2026-08-01 22:30:00,CELL-MUM-02,Mumbai,47.07,141.51,0,0.624,247
2026-08-04 03:00:00,CELL-DEL-03,Delhi,32.89,174.86,0,0.067,338
2026-08-01 20:45:00,CELL-KOL-01,Kolkata,53.01,157.72,0,0.89,676
2026-08-03 04:45:00,CELL-BLR-02,Bengaluru,25.23,272.93,0,0.018,227
2026-08-04 15:45:00,CELL-BLR-02,Bengaluru,25.6,240.54,0,0.642,156
2026-08-01 11:00:00,CELL-MUM-03,Mumbai,48.65,122.15,0,0.475,339
2026-08-01 01:15:00,CELL-HYD-03,Hyderabad,26.37,148.67,0,0.632,338
2026-08-03 02:00:00,CELL-MUM-02,Mumbai,41.1,204.68,0,0.907,253
2026-08-03 12:30:00,CELL-HYD-01,Hyderabad,31.06,128.3,0,0.393,487
2026-08-01 02:00:00,CELL-BLR-03,Bengaluru,43.13,201.64,0,0.706,240
2026-08-04 18:30:00,CELL-MUM-01,Mumbai,38.0,175.72,0,0.446,370
2026-08-01 19:15:00,CELL-KOL-01,Kolkata,73.89,155.36,0,0.8,240
2026-08-02 05:30:00,CELL-KOL-01,Kolkata,38.81,205.99,0,0.517,315
2026-08-04 10:45:00,CELL-KOL-02,Kolkata,38.66,170.0,0,0.201,565
2026-08-05 03:15:00,CELL-BLR-02,Bengaluru,20.92,260.7,0,0.307,232
2026-08-03 19:15:00,CELL-HYD-02,Hyderabad,50.03,152.11,0,1.218,331
2026-08-05 19:45:00,CELL-MUM-03,Mumbai,58.12,106.85,0,0.809,278
2026-08-04 16:30:00,CELL-MUM-03,Mumbai,47.76,144.59,0,0.533,394
2026-08-02 03:30:00,CELL-HYD-02,Hyderabad,33.36,238.54,0,0.477,392
2026-08-02 19:45:00,CELL-KOL-01,Kolkata,69.32,143.96,0,0.438,524
2026-08-02 21:30:00,CELL-MUM-02,Mumbai,57.5,137.09,0,0.398,622
2026-08-03 06:30:00,CELL-KOL-03,Kolkata,26.9,244.87,0,0.365,376
2026-08-05 23:15:00,CELL-HYD-02,Hyderabad,30.84,171.09,0,0.394,257
2026-08-03 19:00:00,CELL-KOL-01,Kolkata,62.27,173.2,0,0.689,388
2026-08-04 09:15:00,CELL-DEL-02,Delhi,49.82,222.97,0,0.743,316
2026-08-02 00:00:00,CELL-DEL-03,Delhi,29.01,220.3,0,0.427,464
2026-08-04 19:15:00,CELL-BLR-03,Bengaluru,53.58,141.72,0,0.58,295
2026-08-05 13:15:00,CELL-BLR-01,Bengaluru,35.99,139.7,0,1.114,373
2026-08-04 18:30:00,CELL-KOL-01,Kolkata,62.72,162.38,0,1.091,517
2026-08-02 06:00:00,CELL-KOL-02,Kolkata,24.76,205.52,0,0.654,283
2026-08-04 12:45:00,CELL-MUM-02,Mumbai,50.28,150.51,0,0.416,356
2026-08-02 06:15:00,CELL-CHE-02,Chennai,28.57,144.23,0,0.33,382
2026-08-01 06:15:00,CELL-MUM-01,Mumbai,25.08,214.36,0,0.744,402
2026-08-05 20:45:00,CELL-HYD-01,Hyderabad,43.12,109.89,0,0.797,478
2026-08-01 09:00:00,CELL-DEL-01,Delhi,28.82,234.3,0,0.153,493
2026-08-04 10:45:00,CELL-CHE-03,Chennai,37.0,253.89,0,0.757,397
2026-08-03 04:45:00,CELL-DEL-01,Delhi,35.54,263.08,0,0.778,370
2026-08-05 11:15:00,CELL-KOL-01,Kolkata,57.09,156.89,0,0.393,381
2026-08-01 18:45:00,CELL-MUM-03,Mumbai,55.14,119.25,0,0.968,458
2026-08-04 17:00:00,CELL-CHE-03,Chennai,33.9,203.45,0,0.903,309
2026-08-02 06:15:00,CELL-DEL-02,Delhi,35.95,273.02,0,0.964,426
2026-08-01 18:30:00,CELL-BLR-01,Bengaluru,45.46,156.11,0,0.586,285
2026-08-02 11:45:00,CELL-KOL-03,Kolkata,45.56,188.84,0,0.696,377
2026-08-02 01:30:00,CELL-BLR-01,Bengaluru,37.4,209.77,0,0.549,178
2026-08-01 16:15:00,CELL-MUM-01,Mumbai,33.44,224.63,0,0.723,139
2026-08-05 14:30:00,CELL-KOL-02,Kolkata,31.11,184.3,0,0.654,201
2026-08-05 10:30:00,CELL-DEL-02,Delhi,47.96,231.21,0,0.69,335
2026-08-04 19:30:00,CELL-CHE-01,Chennai,45.56,109.54,0,1.097,442
2026-08-05 02:15:00,CELL-MUM-01,Mumbai,28.18,212.73,0,0.521,514
2026-08-01 04:00:00,CELL-MUM-03,Mumbai,43.75,140.84,0,0.241,267
2026-08-01 09:00:00,CELL-DEL-03,Delhi,33.5,170.82,0,0.254,485
2026-08-01 02:15:00,CELL-HYD-01,Hyderabad,30.04,181.79,0,0.576,274
2026-08-04 17:00:00,CELL-KOL-02,Kolkata,30.94,151.3,0,0.753,386
2026-08-05 19:30:00,CELL-HYD-03,Hyderabad,42.29,111.81,0,0.664,391
2026-08-05 10:30:00,CELL-BLR-01,Bengaluru,47.46,158.98,0,0.639,127
2026-08-03 19:45:00,CELL-MUM-01,Mumbai,40.39,144.43,0,0.654,578
2026-08-05 23:00:00,CELL-MUM-01,Mumbai,35.33,174.22,0,0.411,223
2026-08-04 21:30:00,CELL-HYD-01,Hyderabad,42.6,124.12,0,1.451,634
2026-08-01 13:15:00,CELL-KOL-02,Kolkata,37.38,161.47,0,0.584,384
2026-08-05 15:00:00,CELL-MUM-01,Mumbai,38.16,220.79,0,0.268,197
2026-08-01 21:45:00,CELL-KOL-02,Kolkata,40.84,130.04,0,0.641,598
2026-08-05 11:15:00,CELL-KOL-02,Kolkata,35.31,165.1,0,0.692,567
2026-08-01 07:30:00,CELL-BLR-02,Bengaluru,34.74,253.76,0,0.948,336
2026-08-05 00:45:00,CELL-HYD-01,Hyderabad,30.18,176.73,0,0.592,276
2026-08-03 22:00:00,CELL-BLR-02,Bengaluru,33.39,250.91,0,0.435,358
2026-08-04 16:45:00,CELL-DEL-01,Delhi,37.81,220.13,0,0.61,489
2026-08-05 21:30:00,CELL-BLR-01,Bengaluru,44.09,172.26,0,0.472,378
2026-08-04 22:30:00,CELL-BLR-01,Bengaluru,48.44,150.94,0,0.174,374
2026-08-04 11:30:00,CELL-KOL-01,Kolkata,52.75,184.92,0,0.623,472
2026-08-04 06:15:00,CELL-CHE-03,Chennai,34.53,235.42,0,0.703,215
2026-08-02 14:15:00,CELL-KOL-01,Kolkata,50.63,176.9,0,0.715,399
2026-08-03 15:00:00,CELL-CHE-01,Chennai,37.36,153.01,0,0.044,475
2026-08-01 14:00:00,CELL-CHE-03,Chennai,40.31,235.53,0,0.774,412
2026-08-04 16:30:00,CELL-DEL-03,Delhi,34.82,166.0,0,0.607,377
2026-08-02 08:45:00,CELL-BLR-01,Bengaluru,43.72,176.4,0,1.01,222
2026-08-04 13:00:00,CELL-DEL-02,Delhi,51.77,194.14,0,0.393,436
2026-08-05 18:45:00,CELL-BLR-02,Bengaluru,40.26,172.18,0,0.652,262
2026-08-05 20:45:00,CELL-MUM-01,Mumbai,40.45,172.97,0,0.877,494
2026-08-01 15:30:00,CELL-BLR-02,Bengaluru,33.34,254.35,0,0.241,312
2026-08-03 15:45:00,CELL-BLR-01,Bengaluru,34.74,175.43,0,0.495,524
2026-08-05 14:45:00,CELL-MUM-01,Mumbai,37.05,212.32,0,1.238,477
2026-08-03 22:00:00,CELL-KOL-02,Kolkata,32.48,143.92,0,1.031,440
2026-08-03 07:30:00,CELL-MUM-03,Mumbai,36.6,152.63,0,0.53,314
2026-08-05 04:45:00,CELL-KOL-02,Kolkata,32.35,184.56,0,0.531,335
2026-08-02 21:15:00,CELL-BLR-01,Bengaluru,48.96,149.1,0,0.626,412
2026-08-02 21:00:00,CELL-CHE-02,Chennai,37.1,124.4,0,0.998,546
2026-08-03 11:15:00,CELL-KOL-02,Kolkata,33.34,147.37,0,0.442,461
2026-08-01 06:45:00,CELL-MUM-01,Mumbai,32.36,246.24,0,0.539,432
2026-08-04 08:15:00,CELL-BLR-03,Bengaluru,39.79,179.37,0,0.666,336
2026-08-03 18:30:00,CELL-HYD-02,Hyderabad,46.37,152.65,0,1.132,289
2026-08-04 01:30:00,CELL-HYD-01,Hyderabad,32.06,174.01,0,0.643,236
2026-08-03 21:15:00,CELL-MUM-03,Mumbai,54.68,111.3,0,0.282,397
2026-08-01 05:45:00,CELL-DEL-02,Delhi,37.63,254.79,0,0.954,343
2026-08-03 02:45:00,CELL-CHE-02,Chennai,29.14,152.16,0,0.488,292
2026-08-02 21:30:00,CELL-KOL-01,Kolkata,64.27,144.91,0,1.031,469
2026-08-04 13:45:00,CELL-HYD-03,Hyderabad,38.95,145.22,0,1.022,262
2026-08-01 22:00:00,CELL-DEL-02,Delhi,51.45,176.2,0,0.087,297
2026-08-05 11:30:00,CELL-BLR-02,Bengaluru,29.04,193.6,0,0.345,472
2026-08-05 21:45:00,CELL-BLR-03,Bengaluru,46.5,142.63,0,1.307,406
2026-08-03 01:30:00,CELL-DEL-02,Delhi,34.55,202.84,0,0.34,307
2026-08-05 19:00:00,CELL-KOL-01,Kolkata,58.92,146.1,0,0.897,639
2026-08-04 02:00:00,CELL-BLR-03,Bengaluru,40.39,188.06,0,0.756,361
2026-08-05 09:00:00,CELL-HYD-02,Hyderabad,33.85,168.79,0,0.459,411
2026-08-05 01:30:00,CELL-DEL-03,Delhi,36.81,171.66,0,0.807,415
2026-08-04 16:00:00,CELL-KOL-02,Kolkata,32.35,159.8,0,0.568,404
2026-08-02 02:45:00,CELL-KOL-02,Kolkata,27.89,168.99,0,0.374,293
2026-08-04 11:00:00,CELL-HYD-01,Hyderabad,35.14,138.87,0,0.928,312
2026-08-02 21:00:00,CELL-MUM-01,Mumbai,40.34,149.24,0,0.73,573
2026-08-03 16:00:00,CELL-CHE-01,Chennai,32.55,153.27,0,0.455,14
2026-08-05 23:45:00,CELL-DEL-01,Delhi,30.54,265.57,0,0.624,395
2026-08-01 16:15:00,CELL-KOL-02,Kolkata,33.09,179.1,0,0.412,360
2026-08-02 18:30:00,CELL-KOL-03,Kolkata,37.08,171.09,0,0.537,604
2026-08-02 15:30:00,CELL-CHE-02,Chennai,34.84,130.03,0,0.608,526
2026-08-05 22:30:00,CELL-BLR-03,Bengaluru,51.2,153.91,0,0.476,249
2026-08-02 15:45:00,CELL-MUM-01,Mumbai,34.94,192.01,0,0.785,533
2026-08-01 22:30:00,CELL-KOL-02,Kolkata,40.3,156.39,0,0.298,502
2026-08-03 13:30:00,CELL-MUM-03,Mumbai,43.43,149.6,0,0.939,400
2026-08-01 01:00:00,CELL-HYD-01,Hyderabad,25.68,161.45,0,0.523,255
2026-08-01 19:15:00,CELL-CHE-03,Chennai,51.03,176.74,0,1.168,374
2026-08-04 02:30:00,CELL-MUM-03,Mumbai,45.25,156.95,0,0.726,212
2026-08-04 23:00:00,CELL-MUM-03,Mumbai,47.01,114.93,0,0.62,434
2026-08-01 11:15:00,CELL-HYD-02,Hyderabad,53.39,166.27,0,0.67,257
2026-08-04 21:45:00,CELL-KOL-01,Kolkata,56.01,129.57,0,0.733,520
2026-08-02 15:15:00,CELL-CHE-03,Chennai,36.9,219.3,0,0.365,290
2026-08-05 11:45:00,CELL-HYD-02,Hyderabad,40.47,157.34,0,1.155,506
2026-08-05 21:00:00,CELL-KOL-03,Kolkata,38.49,130.43,0,0.816,294
2026-08-03 00:00:00,CELL-MUM-02,Mumbai,45.37,185.81,0,1.081,241
2026-08-04 02:30:00,CELL-KOL-02,Kolkata,31.12,187.96,0,0.492,250
2026-08-03 03:45:00,CELL-BLR-02,Bengaluru,29.25,260.28,0,0.301,329
2026-08-04 18:30:00,CELL-CHE-02,Chennai,40.75,121.34,0,1.045,353
2026-08-04 17:00:00,CELL-BLR-03,Bengaluru,43.26,176.26,0,1.046,380
2026-08-01 21:30:00,CELL-HYD-02,Hyderabad,45.23,128.54,0,0.443,370
2026-08-02 15:00:00,CELL-MUM-01,Mumbai,25.87,188.42,0,0.519,393
2026-08-05 10:15:00,CELL-HYD-01,Hyderabad,,167.09,0,0.966,193
2026-08-02 14:45:00,CELL-HYD-03,Hyderabad,32.01,140.56,0,0.578,288
2026-08-04 03:45:00,CELL-HYD-02,Hyderabad,29.45,173.58,0,0.876,168
2026-08-03 16:30:00,CELL-BLR-02,Bengaluru,32.46,234.92,0,0.611,477
2026-08-01 23:00:00,CELL-DEL-03,Delhi,36.76,155.15,0,0.866,505
2026-08-04 01:45:00,CELL-HYD-02,Hyderabad,40.3,169.32,0,0.441,345
2026-08-01 16:00:00,CELL-DEL-01,Delhi,28.57,252.99,0,1.21,385
2026-08-03 14:00:00,CELL-MUM-03,Mumbai,49.12,139.72,0,0.841,444
2026-08-02 07:15:00,CELL-KOL-01,Kolkata,45.33,182.46,0,0.523,369
2026-08-02 13:30:00,CELL-CHE-03,Chennai,38.84,195.13,0,0.306,340
2026-08-01 13:30:00,CELL-DEL-02,Delhi,43.61,209.93,0,0.721,490
2026-08-05 10:30:00,CELL-HYD-02,Hyderabad,45.7,155.92,0,0.036,392
2026-08-02 20:15:00,CELL-KOL-01,Kolkata,66.0,149.59,0,0.512,632
2026-08-01 18:00:00,CELL-MUM-03,Mumbai,58.45,117.52,0,0.535,346
2026-08-01 03:00:00,CELL-DEL-03,Delhi,26.19,178.86,0,0.52,126
2026-08-05 06:00:00,CELL-CHE-02,Chennai,27.03,140.49,0,0.475,207
2026-08-04 18:15:00,CELL-MUM-03,Mumbai,47.51,116.58,0,0.323,470
2026-08-02 07:45:00,CELL-CHE-02,Chennai,32.42,185.84,0,0.668,418
2026-08-04 06:00:00,CELL-MUM-02,Mumbai,42.09,173.47,0,1.026,116
2026-08-03 16:15:00,CELL-HYD-03,Hyderabad,33.93,120.79,0,0.877,281
2026-08-03 10:45:00,CELL-HYD-03,Hyderabad,32.02,125.62,0,0.366,357
2026-08-04 19:45:00,CELL-CHE-01,Chennai,49.59,126.79,0,0.868,508
2026-08-02 12:15:00,CELL-CHE-01,Chennai,37.74,139.24,0,0.614,245
2026-08-02 06:45:00,CELL-DEL-01,Delhi,30.33,251.64,0,0.255,301
2026-08-03 22:45:00,CELL-KOL-02,Kolkata,30.69,181.23,0,0.53,345
2026-08-02 15:15:00,CELL-CHE-01,Chennai,31.03,167.66,0,0.689,253
2026-08-05 11:30:00,CELL-CHE-02,Chennai,38.19,134.25,0,0.391,374
2026-08-03 11:45:00,CELL-MUM-01,Mumbai,33.95,203.21,0,0.767,333
2026-08-03 06:15:00,CELL-BLR-01,Bengaluru,36.8,186.17,0,0.592,147
2026-08-04 04:15:00,CELL-KOL-03,Kolkata,26.59,264.16,0,0.376,403
2026-08-01 17:30:00,CELL-MUM-03,Mumbai,48.58,141.84,0,0.366,342
2026-08-04 23:00:00,CELL-HYD-02,Hyderabad,46.97,190.57,0,0.621,333
2026-08-05 03:45:00,CELL-HYD-01,Hyderabad,27.17,189.86,0,0.596,543
2026-08-05 10:00:00,CELL-HYD-02,Hyderabad,32.45,185.41,0,0.452,268
2026-08-05 14:15:00,CELL-HYD-03,Hyderabad,33.05,156.02,0,0.587,332
2026-08-04 01:00:00,CELL-DEL-03,Delhi,29.23,189.21,0,0.737,367
2026-08-04 00:00:00,CELL-CHE-01,Chennai,37.51,199.26,0,0.413,173
2026-08-04 01:15:00,CELL-HYD-01,Hyderabad,29.53,137.22,0,0.355,279
2026-08-02 10:00:00,CELL-DEL-03,Delhi,35.65,159.47,0,0.744,320
2026-08-01 02:45:00,CELL-KOL-03,Kolkata,35.03,252.66,0,0.663,323
2026-08-05 23:00:00,CELL-KOL-01,Kolkata,44.72,185.0,0,1.046,402
2026-08-04 20:15:00,CELL-CHE-02,Chennai,87.04,110.23,0,0.492,462
2026-08-03 10:15:00,CELL-CHE-03,Chennai,43.3,232.59,0,0.59,396
2026-08-03 11:00:00,CELL-BLR-02,Bengaluru,28.0,210.45,0,0.527,460
2026-08-03 12:45:00,CELL-CHE-02,Chennai,30.75,122.21,0,0.743,420
2026-08-04 14:30:00,CELL-DEL-03,Delhi,33.81,171.37,0,0.802,238
2026-08-03 20:45:00,CELL-MUM-03,Mumbai,60.52,108.08,0,0.63,467
2026-08-03 12:30:00,CELL-MUM-01,Mumbai,41.69,176.52,0,0.285,352
2026-08-02 16:00:00,CELL-DEL-03,Delhi,35.45,172.67,0,0.655,188
2026-08-05 04:15:00,CELL-CHE-01,Chennai,34.08,177.92,0,0.312,310
2026-08-03 10:00:00,CELL-BLR-01,Bengaluru,44.12,167.08,0,0.208,273
2026-08-04 13:30:00,CELL-MUM-03,Mumbai,53.62,140.49,0,0.606,375
2026-08-01 11:00:00,CELL-CHE-01,Chennai,39.06,121.81,0,0.777,470
2026-08-01 05:00:00,CELL-DEL-02,Delhi,43.61,265.75,0,0.646,309
2026-08-05 11:30:00,CELL-CHE-03,Chennai,42.92,188.48,0,0.681,387
2026-08-05 02:00:00,CELL-KOL-01,Kolkata,44.12,207.62,0,0.17,304
2026-08-01 09:15:00,CELL-CHE-03,Chennai,39.46,212.59,0,0.359,451
2026-08-05 09:45:00,CELL-HYD-03,Hyderabad,35.89,131.85,0,0.702,212
2026-08-01 13:15:00,CELL-DEL-02,Delhi,46.82,221.63,0,0.41,254
2026-08-01 01:30:00,CELL-BLR-02,Bengaluru,28.09,252.07,0,0.701,379
2026-08-02 18:00:00,CELL-MUM-03,Mumbai,52.28,133.99,0,1.03,440
2026-08-01 12:30:00,CELL-CHE-03,Chennai,36.54,204.66,0,0.724,460
2026-08-01 23:45:00,CELL-MUM-02,Mumbai,44.39,193.91,0,0.453,275
2026-08-04 19:45:00,CELL-BLR-01,Bengaluru,46.92,134.79,0,0.286,295
2026-08-02 07:30:00,CELL-CHE-01,Chennai,28.64,194.76,0,0.633,240
2026-08-05 15:30:00,CELL-KOL-03,Kolkata,31.93,219.52,0,0.767,345
2026-08-03 14:30:00,CELL-MUM-02,Mumbai,44.58,173.95,0,0.553,382
2026-08-04 09:45:00,CELL-CHE-02,Chennai,32.13,136.63,0,0.923,152
2026-08-04 04:00:00,CELL-MUM-02,Mumbai,46.33,188.12,0,0.576,273
2026-08-04 08:15:00,CELL-KOL-02,Kolkata,32.8,162.4,0,0.186,289
2026-08-04 23:45:00,CELL-BLR-02,Bengaluru,27.8,212.5,0,0.562,442
2026-08-03 22:45:00,CELL-HYD-02,Hyderabad,39.04,176.86,0,0.423,303
2026-08-05 08:45:00,CELL-KOL-03,Kolkata,33.72,184.73,0,0.318,299
2026-08-04 06:30:00,CELL-BLR-03,Bengaluru,40.78,211.81,0,1.008,288
2026-08-04 03:15:00,CELL-HYD-02,Hyderabad,35.48,199.95,0,0.545,143
2026-08-01 04:15:00,CELL-MUM-03,Mumbai,44.63,177.64,0,0.354,496
2026-08-01 23:15:00,CELL-KOL-03,Kolkata,37.43,193.77,0,1.022,221
2026-08-03 17:00:00,CELL-MUM-02,Mumbai,46.7,183.59,0,0.451,390
2026-08-03 19:45:00,CELL-MUM-03,Mumbai,61.19,93.23,0,1.653,524
2026-08-01 19:00:00,CELL-BLR-01,Bengaluru,54.07,138.67,0,0.708,230
2026-08-04 03:45:00,CELL-CHE-03,Chennai,31.85,265.4,0,0.413,329
2026-08-04 18:00:00,CELL-CHE-03,Chennai,40.79,221.0,0,0.922,423
2026-08-04 23:00:00,CELL-HYD-01,Hyderabad,39.13,156.97,0,0.204,523
2026-08-03 23:45:00,CELL-KOL-03,Kolkata,30.82,207.14,0,0.36,291
2026-08-03 02:30:00,CELL-CHE-02,Chennai,28.86,147.61,0,0.555,477
2026-08-01 04:30:00,CELL-KOL-03,Kolkata,31.77,219.51,0,0.341,297
2026-08-05 02:15:00,CELL-CHE-03,Chennai,39.39,221.25,0,0.576,222
2026-08-03 17:00:00,CELL-KOL-03,Kolkata,36.84,191.46,0,0.399,249
2026-08-03 22:15:00,CELL-HYD-02,Hyderabad,37.86,168.61,0,0.271,501
2026-08-01 08:45:00,CELL-DEL-02,Delhi,43.93,215.19,0,0.509,429
2026-08-01 22:00:00,CELL-MUM-01,Mumbai,40.7,188.24,0,0.785,345
2026-08-02 11:15:00,CELL-MUM-03,Mumbai,46.57,120.85,0,0.179,427
2026-08-03 17:30:00,CELL-BLR-01,Bengaluru,51.68,153.73,0,1.158,448
2026-08-02 14:45:00,CELL-DEL-03,Delhi,29.83,187.04,0,0.743,426
2026-08-02 23:30:00,CELL-DEL-01,Delhi,33.69,263.08,0,0.617,234
2026-08-01 10:45:00,CELL-DEL-03,Delhi,36.46,169.98,0,0.628,488
2026-08-03 09:00:00,CELL-DEL-03,Delhi,30.22,172.13,0,0.666,340
2026-08-03 14:15:00,CELL-CHE-01,Chennai,33.23,161.11,0,0.362,294
2026-08-05 08:15:00,CELL-BLR-03,Bengaluru,42.53,171.24,0,0.783,225
2026-08-02 09:00:00,CELL-HYD-01,Hyderabad,29.1,166.0,0,0.764,324
2026-08-04 19:45:00,CELL-MUM-02,Mumbai,64.42,107.97,0,1.045,414
2026-08-04 21:15:00,CELL-DEL-03,Delhi,44.22,124.95,0,0.693,320
2026-08-04 21:00:00,CELL-BLR-01,Bengaluru,57.28,122.93,0,1.319,446
2026-08-02 16:15:00,CELL-CHE-02,Chennai,28.87,171.29,0,0.968,218
2026-08-02 06:15:00,CELL-MUM-01,Mumbai,31.76,267.28,0,0.56,266
2026-08-01 06:45:00,CELL-CHE-02,Chennai,28.44,154.03,0,1.122,287
2026-08-05 17:15:00,CELL-DEL-03,Delhi,33.42,135.74,0,0.693,340
2026-08-04 03:15:00,CELL-MUM-03,Mumbai,38.92,186.45,0,0.496,330
2026-08-03 09:15:00,CELL-KOL-02,Kolkata,31.88,156.31,0,0.23,323
2026-08-04 02:00:00,CELL-HYD-01,Hyderabad,25.43,181.17,0,0.492,405
2026-08-04 23:00:00,CELL-CHE-02,Chennai,35.44,131.67,0,0.336,405
2026-08-03 21:00:00,CELL-HYD-03,Hyderabad,36.22,98.0,0,0.644,491
2026-08-02 18:15:00,CELL-BLR-01,Bengaluru,51.29,167.91,0,0.997,185
2026-08-02 11:15:00,CELL-HYD-01,Hyderabad,37.32,140.84,0,1.016,709
2026-08-03 13:15:00,CELL-MUM-03,Mumbai,47.74,134.9,0,0.945,484
2026-08-03 07:30:00,CELL-HYD-03,Hyderabad,32.45,134.5,0,0.468,352
2026-08-01 15:15:00,CELL-CHE-03,Chennai,36.63,218.61,0,0.338,313
2026-08-02 21:30:00,CELL-BLR-02,Bengaluru,41.73,170.64,0,0.793,459
2026-08-05 03:15:00,CELL-HYD-03,Hyderabad,23.19,149.23,0,0.358,197
2026-08-05 18:30:00,CELL-KOL-02,Kolkata,45.97,139.74,0,1.116,217
2026-08-02 13:45:00,CELL-MUM-03,Mumbai,58.38,154.03,0,0.931,389
2026-08-05 20:00:00,CELL-MUM-01,Mumbai,50.68,134.61,0,1.296,558
2026-08-05 20:45:00,CELL-DEL-01,Delhi,46.81,178.25,0,0.206,331
2026-08-01 17:30:00,CELL-BLR-02,Bengaluru,34.81,221.13,0,0.972,423
2026-08-01 04:45:00,CELL-DEL-02,Delhi,49.24,231.71,0,1.191,427
2026-08-04 04:45:00,CELL-DEL-03,Delhi,24.93,180.0,0,0.278,320
2026-08-05 01:30:00,CELL-MUM-02,Mumbai,43.17,206.11,0,0.463,308
2026-08-04 14:45:00,CELL-CHE-02,Chennai,33.14,134.47,0,0.872,140
2026-08-05 14:30:00,CELL-BLR-03,Bengaluru,50.44,173.03,0,0.388,284
2026-08-04 09:45:00,CELL-DEL-01,Delhi,31.48,241.02,0,0.26,279
2026-08-04 06:00:00,CELL-KOL-01,Kolkata,35.92,180.13,0,0.637,282
2026-08-05 05:15:00,CELL-CHE-01,Chennai,35.86,156.19,0,0.536,408
2026-08-04 22:00:00,CELL-HYD-03,Hyderabad,41.04,99.95,0,0.888,390
2026-08-02 06:30:00,CELL-CHE-03,Chennai,34.43,254.8,0,0.673,332
2026-08-01 12:45:00,CELL-BLR-01,Bengaluru,35.54,181.84,0,0.534,416
2026-08-05 09:15:00,CELL-HYD-03,Hyderabad,30.13,132.34,0,0.519,157
2026-08-03 00:45:00,CELL-CHE-02,Chennai,30.21,163.65,0,0.324,384
2026-08-01 05:15:00,CELL-MUM-03,Mumbai,37.96,150.36,0,0.687,180
2026-08-04 21:30:00,CELL-KOL-03,Kolkata,41.15,160.65,0,1.318,424
2026-08-02 14:30:00,CELL-KOL-03,Kolkata,29.27,211.94,0,0.621,373
2026-08-04 19:00:00,CELL-DEL-02,Delhi,50.49,179.02,0,1.21,686
2026-08-03 18:00:00,CELL-HYD-01,Hyderabad,31.55,125.06,0,0.677,514
2026-08-01 10:45:00,CELL-HYD-03,Hyderabad,29.23,128.34,0,0.698,324
2026-08-02 06:00:00,CELL-KOL-03,Kolkata,27.9,225.01,0,0.792,337
2026-08-04 04:30:00,CELL-MUM-03,Mumbai,38.53,131.89,0,0.525,314
2026-08-03 16:15:00,CELL-CHE-03,Chennai,31.69,195.77,0,0.256,307
2026-08-01 18:45:00,CELL-DEL-01,Delhi,37.88,176.97,0,0.16,514
2026-08-01 13:15:00,CELL-DEL-03,Delhi,33.16,161.94,0,0.828,343
2026-08-02 02:45:00,CELL-HYD-01,Hyderabad,33.15,159.48,0,0.301,241
2026-08-05 20:45:00,CELL-DEL-03,Delhi,46.18,149.03,0,0.601,736
2026-08-01 13:15:00,CELL-BLR-02,Bengaluru,34.33,205.65,0,0.435,544
2026-08-02 10:45:00,CELL-KOL-02,Kolkata,42.0,152.01,0,0.698,380
2026-08-04 17:15:00,CELL-MUM-02,Mumbai,53.66,160.06,0,1.042,374
2026-08-01 05:30:00,CELL-MUM-01,Mumbai,31.97,206.7,0,0.585,308
2026-08-01 15:30:00,CELL-BLR-03,Bengaluru,43.8,184.76,0,0.525,244
2026-08-02 22:30:00,CELL-CHE-03,Chennai,34.7,216.26,0,0.811,291
2026-08-02 14:15:00,CELL-DEL-01,Delhi,31.45,221.02,0,0.529,442
2026-08-02 05:00:00,CELL-BLR-01,Bengaluru,35.55,238.49,0,0.593,243
2026-08-05 00:30:00,CELL-DEL-02,Delhi,33.78,224.83,0,0.41,220
2026-08-01 04:00:00,CELL-HYD-02,Hyderabad,30.91,178.06,0,0.792,283
2026-08-01 18:30:00,CELL-DEL-01,Delhi,40.72,183.14,0,0.711,368
2026-08-04 12:30:00,CELL-DEL-01,Delhi,35.39,192.92,0,0.789,411
