customer_id,month,data_gb,voice_min,intl_min,sms_count,revenue_inr,failed_payment_count,days_active
SUB101624,2026-06,34.75,49,1,22,506.86,0,26
SUB102680,2026-06,5.87,146,5,5,230.31,0,26
SUB102292,2026-02,5.28,134,3,19,129.74,0,28
SUB101409,2026-02,1.71,505,2,9,105.97,0,26
SUB101802,2026-07,2.81,260,2,13,150.03,0,26
SUB100597,2026-06,15.53,265,4,15,333.63,0,27
SUB100256,2026-04,10.54,335,1,3,354.71,0,29
SUB102807,2026-05,7.16,525,1,3,226.72,0,29
SUB100950,2026-02,3.72,126,0,10,266.9,0,28
SUB101595,2026-07,1.4,412,1,10,175.21,0,27
SUB102697,2026-07,0.73,70,2,5,237.0,1,28
SUB103182,2026-02,5.3,175,1,10,133.45,0,28
SUB102698,2026-07,19.02,732,0,11,328.27,0,27
SUB100267,2026-02,6.72,59,3,8,282.97,1,29
SUB100789,2026-06,6.71,180,3,13,175.35,0,30
SUB101890,2026-02,8.0,200,0,7,307.94,0,27
SUB102380,2026-06,10.39,120,2,14,286.58,1,27
SUB102973,2026-03,12.21,95,1,7,301.31,0,26
SUB102120,2026-03,14.19,183,4,9,449.84,0,30
SUB102937,2026-07,9.53,150,1,17,355.35,0,28
SUB101607,2026-03,2.78,374,3,16,113.48,0,26
SUB101803,2026-02,15.42,44,3,10,179.06,0,27
SUB100667,2026-07,2.76,114,2,12,210.91,0,28
SUB102869,2026-06,27.49,54,4,2,363.18,0,30
SUB103099,2026-04,5.47,404,4,11,251.07,1,29
SUB101411,2026-07,24.69,196,0,14,403.65,0,28
SUB100925,2026-07,2.8,208,0,15,230.59,0,27
SUB101947,2026-02,17.78,307,1,19,425.46,0,27
SUB102952,2026-06,16.87,69,1,17,408.05,0,30
SUB101458,2026-07,3.73,106,3,9,225.37,0,26
SUB100417,2026-06,2.41,549,1,10,192.98,0,29
SUB102520,2026-02,9.23,74,3,7,217.47,0,27
SUB100115,2026-02,8.04,15,1,23,195.71,0,26
SUB100427,2026-03,10.15,273,0,15,255.4,0,29
SUB101020,2026-05,2.25,102,2,8,264.42,0,29
SUB102174,2026-03,4.24,235,1,16,286.31,0,29
SUB102468,2026-05,13.5,234,5,8,331.31,1,27
SUB102152,2026-07,8.49,60,2,12,241.07,0,28
SUB101078,2026-07,1.01,205,1,8,110.44,0,26
SUB100011,2026-07,6.48,88,4,15,423.8,0,28
SUB101327,2026-03,15.64,93,1,11,476.64,0,30
SUB101206,2026-02,13.26,87,2,14,275.76,0,26
SUB102091,2026-02,5.62,221,3,7,285.09,0,27
SUB101031,2026-03,6.08,71,2,12,304.59,0,30
SUB100862,2026-07,8.31,436,1,11,192.21,0,28
SUB100710,2026-05,22.21,97,1,6,479.63,0,26
SUB100794,2026-06,8.2,122,4,13,142.76,0,28
SUB100295,2026-05,8.44,113,4,10,353.11,0,28
SUB100493,2026-02,6.14,145,1,24,264.71,0,27
SUB102741,2026-04,30.19,158,1,7,350.51,1,26
SUB102899,2026-07,5.64,76,2,19,220.61,0,29
SUB101519,2026-02,11.31,492,3,6,351.38,0,29
SUB101005,2026-05,7.69,84,3,4,292.37,0,30
SUB102240,2026-05,0.38,56,1,8,140.08,0,26
SUB101285,2026-02,5.44,292,2,8,313.37,0,30
SUB102971,2026-03,4.47,238,0,14,196.62,0,28
SUB100503,2026-04,11.19,764,0,9,275.1,0,28
SUB101039,2026-07,13.92,124,0,8,331.05,0,27
SUB101367,2026-06,3.75,272,3,5,243.82,0,29
SUB102586,2026-04,5.06,168,2,13,163.82,0,30
SUB100825,2026-06,7.81,441,1,4,166.48,0,26
SUB102121,2026-05,28.64,191,1,13,482.98,0,30
SUB103057,2026-06,10.42,495,2,10,246.87,0,28
SUB101985,2026-04,6.35,130,2,8,240.52,0,29
SUB102641,2026-04,1.76,60,1,11,140.15,0,28
SUB100975,2026-06,2.34,502,0,12,176.95,0,28
SUB101650,2026-03,7.57,60,6,13,335.8,0,30
SUB102997,2026-04,1.96,58,2,15,160.22,1,28
SUB102803,2026-07,1.28,117,3,13,310.92,0,30
SUB100117,2026-05,1.08,311,1,10,202.18,0,30
SUB101889,2026-06,4.77,67,1,10,285.43,0,26
SUB102948,2026-07,9.67,16,3,8,230.1,0,27
SUB102277,2026-07,8.95,41,1,14,311.47,1,30
SUB102050,2026-04,9.78,589,5,14,452.2,1,29
SUB100964,2026-03,2.02,628,4,8,169.98,0,29
SUB101983,2026-07,14.52,100,3,16,258.47,0,28
SUB102241,2026-06,1.76,665,2,5,164.41,0,29
SUB101377,2026-03,1.77,41,4,7,157.42,1,26
SUB100186,2026-04,24.21,232,5,13,506.37,0,26
SUB101589,2026-03,18.29,293,0,18,268.39,0,30
SUB102828,2026-05,7.76,533,3,18,342.97,0,30
SUB102771,2026-05,9.85,644,0,20,454.73,0,30
SUB102969,2026-03,19.59,251,4,9,416.82,0,28
SUB102795,2026-02,9.66,128,3,10,401.09,0,28
SUB101801,2026-04,5.99,201,0,8,291.73,0,28
SUB101169,2026-02,49.22,125,1,11,499.42,0,28
SUB100229,2026-06,4.0,37,2,17,186.29,0,26
SUB102298,2026-03,4.54,103,0,8,165.19,0,30
SUB102967,2026-03,8.88,306,4,6,299.92,0,27
SUB102446,2026-02,16.79,155,0,10,368.52,1,29
SUB100786,2026-04,4.41,85,0,7,252.22,0,26
SUB100577,2026-05,1.33,27,2,20,182.05,0,28
SUB102685,2026-07,5.89,303,2,17,152.05,0,30
SUB102976,2026-03,4.62,343,0,9,222.65,0,28
SUB101916,2026-02,11.48,208,4,11,191.19,0,29
SUB102059,2026-02,10.11,99,2,11,320.58,0,27
SUB102490,2026-02,17.35,363,0,13,216.71,0,26
SUB100643,2026-04,10.61,512,1,9,196.37,0,28
SUB100206,2026-04,6.7,128,1,8,267.21,0,26
SUB101151,2026-07,9.23,139,4,14,295.41,0,27
SUB103074,2026-02,7.91,306,3,8,183.75,0,29
SUB100442,2026-03,12.69,446,3,12,332.18,0,27
SUB102964,2026-03,17.8,149,0,13,422.61,0,29
SUB101873,2026-07,7.17,136,1,3,172.23,0,29
SUB102958,2026-02,10.81,154,1,17,377.42,0,27
SUB103006,2026-03,3.96,43,4,12,87.38,0,26
SUB102958,2026-06,13.95,167,2,15,326.49,0,28
SUB101205,2026-06,11.77,247,7,16,201.01,0,30
SUB100727,2026-06,9.52,481,1,9,261.07,0,29
SUB103061,2026-07,0.92,171,2,9,134.9,0,26
SUB103131,2026-05,9.92,79,1,7,241.08,0,30
SUB101777,2026-05,18.46,272,1,20,338.38,0,26
SUB102880,2026-05,6.21,55,1,13,453.97,1,29
SUB102234,2026-07,7.32,313,5,14,223.87,0,27
SUB102420,2026-06,16.14,280,2,10,254.91,0,30
SUB100279,2026-02,2.17,194,2,1,220.7,0,26
SUB101051,2026-06,1.4,140,6,13,153.18,0,27
SUB100715,2026-03,6.11,62,4,8,364.38,0,30
SUB100579,2026-05,9.15,311,3,18,308.33,0,26
SUB100010,2026-05,1.26,65,1,16,231.64,0,29
SUB101929,2026-05,6.28,121,0,14,240.77,0,28
SUB102286,2026-05,9.35,51,1,2,253.34,0,26
SUB102601,2026-05,17.48,447,3,11,462.42,0,27
SUB102919,2026-06,2.1,67,0,9,251.41,0,29
SUB102610,2026-07,4.14,315,3,17,274.22,1,30
SUB101368,2026-02,13.61,147,1,4,319.67,0,27
SUB100293,2026-07,4.98,69,2,12,228.64,0,28
SUB103154,2026-03,0.64,23,1,7,241.69,0,29
SUB100779,2026-05,6.24,190,2,6,124.44,0,29
SUB102543,2026-05,15.54,378,2,11,520.88,0,27
SUB100985,2026-03,13.03,193,0,10,237.6,0,29
SUB103092,2026-03,2.27,111,2,8,115.72,0,29
SUB101815,2026-03,7.64,339,1,13,311.56,0,27
SUB100423,2026-05,9.08,148,2,11,292.86,0,28
SUB102114,2026-05,18.94,82,1,16,484.67,0,30
SUB101058,2026-06,1.24,517,0,19,300.56,0,28
SUB100387,2026-03,10.9,392,1,9,226.98,0,29
SUB100122,2026-05,19.17,205,1,5,324.45,0,28
SUB101628,2026-02,16.37,407,1,7,303.67,0,30
SUB100273,2026-03,3.06,140,2,13,210.41,0,30
SUB102554,2026-04,11.17,159,1,17,185.17,0,29
SUB100477,2026-02,12.14,36,1,10,310.8,0,27
SUB101886,2026-05,17.48,307,1,6,372.79,0,26
SUB102911,2026-06,11.27,73,3,11,187.3,0,27
SUB100195,2026-07,12.73,428,1,9,383.26,0,27
SUB100602,2026-04,10.36,319,2,14,295.4,0,27
SUB100409,2026-07,7.79,427,0,8,361.23,0,26
SUB100340,2026-06,1.15,576,1,8,278.63,0,27
SUB101867,2026-04,4.02,220,1,15,174.73,0,29
SUB100768,2026-05,15.5,132,1,9,344.15,0,26
SUB102844,2026-07,1.65,316,6,11,107.05,0,28
SUB100736,2026-04,4.75,52,1,11,203.59,0,30
SUB100039,2026-03,21.14,1075,1,8,421.18,1,30
SUB103170,2026-07,0.67,155,2,20,214.17,0,29
SUB100502,2026-07,1.43,14,4,4,106.39,0,27
SUB102465,2026-02,2.75,190,0,17,222.61,0,29
SUB101319,2026-02,7.55,527,2,8,315.91,0,29
SUB101554,2026-02,7.26,74,5,9,145.17,0,29
SUB100494,2026-03,9.72,649,1,16,315.32,0,26
SUB101689,2026-06,14.69,242,2,11,326.76,0,26
SUB101654,2026-03,24.85,287,1,24,462.81,0,30
SUB100289,2026-07,13.25,402,6,10,318.38,0,26
SUB101855,2026-06,2.88,118,3,7,278.64,0,26
SUB101868,2026-05,5.63,136,1,11,262.88,0,28
SUB100274,2026-05,1.94,289,3,10,233.46,1,30
SUB101236,2026-05,9.34,75,2,12,229.78,0,28
SUB101845,2026-03,2.82,255,1,20,243.81,0,28
SUB101252,2026-05,5.93,169,0,10,250.14,0,26
SUB101709,2026-02,10.89,145,2,11,280.0,0,30
SUB100960,2026-04,5.63,355,3,9,258.88,0,29
SUB102913,2026-06,11.98,817,3,7,309.42,0,28
SUB101853,2026-02,6.23,119,0,14,227.53,0,29
SUB101026,2026-05,0.68,190,2,7,72.29,1,28
SUB103119,2026-05,20.34,221,3,10,536.59,0,28
SUB101105,2026-04,6.35,259,2,9,123.58,0,27
SUB101234,2026-06,2.34,482,0,13,100.14,0,29
SUB102897,2026-02,15.45,334,4,8,292.89,0,30
SUB102231,2026-05,10.34,403,1,9,264.15,0,29
SUB100306,2026-05,13.57,200,1,18,333.86,0,28
SUB101287,2026-03,7.24,213,1,2,319.63,0,26
SUB101669,2026-02,2.51,171,2,9,137.75,0,30
SUB101164,2026-03,1.2,156,5,7,111.61,0,26
SUB101197,2026-05,2.84,229,3,15,270.0,0,30
SUB101317,2026-02,7.2,93,1,5,,0,28
SUB102768,2026-07,5.65,136,3,6,226.4,0,29
SUB102573,2026-02,7.11,58,3,10,218.34,0,30
SUB101806,2026-04,7.18,55,3,8,220.22,0,30
SUB101482,2026-05,4.21,336,5,13,171.05,0,28
SUB100054,2026-06,9.21,251,2,3,400.45,0,30
SUB102125,2026-03,1.05,95,1,21,137.33,1,30
SUB101539,2026-06,2.58,346,2,7,78.05,0,29
SUB100395,2026-07,16.51,107,1,15,231.15,0,29
SUB101606,2026-06,9.88,33,2,13,287.52,0,29
SUB102001,2026-04,8.46,162,2,4,316.31,0,29
SUB102245,2026-07,14.48,317,6,9,206.1,0,29
SUB103033,2026-04,11.05,133,1,5,333.55,0,29
SUB101332,2026-02,2.18,177,3,5,155.86,0,26
SUB102872,2026-07,10.5,203,1,8,285.02,0,29
SUB102525,2026-07,4.58,742,2,15,166.07,0,29
SUB102510,2026-07,12.4,263,1,6,267.8,0,30
SUB101308,2026-06,14.78,90,0,9,252.56,0,27
SUB102970,2026-04,12.11,356,1,15,293.75,0,29
SUB100369,2026-06,18.05,404,0,8,251.54,0,27
SUB101270,2026-05,9.29,675,0,7,399.41,0,30
SUB101042,2026-07,1.93,189,1,12,127.82,0,29
SUB102865,2026-06,5.17,151,1,20,174.16,0,27
SUB100607,2026-05,0.64,234,1,20,99.72,0,28
SUB100267,2026-07,8.21,79,3,6,331.0,0,30
SUB102834,2026-02,15.53,351,5,11,,0,26
SUB100624,2026-04,10.34,171,3,9,168.89,0,29
SUB100895,2026-06,2.27,215,1,8,188.31,0,29
SUB100782,2026-06,3.2,102,0,19,299.03,0,26
SUB102853,2026-05,15.29,639,1,16,382.34,0,29
SUB102108,2026-03,11.33,175,0,18,239.15,0,29
SUB100694,2026-03,21.05,204,1,5,396.29,0,26
SUB103063,2026-06,9.21,128,4,18,284.11,0,30
SUB102913,2026-05,11.75,450,2,5,296.01,0,27
SUB102619,2026-03,17.48,320,1,11,221.19,0,28
SUB100192,2026-07,1.35,132,3,9,116.48,0,28
SUB100159,2026-05,4.32,111,0,7,166.15,0,29
SUB102741,2026-07,30.23,194,4,4,428.73,0,27
SUB101117,2026-03,5.1,206,0,6,332.26,0,27
SUB103141,2026-02,10.96,257,0,8,321.51,0,29
SUB100815,2026-03,14.8,380,1,10,434.92,0,30
SUB101967,2026-02,7.66,77,1,8,323.49,0,26
SUB101166,2026-07,1.7,168,4,9,180.48,0,27
SUB102206,2026-02,11.73,22,0,12,320.79,0,27
SUB102965,2026-04,10.3,111,1,11,167.5,0,30
SUB101436,2026-05,4.33,340,1,5,257.18,0,28
SUB101728,2026-05,20.92,76,3,12,311.69,0,28
SUB100423,2026-04,9.03,208,5,12,255.34,0,28
SUB100179,2026-03,30.16,331,4,16,370.12,0,27
SUB100744,2026-03,9.36,126,2,13,227.49,0,30
SUB101890,2026-03,8.55,235,2,11,244.7,2,30
SUB100085,2026-04,5.17,202,1,19,177.02,0,27
SUB101454,2026-03,9.86,112,2,16,224.4,0,28
SUB100394,2026-03,16.82,296,4,15,353.91,0,27
SUB102200,2026-03,9.25,224,3,5,186.63,0,28
SUB102116,2026-06,4.55,193,1,14,155.41,0,29
SUB102393,2026-02,2.62,58,0,9,84.44,0,29
SUB102974,2026-02,17.51,207,2,10,398.38,0,28
SUB101684,2026-06,3.9,36,1,13,286.12,0,29
SUB101118,2026-03,9.66,167,3,7,285.16,0,26
SUB102767,2026-05,0.68,132,1,10,198.74,0,27
SUB102099,2026-03,1.76,54,0,12,193.27,0,28
SUB102843,2026-06,8.97,809,1,23,514.42,0,26
SUB100120,2026-04,8.74,40,1,14,173.02,0,29
SUB100368,2026-06,3.23,313,2,13,249.71,0,30
SUB103062,2026-06,3.7,57,1,10,190.21,0,30
SUB102814,2026-07,21.41,125,3,15,437.26,0,30
SUB101731,2026-02,11.24,374,2,10,464.97,0,28
SUB101889,2026-04,3.87,59,3,8,326.65,0,28
SUB101840,2026-07,5.48,209,3,4,337.83,0,30
SUB102605,2026-06,16.11,448,3,12,407.43,0,29
SUB101876,2026-05,6.33,295,5,11,249.55,0,27
SUB102603,2026-05,9.02,180,1,12,368.36,0,30
SUB102656,2026-07,9.52,128,3,12,195.11,1,27
SUB101511,2026-07,16.16,152,1,7,248.88,0,28
SUB101486,2026-03,9.23,96,3,8,176.41,0,29
SUB100912,2026-07,12.84,212,0,7,318.34,0,29
SUB102318,2026-06,7.31,397,1,8,433.48,0,27
SUB103036,2026-06,2.64,282,3,16,101.32,0,30
SUB101615,2026-07,2.74,316,3,16,216.69,0,27
SUB102006,2026-04,2.75,609,3,15,143.03,0,30
SUB100315,2026-05,13.05,292,3,10,391.62,0,28
SUB102648,2026-06,3.03,167,0,20,167.79,0,27
SUB103149,2026-06,6.69,266,1,15,204.33,0,29
SUB102747,2026-07,17.05,281,1,24,533.72,0,26
SUB102349,2026-05,3.31,375,0,10,148.5,0,26
SUB101318,2026-07,7.71,214,5,8,325.5,0,29
SUB101346,2026-04,7.94,82,1,16,219.08,0,27
SUB100455,2026-04,16.71,203,5,24,193.86,0,26
SUB100497,2026-04,5.97,73,2,14,135.66,0,26
SUB101146,2026-07,4.28,714,2,6,196.55,0,26
SUB101586,2026-02,1.5,166,3,14,160.63,0,27
SUB101536,2026-02,19.45,133,0,12,604.08,0,26
SUB100407,2026-02,9.39,145,0,20,206.3,0,26
SUB101914,2026-03,5.94,232,3,17,176.47,0,28
SUB102099,2026-07,2.01,49,3,13,170.66,0,28
SUB102194,2026-03,21.13,67,2,8,538.16,0,27
SUB100768,2026-04,12.91,78,0,12,380.03,0,28
SUB101558,2026-07,7.46,189,2,7,230.21,2,26
SUB103091,2026-02,21.09,224,1,8,356.46,0,29
SUB100904,2026-02,13.24,258,0,17,355.16,0,28
SUB100753,2026-03,16.57,222,3,5,284.85,0,26
SUB102623,2026-04,1.98,30,2,8,207.98,0,28
SUB102890,2026-03,1.98,204,0,12,128.71,0,28
SUB101301,2026-03,5.11,160,4,9,355.25,0,29
SUB101695,2026-02,1.8,123,1,7,104.12,0,28
SUB100650,2026-03,18.25,87,0,4,415.38,0,30
SUB100982,2026-07,5.67,328,0,6,258.59,0,26
SUB101177,2026-02,4.75,1006,0,14,366.42,0,29
SUB101290,2026-06,0.99,87,0,11,115.85,0,28
SUB101429,2026-04,6.84,241,0,11,205.73,0,26
SUB101994,2026-04,13.38,193,5,10,270.59,0,27
SUB102413,2026-03,7.65,334,3,5,301.86,2,26
SUB101928,2026-07,2.33,108,2,7,245.93,0,26
SUB102433,2026-07,2.74,424,2,1,220.22,0,27
SUB102751,2026-04,7.42,76,1,7,176.36,0,26
SUB101777,2026-07,16.94,502,2,17,342.66,1,27
SUB100511,2026-05,3.5,67,0,11,234.58,1,28
SUB102345,2026-04,8.71,56,1,11,383.89,0,27
SUB100821,2026-02,5.59,150,1,15,168.51,0,26
SUB103048,2026-02,2.05,156,1,8,160.98,0,28
SUB102684,2026-07,23.38,288,2,24,389.68,0,30
SUB100917,2026-07,4.1,270,2,9,187.46,1,29
SUB101194,2026-03,26.69,169,0,10,466.95,0,28
SUB101506,2026-07,8.51,48,3,15,174.55,0,27
SUB101859,2026-03,43.53,114,1,8,608.25,0,29
SUB102793,2026-05,4.8,269,2,5,169.15,1,27
SUB100578,2026-04,16.23,218,2,14,369.62,0,30
SUB100165,2026-07,11.03,48,2,12,393.34,0,29
SUB100527,2026-03,8.51,30,4,7,215.2,0,26
SUB103177,2026-03,1.58,230,1,27,194.48,0,30
SUB101827,2026-05,2.16,512,0,15,151.4,0,26
SUB102569,2026-04,1.5,119,2,7,258.15,0,28
SUB100049,2026-03,6.76,281,2,13,225.02,0,29
SUB102042,2026-02,19.14,68,3,17,374.48,0,30
SUB102963,2026-05,8.11,481,3,25,175.7,0,27
SUB100080,2026-07,3.02,357,2,12,212.7,0,27
SUB101483,2026-05,5.66,284,3,10,322.51,2,26
SUB100699,2026-05,1.96,149,2,13,194.05,0,28
SUB100035,2026-04,6.57,89,4,8,154.0,0,26
SUB102041,2026-05,8.09,65,3,13,133.01,0,30
SUB101751,2026-03,4.46,118,6,8,383.92,0,27
SUB101224,2026-02,1.71,52,4,11,240.34,0,28
SUB101087,2026-02,23.94,338,2,10,499.59,0,28
SUB102641,2026-07,1.7,73,2,18,148.0,1,30
SUB101040,2026-03,14.5,261,0,10,375.08,1,26
SUB101527,2026-03,6.91,290,2,11,191.63,0,28
SUB102714,2026-07,1.35,340,2,19,193.71,1,30
SUB100412,2026-06,29.51,17,2,17,565.82,0,28
SUB102119,2026-03,9.14,359,0,9,335.34,0,29
SUB100426,2026-03,2.86,111,1,11,118.94,0,26
SUB101659,2026-06,9.34,218,2,8,236.95,0,27
SUB102526,2026-02,10.48,180,2,10,369.66,0,29
SUB102667,2026-06,2.51,179,3,11,259.29,0,30
SUB101278,2026-03,6.64,31,1,6,192.97,0,30
SUB101762,2026-06,12.86,206,2,17,389.39,0,28
SUB100930,2026-03,0.6,225,0,17,117.67,0,28
SUB101443,2026-05,7.62,210,0,14,369.06,0,26
SUB102000,2026-05,3.57,151,3,4,166.28,0,30
SUB101342,2026-03,18.74,516,0,25,507.63,0,29
SUB103097,2026-04,5.92,141,0,11,285.02,0,30
SUB103088,2026-04,10.05,194,0,20,158.99,0,29
SUB102130,2026-03,2.33,694,1,13,114.47,1,29
SUB101204,2026-03,9.9,205,2,8,200.76,2,27
SUB102543,2026-07,26.4,247,1,7,546.14,0,29
SUB102619,2026-07,59.3,185,1,14,0.0,3,30
SUB101437,2026-03,12.59,353,2,10,393.59,0,30
SUB101667,2026-05,6.82,252,2,8,364.5,0,30
SUB100192,2026-03,2.05,74,1,8,122.83,0,26
SUB100182,2026-02,23.04,361,2,7,528.37,0,29
SUB100451,2026-02,4.82,201,3,10,170.39,0,26
SUB100177,2026-03,6.08,126,3,11,207.85,0,30
SUB102757,2026-06,7.72,261,1,7,278.73,0,28
SUB101276,2026-02,2.94,32,4,13,306.92,0,26
SUB100494,2026-04,8.3,515,2,16,253.64,0,27
SUB102389,2026-02,14.03,321,1,13,386.65,0,27
SUB100267,2026-04,5.06,65,1,6,383.87,0,28
SUB102479,2026-02,7.14,26,2,7,290.97,0,27
SUB101211,2026-04,7.77,143,4,24,275.03,0,26
SUB100146,2026-05,7.6,83,1,22,366.69,0,27
SUB100236,2026-03,1.59,202,4,11,73.6,0,30
SUB102638,2026-06,7.15,117,4,12,319.31,0,28
SUB101326,2026-06,6.27,70,4,12,278.76,0,29
SUB101648,2026-06,2.52,176,0,13,208.42,0,27
SUB102314,2026-06,9.68,456,1,11,334.21,0,26
SUB102952,2026-02,12.22,57,2,22,556.79,0,27
SUB100017,2026-05,5.83,45,0,15,96.3,0,26
SUB102142,2026-06,10.13,115,1,13,271.07,0,27
SUB102869,2026-05,21.87,52,0,7,330.1,0,28
SUB102740,2026-03,8.57,301,1,15,349.94,1,30
SUB100805,2026-02,6.13,219,5,15,272.4,1,30
SUB100519,2026-02,5.13,255,1,13,125.0,0,26
SUB102072,2026-03,34.21,72,4,8,345.81,0,26
SUB100479,2026-06,1.24,65,2,11,179.83,0,27
SUB100834,2026-06,1.59,242,6,12,129.48,0,28
SUB102632,2026-04,4.75,131,2,16,187.86,0,26
SUB102383,2026-02,3.06,98,4,14,143.04,1,29
SUB100925,2026-04,2.97,143,3,13,250.13,0,26
SUB101746,2026-04,20.47,321,4,11,252.29,0,27
SUB100079,2026-02,14.11,215,3,11,296.51,0,29
SUB102954,2026-03,10.99,78,4,11,378.28,0,28
SUB102421,2026-05,16.33,177,1,13,252.3,0,28
SUB100849,2026-04,0.73,211,3,16,114.23,0,30
SUB100055,2026-05,9.49,312,0,11,313.03,0,30
SUB102308,2026-05,5.26,149,1,9,209.31,0,29
SUB103002,2026-07,17.02,66,1,13,384.63,0,26
SUB101386,2026-06,35.1,99,0,9,439.89,0,30
SUB100507,2026-07,4.2,176,1,16,384.93,0,26
SUB101677,2026-07,7.61,194,0,7,171.62,0,26
SUB100746,2026-05,3.99,108,4,7,157.32,0,27
SUB100467,2026-04,6.79,249,1,14,232.83,0,28
SUB102538,2026-06,4.1,82,2,11,273.29,0,28
SUB101198,2026-07,1.18,251,0,7,241.29,0,29
SUB101124,2026-04,12.22,334,4,13,304.07,0,30
SUB102206,2026-05,10.55,24,1,14,261.25,0,28
SUB103194,2026-06,12.92,285,3,8,279.16,1,26
SUB100114,2026-07,5.87,82,4,9,214.95,0,30
SUB101778,2026-07,12.85,539,3,14,150.34,0,26
SUB102083,2026-05,5.61,138,6,15,210.59,0,29
SUB102775,2026-02,12.86,173,1,8,267.06,0,30
SUB102326,2026-07,0.99,823,0,2,194.65,0,28
SUB100285,2026-02,6.64,196,2,12,162.27,0,30
SUB100894,2026-07,21.22,336,3,14,459.78,0,30
SUB100127,2026-06,26.2,370,5,8,322.87,0,30
SUB102431,2026-06,0.9,589,1,6,164.95,0,26
SUB100592,2026-06,3.23,158,1,10,438.6,0,27
SUB101470,2026-07,8.44,81,1,13,278.25,0,30
SUB101610,2026-05,2.28,185,4,5,143.9,0,28
SUB102696,2026-06,6.81,116,0,20,274.35,0,30
SUB103189,2026-05,0.55,378,2,3,124.15,0,30
SUB101684,2026-03,3.58,80,0,10,289.39,0,29
SUB101216,2026-06,32.95,662,0,18,569.45,0,28
SUB101387,2026-07,5.35,42,2,9,123.23,1,29
SUB102695,2026-05,5.52,254,0,7,363.02,0,29
SUB101479,2026-03,2.26,87,2,9,68.59,0,28
SUB102640,2026-06,7.34,64,2,4,182.37,0,27
SUB101648,2026-02,2.36,174,3,9,181.47,0,26
SUB100250,2026-07,6.04,177,3,23,248.84,0,28
SUB100670,2026-02,16.23,205,0,13,483.76,0,27
SUB101993,2026-03,21.39,402,0,6,401.48,0,26
SUB102676,2026-04,5.03,384,1,15,224.08,0,27
SUB101132,2026-04,14.54,427,2,11,250.61,0,29
SUB100866,2026-07,12.69,220,3,8,267.48,0,29
SUB101410,2026-05,14.35,155,0,18,195.76,0,26
SUB101125,2026-05,4.94,44,2,8,218.07,0,26
SUB102182,2026-06,17.34,457,0,11,251.24,0,29
SUB101831,2026-02,0.88,328,2,6,122.72,0,28
SUB101495,2026-03,10.5,143,3,13,194.76,0,29
SUB101936,2026-06,33.61,157,2,6,436.06,0,27
SUB100700,2026-06,13.74,121,1,16,321.79,1,26
SUB101130,2026-03,22.89,145,1,5,409.62,0,30
SUB101921,2026-02,0.94,591,0,7,138.13,0,28
SUB100770,2026-03,1.47,151,4,6,88.63,1,29
SUB101192,2026-02,0.84,125,2,20,105.01,0,27
SUB101434,2026-03,0.39,54,4625,13,229.96,0,30
SUB100359,2026-03,1.42,201,0,12,103.57,0,26
SUB101038,2026-05,8.26,384,3,10,241.25,0,27
SUB100569,2026-02,4.2,269,2,9,144.31,0,30
SUB100528,2026-07,10.69,212,2,10,308.3,0,30
SUB103095,2026-07,5.86,195,3,7,172.53,1,30
SUB100046,2026-07,7.68,89,1,4,236.02,0,28
SUB102697,2026-03,0.65,121,1,6,237.96,0,29
SUB102902,2026-02,12.92,267,2,14,363.58,0,27
SUB102669,2026-05,13.3,527,2,7,283.9,0,29
SUB102556,2026-02,8.76,104,4,5,237.06,0,28
SUB101696,2026-07,17.77,117,0,7,293.15,0,26
SUB100579,2026-07,17.39,578,1,3,338.63,0,29
SUB100815,2026-07,19.62,326,2,13,445.95,0,28
SUB100251,2026-07,12.81,126,2,5,315.15,0,26
SUB102972,2026-05,20.61,101,0,12,412.03,0,29
SUB100531,2026-02,14.67,463,3,17,489.88,0,26
SUB100167,2026-07,1.91,392,2,8,172.73,0,29
SUB102252,2026-03,14.37,614,1,18,290.84,0,30
SUB100591,2026-07,9.25,137,3,7,234.08,0,28
SUB100281,2026-02,7.31,180,1,18,310.12,0,27
SUB101904,2026-07,7.17,255,0,6,319.12,1,30
SUB103145,2026-04,6.13,209,3,15,280.92,0,29
SUB101038,2026-07,9.74,330,1,8,274.03,0,30
SUB100645,2026-03,11.89,210,4,6,365.69,0,28
SUB101799,2026-04,28.11,534,3,6,545.45,0,30
SUB102611,2026-06,1.56,221,4,16,310.4,1,28
SUB101421,2026-05,5.03,156,2,15,255.77,0,29
SUB100372,2026-05,11.26,422,1,6,443.85,0,29
SUB101139,2026-03,5.11,40,0,14,204.45,0,27
SUB103116,2026-04,1.49,178,4,1,87.22,0,28
SUB100716,2026-03,5.81,95,6,17,271.33,0,30
SUB101881,2026-06,7.22,203,2,21,110.44,0,26
SUB100569,2026-03,10.12,294,5,10,133.63,0,28
SUB100142,2026-04,1.02,31,1,13,210.82,0,29
SUB100112,2026-06,15.47,533,2,15,261.59,0,30
SUB100312,2026-03,0.64,272,1,2,127.87,0,29
SUB100665,2026-03,13.47,568,1,9,215.86,0,30
SUB100424,2026-07,22.24,138,2,15,273.26,1,30
SUB102436,2026-07,4.36,34,1,21,155.31,1,27
SUB102727,2026-04,5.58,181,1,11,331.88,1,28
SUB100421,2026-03,8.24,124,0,8,271.34,0,30
SUB102155,2026-07,4.83,244,2,13,195.64,0,26
SUB101343,2026-06,8.4,519,1,7,264.16,0,30
SUB100130,2026-07,9.64,194,3,12,474.02,0,27
SUB102946,2026-02,12.68,350,3,5,247.84,0,28
SUB101683,2026-04,0.53,152,1,8,193.9,0,28
SUB102465,2026-06,3.0,179,2,9,215.1,0,29
SUB102422,2026-07,32.15,634,3,13,480.74,0,29
SUB102867,2026-02,1.91,149,2,16,,0,27
SUB100414,2026-03,1.08,401,0,24,97.85,0,26
SUB100554,2026-03,1.85,207,4,18,180.67,0,30
SUB101217,2026-07,7.43,194,3,13,259.48,0,27
SUB102308,2026-04,6.2,165,0,17,230.31,0,27
SUB101832,2026-05,6.89,188,5,19,156.63,0,29
SUB102219,2026-03,28.63,246,1,11,477.6,0,29
SUB100706,2026-07,4.95,163,5,5,255.86,0,26
SUB102338,2026-05,1.89,28,1,12,65.82,0,26
SUB100278,2026-04,10.74,106,3,11,418.98,0,27
SUB100525,2026-07,6.19,125,1,5,331.41,0,30
SUB101720,2026-06,5.96,347,1,3,197.92,0,26
SUB102197,2026-02,5.61,183,3,16,126.74,1,29
SUB101957,2026-05,14.31,401,1,16,337.96,0,28
SUB102287,2026-05,0.85,131,3,11,91.3,0,28
SUB101286,2026-05,0.7,664,3,10,171.61,0,30
SUB101614,2026-02,13.96,118,3,16,359.51,0,30
SUB101359,2026-02,17.97,542,2,10,542.45,0,29
SUB101895,2026-06,13.82,115,1,15,253.75,0,26
SUB102251,2026-03,0.96,266,1,6,186.22,0,30
SUB101639,2026-05,18.94,289,2,19,477.22,0,26
SUB102479,2026-05,9.89,17,1,7,202.99,0,27
SUB100681,2026-06,3.5,253,1,18,213.2,0,30
SUB101306,2026-06,8.63,247,1,12,96.07,0,27
SUB102418,2026-03,1.11,33,3,6,322.04,0,27
SUB101830,2026-03,6.58,43,2,2,217.27,0,26
SUB101400,2026-03,2.39,273,1,7,216.49,0,27
SUB102211,2026-04,9.95,240,2,8,219.27,0,26
SUB102145,2026-03,1.45,272,2,11,172.5,0,27
SUB101182,2026-06,1.25,440,4,12,217.32,0,27
SUB101107,2026-02,2.46,446,0,14,239.13,0,29
SUB102758,2026-02,1.35,262,2,12,196.22,0,26
SUB102739,2026-05,3.96,163,2,16,218.06,0,26
SUB101066,2026-05,15.58,141,0,7,251.09,0,28
SUB101449,2026-02,1.71,78,1,12,157.08,0,26
SUB101449,2026-07,1.3,73,0,12,164.72,0,29
SUB101653,2026-03,11.93,294,1,10,265.49,1,27
SUB101036,2026-04,7.0,408,0,8,181.57,0,29
SUB102258,2026-07,1.07,210,6,16,122.6,0,28
SUB102524,2026-06,1.0,218,1,6,104.41,0,28
SUB100634,2026-07,2.46,469,3,11,247.79,0,27
SUB100870,2026-02,10.39,105,0,6,347.65,0,26
SUB100287,2026-05,1.73,509,1,9,125.75,0,29
SUB102569,2026-07,3.09,175,3,8,248.57,0,30
SUB102580,2026-04,14.0,155,1,4,310.72,0,28
SUB102883,2026-06,3.71,137,2,7,195.27,1,30
SUB102060,2026-06,20.83,150,1,12,446.09,0,27
SUB100803,2026-04,2.94,137,4,13,183.7,0,27
SUB101472,2026-04,1.0,300,1,5,171.22,0,26
SUB100628,2026-04,35.7,38,5,14,572.6,0,29
SUB102104,2026-03,5.48,60,0,7,315.92,0,27
SUB101365,2026-05,8.73,314,1,6,341.96,0,30
SUB100384,2026-07,5.25,266,1,10,268.83,0,29
SUB100385,2026-06,17.04,301,2,20,304.31,0,28
SUB100292,2026-04,15.81,48,0,5,286.1,0,29
SUB103159,2026-06,5.82,336,2,9,136.85,0,27
SUB102387,2026-05,0.7,96,4,6,169.61,0,27
SUB101172,2026-03,2.53,279,2,7,277.92,1,29
SUB100869,2026-05,1.81,471,3,18,184.52,0,29
SUB101736,2026-07,9.31,420,3,15,288.2,0,27
SUB102639,2026-05,1.14,401,0,15,84.32,0,27
SUB102297,2026-04,3.5,191,3,14,236.57,0,26
SUB101550,2026-06,6.05,240,1,14,278.15,0,30
SUB101062,2026-03,5.96,268,1,9,185.13,0,26
SUB100430,2026-06,6.57,243,2,7,141.58,0,26
SUB101602,2026-04,3.98,194,1,18,217.84,0,29
SUB101428,2026-05,5.13,106,0,5,229.11,1,27
SUB101314,2026-03,16.99,197,8,8,295.7,0,28
SUB102944,2026-05,1.62,123,0,10,72.69,0,26
SUB101052,2026-04,4.41,279,1,8,160.84,0,27
SUB103052,2026-03,20.23,178,6,13,421.79,0,28
SUB101519,2026-06,11.61,397,3,10,414.44,0,26
SUB100372,2026-03,15.01,486,1,3,381.4,0,28
SUB100739,2026-03,7.7,378,2,11,270.53,0,27
SUB101371,2026-07,11.14,717,2,12,391.16,0,30
SUB100795,2026-02,7.88,56,2,6,361.98,0,28
SUB103082,2026-07,21.71,136,4,18,331.85,0,26
SUB100480,2026-05,4.0,359,4,16,197.22,0,26
SUB100994,2026-06,3.65,723,0,19,155.51,0,30
SUB100476,2026-06,2.22,180,0,10,159.99,0,30
SUB102137,2026-04,10.99,335,2,13,373.71,0,30
SUB101930,2026-02,11.68,266,3,17,190.06,0,27
SUB100289,2026-06,9.95,174,1,7,300.81,0,29
SUB101929,2026-02,4.51,68,2,8,258.26,0,27
SUB100335,2026-02,4.66,350,2,12,129.48,0,29
SUB102286,2026-06,7.12,28,5,2,232.14,2,26
SUB100882,2026-03,11.32,522,2,3,280.49,0,29
SUB100109,2026-07,13.84,69,3,9,323.22,0,28
SUB100210,2026-04,2.24,174,2,9,159.52,0,29
SUB100623,2026-04,5.64,729,2,4,344.31,0,27
SUB101961,2026-07,26.63,23,3,14,300.83,0,30
SUB102893,2026-05,1.88,107,2,5,112.37,0,28
SUB101960,2026-04,3.37,723,1,15,263.99,0,30
SUB101596,2026-04,0.92,75,3,20,175.5,0,26
SUB101246,2026-06,50.46,36,1,2,0.0,2,29
SUB101418,2026-05,1.43,318,2,10,201.38,0,29
SUB101268,2026-07,13.47,346,2,12,355.65,0,28
SUB100747,2026-07,16.37,215,3,12,440.43,0,27
SUB100284,2026-07,19.4,145,5,6,289.91,0,27
SUB102656,2026-04,7.99,156,2,24,223.73,0,26
SUB101796,2026-04,35.73,642,0,13,620.14,0,28
SUB101718,2026-03,1.62,385,1,21,158.57,0,30
SUB102065,2026-04,28.19,432,2,6,163.64,0,30
SUB100512,2026-05,7.11,170,3,7,124.57,0,26
SUB101624,2026-07,30.8,90,0,11,555.6,0,29
SUB102998,2026-06,2.66,625,2,10,134.12,0,27
SUB101156,2026-04,8.62,184,4,14,322.55,0,28
SUB101853,2026-06,5.16,151,3,8,,0,28
SUB101682,2026-03,1.96,31,1,13,76.75,0,28
SUB100121,2026-03,9.45,285,2,9,287.84,0,30
SUB103019,2026-07,4.65,130,2,8,199.52,0,26
SUB102416,2026-03,3.25,228,1,9,146.93,0,26
SUB102139,2026-05,37.73,197,0,11,391.15,0,30
SUB101919,2026-06,8.3,380,3,8,213.09,0,28
SUB102815,2026-06,4.26,423,4,8,299.44,0,27
SUB101568,2026-03,16.08,179,1,9,292.89,1,27
SUB100900,2026-04,3.46,199,2,14,214.74,0,26
SUB102891,2026-06,11.29,446,2,11,368.16,1,29
SUB100970,2026-02,10.37,70,2,5,314.35,0,26
SUB101872,2026-07,3.01,549,3,16,234.75,0,27
SUB103121,2026-06,6.44,141,1,8,146.98,0,26
SUB102436,2026-05,3.86,26,1,16,150.75,0,30
SUB100002,2026-07,2.7,150,0,5,191.64,1,28
SUB101912,2026-07,8.73,295,1,10,240.31,0,27
SUB102296,2026-05,17.55,88,2,12,387.65,0,26
SUB100526,2026-02,6.12,21,2,3,262.99,0,27
SUB101420,2026-04,19.0,202,1,11,349.07,0,29
SUB102000,2026-07,3.42,141,0,5,149.07,0,30
SUB103023,2026-05,6.34,57,2,8,344.72,0,26
SUB100548,2026-07,6.66,98,1,14,236.95,0,27
SUB100589,2026-03,6.03,138,1,10,133.19,0,29
SUB101241,2026-02,12.31,310,1,10,430.52,0,27
SUB102940,2026-06,1.52,109,3,6,282.24,0,26
SUB100056,2026-07,5.58,396,1,8,181.95,0,29
SUB102460,2026-07,4.23,67,3,7,258.48,0,27
SUB102718,2026-04,8.67,251,4,9,228.05,0,29
SUB101018,2026-03,1.07,359,0,4,101.0,0,30
SUB100129,2026-05,16.63,133,3,18,397.25,0,29
SUB101266,2026-02,0.67,12,4,8,74.48,0,27
SUB100379,2026-02,10.67,289,0,12,348.6,0,29
SUB100184,2026-03,9.86,116,2,11,153.71,0,28
SUB102754,2026-03,8.91,51,1,19,249.99,0,29
SUB100118,2026-07,16.36,97,2,19,286.49,0,30
SUB101758,2026-03,8.26,639,2,20,175.17,1,29
SUB100008,2026-03,24.31,113,2,13,537.51,0,30
SUB100778,2026-03,1.18,469,4,9,303.05,0,26
SUB101820,2026-04,0.57,214,1,7,136.47,0,26
SUB101999,2026-06,7.57,293,0,11,252.43,0,27
SUB102069,2026-06,11.47,69,2,16,278.83,0,29
SUB101776,2026-06,4.51,263,1,11,198.16,0,30
SUB102785,2026-06,3.59,54,1,13,205.33,0,26
SUB100016,2026-03,8.04,40,2,14,323.85,0,28
SUB103016,2026-02,5.74,144,2,16,168.85,0,29
SUB101975,2026-04,14.67,202,1,13,244.93,0,29
SUB102404,2026-06,8.59,523,3,13,398.17,0,27
SUB102926,2026-06,4.64,116,2,16,229.24,0,28
SUB100983,2026-06,6.92,252,0,5,187.72,0,26
SUB100865,2026-05,18.77,125,1,12,443.7,0,27
SUB102443,2026-06,5.61,210,2,6,276.04,1,26
SUB102276,2026-06,6.94,458,4,15,283.31,0,28
SUB102246,2026-03,4.98,163,2,8,271.9,0,28
SUB103116,2026-05,1.38,208,5,3,91.75,0,26
SUB102304,2026-06,5.06,449,1,12,158.32,0,29
SUB102939,2026-04,7.97,151,2,13,206.01,0,26
SUB100499,2026-04,18.85,405,0,11,370.72,0,28
SUB100233,2026-05,6.71,184,1,13,192.05,0,26
SUB100688,2026-03,8.91,343,1,14,182.66,0,26
SUB100294,2026-04,9.36,171,0,8,187.41,0,27
SUB100281,2026-06,7.03,174,3,9,289.27,0,28
SUB100275,2026-05,1.68,708,0,15,164.73,0,28
SUB101049,2026-03,24.06,110,3,10,340.38,0,30
SUB102123,2026-06,26.45,430,2,7,652.12,0,26
SUB101342,2026-07,14.5,230,1,33,448.58,0,29
SUB103182,2026-07,4.17,218,2,6,122.53,0,29
SUB101727,2026-06,36.98,131,0,7,532.37,0,26
SUB101281,2026-05,5.01,118,2,10,121.25,0,28
SUB101200,2026-03,20.47,124,2,11,466.29,0,27
SUB102026,2026-03,4.08,135,0,11,300.09,0,29
SUB101305,2026-04,8.08,63,1,6,370.46,0,30
SUB101517,2026-05,10.53,150,4,9,174.72,0,29
SUB100537,2026-02,2.45,541,2,8,186.96,0,26
SUB100396,2026-04,11.31,572,2,9,450.45,0,29
SUB103166,2026-06,11.17,73,1,11,249.85,0,28
SUB102854,2026-04,2.02,540,0,14,166.34,1,28
SUB102732,2026-04,3.44,669,2,15,144.33,0,29
SUB103179,2026-02,4.01,74,4,11,260.27,0,26
SUB102038,2026-04,15.93,474,1,12,410.89,0,29
SUB101553,2026-05,20.71,381,4,19,590.78,0,30
SUB102591,2026-04,37.37,172,4,10,665.28,0,28
SUB102454,2026-02,3.14,216,2,8,222.74,0,27
SUB100042,2026-02,30.02,102,1,4,510.4,0,27
SUB100903,2026-04,1.86,296,3,9,160.72,0,28
SUB102294,2026-06,0.84,417,1,8,158.9,0,29
SUB100535,2026-02,7.8,421,1,7,310.23,0,28
SUB101242,2026-02,13.34,767,5,8,284.2,0,26
SUB102482,2026-07,0.66,309,1,13,143.29,0,26
SUB100012,2026-05,13.82,103,1,5,350.89,0,26
SUB101802,2026-04,2.14,282,1,10,140.54,0,29
SUB103152,2026-03,3.36,208,1,11,105.75,0,30
SUB100942,2026-07,1.59,209,2,13,186.73,0,29
SUB103119,2026-02,13.13,356,1,14,520.69,0,26
SUB102967,2026-05,4.83,258,1,3,342.72,0,30
SUB100474,2026-07,1.34,262,0,8,168.2,0,30
SUB101285,2026-04,5.94,248,2,8,296.28,0,27
SUB100097,2026-04,25.27,512,3,13,643.62,0,27
SUB102430,2026-03,3.85,156,2,10,171.32,0,30
SUB100664,2026-05,13.93,68,1,6,358.55,0,28
SUB102149,2026-05,1.71,184,2,9,164.9,0,29
SUB101583,2026-05,7.69,241,1,7,223.32,0,26
SUB103166,2026-05,9.13,155,1,10,241.65,1,30
SUB102471,2026-05,4.64,226,1,16,164.97,0,27
SUB102521,2026-02,0.57,482,1,16,251.78,0,27
SUB101593,2026-06,15.34,215,1,7,187.25,0,30
SUB101276,2026-06,3.14,37,1,13,250.01,0,26
SUB102915,2026-06,1.3,216,1,2,167.46,0,30
SUB100330,2026-06,8.7,383,2,19,220.17,0,29
SUB101913,2026-05,5.63,321,1,4,289.15,0,26
SUB102110,2026-06,4.34,208,3,6,172.34,0,26
SUB102780,2026-07,3.99,265,1,7,255.5,0,29
SUB101718,2026-07,2.12,399,2,13,143.78,0,28
SUB100237,2026-03,8.08,227,2,4,135.86,0,26
SUB100541,2026-04,8.02,31,4,10,210.57,0,26
SUB102952,2026-03,10.67,71,1,11,425.41,1,30
SUB100679,2026-03,1.66,136,6,11,197.05,0,27
SUB102589,2026-05,6.46,76,1,9,174.94,0,26
SUB100664,2026-02,16.51,119,1,6,382.7,0,30
SUB102361,2026-07,5.73,865,3,24,317.27,0,27
SUB102312,2026-06,2.31,157,3,11,225.9,0,29
SUB101016,2026-05,16.79,84,3,14,236.71,0,28
SUB100898,2026-04,22.44,284,2,20,518.24,0,29
SUB103134,2026-07,5.21,92,1,7,149.79,0,29
SUB102827,2026-05,32.13,770,3,11,549.81,0,29
SUB103098,2026-03,13.19,362,2,9,345.73,0,26
SUB102482,2026-02,1.2,211,2,7,156.87,0,26
SUB101116,2026-03,7.16,157,3,12,197.07,0,27
SUB100942,2026-06,1.38,136,1,4,165.88,0,28
SUB101691,2026-06,6.44,1070,2,4,507.05,0,28
SUB102125,2026-05,0.76,65,5,17,131.52,1,28
SUB102794,2026-05,18.77,235,0,8,265.59,1,30
SUB102373,2026-06,7.72,222,1,17,237.51,0,29
SUB101725,2026-04,5.86,562,0,16,194.66,1,27
SUB100480,2026-06,6.11,604,0,12,198.11,0,26
SUB103008,2026-02,3.23,237,0,15,207.98,0,29
SUB100663,2026-03,1.71,323,2,18,154.71,0,26
SUB101146,2026-06,5.75,520,0,8,216.32,0,29
SUB101160,2026-05,5.63,113,0,7,0.0,1,29
SUB100941,2026-02,2.26,327,2,11,259.74,0,28
SUB100427,2026-02,15.47,338,1,11,244.37,0,30
SUB102899,2026-02,7.92,62,2,24,189.31,1,28
SUB102024,2026-04,3.34,72,4,7,253.77,0,30
SUB102189,2026-05,7.93,170,0,9,93.48,0,28
SUB101070,2026-03,18.19,384,1,6,347.25,0,28
SUB102712,2026-06,5.27,278,2,11,293.91,0,28
SUB100244,2026-06,0.74,138,2,6,154.39,0,29
SUB100039,2026-07,19.19,1439,1,13,374.71,0,29
SUB101671,2026-02,9.93,187,1,8,225.16,0,26
SUB100123,2026-06,8.1,74,1,18,302.54,0,27
SUB101641,2026-06,10.89,384,4,6,307.47,0,28
SUB101369,2026-07,0.89,308,2,22,257.37,0,29
SUB102414,2026-02,6.64,170,3,8,279.02,0,27
SUB101488,2026-04,11.88,314,3,3,280.62,0,30
SUB103059,2026-03,1.61,213,3,6,277.48,0,27
SUB100117,2026-03,0.91,457,3,6,210.62,0,29
SUB100450,2026-04,5.77,209,2,23,221.18,0,26
SUB100028,2026-04,1.5,327,2,5,139.45,0,28
SUB102724,2026-06,25.1,80,0,9,381.7,0,26
SUB101966,2026-04,6.75,124,2,11,264.64,0,29
SUB103096,2026-02,20.48,56,0,12,394.95,0,29
SUB102441,2026-07,2.12,217,2,11,131.0,1,26
SUB103114,2026-04,4.19,497,2,6,103.6,0,29
SUB102872,2026-04,5.88,129,1,6,301.82,0,26
SUB101723,2026-03,16.41,83,2,9,380.25,0,30
SUB101002,2026-02,8.17,151,1,11,317.15,0,26
SUB102740,2026-02,12.36,275,1,10,329.25,0,29
SUB101412,2026-06,1.11,65,1,12,115.81,0,29
SUB102177,2026-05,9.47,529,3,8,407.5,0,29
SUB100129,2026-04,20.38,213,2,13,346.29,1,26
SUB102633,2026-04,10.46,46,3,24,396.72,0,28
SUB101523,2026-02,2.6,242,5,8,176.81,0,26
SUB101596,2026-06,1.02,91,3,17,209.67,0,29
SUB102485,2026-07,0.36,27,6137,8,284.97,0,29
SUB102701,2026-03,14.06,420,0,13,392.41,0,26
SUB102428,2026-03,2.53,114,4,18,311.82,0,29
SUB103066,2026-06,4.5,320,1,14,136.22,0,28
SUB100246,2026-05,14.0,237,1,13,409.4,0,26
SUB101576,2026-02,1.05,1616,1,10,266.18,0,28
SUB100314,2026-07,6.42,110,0,10,226.78,0,26
SUB101573,2026-02,1.31,50,1,9,225.52,0,27
SUB100839,2026-04,15.76,148,1,15,342.58,0,27
SUB102539,2026-07,9.0,263,5,13,186.57,0,27
SUB100889,2026-06,14.4,316,1,9,252.29,0,26
SUB102601,2026-06,20.7,533,1,16,556.02,0,27
SUB100525,2026-04,3.99,110,6,14,344.66,1,28
SUB102526,2026-05,14.01,124,1,9,278.82,1,29
SUB101078,2026-06,1.01,127,4,11,115.34,0,30
SUB103156,2026-03,4.64,620,1,18,354.89,1,26
SUB102475,2026-02,26.3,149,4,11,447.73,1,26
SUB102392,2026-06,15.49,35,1,9,326.61,1,28
SUB101838,2026-07,0.78,147,3,12,146.25,0,28
SUB100959,2026-02,9.23,519,0,6,374.42,0,28
SUB103069,2026-03,4.43,473,2,10,510.41,0,27
SUB101186,2026-05,8.42,171,4,10,243.29,0,27
SUB100437,2026-02,5.77,623,0,9,280.81,0,27
SUB101577,2026-02,5.02,26,1,11,299.46,1,27
SUB101485,2026-02,2.9,104,2,6,132.58,0,30
SUB101281,2026-04,3.01,130,2,5,134.43,0,26
SUB101501,2026-07,0.56,294,2,10,173.96,0,29
SUB101929,2026-04,5.86,119,3,12,235.3,1,30
SUB100766,2026-05,15.1,427,2,6,454.05,0,30
SUB102797,2026-07,1.72,95,2,11,220.81,0,26
SUB100331,2026-03,6.58,492,2,18,205.13,0,28
SUB101235,2026-02,28.38,529,1,11,553.54,0,30
SUB101217,2026-03,6.25,134,2,4,283.51,0,26
SUB101451,2026-07,6.07,332,4,12,133.35,0,27
SUB101573,2026-05,1.32,53,0,5,240.58,0,29
SUB102277,2026-03,5.26,35,3,14,376.8,0,30
SUB100598,2026-05,11.41,412,2,1,318.55,0,29
SUB103095,2026-04,6.16,343,1,6,183.75,0,29
SUB102159,2026-03,6.32,192,3,4,216.98,0,28
SUB102988,2026-05,15.86,53,1,11,285.05,0,27
SUB101496,2026-02,2.11,105,3,10,151.8,0,28
SUB100764,2026-05,9.46,98,2,16,281.79,0,30
SUB100138,2026-02,11.82,118,2,14,383.64,0,30
SUB102824,2026-03,1.95,197,0,14,193.6,0,30
SUB102731,2026-04,2.03,221,3,15,139.42,0,30
SUB101565,2026-02,21.79,18,1,16,432.62,0,26
SUB100656,2026-04,17.32,434,1,8,384.41,0,27
SUB102188,2026-07,23.83,100,1,4,441.0,0,29
SUB101909,2026-07,11.0,632,3,8,227.16,0,29
SUB102692,2026-04,1.55,92,0,6,197.03,0,30
SUB100916,2026-06,5.87,75,7,7,142.78,0,27
SUB102660,2026-05,20.77,289,2,10,387.09,0,26
SUB100018,2026-05,5.0,599,4,11,273.69,0,28
SUB100001,2026-07,6.61,273,1,15,340.98,0,27
SUB100539,2026-04,4.83,112,2,11,188.1,0,30
SUB102089,2026-06,9.32,270,1,7,250.83,0,26
SUB102242,2026-06,1.31,77,3,10,128.04,0,27
SUB101597,2026-02,3.78,336,2,3,263.79,0,26
SUB100207,2026-02,2.18,371,0,23,111.99,0,28
SUB102103,2026-02,18.52,177,1,9,388.0,0,27
SUB100879,2026-03,4.63,158,4,7,203.41,0,30
SUB101477,2026-07,9.57,252,3,12,226.23,1,30
SUB101477,2026-05,10.48,245,1,9,198.67,0,26
SUB100966,2026-05,8.17,382,2,6,157.36,0,27
SUB101244,2026-04,10.79,531,1,20,310.78,0,26
SUB100129,2026-02,21.24,170,2,10,301.04,0,29
SUB103100,2026-02,19.76,290,3,12,603.0,0,28
SUB100413,2026-07,12.51,236,1,20,206.45,0,29
SUB102270,2026-07,8.04,117,0,12,306.47,0,28
SUB100026,2026-03,2.91,108,3,12,87.61,0,29
SUB102823,2026-07,3.68,39,0,5,249.94,0,30
SUB100795,2026-04,5.35,226,3,2,282.74,0,28
SUB100611,2026-02,10.63,697,2,14,394.73,0,27
SUB100498,2026-05,8.49,579,3,10,215.16,1,30
SUB100557,2026-04,11.04,123,2,12,353.54,0,27
SUB100298,2026-07,0.83,267,3,13,200.52,0,29
SUB101536,2026-03,23.19,87,1,19,387.16,0,26
SUB102387,2026-02,1.09,128,1,2,171.77,0,26
SUB102679,2026-03,8.39,319,3,22,352.34,0,30
SUB102608,2026-05,9.85,316,1,13,188.06,0,30
SUB102696,2026-02,6.51,183,2,13,238.65,0,28
SUB100107,2026-04,6.03,228,0,17,203.31,0,26
SUB102981,2026-02,1.29,220,4,9,327.88,0,30
SUB101382,2026-05,1.62,222,1,6,196.07,0,28
SUB100414,2026-02,0.91,602,1,21,130.56,0,26
SUB102835,2026-04,3.61,139,2,13,171.54,0,28
SUB103019,2026-05,4.32,153,2,16,211.88,0,26
SUB102635,2026-07,3.83,676,1,7,280.11,0,27
SUB103192,2026-06,6.58,286,4,13,75.31,0,26
SUB102751,2026-03,4.82,154,1,17,129.7,0,30
SUB103015,2026-04,8.47,199,2,10,299.55,0,28
SUB102128,2026-07,7.13,395,1,12,354.7,0,27
SUB101504,2026-07,3.78,347,4,6,142.78,0,30
SUB102313,2026-04,0.81,264,5,3,136.79,0,29
SUB100538,2026-05,12.14,117,1,10,279.96,0,27
SUB102399,2026-05,4.24,410,3,6,93.13,0,29
SUB102022,2026-06,5.37,133,2,7,226.37,0,28
SUB102415,2026-03,1.58,235,3,5,108.97,0,27
SUB100949,2026-06,1.98,560,1,6,,0,27
SUB101385,2026-06,5.22,76,1,4,154.71,0,29
SUB100131,2026-02,1.44,482,2,9,159.56,0,27
SUB102649,2026-03,4.71,198,2,16,132.45,0,29
SUB100803,2026-07,2.63,175,0,9,247.36,0,27
SUB100015,2026-07,21.63,176,1,13,527.46,0,28
SUB100967,2026-02,5.08,632,4,15,311.18,0,26
SUB101998,2026-04,6.38,277,2,9,448.83,1,30
SUB100072,2026-05,1.18,416,2,13,202.21,0,30
SUB102798,2026-05,2.08,35,4,5,74.59,0,28
SUB100020,2026-04,6.33,381,3,12,304.91,0,28
SUB100159,2026-07,7.41,64,3,2,156.86,0,30
SUB102371,2026-03,3.68,461,2,12,174.91,0,29
SUB102754,2026-06,9.75,41,1,9,260.38,0,29
SUB100639,2026-02,1.39,226,4,11,261.08,0,26
SUB100928,2026-03,4.17,95,1,17,128.97,0,28
SUB103121,2026-05,6.11,162,3,6,158.22,0,29
SUB100806,2026-04,4.36,159,2,12,224.54,0,26
SUB102902,2026-04,20.58,207,4,18,339.62,0,27
SUB102343,2026-04,17.09,363,2,6,640.19,0,30
SUB102446,2026-07,18.71,264,3,17,347.35,0,27
SUB101261,2026-04,17.03,336,4,9,317.96,0,26
SUB100760,2026-02,55.3,220,1,13,483.06,0,30
SUB100395,2026-02,11.37,163,2,15,210.69,0,27
SUB101956,2026-04,1.0,120,2,15,243.57,1,28
SUB100306,2026-02,11.0,167,2,11,392.03,0,27
SUB100212,2026-04,11.72,283,3,13,260.23,0,30
SUB101569,2026-07,10.95,44,2,6,321.66,0,28
SUB101330,2026-04,5.37,180,4,6,155.84,0,27
SUB100892,2026-06,5.64,430,0,6,218.42,0,28
SUB101423,2026-07,0.97,121,1,12,176.73,0,30
SUB100812,2026-03,0.56,127,2,13,228.04,0,28
SUB100955,2026-06,10.05,158,1,6,210.13,0,30
SUB100127,2026-07,28.9,364,3,6,318.03,0,28
SUB100199,2026-06,9.82,328,0,15,249.34,0,27
SUB100772,2026-02,10.4,107,0,10,209.39,0,30
SUB100332,2026-07,8.76,819,2,7,274.83,0,26
SUB101753,2026-05,3.4,798,2,7,180.84,0,28
SUB100050,2026-04,8.29,519,2,7,386.19,0,28
SUB100487,2026-06,4.67,185,4,11,225.85,0,30
SUB101977,2026-06,12.96,66,2,8,259.23,0,30
SUB102736,2026-04,2.77,115,4,10,145.34,0,30
SUB101996,2026-07,1.07,80,1,6,87.76,0,29
SUB100235,2026-03,1.74,313,0,19,148.76,0,26
SUB101899,2026-07,3.17,87,0,6,158.42,0,26
SUB100898,2026-02,15.04,307,1,12,383.59,0,29
SUB102663,2026-03,10.97,335,2,10,274.25,0,29
SUB100675,2026-05,6.71,430,2,6,274.76,0,29
SUB100894,2026-03,25.01,313,1,15,556.8,1,26
SUB103108,2026-04,5.24,82,2,13,277.73,0,27
SUB100437,2026-04,5.05,455,2,7,280.79,0,29
SUB102508,2026-06,18.67,180,1,4,427.99,1,29
SUB101354,2026-06,9.64,130,1,23,372.24,0,26
SUB100894,2026-04,23.14,337,1,22,537.32,0,26
SUB100633,2026-02,8.95,152,0,15,295.7,0,30
SUB103145,2026-03,9.85,119,2,16,292.27,0,26
SUB101732,2026-06,10.3,269,1,10,295.95,0,29
SUB100565,2026-03,11.89,388,1,13,320.87,0,26
SUB103023,2026-06,6.71,125,2,7,279.03,0,28
SUB101351,2026-06,8.4,334,1,7,307.06,0,28
SUB101227,2026-05,12.49,91,2,10,341.61,0,30
SUB101878,2026-07,0.86,151,1,2,163.33,0,28
SUB100740,2026-03,2.01,823,4,9,84.03,0,27
SUB100860,2026-05,18.04,143,2,20,357.86,0,26
SUB100439,2026-03,4.17,80,1,13,71.25,0,30
SUB100020,2026-02,4.53,575,2,5,258.81,0,26
SUB101647,2026-04,6.28,28,2,15,304.94,0,27
SUB100997,2026-02,0.85,579,0,3,148.23,0,28
SUB103082,2026-03,24.78,244,3,15,349.27,0,30
SUB102633,2026-02,31.52,34,0,12,447.31,0,29
SUB101540,2026-02,9.95,177,2,16,214.86,0,27
SUB102196,2026-03,5.21,155,0,5,290.78,0,27
SUB101440,2026-04,32.15,319,1,10,616.35,0,26
SUB101849,2026-05,2.37,177,3,13,145.8,0,28
SUB101359,2026-04,15.96,616,2,13,504.78,1,27
SUB100704,2026-06,3.97,94,2,10,174.78,0,29
SUB101127,2026-02,2.6,393,1,13,288.5,0,29
SUB102126,2026-03,4.49,94,2,11,205.47,1,26
SUB100522,2026-03,13.4,78,1,19,261.5,1,28
SUB102089,2026-05,16.03,370,2,5,243.77,0,26
SUB100225,2026-05,0.92,356,4,3,89.49,0,27
SUB101652,2026-03,6.9,413,5,14,193.36,0,27
SUB102361,2026-03,5.4,966,5,7,307.84,0,30
SUB101733,2026-06,0.66,226,0,15,178.2,0,28
SUB100062,2026-02,13.17,277,2,14,318.27,0,30
SUB102209,2026-07,5.84,276,0,12,209.29,2,26
SUB101254,2026-07,15.84,79,1,15,352.84,0,28
SUB103199,2026-03,1.54,188,5,6,221.43,0,28
SUB101958,2026-06,16.6,382,3,9,294.75,0,28
SUB100893,2026-07,8.52,432,2,20,306.62,0,29
SUB102585,2026-06,4.76,165,1,10,276.61,0,26
SUB100877,2026-05,6.6,246,2,7,182.55,1,28
SUB101516,2026-05,11.33,140,0,10,334.36,0,29
SUB102290,2026-02,9.92,129,0,13,222.16,0,29
SUB101855,2026-05,2.23,110,1,5,303.83,0,30
SUB101192,2026-06,0.98,97,0,12,111.78,0,30
SUB101994,2026-02,12.91,405,2,7,294.52,0,30
SUB102420,2026-05,9.9,322,1,13,326.34,0,26
SUB100722,2026-05,13.53,338,1,16,243.34,0,30
SUB102650,2026-04,0.86,213,1,10,177.09,0,30
SUB101673,2026-05,7.59,280,3,7,228.94,0,26
SUB102006,2026-02,3.5,596,2,20,128.02,0,26
SUB102668,2026-03,5.21,258,5,6,275.4,0,28
SUB100229,2026-04,2.44,45,1,22,169.6,0,30
SUB100117,2026-04,0.94,266,4,5,282.4,0,27
SUB102746,2026-02,9.91,304,2,7,144.73,0,28
SUB100916,2026-03,4.19,36,3,6,166.79,0,26
SUB101220,2026-02,4.7,359,3,10,283.5,0,29
SUB102431,2026-05,1.47,359,1,3,151.5,0,29
SUB101387,2026-04,5.22,34,4,10,119.33,1,30
SUB101658,2026-02,6.16,164,1,5,159.9,0,26
SUB103173,2026-05,7.35,110,2,20,303.57,0,29
SUB100454,2026-07,13.04,254,2,5,207.84,0,28
SUB101033,2026-06,1.79,77,4,7,82.29,0,27
SUB103067,2026-07,1.99,604,2,19,110.56,0,29
SUB101752,2026-02,13.88,21,1,17,248.57,0,29
SUB102725,2026-04,9.17,42,2,20,275.8,1,26
SUB100483,2026-06,5.58,315,1,8,134.33,0,27
SUB101111,2026-07,10.13,175,5,8,239.82,0,30
SUB100865,2026-04,23.64,206,5,14,385.84,0,29
SUB100606,2026-05,6.12,225,3,14,194.98,0,27
SUB102410,2026-07,17.18,129,2,7,299.4,0,29
SUB102604,2026-04,2.06,268,8,12,262.42,0,26
SUB100463,2026-04,14.48,520,3,10,475.23,0,27
SUB102555,2026-02,10.16,297,3,11,389.38,1,28
SUB102970,2026-02,9.17,163,2,7,286.12,0,28
SUB102285,2026-07,0.8,97,8,11,285.34,0,26
SUB102585,2026-04,8.67,203,5,13,263.0,0,29
SUB101064,2026-07,9.16,51,1,10,221.81,0,27
SUB100839,2026-02,12.55,172,0,9,348.55,0,27
SUB100710,2026-07,21.99,91,4,7,508.7,0,30
SUB100411,2026-04,5.58,335,1,12,178.52,0,30
SUB102182,2026-03,15.24,396,1,24,277.15,0,29
SUB100076,2026-05,0.77,45,0,13,78.75,0,30
SUB102121,2026-07,31.26,135,6,17,485.47,1,28
SUB100906,2026-03,2.85,75,3,11,123.47,0,29
SUB101464,2026-04,5.98,87,4,11,165.09,0,29
SUB101839,2026-07,7.41,146,5,13,292.6,0,30
SUB102533,2026-04,23.89,142,5,10,405.87,0,30
SUB100410,2026-03,59.27,306,3,10,677.41,0,30
SUB100278,2026-02,12.13,113,2,12,417.92,0,29
SUB101174,2026-06,41.22,268,2,10,546.19,0,27
SUB100193,2026-04,8.15,189,3,6,137.31,1,26
SUB103104,2026-03,10.11,457,0,11,227.56,0,28
SUB100189,2026-05,5.03,90,5,6,217.87,0,27
SUB102579,2026-02,4.1,715,0,7,199.93,0,29
SUB100852,2026-06,7.9,286,3,9,203.78,0,28
SUB100311,2026-05,9.1,150,1,13,190.47,0,28
SUB101042,2026-06,2.06,372,0,6,143.66,0,27
SUB102931,2026-07,8.44,108,2,10,266.85,0,26
SUB100942,2026-03,1.37,136,2,6,213.39,0,28
SUB101471,2026-04,9.27,471,2,10,297.53,0,30
SUB101336,2026-05,9.12,181,0,10,392.82,0,29
SUB103031,2026-04,4.59,46,1,19,224.94,0,29
SUB100045,2026-03,2.25,294,2,12,83.41,0,29
SUB101199,2026-02,7.39,182,0,14,250.64,0,30
SUB102574,2026-02,3.26,477,1,2,275.58,0,28
SUB102933,2026-07,3.93,54,2,11,77.33,0,29
SUB102529,2026-02,3.12,137,1,14,120.01,0,27
SUB100541,2026-07,12.2,36,1,9,265.79,0,30
SUB101840,2026-06,5.33,408,1,1,368.76,1,29
SUB102453,2026-05,1.14,592,0,11,145.13,0,29
SUB101874,2026-02,1.76,229,2,3,132.36,0,30
SUB100956,2026-03,22.51,111,1,13,458.53,0,28
SUB100708,2026-07,32.52,337,1,3,461.34,0,27
SUB103118,2026-07,3.96,53,0,13,227.22,1,27
SUB100818,2026-07,12.13,236,0,14,165.57,0,28
SUB100547,2026-02,16.8,172,1,1,317.04,0,27
SUB102928,2026-02,9.34,645,1,22,277.11,0,27
SUB100189,2026-04,7.37,93,1,7,214.57,0,26
SUB100216,2026-02,2.22,345,3,8,226.66,0,29
SUB100858,2026-04,2.59,270,2,9,101.78,0,30
SUB101477,2026-06,9.79,226,0,12,194.83,0,29
SUB101922,2026-06,7.79,104,3,9,210.25,0,26
SUB101103,2026-03,21.17,219,1,5,303.59,0,29
SUB100762,2026-07,9.15,236,2,22,335.32,0,28
SUB100755,2026-07,8.14,115,4,11,193.63,0,29
SUB102248,2026-05,14.43,233,2,11,282.9,1,28
SUB101616,2026-06,2.86,558,4,14,309.64,0,30
SUB102791,2026-05,10.98,59,2,9,228.47,1,28
SUB102537,2026-03,0.76,37,1,15,204.87,1,30
SUB102280,2026-03,28.42,348,5,6,467.74,0,29
SUB101652,2026-07,8.1,287,1,14,204.77,0,29
SUB102777,2026-07,12.62,96,2,8,212.01,0,29
SUB102733,2026-05,16.68,190,2,13,517.81,0,30
SUB102294,2026-03,1.72,237,1,8,173.18,1,30
SUB100018,2026-03,6.5,427,2,7,310.07,0,30
SUB100269,2026-03,6.36,119,4,13,159.2,0,26
SUB101686,2026-06,10.83,206,2,11,323.09,0,28
SUB100070,2026-04,8.18,150,2,16,185.33,0,27
SUB101277,2026-05,8.98,146,2,10,174.33,0,28
SUB101312,2026-06,1.01,114,3,18,177.12,0,28
SUB101403,2026-03,5.01,210,1,10,113.41,0,28
SUB100430,2026-05,4.72,269,2,12,159.12,0,28
SUB101886,2026-02,10.42,418,0,7,308.45,1,28
SUB101650,2026-05,7.29,92,1,12,305.76,0,26
SUB101182,2026-03,1.17,352,2,13,234.91,0,27
SUB100854,2026-06,3.52,185,0,6,150.97,0,27
SUB101328,2026-06,7.26,155,1,18,246.27,0,30
SUB100131,2026-04,1.55,469,1,7,169.13,1,30
SUB103004,2026-04,7.9,223,2,21,128.89,0,27
SUB101838,2026-05,0.9,118,0,10,151.06,0,29
SUB101520,2026-04,1.38,50,2,16,150.76,0,28
SUB101098,2026-03,7.03,118,2,15,342.64,0,29
SUB103134,2026-03,3.84,101,3,9,142.18,0,28
SUB100316,2026-03,0.72,152,0,12,197.38,1,30
SUB102549,2026-06,23.66,313,2,6,442.4,0,29
SUB101666,2026-03,24.16,275,5,15,338.01,0,28
SUB101741,2026-05,1.24,363,5,12,196.47,0,30
SUB103092,2026-02,2.1,79,2,15,141.5,0,26
SUB101594,2026-03,12.26,306,2,11,330.43,0,28
SUB102985,2026-02,6.2,313,1,19,147.05,0,27
SUB102249,2026-07,0.96,157,3,16,190.48,0,29
SUB101430,2026-07,8.85,153,3,18,237.04,0,26
SUB102577,2026-05,18.3,267,2,11,434.09,0,30
SUB103050,2026-05,14.63,536,3,7,436.76,0,29
SUB102601,2026-04,15.73,416,5,13,454.55,0,30
SUB101670,2026-02,4.7,194,0,19,290.64,0,26
SUB101363,2026-02,1.83,46,1,10,158.27,0,30
SUB100669,2026-05,5.92,283,2,6,251.24,0,26
SUB100025,2026-04,2.02,319,0,5,260.33,0,26
SUB102017,2026-04,20.64,258,1,10,381.73,0,27
SUB103081,2026-06,0.86,257,3,10,115.22,0,26
SUB100946,2026-04,1.39,22,4,4,217.93,0,29
SUB100849,2026-05,1.7,58,1,15,116.65,0,28
SUB102918,2026-05,0.85,57,3,8,135.66,0,29
SUB101079,2026-06,2.88,325,2,5,132.05,0,27
SUB101458,2026-03,5.47,94,1,13,297.08,0,30
SUB102232,2026-07,11.22,201,3,14,351.17,0,30
SUB101431,2026-07,23.06,167,5,3,310.63,1,26
SUB101176,2026-02,9.26,520,2,24,319.58,0,28
SUB101244,2026-06,15.63,361,2,18,336.72,0,28
SUB100497,2026-03,4.81,82,2,13,127.45,0,26
SUB102862,2026-06,14.19,143,6,14,433.4,0,30
SUB101377,2026-04,1.36,94,0,9,141.42,0,28
SUB102861,2026-03,6.41,207,3,11,288.82,0,30
SUB100111,2026-03,5.63,253,1,7,0.0,0,27
SUB101973,2026-05,9.94,67,0,20,267.06,0,28
SUB102329,2026-04,7.87,117,1,8,162.78,0,26
SUB102227,2026-03,2.02,155,4,10,87.64,0,26
SUB101060,2026-07,4.75,167,3,15,183.21,0,28
SUB101161,2026-06,9.7,88,1,15,301.77,0,28
SUB100163,2026-02,17.69,174,2,11,534.98,0,28
SUB102881,2026-04,8.07,106,3,10,340.56,0,30
SUB100076,2026-06,0.83,36,4,14,96.64,0,28
SUB103128,2026-06,4.16,85,0,14,140.51,0,29
SUB102356,2026-03,13.01,206,1,8,159.8,0,29
SUB100097,2026-06,18.64,487,5,5,508.65,0,30
SUB102325,2026-07,1.26,130,3,4,152.84,0,27
SUB101973,2026-07,5.04,80,0,15,260.21,0,27
SUB101685,2026-05,13.95,473,0,15,410.0,0,26
SUB102040,2026-03,22.4,784,4,11,557.82,0,27
SUB101192,2026-07,0.74,113,3,18,127.24,0,30
SUB102873,2026-05,13.75,154,4,6,306.03,0,28
SUB102275,2026-03,5.45,26,3,14,181.19,0,28
SUB100557,2026-05,14.17,68,1,15,331.58,0,26
SUB102328,2026-07,14.12,37,1,5,195.62,0,26
SUB100809,2026-04,5.91,100,0,12,265.71,0,28
SUB102210,2026-03,2.57,153,1,14,233.1,0,28
SUB101428,2026-04,5.51,126,2,7,180.4,0,30
SUB100113,2026-05,0.43,56,2480,8,159.35,0,28
SUB102068,2026-02,11.45,212,2,16,423.24,0,26
SUB103027,2026-05,2.78,88,1,7,57.29,0,30
SUB101123,2026-02,6.45,412,3,10,293.52,0,27
SUB101088,2026-02,4.2,191,1,9,335.67,0,28
SUB101368,2026-04,9.8,225,0,5,222.23,0,28
SUB102448,2026-06,12.53,438,3,11,406.17,0,27
SUB100308,2026-06,6.42,152,2,12,234.75,0,29
SUB102725,2026-05,7.5,30,2,11,273.66,0,26
SUB102008,2026-03,6.67,427,1,10,209.23,0,28
SUB102586,2026-02,7.51,167,1,7,136.48,0,26
SUB100638,2026-02,6.47,110,1,12,102.98,0,27
SUB100264,2026-07,1.8,384,2,12,248.45,0,29
SUB102627,2026-05,7.47,101,1,6,179.49,0,28
SUB101744,2026-07,12.12,535,4,6,347.94,0,29
SUB100237,2026-05,8.68,145,4,9,143.78,0,30
SUB100469,2026-07,1.59,135,2,10,90.84,0,26
SUB102817,2026-05,4.68,107,3,18,200.4,0,30
SUB100856,2026-05,10.74,399,1,12,327.02,0,30
SUB101538,2026-06,11.02,433,1,17,187.82,0,30
SUB103069,2026-02,6.55,541,1,13,450.53,0,30
SUB100590,2026-02,2.88,524,0,20,244.01,0,29
SUB101839,2026-03,7.53,143,2,12,271.79,0,28
SUB100204,2026-03,18.24,851,3,5,419.56,0,26
SUB102884,2026-02,1.18,427,1,22,135.42,0,29
SUB102764,2026-07,7.33,444,0,9,282.19,1,26
SUB102771,2026-04,7.85,500,3,16,412.67,0,29
SUB102388,2026-06,0.92,174,0,3,233.43,0,27
SUB100729,2026-04,5.48,104,0,19,330.54,0,26
SUB100332,2026-03,4.69,728,1,8,250.58,0,29
SUB103065,2026-05,2.71,57,0,11,152.5,0,26
SUB102618,2026-07,1.83,73,2,11,255.62,0,27
SUB100290,2026-04,6.53,166,2,4,315.12,0,28
SUB101955,2026-07,3.55,197,5,20,244.96,0,29
SUB100961,2026-07,14.99,45,3,16,367.7,0,27
SUB102789,2026-05,8.55,94,3,20,447.43,0,30
SUB100026,2026-07,1.44,88,3,10,88.22,0,29
SUB101017,2026-03,4.82,116,0,10,90.22,0,29
SUB102583,2026-06,13.1,183,1,12,329.05,0,27
SUB101119,2026-06,2.04,433,3,3,73.59,0,27
SUB101339,2026-02,12.4,199,3,6,279.63,0,30
SUB100910,2026-03,0.94,405,3,28,243.71,1,26
SUB100880,2026-02,17.91,156,1,11,467.02,0,29
SUB101551,2026-04,14.26,513,1,12,451.61,0,26
SUB100133,2026-03,12.24,54,4,6,204.99,1,26
SUB100755,2026-06,7.14,145,0,11,266.28,0,29
SUB102698,2026-02,11.89,622,4,14,334.46,0,29
SUB100379,2026-06,12.14,311,5,13,315.32,0,29
SUB102612,2026-04,16.66,36,1,18,246.98,1,28
SUB100561,2026-04,17.82,136,5,15,390.02,0,28
SUB100712,2026-05,11.39,243,2,8,310.59,0,29
SUB101907,2026-04,15.45,284,2,11,452.15,0,29
SUB101284,2026-05,1.5,133,3,11,94.98,0,28
SUB100873,2026-04,18.03,117,0,12,334.16,0,28
SUB102932,2026-05,2.35,312,4,13,82.63,0,28
SUB102438,2026-02,3.57,218,2,13,190.44,0,27
SUB101892,2026-03,8.48,163,2,14,307.37,0,29
SUB102031,2026-05,7.92,199,1,10,194.13,0,29
SUB102180,2026-02,5.68,704,3,10,227.3,0,26
SUB101873,2026-06,7.69,194,4,3,174.86,0,28
SUB101370,2026-05,7.15,130,0,10,127.7,0,29
SUB100493,2026-05,6.66,224,1,10,252.02,1,28
SUB101262,2026-06,9.85,174,3,16,236.51,0,27
SUB102046,2026-04,90.23,379,2,12,935.32,0,28
SUB101383,2026-07,8.88,36,1,9,157.44,0,29
SUB101271,2026-05,11.96,139,0,4,214.02,0,26
SUB101078,2026-05,0.81,195,2,7,115.82,1,29
SUB100945,2026-04,4.37,202,2,13,257.54,0,26
SUB101115,2026-04,4.35,393,3,3,264.45,0,30
SUB100298,2026-04,1.23,329,0,10,163.58,0,30
SUB100891,2026-02,6.04,431,4,10,427.91,0,30
SUB102763,2026-02,2.73,426,3,10,261.31,0,28
SUB101444,2026-06,7.87,677,1,9,329.36,0,29
SUB102286,2026-04,10.22,24,4,3,241.08,0,27
SUB100025,2026-03,1.28,490,2,9,248.75,1,29
SUB100376,2026-06,20.29,270,1,10,408.06,0,29
SUB102373,2026-03,8.62,235,4,11,225.43,0,29
SUB100532,2026-02,8.23,29,2,18,152.12,0,30
SUB101668,2026-02,26.94,270,5,4,303.41,0,29
SUB100288,2026-04,1.29,120,1,9,138.58,0,28
SUB101822,2026-06,3.69,208,1,6,305.2,0,26
SUB101862,2026-02,19.03,206,1,17,227.24,0,30
SUB101711,2026-04,19.25,194,2,9,399.6,0,30
SUB100448,2026-04,31.46,366,4,15,566.38,0,30
SUB102561,2026-04,10.54,212,2,25,277.12,0,27
SUB100663,2026-04,1.52,372,2,11,157.38,0,27
SUB102244,2026-03,21.22,190,3,10,301.46,0,28
SUB102902,2026-07,19.19,311,5,13,391.53,1,27
SUB100627,2026-04,5.46,422,4,8,403.81,0,27
SUB100081,2026-05,19.64,54,3,11,375.81,0,27
SUB102834,2026-06,16.75,282,3,13,299.29,0,27
SUB102274,2026-02,2.19,248,4,5,239.75,1,29
SUB101858,2026-07,1.86,15,3,5,157.8,0,29
SUB102589,2026-07,8.13,30,1,14,173.62,0,28
SUB100531,2026-06,12.0,502,6,8,364.01,0,26
SUB100503,2026-07,6.38,381,1,9,268.9,0,30
SUB102732,2026-03,2.5,337,2,14,143.51,0,28
SUB102993,2026-05,1.41,307,6,10,98.84,0,26
SUB102474,2026-05,13.58,387,4,12,292.87,0,26
SUB101934,2026-02,6.13,133,6,8,259.38,0,26
SUB101769,2026-02,3.35,164,3,5,227.27,0,26
SUB101063,2026-04,8.75,156,4,4,200.1,1,29
SUB102197,2026-03,4.67,225,4,15,141.53,0,28
SUB102322,2026-05,6.95,409,2,8,271.81,0,30
SUB100356,2026-04,21.28,181,1,12,480.27,0,26
SUB100453,2026-05,9.87,910,2,14,400.17,0,28
SUB102520,2026-03,6.1,90,3,3,220.82,1,30
SUB100027,2026-03,22.71,344,3,14,430.75,0,26
SUB101225,2026-02,0.4,321,2,15,206.88,1,27
SUB102009,2026-05,8.02,79,0,12,143.76,0,27
SUB102971,2026-02,4.0,317,0,14,173.49,0,30
SUB100128,2026-06,10.64,278,0,6,416.03,0,28
SUB100834,2026-07,1.12,283,5,6,,0,29
SUB100364,2026-04,3.0,43,2,5,91.49,0,27
SUB101120,2026-02,33.13,207,3,7,479.53,0,29
SUB102738,2026-04,1.22,277,2,8,132.35,0,29
SUB101210,2026-05,8.04,209,1,13,287.86,0,29
SUB101930,2026-07,8.31,350,3,10,216.19,0,27
SUB101375,2026-02,5.0,500,4,11,270.41,0,26
SUB100868,2026-02,10.06,230,3,6,161.03,0,30
SUB100066,2026-02,5.66,83,0,11,352.11,0,28
SUB101356,2026-02,4.53,931,1,6,184.25,0,28
SUB101322,2026-03,16.05,215,1,15,242.22,1,30
SUB101996,2026-04,0.84,119,2,7,108.03,0,28
SUB100324,2026-05,13.38,90,2,16,238.08,0,28
SUB100472,2026-04,6.05,75,1,6,198.8,0,29
SUB102817,2026-04,5.63,84,2,12,245.96,0,28
SUB101920,2026-02,3.52,294,2,6,221.1,0,30
SUB101786,2026-04,14.12,202,1,17,380.63,0,26
SUB100773,2026-03,7.24,235,2,10,291.68,0,30
SUB101152,2026-07,1.5,283,2,8,280.74,0,26
SUB101879,2026-05,2.27,413,2,15,215.2,0,30
SUB100366,2026-06,12.92,138,3,15,214.47,0,26
SUB101703,2026-02,5.36,157,0,10,264.36,0,28
SUB100866,2026-02,8.68,255,3,12,265.36,0,28
SUB101368,2026-03,8.89,225,2,8,268.13,0,26
SUB101951,2026-02,9.78,283,1,14,212.1,0,30
SUB103179,2026-07,3.99,107,1,7,203.09,1,26
SUB100820,2026-05,6.07,437,3,15,249.9,0,26
SUB103014,2026-03,0.86,154,4,16,194.24,0,27
SUB102094,2026-05,4.05,237,1,7,150.49,0,28
SUB101670,2026-03,5.6,198,0,13,319.27,0,27
SUB101007,2026-06,7.21,562,1,10,282.08,0,30
SUB101379,2026-03,7.8,199,1,7,317.41,1,28
SUB102004,2026-02,16.5,202,2,11,468.88,0,26
SUB100559,2026-03,9.16,328,0,4,238.88,0,29
SUB100154,2026-04,1.41,245,1,11,307.99,0,30
SUB102198,2026-02,3.39,240,2,7,168.65,0,27
SUB102631,2026-04,11.83,476,0,9,231.43,0,27
SUB102567,2026-07,1.64,61,3,9,271.78,0,28
SUB101338,2026-05,4.67,75,2,16,146.67,0,27
SUB100686,2026-02,10.64,209,1,17,392.97,0,28
SUB102730,2026-05,2.97,362,0,8,232.72,0,27
SUB101939,2026-02,11.73,118,3,9,282.6,0,27
SUB102835,2026-05,4.14,304,1,9,160.61,1,29
SUB101969,2026-05,7.75,386,2,2,331.26,0,26
SUB101625,2026-04,4.85,327,4,3,261.22,0,28
SUB101321,2026-05,14.63,230,1,8,389.89,1,27
SUB103156,2026-02,4.99,362,1,12,385.55,0,28
SUB100976,2026-02,9.63,158,2,16,270.82,0,26
SUB100482,2026-06,5.2,232,2,9,119.58,0,28
SUB102654,2026-04,7.08,98,2,15,186.34,0,26
SUB100839,2026-07,19.19,190,3,12,334.21,0,26
SUB102955,2026-04,10.51,126,4,5,252.93,0,26
SUB100048,2026-03,25.8,372,2,16,443.72,0,28
SUB101161,2026-04,7.39,78,2,12,306.71,1,28
SUB102013,2026-07,7.46,475,1,6,222.06,0,28
SUB102457,2026-05,4.46,439,1,10,180.2,0,29
SUB101642,2026-06,9.12,158,2,5,186.77,0,29
SUB101599,2026-05,7.38,432,2,14,158.06,0,30
SUB100456,2026-07,8.1,49,3,9,223.52,1,28
SUB101545,2026-02,0.85,692,4,13,309.23,0,26
SUB102963,2026-07,7.73,474,2,13,219.97,0,26
SUB101761,2026-07,3.18,278,0,18,138.49,0,27
SUB103024,2026-04,11.12,56,5,10,222.85,0,26
SUB101785,2026-04,0.7,74,2,11,158.37,0,28
SUB101751,2026-07,6.02,175,0,12,307.53,0,30
SUB100340,2026-07,1.21,742,3,4,319.18,0,26
SUB101364,2026-07,3.13,105,2,4,87.05,0,30
SUB100178,2026-02,26.03,254,2,10,427.74,0,29
SUB101807,2026-06,2.73,279,2,17,287.1,0,26
SUB103129,2026-03,7.52,174,2,5,238.89,0,30
SUB100184,2026-03,9.86,116,2,11,153.71,0,28
SUB101671,2026-07,10.48,241,4,10,261.93,0,26
SUB101227,2026-07,15.7,75,0,10,333.26,0,27
SUB102286,2026-02,6.64,34,3,2,241.89,0,29
SUB100900,2026-07,3.37,155,1,13,235.03,1,30
SUB102805,2026-06,13.24,127,1,13,258.36,0,29
SUB103001,2026-02,3.54,210,2,6,289.31,0,26
SUB102743,2026-03,5.26,264,0,8,301.78,0,28
SUB101490,2026-07,1.34,137,5,15,128.58,0,30
SUB100763,2026-04,12.63,232,0,14,228.66,0,26
SUB102311,2026-05,11.14,221,1,12,359.69,0,26
SUB102009,2026-06,10.59,172,2,14,146.91,0,30
SUB103063,2026-07,4.8,76,1,16,271.69,1,29
SUB100980,2026-07,9.94,61,0,8,265.05,0,30
SUB102879,2026-03,6.12,191,2,9,312.27,0,28
SUB103079,2026-02,6.04,84,1,8,213.7,0,30
SUB100193,2026-06,8.71,168,4,8,144.97,0,28
SUB102945,2026-07,5.54,280,2,19,167.4,0,30
SUB102556,2026-06,8.39,150,0,9,200.15,0,26
SUB101755,2026-05,14.19,58,1,6,441.07,0,30
SUB102474,2026-04,10.91,266,5,16,322.83,0,26
SUB101361,2026-04,17.27,349,2,11,486.36,0,26
SUB101781,2026-02,4.75,237,4,23,121.12,1,29
SUB101580,2026-03,2.0,822,0,8,192.65,0,27
SUB102492,2026-05,1.0,348,1,12,223.58,0,29
SUB102711,2026-07,4.71,313,1,30,120.74,0,27
SUB102974,2026-06,20.1,219,3,13,445.87,0,27
SUB100057,2026-05,7.0,509,3,6,188.99,0,26
SUB102576,2026-03,5.46,285,3,15,158.04,0,29
SUB101043,2026-02,11.47,630,3,6,269.17,0,29
SUB101878,2026-04,1.42,109,0,3,155.17,0,28
SUB100747,2026-04,10.97,202,4,18,404.56,0,27
SUB100212,2026-05,8.18,307,2,3,282.71,1,29
SUB101087,2026-04,13.51,311,5,6,470.37,2,30
SUB100519,2026-03,6.27,245,4,16,150.92,0,29
SUB100534,2026-07,5.18,54,2,10,121.2,0,30
SUB100792,2026-05,23.91,195,3,4,303.69,0,29
SUB102484,2026-04,0.7,106,3,4,94.57,0,30
SUB100532,2026-05,6.08,43,2,15,155.65,1,27
SUB102457,2026-03,5.41,179,2,9,171.5,0,28
SUB100886,2026-03,10.87,222,1,6,327.58,1,29
SUB100671,2026-04,4.31,362,3,11,125.19,0,28
SUB102413,2026-07,5.06,359,4,7,327.18,0,26
SUB101814,2026-03,7.54,320,2,12,416.16,0,26
SUB103180,2026-03,10.11,212,3,7,177.83,0,29
SUB100817,2026-03,21.62,176,1,10,364.14,0,28
SUB102133,2026-06,6.94,78,1,9,223.74,0,27
SUB101283,2026-06,47.48,308,1,8,0.0,3,30
SUB102445,2026-04,10.43,471,3,12,307.0,0,30
SUB100669,2026-04,6.65,117,0,12,271.99,0,28
SUB101417,2026-05,1.43,309,1,2,140.81,0,29
SUB100886,2026-07,12.47,352,3,11,364.07,0,29
SUB100885,2026-02,12.96,169,3,8,235.58,1,26
SUB100094,2026-05,5.04,190,2,10,206.19,0,26
SUB102922,2026-03,5.36,138,1,3,153.03,1,29
SUB102222,2026-05,1.24,137,3,5,136.04,0,28
SUB101074,2026-06,0.92,86,0,5,154.85,0,30
SUB102077,2026-03,30.43,319,2,18,648.5,0,28
SUB100115,2026-03,13.52,6,3,15,0.0,0,26
SUB101340,2026-03,10.37,148,3,13,313.46,0,27
SUB102138,2026-03,5.92,245,5,10,493.97,0,27
SUB102876,2026-04,7.18,63,2,10,313.98,0,26
SUB100449,2026-03,3.86,77,1,9,227.94,1,26
SUB100338,2026-07,1.31,234,5,11,96.41,0,27
SUB100829,2026-02,3.01,394,2,5,105.55,0,27
SUB102135,2026-05,11.9,439,5,15,397.05,1,26
SUB100043,2026-07,19.56,282,3,8,476.11,0,26
SUB103054,2026-05,11.88,341,1,19,531.82,0,29
SUB102800,2026-06,2.08,325,3,7,259.25,0,29
SUB103105,2026-03,2.93,627,1,7,323.19,0,27
SUB101068,2026-02,7.65,457,3,11,323.78,0,30
SUB101868,2026-03,4.97,122,1,15,248.24,0,28
SUB102542,2026-05,6.17,366,2,9,169.53,0,30
SUB100004,2026-07,21.44,183,7,10,370.38,0,29
SUB100471,2026-04,12.76,60,2,12,265.48,0,27
SUB101520,2026-02,1.73,64,1,17,132.81,0,28
SUB100486,2026-03,15.76,206,1,14,427.28,0,29
SUB102790,2026-06,11.35,194,3,10,312.88,0,27
SUB101335,2026-05,12.29,234,3,8,324.69,0,30
SUB102922,2026-02,6.41,117,2,6,135.21,0,28
SUB100751,2026-03,4.78,154,3,17,178.96,0,29
SUB100810,2026-03,5.93,299,4,14,146.67,0,28
SUB103167,2026-05,7.69,437,2,12,223.6,0,27
SUB101013,2026-05,1.6,156,1,6,356.36,0,26
SUB100197,2026-05,5.75,255,5,14,292.18,0,27
SUB102196,2026-06,5.28,203,1,10,245.43,0,26
SUB100501,2026-02,10.96,98,2,4,181.65,0,29
SUB102447,2026-03,4.93,260,2,14,230.82,0,30
SUB101818,2026-04,2.38,406,1,10,185.87,0,30
SUB102868,2026-03,13.53,280,2,7,341.85,0,28
SUB100034,2026-07,5.62,165,2,6,131.54,0,30
SUB101682,2026-02,3.43,54,2,16,71.81,0,29
SUB102881,2026-05,11.18,48,4,11,403.38,0,30
SUB100790,2026-04,1.81,421,3,7,153.8,0,29
SUB102746,2026-05,5.49,315,3,13,140.93,0,28
SUB101407,2026-05,11.84,360,3,11,337.28,0,29
SUB101983,2026-02,12.51,157,0,12,327.88,0,27
SUB100302,2026-07,7.53,96,1,7,303.81,0,29
SUB101392,2026-05,56.43,97,3,15,523.95,0,27
SUB101715,2026-03,7.1,282,4,12,258.9,0,26
SUB102894,2026-05,1.27,137,1,24,181.12,0,28
SUB100311,2026-04,9.12,144,3,15,206.85,0,26
SUB102921,2026-03,8.23,369,0,8,174.59,0,30
SUB103094,2026-07,9.02,275,2,2,346.67,0,29
SUB100946,2026-06,1.33,55,1,8,226.9,0,29
SUB100957,2026-07,9.91,397,2,2,217.95,0,26
SUB100625,2026-03,6.04,753,1,7,217.75,0,30
SUB100211,2026-07,14.13,357,1,7,359.25,0,28
SUB101531,2026-06,5.25,254,2,14,296.12,0,27
SUB102638,2026-03,9.64,111,1,6,328.05,0,27
SUB100835,2026-06,3.46,417,0,12,306.84,0,26
SUB102311,2026-07,19.38,255,1,11,285.99,0,26
SUB101169,2026-05,36.02,378,3,6,448.19,0,30
SUB101114,2026-05,1.32,115,0,15,187.31,0,27
SUB100898,2026-03,27.76,184,4,18,498.73,0,27
SUB101419,2026-03,21.39,341,3,6,560.69,0,28
SUB101647,2026-07,7.99,51,1,13,273.94,0,28
SUB100247,2026-05,6.64,256,4,10,166.48,0,29
SUB102766,2026-07,34.38,179,6,5,532.5,0,27
SUB101850,2026-02,3.31,155,0,10,232.04,1,28
SUB101090,2026-04,9.06,567,2,10,205.5,0,27
SUB100927,2026-07,9.04,266,2,4,283.6,0,29
SUB102917,2026-04,1.09,339,5,8,264.56,0,28
SUB100794,2026-03,5.88,167,1,17,120.07,0,29
SUB100679,2026-04,1.54,225,0,14,181.85,0,27
SUB102078,2026-03,4.83,252,6,7,419.75,0,26
SUB102269,2026-06,0.66,339,0,10,237.18,0,30
SUB101307,2026-03,18.53,221,6,8,336.47,0,30
SUB101792,2026-06,6.31,111,0,18,209.06,0,28
SUB103147,2026-06,0.77,245,4,2,145.28,0,27
SUB100075,2026-02,1.65,289,0,14,172.94,0,26
SUB103073,2026-04,17.3,247,3,10,297.12,0,29
SUB100312,2026-07,0.91,315,1,4,99.85,0,30
SUB102245,2026-06,13.67,225,1,17,225.04,0,27
SUB101967,2026-05,9.07,86,1,3,357.59,0,28
SUB100637,2026-05,2.93,254,4,10,93.58,0,29
SUB102835,2026-03,1.84,158,1,14,165.14,0,26
SUB102724,2026-07,18.4,45,4,16,384.36,0,29
SUB102307,2026-07,1.75,188,3,8,93.48,0,27
SUB101059,2026-07,7.03,48,1,13,405.64,0,26
SUB102532,2026-06,4.13,133,0,14,105.02,0,29
SUB102231,2026-04,9.75,353,2,8,296.91,0,29
SUB101665,2026-07,5.03,252,1,5,225.1,0,28
SUB100936,2026-02,4.12,106,3,8,87.17,0,26
SUB102831,2026-06,10.52,316,0,8,283.45,0,27
SUB102958,2026-05,15.09,128,1,17,346.73,2,27
SUB101262,2026-07,13.31,228,1,10,256.13,0,26
SUB100632,2026-04,1.47,172,3,7,133.8,0,26
SUB101195,2026-04,12.15,186,4,13,284.95,1,30
SUB101288,2026-03,2.61,70,1,6,230.81,0,26
SUB102299,2026-04,1.66,231,5,14,103.15,0,30
SUB102401,2026-05,10.73,91,2,9,351.51,0,28
SUB102930,2026-06,1.47,102,1,9,213.93,0,27
SUB100176,2026-05,11.47,165,1,7,291.91,0,26
SUB102894,2026-03,1.07,104,0,17,154.65,1,27
SUB100398,2026-05,5.3,516,1,8,259.57,0,29
SUB100995,2026-04,0.86,509,1,16,270.45,0,30
SUB102050,2026-03,11.7,473,1,9,382.28,0,27
SUB100727,2026-07,9.53,609,1,9,283.47,0,29
SUB101558,2026-02,14.08,199,2,4,222.18,0,27
SUB100948,2026-05,5.41,222,3,20,230.37,0,30
SUB101464,2026-05,7.05,126,1,16,202.14,0,27
SUB101206,2026-05,20.45,111,1,16,242.21,0,30
SUB100133,2026-07,8.43,70,0,7,205.27,0,29
SUB100724,2026-02,1.88,111,1,10,168.9,0,28
SUB100389,2026-06,7.49,301,4,4,253.51,0,27
SUB102131,2026-04,4.93,207,2,13,177.7,0,26
SUB100393,2026-04,13.59,100,3,25,368.37,0,27
SUB100276,2026-06,3.91,57,2,4,135.63,0,27
SUB100429,2026-05,12.62,235,2,13,332.93,0,30
SUB101721,2026-03,7.61,81,2,9,245.43,0,29
SUB100575,2026-02,5.65,162,2,8,274.44,0,28
SUB102367,2026-02,2.31,527,2,10,171.66,0,27
SUB101953,2026-02,2.03,378,7,8,247.61,1,29
SUB100037,2026-03,8.95,149,0,10,307.68,0,27
SUB101170,2026-05,3.56,561,6,11,127.09,0,28
SUB101653,2026-02,12.98,447,3,5,248.45,0,26
SUB100464,2026-02,7.61,264,3,12,363.94,0,27
SUB101766,2026-07,1.72,290,3,7,129.01,0,29
SUB101809,2026-03,1.97,154,0,4,122.56,0,27
SUB103096,2026-03,25.02,105,3,9,525.88,0,27
SUB100559,2026-06,8.27,394,1,8,231.08,0,27
SUB101585,2026-05,0.78,243,1,11,159.8,0,27
SUB102330,2026-04,4.03,442,2,16,275.29,0,30
SUB100362,2026-02,1.25,299,1,2,190.15,0,26
SUB102087,2026-02,3.73,59,0,7,190.34,0,30
SUB103048,2026-03,2.76,178,2,7,158.48,0,30
SUB100584,2026-05,37.42,321,1,13,0.0,1,27
SUB102637,2026-04,10.32,97,2,7,261.53,0,28
SUB101864,2026-02,13.27,202,2,8,284.95,0,28
SUB100553,2026-03,16.4,222,2,16,355.69,1,27
SUB102864,2026-07,12.91,210,1,8,261.53,0,27
SUB102801,2026-04,10.31,126,3,17,454.99,0,29
SUB101348,2026-04,16.03,139,2,7,543.95,0,28
SUB101721,2026-05,8.43,101,0,10,219.42,0,26
SUB101444,2026-03,7.89,552,1,5,373.97,0,27
SUB103037,2026-02,10.07,87,2,8,255.53,0,30
SUB100913,2026-05,0.74,214,5,11,232.66,0,27
SUB102052,2026-07,18.09,165,2,16,376.51,1,28
SUB101352,2026-06,3.06,125,2,14,163.79,0,29
SUB101979,2026-06,11.48,318,1,10,400.75,0,29
SUB100949,2026-05,1.42,517,4,7,273.6,0,26
SUB102115,2026-04,1.04,174,3,13,134.69,0,27
SUB101482,2026-07,3.75,484,3,20,190.2,0,28
SUB102064,2026-04,5.45,402,2,10,331.06,0,26
SUB100465,2026-04,6.48,270,4,8,0.0,0,30
SUB103072,2026-02,6.08,143,2,14,216.39,0,29
SUB101014,2026-07,0.45,65,4512,16,264.98,0,29
SUB102660,2026-04,24.58,234,2,8,395.05,0,27
SUB103101,2026-06,5.51,32,1,6,185.59,0,28
SUB101292,2026-05,5.35,392,2,8,187.52,0,28
SUB101764,2026-02,2.25,145,4,6,207.92,0,26
SUB101267,2026-03,10.11,341,4,11,324.16,0,30
SUB100855,2026-04,1.14,162,1,7,151.88,0,26
SUB101155,2026-06,0.75,170,1,14,105.76,0,28
SUB101949,2026-05,14.61,245,5,12,421.98,0,29
SUB102692,2026-06,1.69,69,0,6,186.23,0,29
SUB100742,2026-03,20.36,186,1,7,626.5,0,27
SUB103115,2026-06,4.28,141,4,8,276.81,0,30
SUB102298,2026-06,8.16,77,2,22,146.02,0,29
SUB100149,2026-02,8.97,139,3,4,254.18,0,29
SUB101008,2026-02,2.48,229,0,16,192.68,0,26
SUB100425,2026-04,8.68,27,3,4,324.27,0,30
SUB100988,2026-02,1.77,98,3,5,122.62,1,28
SUB103105,2026-05,1.72,526,2,5,366.26,0,28
SUB102197,2026-07,2.84,199,1,10,122.12,0,28
SUB102962,2026-02,21.57,279,2,6,357.27,0,27
SUB100249,2026-07,13.08,174,5,9,466.72,0,29
SUB101972,2026-03,9.58,89,0,16,309.58,0,27
SUB101778,2026-06,12.33,372,0,9,162.01,0,29
SUB102878,2026-07,14.47,75,0,11,358.32,0,30
SUB100337,2026-03,1.34,459,6,19,156.16,0,28
SUB102672,2026-02,1.04,267,4,7,192.09,0,27
SUB100394,2026-07,14.66,252,3,14,308.46,0,26
SUB101244,2026-05,13.71,347,0,22,338.27,1,30
SUB100621,2026-07,5.6,27,3,22,138.15,0,28
SUB101440,2026-02,55.46,351,1,13,626.99,0,27
SUB100907,2026-05,4.8,101,1,16,276.61,0,26
SUB100745,2026-02,1.25,223,5,8,236.13,0,26
SUB102730,2026-06,3.35,385,2,9,206.64,0,30
SUB101910,2026-06,44.86,483,3,15,833.65,1,30
SUB101600,2026-03,1.25,359,3,10,154.25,0,26
SUB102873,2026-02,6.82,107,0,5,318.23,0,28
SUB101567,2026-04,6.28,216,2,14,177.66,0,26
SUB100006,2026-03,4.64,217,1,4,246.68,0,30
SUB102135,2026-03,10.28,533,0,14,390.46,0,26
SUB101576,2026-03,2.29,1756,1,13,281.43,0,27
SUB102293,2026-05,42.31,96,1,9,502.24,0,28
SUB100512,2026-03,7.83,280,1,8,140.76,0,29
SUB101493,2026-03,12.09,70,1,18,216.96,0,27
SUB101267,2026-02,6.28,279,2,9,336.63,0,30
SUB100700,2026-02,16.66,214,5,12,320.27,0,28
SUB100440,2026-06,10.23,139,5,14,328.47,0,27
SUB102884,2026-06,1.05,372,2,14,123.22,1,28
SUB102560,2026-04,1.41,273,2,15,277.86,0,27
SUB102983,2026-03,3.29,33,4,11,370.16,0,26
SUB100519,2026-04,6.83,208,4,9,149.06,0,30
SUB100265,2026-03,5.59,76,1,5,274.9,0,29
SUB100048,2026-07,20.12,310,0,12,423.75,0,29
SUB100810,2026-05,4.5,261,4,9,194.19,0,27
SUB101198,2026-03,2.27,244,6,15,237.55,0,28
SUB100779,2026-02,8.38,129,3,4,131.28,0,27
SUB102239,2026-07,7.62,99,3,9,265.26,0,26
SUB100261,2026-04,29.02,119,3,9,346.7,0,28
SUB102496,2026-05,8.99,387,3,14,318.26,0,28
SUB100159,2026-06,4.89,78,3,3,170.12,0,27
SUB101882,2026-05,5.75,577,3,15,219.05,0,30
SUB102500,2026-07,8.41,175,4,16,347.49,0,30
SUB102074,2026-02,1.97,204,3,18,208.1,0,30
SUB100389,2026-07,8.74,196,1,2,224.72,0,28
SUB102109,2026-02,3.38,336,2,7,121.86,0,29
SUB102739,2026-02,5.79,280,1,15,192.44,0,30
SUB101837,2026-04,10.46,123,1,13,340.3,0,28
SUB101269,2026-06,30.07,280,5,18,436.91,0,29
SUB100166,2026-02,4.46,62,3,16,299.95,0,29
SUB102617,2026-03,1.72,160,1,5,135.59,0,27
SUB100081,2026-02,16.29,48,5,16,338.29,0,29
SUB100914,2026-04,4.81,150,0,6,231.01,1,28
SUB102488,2026-03,23.92,199,2,9,313.21,0,30
SUB101000,2026-07,11.54,344,3,10,253.85,0,27
SUB101638,2026-06,2.6,181,1,13,72.29,0,26
SUB102285,2026-03,1.68,130,3,9,244.09,0,27
SUB101149,2026-07,5.45,206,3,8,331.17,0,28
SUB100416,2026-02,7.72,176,1,16,158.9,0,30
SUB100832,2026-04,5.47,229,4,6,232.7,0,30
SUB101466,2026-03,7.52,490,2,4,398.7,0,26
SUB100219,2026-07,1.96,53,2,10,145.01,0,27
SUB100256,2026-05,10.8,422,5,11,354.69,0,30
SUB102378,2026-03,5.82,82,2,15,150.28,0,27
SUB102403,2026-02,3.82,140,1,9,328.97,0,28
SUB101473,2026-07,4.67,8,3,18,160.31,0,30
SUB102637,2026-07,9.52,109,2,4,247.73,0,26
SUB100758,2026-03,8.53,71,5,4,600.64,0,27
SUB102687,2026-04,12.85,345,1,11,404.75,0,28
SUB101256,2026-02,13.04,218,3,10,288.92,0,26
SUB100077,2026-06,15.55,174,2,8,183.59,0,29
SUB100391,2026-07,9.23,88,1,14,282.64,0,28
SUB101541,2026-04,5.88,155,0,6,249.77,0,26
SUB102439,2026-04,8.96,159,2,16,192.86,0,29
SUB100928,2026-02,3.65,126,1,10,132.0,0,28
SUB102787,2026-07,6.92,255,2,6,190.98,0,27
SUB101720,2026-04,3.36,472,1,7,176.76,0,30
SUB101957,2026-06,6.39,253,1,21,300.24,0,29
SUB100574,2026-05,11.0,130,1,8,417.56,0,27
SUB100774,2026-06,2.41,127,3,14,272.22,0,30
SUB102018,2026-06,0.76,192,2,14,163.84,0,28
SUB102428,2026-06,1.91,114,1,13,272.57,0,27
SUB100295,2026-03,9.54,135,1,16,370.85,0,28
SUB100606,2026-04,7.18,270,3,9,199.55,0,29
SUB101259,2026-05,9.38,286,2,22,382.43,0,27
SUB101310,2026-04,10.07,70,1,24,209.96,1,27
SUB102073,2026-02,8.4,244,3,10,177.48,0,29
SUB100829,2026-03,2.71,426,1,7,135.02,1,27
SUB100416,2026-07,7.33,157,2,7,161.81,0,26
SUB102514,2026-07,2.45,37,0,9,109.93,0,26
SUB102966,2026-06,12.9,124,2,13,201.73,0,29
SUB102321,2026-07,16.53,1000,3,12,428.84,0,26
SUB102339,2026-06,6.11,276,0,17,252.38,1,26
SUB101740,2026-07,12.26,360,1,7,219.73,0,27
SUB101649,2026-05,7.89,346,3,11,211.36,0,29
SUB101227,2026-02,13.3,72,2,13,408.88,0,28
SUB101908,2026-06,16.45,218,2,21,322.02,0,29
SUB103048,2026-06,2.33,236,0,3,157.46,0,28
SUB102680,2026-03,4.95,237,4,15,259.85,0,30
SUB100745,2026-07,1.02,255,3,9,210.53,0,26
SUB102588,2026-05,9.35,79,2,11,254.63,0,29
SUB102459,2026-06,19.96,224,1,12,296.62,0,30
SUB101115,2026-06,4.96,400,2,6,300.2,0,27
SUB100773,2026-07,15.36,333,3,11,341.8,1,27
SUB100751,2026-05,6.21,163,2,16,176.38,0,30
SUB102066,2026-07,0.73,370,2,9,148.31,0,27
SUB101875,2026-06,13.38,105,3,12,391.3,0,28
SUB101130,2026-06,15.57,219,1,6,512.34,0,27
SUB102981,2026-05,1.46,320,0,15,282.04,0,30
SUB102056,2026-06,7.29,88,4,4,301.8,0,29
SUB101057,2026-03,1.79,349,0,6,175.57,0,28
SUB100433,2026-05,21.38,198,2,11,358.23,1,30
SUB102938,2026-06,9.09,289,2,9,254.43,0,27
SUB101238,2026-02,16.98,1032,2,17,443.1,1,30
SUB103068,2026-03,14.02,743,2,15,403.3,0,28
SUB100494,2026-02,4.89,475,5,19,274.36,0,26
SUB100728,2026-05,0.49,78,2655,18,312.29,0,26
SUB101530,2026-07,5.16,189,2,16,203.21,0,28
SUB100936,2026-04,2.31,89,4,10,102.14,0,28
SUB102490,2026-03,15.46,168,2,12,234.81,0,29
SUB101603,2026-04,2.47,308,2,0,217.96,0,26
SUB100902,2026-06,3.5,32,5,7,136.31,0,27
SUB100178,2026-07,28.3,313,0,5,546.26,0,26
SUB100705,2026-03,1.51,385,1,2,105.58,0,28
SUB100939,2026-03,8.51,212,0,11,174.37,1,29
SUB100827,2026-07,6.84,257,3,7,302.86,0,29
SUB100487,2026-04,4.7,191,2,13,226.36,0,28
SUB100806,2026-07,5.54,105,4,16,239.33,0,29
SUB100891,2026-03,20.71,451,2,11,285.07,1,28
SUB101055,2026-07,8.68,118,0,1,229.04,0,28
SUB102115,2026-06,0.59,135,1,11,126.25,0,26
SUB101174,2026-03,25.58,195,4,5,593.88,0,30
SUB100889,2026-05,8.09,172,5,10,206.43,0,29
SUB102274,2026-06,1.4,298,4,8,194.26,0,30
SUB101820,2026-06,0.36,186,0,5,120.86,0,29
SUB101061,2026-06,11.68,180,3,11,0.0,0,26
SUB102724,2026-05,19.31,110,0,10,392.48,0,28
SUB100651,2026-06,7.43,468,0,11,249.15,0,26
SUB100936,2026-07,4.23,37,2,6,87.18,0,28
SUB101941,2026-05,8.09,143,0,3,234.03,0,28
SUB102209,2026-04,6.6,232,3,16,169.44,1,28
SUB101388,2026-03,5.84,417,2,13,102.97,0,30
SUB102477,2026-02,0.76,433,0,16,78.11,0,29
SUB100948,2026-06,4.93,272,0,26,212.61,0,29
SUB101909,2026-05,13.36,680,0,11,191.19,0,28
SUB101489,2026-03,4.64,191,2,12,120.16,0,29
SUB100235,2026-05,1.7,246,3,9,159.15,0,27
SUB102486,2026-03,1.66,57,1,12,216.29,0,30
SUB101636,2026-07,2.06,268,4,9,167.36,1,26
SUB102086,2026-07,1.16,128,2,22,272.03,1,27
SUB101741,2026-06,1.62,424,4,7,187.66,0,30
SUB101518,2026-05,6.61,89,2,14,235.31,0,28
SUB100287,2026-06,1.72,380,3,9,129.52,0,30
SUB102924,2026-07,1.64,148,3,15,221.61,0,27
SUB100623,2026-03,6.6,729,0,10,259.23,0,28
SUB100389,2026-05,6.49,251,3,5,229.98,0,26
SUB102323,2026-03,1.03,359,2,16,138.04,0,29
SUB100931,2026-05,6.35,24,1,12,155.56,0,27
SUB100309,2026-03,6.83,83,0,13,272.36,0,26
SUB102851,2026-03,8.17,113,5,5,201.87,0,26
SUB101611,2026-02,9.44,237,2,15,259.27,0,27
SUB103168,2026-03,27.55,44,0,12,383.82,0,27
SUB100452,2026-05,8.03,192,1,10,185.77,0,30
SUB101605,2026-03,11.06,122,1,9,231.93,0,29
SUB100562,2026-03,8.46,216,3,18,273.15,0,28
SUB100765,2026-06,6.25,171,1,23,152.23,0,30
SUB101765,2026-04,3.94,216,3,9,147.39,0,29
SUB100778,2026-07,1.37,395,3,6,275.78,0,26
SUB102465,2026-05,2.64,238,3,14,172.35,1,29
SUB100758,2026-06,7.37,133,3,4,,0,29
SUB100997,2026-04,0.64,661,1,4,139.31,1,27
SUB102414,2026-05,4.91,339,2,10,359.7,0,29
SUB100887,2026-02,4.9,349,1,3,175.94,0,30
SUB103032,2026-06,7.3,261,0,11,179.77,0,28
SUB100067,2026-04,8.09,302,1,20,220.65,0,27
SUB101507,2026-03,24.95,332,1,8,362.72,0,27
SUB100574,2026-07,7.37,105,1,14,395.41,0,29
SUB101662,2026-04,14.47,628,3,17,402.47,1,30
SUB102687,2026-06,17.44,220,1,7,483.28,0,29
SUB102442,2026-03,3.11,171,1,9,149.76,0,26
SUB101089,2026-02,3.2,109,4,17,220.36,0,27
SUB101771,2026-06,11.7,361,2,17,338.49,0,29
SUB102020,2026-07,7.54,71,1,8,155.34,0,28
SUB102347,2026-05,3.19,272,4,5,128.83,0,29
SUB102751,2026-05,3.88,106,2,13,160.9,0,28
SUB100877,2026-03,5.07,217,1,2,207.91,0,26
SUB102264,2026-07,6.2,409,2,10,139.13,1,29
SUB100240,2026-03,27.04,107,2,16,421.47,1,28
SUB101263,2026-07,1.98,354,1,12,171.22,0,29
SUB100521,2026-07,4.68,42,3,23,113.71,0,28
SUB100822,2026-05,5.31,231,2,15,235.45,0,26
SUB100511,2026-07,3.82,116,0,8,227.76,0,30
SUB100551,2026-05,9.71,359,2,12,174.48,0,29
SUB101651,2026-03,4.35,592,1,4,215.99,0,30
SUB101084,2026-02,2.17,329,4,7,268.98,0,30
SUB100815,2026-06,15.32,340,3,10,454.5,0,30
SUB101607,2026-07,2.1,374,2,14,127.11,1,27
SUB102666,2026-07,9.94,181,0,19,222.44,0,26
SUB102985,2026-04,5.74,236,1,19,184.18,0,26
SUB102036,2026-04,15.97,76,3,14,284.93,0,30
SUB100542,2026-07,13.32,64,1,10,211.05,0,27
SUB100209,2026-04,8.4,90,4,8,183.46,0,28
SUB102811,2026-02,4.15,221,5,20,254.0,0,29
SUB102741,2026-06,24.69,141,1,8,362.65,0,30
SUB102152,2026-03,9.15,78,1,5,283.66,0,29
SUB102305,2026-02,1.07,353,1,10,84.64,0,26
SUB101518,2026-04,6.21,110,1,15,251.05,1,26
SUB102653,2026-06,5.67,362,0,11,305.65,0,26
SUB100711,2026-06,9.12,172,2,6,277.27,0,27
SUB101598,2026-07,12.84,208,5,17,299.5,0,29
SUB102522,2026-03,8.59,236,2,7,221.81,0,27
SUB100369,2026-03,15.76,456,1,7,305.36,0,26
SUB100569,2026-06,6.11,254,2,8,144.57,0,28
SUB100359,2026-02,2.18,193,1,17,87.69,1,29
SUB102956,2026-02,6.63,107,0,5,177.39,0,28
SUB103183,2026-04,2.24,306,3,11,187.76,0,27
SUB100512,2026-04,6.22,301,1,9,125.91,0,28
SUB100830,2026-05,21.83,306,0,9,579.1,0,27
SUB101080,2026-05,13.69,200,3,7,458.61,1,27
SUB100904,2026-05,12.41,302,4,8,364.2,0,26
SUB100140,2026-03,5.83,253,3,5,115.91,0,30
SUB102919,2026-02,2.06,50,3,7,221.97,0,30
SUB102202,2026-03,13.07,283,0,12,242.93,0,26
SUB101009,2026-02,4.61,207,1,11,154.06,1,28
SUB101017,2026-06,6.07,125,0,12,87.07,0,26
SUB100111,2026-04,6.6,618,1,8,200.77,1,27
SUB100709,2026-07,57.62,119,1,9,561.78,0,29
SUB100105,2026-02,8.21,92,1,8,211.23,0,27
SUB101431,2026-06,19.08,289,0,10,346.87,0,30
SUB100140,2026-06,5.6,132,1,14,116.12,0,29
SUB103084,2026-05,7.41,117,2,9,257.91,0,30
SUB101011,2026-04,6.15,239,1,13,135.69,0,29
SUB100501,2026-06,11.15,47,2,9,191.77,0,29
SUB100772,2026-07,4.59,81,2,8,216.77,0,27
SUB101805,2026-07,2.12,403,3,17,270.32,1,29
SUB102866,2026-03,5.86,105,0,8,120.19,0,29
SUB100608,2026-05,1.6,115,1,9,109.31,0,30
SUB101991,2026-02,12.92,179,3,12,449.25,0,27
SUB100385,2026-03,18.96,307,1,13,408.86,0,29
SUB103038,2026-05,8.58,346,2,7,,1,26
SUB101623,2026-06,2.11,102,3,6,159.99,0,29
SUB101047,2026-06,2.95,430,0,10,189.3,0,28
SUB102453,2026-06,0.71,418,4,15,127.24,0,26
SUB102970,2026-05,5.22,270,1,10,316.93,0,28
SUB101981,2026-05,11.54,296,1,7,354.44,0,28
SUB101821,2026-04,30.75,90,3,12,401.98,0,30
SUB101213,2026-03,9.81,262,3,7,142.34,0,27
SUB101498,2026-07,2.6,580,4,5,156.05,1,26
SUB103008,2026-05,2.66,314,5,11,184.14,0,26
SUB100747,2026-06,6.25,157,1,19,465.88,1,28
SUB103035,2026-03,11.95,419,1,11,183.7,0,27
SUB103000,2026-04,20.49,608,4,11,517.37,0,29
SUB100620,2026-03,8.32,201,0,7,301.52,0,27
SUB100156,2026-03,1.01,397,0,18,140.8,0,27
SUB102443,2026-07,4.79,198,1,9,293.59,0,26
SUB102546,2026-05,6.2,41,4,11,128.88,0,27
SUB100155,2026-05,7.13,300,4,17,232.52,0,30
SUB102995,2026-03,1.63,356,0,13,198.86,0,30
SUB100539,2026-05,7.94,127,1,10,186.06,0,27
SUB102516,2026-05,5.94,480,2,4,364.74,0,30
SUB100309,2026-07,6.81,79,1,7,212.92,0,27
SUB101475,2026-07,1.18,408,3,20,244.75,0,26
SUB100781,2026-06,6.68,126,1,13,325.54,0,26
SUB100297,2026-02,13.99,95,4,10,352.08,0,26
SUB102028,2026-02,1.93,883,1,18,159.64,0,26
SUB102665,2026-03,20.9,223,1,16,331.81,0,28
SUB101813,2026-05,0.91,839,1,7,161.29,0,26
SUB101031,2026-05,4.42,97,3,9,300.29,0,28
SUB100709,2026-06,37.13,106,0,9,612.28,0,27
SUB100278,2026-03,12.84,78,1,14,397.97,0,28
SUB102949,2026-04,4.79,37,3,11,271.2,0,29
SUB100319,2026-03,23.73,308,1,9,440.87,0,30
SUB102997,2026-05,2.12,61,1,22,145.0,0,27
SUB102702,2026-06,9.45,389,3,11,185.23,0,27
SUB100773,2026-06,8.05,269,3,7,276.77,0,30
SUB102228,2026-05,4.56,116,1,9,253.87,0,28
SUB102658,2026-04,6.82,126,1,15,159.74,0,26
SUB100792,2026-06,21.82,184,3,6,354.98,0,30
SUB100081,2026-03,15.83,54,2,12,399.77,0,27
SUB102690,2026-05,10.63,1097,0,12,223.45,0,26
SUB101337,2026-02,8.02,261,1,13,393.58,0,26
SUB102179,2026-02,4.93,304,0,3,144.27,0,27
SUB101563,2026-03,2.04,558,2,11,163.8,0,28
SUB102615,2026-05,2.31,150,1,10,127.3,0,30
SUB103106,2026-06,11.87,237,2,14,188.5,0,28
SUB101707,2026-05,0.96,510,3,7,157.24,0,30
SUB101384,2026-06,5.1,370,4,15,135.18,0,27
SUB102225,2026-05,3.65,119,2,9,224.89,0,27
SUB101902,2026-04,6.18,167,3,15,274.19,2,30
SUB100731,2026-06,14.01,31,0,2,477.32,0,29
SUB101243,2026-02,1.24,307,4,12,130.69,0,29
SUB100924,2026-07,2.57,405,1,12,272.55,0,26
SUB100663,2026-07,1.09,226,3,10,183.73,0,27
SUB100565,2026-05,9.75,444,4,15,379.47,0,30
SUB101001,2026-03,17.24,521,0,10,359.27,0,26
SUB101492,2026-03,0.53,137,2,11,191.87,0,27
SUB103132,2026-04,5.58,594,3,7,236.71,0,28
SUB101196,2026-03,7.18,99,1,10,165.0,0,26
SUB100905,2026-03,8.96,327,2,15,208.39,0,30
SUB101864,2026-07,10.73,246,2,15,269.32,0,29
SUB102136,2026-03,1.82,206,4,3,177.49,0,26
SUB101772,2026-05,29.2,401,2,11,381.82,0,28
SUB101103,2026-06,12.17,302,1,5,349.85,0,27
SUB101892,2026-02,6.41,192,0,5,306.76,0,27
SUB102444,2026-03,17.86,465,2,9,376.1,0,30
SUB101771,2026-02,13.22,313,1,11,341.85,0,29
SUB103195,2026-05,1.48,366,2,6,152.1,0,28
SUB101022,2026-05,9.03,195,2,10,155.46,0,30
SUB102849,2026-07,16.75,189,2,6,365.06,0,29
SUB100611,2026-04,6.36,359,3,17,397.1,0,28
SUB102401,2026-04,8.14,80,2,11,,1,27
SUB100813,2026-04,5.55,40,2,14,194.27,0,26
SUB100276,2026-04,2.63,99,4,2,125.2,0,28
SUB100051,2026-04,11.15,219,4,10,211.46,0,27
SUB102085,2026-03,2.21,713,1,22,201.81,1,28
SUB102312,2026-05,3.28,99,1,8,202.83,0,26
SUB102111,2026-06,20.88,287,1,11,398.42,1,26
SUB101572,2026-07,20.58,38,3,10,255.29,0,28
SUB101660,2026-07,4.98,271,3,7,326.14,0,30
SUB101332,2026-07,2.0,158,1,10,140.71,0,29
SUB101917,2026-02,37.35,199,2,9,627.83,0,26
SUB102283,2026-06,3.02,324,2,16,274.04,0,30
SUB101803,2026-04,10.09,39,5,15,157.26,0,30
SUB101305,2026-05,6.37,79,2,10,273.58,0,26
SUB101361,2026-03,27.3,202,1,13,499.99,0,29
SUB102204,2026-06,15.75,150,1,4,202.88,0,29
SUB100881,2026-05,6.23,21,1,7,240.21,0,26
SUB100325,2026-06,4.51,233,0,6,247.63,0,28
SUB100811,2026-02,10.22,112,2,17,325.43,0,27
SUB102359,2026-05,5.8,398,1,5,263.43,0,26
SUB102922,2026-07,5.99,186,2,6,174.3,0,28
SUB102284,2026-05,6.69,90,2,15,188.37,0,30
SUB103043,2026-06,4.03,169,7,15,148.77,0,30
SUB102681,2026-05,1.33,402,0,12,81.57,0,28
SUB102591,2026-03,26.49,265,3,6,627.65,0,30
SUB102607,2026-07,9.68,849,3,12,371.59,0,27
SUB101331,2026-06,1.0,336,3,7,239.99,0,27
SUB101220,2026-04,7.48,314,1,10,333.1,0,30
SUB102046,2026-07,59.74,455,2,14,850.78,0,27
SUB102547,2026-02,10.42,160,1,6,106.96,0,29
SUB102775,2026-03,4.35,256,5,12,242.81,0,29
SUB101566,2026-05,8.75,101,3,6,162.6,0,26
SUB102183,2026-06,23.03,240,2,16,298.42,0,26
SUB101996,2026-06,0.72,115,2,5,109.45,0,26
SUB100611,2026-07,7.21,842,1,9,387.05,0,30
SUB102841,2026-07,11.0,221,0,23,211.28,0,28
SUB103093,2026-04,12.99,141,6,9,294.54,1,26
SUB102932,2026-02,1.97,165,3,9,90.35,0,28
SUB101625,2026-05,6.47,383,1,10,272.52,0,28
SUB100508,2026-04,3.77,570,1,13,176.65,0,30
SUB102933,2026-03,5.72,38,2,10,80.26,0,29
SUB100831,2026-05,0.84,223,3,1,158.14,1,28
SUB102434,2026-05,2.33,318,5,12,117.44,0,29
SUB100240,2026-05,33.3,65,0,13,519.67,0,26
SUB101896,2026-07,7.81,500,2,17,240.09,1,29
SUB102857,2026-02,11.37,514,2,11,247.38,0,28
SUB102354,2026-06,11.28,245,3,2,342.82,0,26
SUB102872,2026-03,9.94,139,6,4,292.7,0,27
SUB101870,2026-03,20.38,325,3,4,249.69,0,28
SUB102010,2026-03,5.68,34,1,4,187.93,0,27
SUB101893,2026-02,5.92,283,1,27,221.13,0,27
SUB100179,2026-04,27.46,261,4,18,462.22,0,29
SUB100132,2026-05,2.59,510,4,13,169.0,0,29
SUB100691,2026-02,1.65,126,3,5,125.75,0,30
SUB102935,2026-07,6.59,233,2,14,225.51,0,26
SUB100485,2026-03,0.79,268,0,20,113.68,0,29
SUB102375,2026-02,4.81,845,1,10,239.05,0,30
SUB101062,2026-06,4.4,256,1,2,214.81,0,29
SUB102545,2026-03,11.82,94,3,19,233.71,0,30
SUB102131,2026-05,2.33,275,2,11,138.12,0,28
SUB100890,2026-06,7.09,257,1,10,258.93,0,26
SUB101526,2026-05,3.54,86,1,14,151.38,1,29
SUB103181,2026-04,5.35,89,1,16,229.53,1,28
SUB101955,2026-03,4.28,104,1,10,176.73,0,30
SUB101769,2026-04,2.65,118,0,13,245.86,0,28
SUB100860,2026-07,32.81,154,1,17,446.35,0,30
SUB100059,2026-06,8.93,140,2,19,311.9,0,29
SUB101833,2026-07,7.15,215,0,7,178.55,0,30
SUB100846,2026-07,5.14,195,1,4,148.78,0,29
SUB101028,2026-06,4.31,354,1,8,205.71,0,30
SUB101737,2026-07,1.19,245,1,22,149.5,0,30
SUB100095,2026-06,7.1,45,3,8,254.55,0,28
SUB102693,2026-06,4.2,192,1,8,281.27,0,30
SUB102108,2026-04,8.63,145,1,16,307.88,0,26
SUB102206,2026-03,8.9,41,2,12,269.73,0,29
SUB102641,2026-06,1.58,75,2,9,138.91,1,26
SUB100357,2026-02,18.14,193,1,6,339.22,0,28
SUB100190,2026-04,4.12,226,2,8,141.21,0,28
SUB102737,2026-07,9.95,543,1,10,241.51,0,27
SUB103104,2026-02,6.0,577,2,8,293.24,0,29
SUB103015,2026-06,9.77,267,2,8,372.34,0,27
SUB102411,2026-07,20.81,109,2,13,214.72,0,29
SUB101248,2026-05,24.57,135,2,4,528.49,1,29
SUB102874,2026-02,7.5,108,3,10,260.39,0,28
SUB100636,2026-05,6.37,114,2,6,166.35,0,28
SUB101143,2026-04,17.25,135,3,6,533.74,0,26
SUB100735,2026-02,12.39,260,3,8,231.47,0,28
SUB103058,2026-04,12.17,142,3,18,293.13,0,27
SUB101716,2026-07,3.56,236,4,6,269.1,0,28
SUB102890,2026-04,2.09,101,2,3,107.41,0,29
SUB100366,2026-04,12.43,115,2,12,197.56,0,30
SUB102419,2026-06,6.49,165,2,10,177.62,1,26
SUB101383,2026-04,6.84,51,2,7,161.05,0,30
SUB100944,2026-06,6.93,197,1,11,442.39,0,27
SUB100878,2026-06,6.59,65,3,15,257.77,0,30
SUB103114,2026-06,3.07,300,2,9,110.45,0,26
SUB103056,2026-03,1.02,111,1,12,265.56,0,28
SUB100183,2026-06,1.7,320,1,11,181.94,0,29
SUB102045,2026-02,8.99,45,3,15,452.85,0,26
SUB102801,2026-03,22.31,176,1,12,584.96,0,28
SUB100022,2026-04,8.43,89,0,16,373.46,1,26
SUB100749,2026-02,0.46,57,0,9,99.99,0,26
SUB102488,2026-02,23.96,186,3,3,276.2,0,26
SUB100899,2026-03,5.91,124,4,15,233.39,0,30
SUB102973,2026-07,8.0,161,2,4,246.57,0,27
SUB101743,2026-05,2.26,301,0,12,72.99,0,29
SUB102644,2026-07,11.31,52,2,10,448.25,0,29
SUB100569,2026-05,7.31,138,2,14,,0,26
SUB101398,2026-04,8.94,38,0,8,,0,28
SUB101428,2026-03,5.13,160,1,7,210.33,0,30
SUB101799,2026-05,18.1,707,3,12,541.71,1,30
SUB101013,2026-06,2.0,84,1,8,381.17,0,28
SUB102990,2026-07,6.24,50,2,8,166.27,0,29
SUB100794,2026-07,5.79,211,2,24,125.27,0,27
SUB102342,2026-06,7.25,586,5,10,216.03,1,27
SUB101945,2026-02,22.34,131,1,6,0.0,0,29
SUB100161,2026-07,4.69,284,2,11,240.79,0,28
SUB102842,2026-03,13.53,144,4,8,263.05,0,28
SUB101508,2026-07,1.54,105,3,7,165.34,0,27
SUB100730,2026-02,6.26,391,0,20,185.44,0,28
SUB102404,2026-05,6.33,868,1,16,306.0,0,29
SUB102953,2026-07,1.18,56,2,16,159.66,0,30
SUB101957,2026-07,7.66,337,0,21,309.39,0,27
SUB102030,2026-02,43.34,73,1,6,577.65,0,29
SUB102254,2026-05,16.14,313,3,24,300.89,1,26
SUB103183,2026-05,1.82,274,0,7,213.41,0,28
SUB101795,2026-05,4.47,120,0,11,344.89,0,28
SUB101609,2026-03,14.27,180,3,12,162.02,0,28
SUB102341,2026-04,17.07,128,1,10,214.45,0,28
SUB100241,2026-05,6.75,170,1,11,147.15,0,28
SUB101429,2026-06,4.48,196,1,12,222.71,0,27
SUB100668,2026-05,3.69,90,0,10,150.45,0,27
SUB101546,2026-02,3.78,603,2,13,272.23,0,28
SUB102204,2026-02,11.86,135,1,4,188.65,0,30
SUB100169,2026-04,6.63,126,1,10,163.22,0,30
SUB101049,2026-07,18.51,157,3,20,363.38,0,28
SUB101984,2026-05,6.8,71,2,6,205.2,0,26
SUB100787,2026-07,14.03,377,1,4,244.06,0,26
SUB102908,2026-06,1.48,203,0,11,244.03,0,30
SUB102503,2026-02,10.89,490,3,16,360.93,0,26
SUB101689,2026-07,12.58,276,0,9,329.76,0,29
SUB100307,2026-04,9.97,150,0,27,366.61,0,29
SUB100216,2026-05,2.2,217,1,6,222.17,0,26
SUB100064,2026-06,2.04,224,4,19,135.84,0,28
SUB100451,2026-05,6.67,202,3,13,145.52,0,28
SUB101753,2026-06,4.9,682,1,8,150.35,0,28
SUB103073,2026-03,8.62,319,1,15,404.82,0,26
SUB102407,2026-04,29.1,56,1,16,122.82,0,28
SUB101768,2026-06,8.49,169,2,5,307.63,0,27
SUB100150,2026-07,9.65,142,2,12,192.32,0,30
SUB101981,2026-07,7.37,177,1,5,361.53,0,29
SUB100145,2026-07,12.44,94,1,11,361.8,0,27
SUB100608,2026-02,2.22,160,2,6,97.26,0,29
SUB101072,2026-04,6.64,179,2,6,258.7,0,28
SUB102166,2026-07,3.55,467,2,12,155.63,0,30
SUB101616,2026-04,4.42,325,2,21,261.33,0,29
SUB102710,2026-06,4.37,222,1,6,211.57,0,28
SUB100548,2026-04,6.31,66,2,16,201.03,0,30
SUB102152,2026-05,6.97,119,1,12,263.05,0,29
SUB102957,2026-05,8.41,147,2,17,430.08,0,26
SUB100650,2026-06,22.75,56,3,2,436.77,1,28
SUB100098,2026-06,6.85,269,4,13,171.57,0,26
SUB102158,2026-06,1.07,200,1,5,92.86,0,30
SUB100567,2026-07,8.32,293,1,9,249.07,0,27
SUB101091,2026-04,6.87,622,3,10,237.72,0,27
SUB100911,2026-05,18.68,475,1,12,269.12,0,27
SUB100781,2026-05,6.87,94,3,18,318.1,0,26
SUB101111,2026-06,6.4,303,1,8,212.74,1,29
SUB101508,2026-03,1.89,175,6,6,192.67,0,27
SUB101813,2026-06,0.9,1010,1,6,183.4,0,29
SUB102886,2026-06,19.04,116,1,6,352.97,0,28
SUB101358,2026-07,5.46,63,1,15,207.39,1,30
SUB100546,2026-04,1.35,465,4,8,253.07,0,26
SUB100577,2026-04,1.21,28,2,10,195.99,0,30
SUB100823,2026-04,5.43,382,2,9,203.41,1,27
SUB102110,2026-04,4.62,98,2,9,150.68,0,29
SUB103169,2026-07,11.13,363,1,8,430.49,0,28
SUB102871,2026-07,34.82,147,1,12,470.78,0,30
SUB101140,2026-06,7.54,194,2,18,161.64,0,29
SUB102821,2026-04,10.76,285,2,12,294.43,1,28
SUB101093,2026-03,14.18,362,4,8,342.26,0,30
SUB102176,2026-05,6.39,382,0,2,316.94,0,29
SUB101407,2026-07,9.71,409,1,15,401.6,1,28
SUB100948,2026-07,4.43,267,4,19,226.64,0,29
SUB101203,2026-04,3.37,199,2,18,159.9,0,26
SUB102948,2026-04,8.41,18,2,15,249.63,0,29
SUB101505,2026-05,3.57,12,3,6,319.48,0,27
SUB100428,2026-03,21.27,53,1,18,373.1,0,28
SUB103085,2026-03,4.08,542,2,11,216.31,0,27
SUB102351,2026-05,10.56,164,3,14,156.15,0,30
SUB101924,2026-02,3.97,52,1,10,117.7,0,30
SUB102801,2026-06,22.13,256,2,8,525.89,0,29
SUB102127,2026-04,4.69,442,1,10,209.12,0,29
SUB101150,2026-02,6.87,751,2,9,290.03,0,27
SUB101959,2026-03,0.61,261,1,15,138.68,0,27
SUB102401,2026-06,7.63,82,4,10,335.22,0,27
SUB100721,2026-05,14.38,222,0,3,459.28,0,29
SUB101712,2026-02,7.69,217,1,13,348.54,0,30
SUB101880,2026-07,4.43,195,2,20,145.71,0,26
SUB100202,2026-03,7.1,182,0,9,222.23,0,28
SUB100647,2026-03,0.65,632,2,2,116.29,0,29
SUB102761,2026-07,5.98,91,2,3,263.98,0,30
SUB102606,2026-05,5.47,95,1,18,138.46,0,29
SUB101210,2026-04,3.68,145,4,29,262.8,0,26
SUB101926,2026-02,9.54,319,1,13,287.71,0,30
SUB101452,2026-02,3.37,157,0,10,242.1,0,30
SUB100580,2026-02,20.8,656,1,13,508.71,0,26
SUB100301,2026-04,2.4,75,3,6,218.32,1,30
SUB102857,2026-03,5.8,195,1,7,212.52,0,28
SUB102459,2026-03,9.07,333,3,10,333.06,0,29
SUB100966,2026-07,9.55,308,3,13,179.02,0,28
SUB101369,2026-03,1.31,207,2,6,274.97,0,27
SUB100922,2026-03,5.63,156,1,7,187.87,0,29
SUB100487,2026-05,5.08,159,1,9,237.04,0,28
SUB103008,2026-07,2.74,288,0,11,178.72,0,27
SUB101785,2026-07,0.75,99,2,12,163.47,0,30
SUB101771,2026-05,14.29,261,3,17,339.64,0,28
SUB100013,2026-05,21.38,136,1,11,,0,26
SUB101085,2026-06,9.42,36,5,9,212.75,0,28
SUB103076,2026-03,5.87,309,2,7,349.15,0,30
SUB102105,2026-02,1.49,257,2,11,265.83,1,27
SUB101572,2026-03,16.06,34,5,4,311.65,0,27
SUB101426,2026-05,7.76,74,2,9,398.53,0,29
SUB102335,2026-05,9.47,229,3,8,172.33,1,28
SUB100883,2026-07,0.61,235,2,8,164.55,0,26
SUB101975,2026-02,13.18,264,5,5,277.09,0,26
SUB101907,2026-06,16.09,439,2,17,414.27,0,27
SUB100200,2026-07,9.88,367,0,15,450.82,0,26
SUB101809,2026-02,1.97,137,1,4,145.64,0,29
SUB102598,2026-02,15.23,185,3,21,510.17,0,29
SUB101329,2026-07,5.61,277,3,16,179.43,0,27
SUB102834,2026-03,15.0,379,2,9,277.1,1,27
SUB100075,2026-04,1.47,161,2,16,152.98,0,29
SUB101641,2026-05,19.3,303,4,9,340.0,0,30
SUB102988,2026-07,10.15,35,2,7,277.18,0,30
SUB102887,2026-07,6.51,77,1,5,186.63,0,29
SUB100052,2026-06,1.15,149,4,10,266.62,0,29
SUB102692,2026-05,1.53,72,1,8,198.31,0,30
SUB101787,2026-05,2.51,62,1,7,186.79,0,29
SUB102307,2026-02,1.2,164,0,11,92.14,0,28
SUB101700,2026-02,23.25,119,4,11,341.41,0,26
SUB101570,2026-05,14.8,97,5,11,605.81,1,29
SUB103016,2026-06,4.72,168,1,14,164.65,0,27
SUB100024,2026-03,25.44,112,1,17,371.02,0,26
SUB100446,2026-05,10.2,312,3,17,233.15,0,28
SUB100173,2026-03,3.27,526,3,8,131.75,0,26
SUB101513,2026-05,5.24,66,0,7,260.8,0,30
SUB100639,2026-03,1.77,399,2,11,227.47,0,27
SUB100622,2026-02,12.19,20,0,7,220.34,0,28
SUB101309,2026-06,7.58,35,2,20,342.33,0,30
SUB102702,2026-02,8.97,429,4,10,197.14,0,28
SUB100630,2026-02,4.08,506,3,10,189.04,0,28
SUB100881,2026-03,5.42,24,3,16,233.08,1,26
SUB101335,2026-04,8.2,396,1,6,358.66,1,29
SUB100468,2026-03,15.82,351,0,9,349.78,0,28
SUB101706,2026-04,4.68,253,2,10,173.76,0,26
SUB102448,2026-04,13.86,378,0,11,336.73,0,29
SUB100923,2026-07,7.09,381,3,5,262.66,0,28
SUB102795,2026-03,7.38,97,3,15,317.91,0,29
SUB102770,2026-03,5.48,244,4,7,303.71,1,28
SUB102126,2026-04,3.21,70,4,10,216.92,0,27
SUB102268,2026-07,7.95,461,0,12,240.54,0,30
SUB102866,2026-05,7.42,71,0,5,147.62,0,30
SUB101611,2026-04,8.8,308,0,5,197.92,0,27
SUB100152,2026-05,9.1,164,1,10,392.74,0,26
SUB100644,2026-06,4.67,455,1,9,184.62,0,28
SUB102230,2026-02,1.58,159,1,11,103.0,0,30
SUB100543,2026-02,2.0,217,1,2,336.31,0,30
SUB102112,2026-02,10.07,366,3,12,191.46,0,29
SUB102372,2026-06,17.77,87,5,6,373.67,1,26
SUB101626,2026-05,0.38,276,2,12,77.11,1,26
SUB101484,2026-02,6.77,352,3,13,140.77,0,30
SUB101661,2026-03,1.81,763,0,15,80.5,0,30
SUB101886,2026-03,9.92,585,2,2,369.13,0,27
SUB101808,2026-06,3.62,28,2,12,142.27,0,30
SUB100851,2026-03,0.95,31,2,6,269.12,0,28
SUB101131,2026-03,1.4,87,2,9,152.72,0,30
SUB100331,2026-02,5.13,318,1,19,202.96,1,29
SUB102755,2026-03,1.35,99,2,6,301.46,0,28
SUB101739,2026-02,16.64,283,2,10,321.13,0,30
SUB100983,2026-03,5.82,260,1,5,227.94,0,30
SUB100498,2026-06,10.55,418,5,14,223.67,0,30
SUB102346,2026-04,1.85,40,0,5,254.55,0,29
SUB102953,2026-04,0.69,69,2,15,107.78,0,26
SUB102187,2026-07,5.82,101,2,14,190.18,0,27
SUB101055,2026-02,5.59,99,1,3,228.58,0,29
SUB101825,2026-06,9.39,69,2,13,331.09,0,30
SUB101432,2026-06,5.59,210,3,5,364.34,0,26
SUB101316,2026-05,3.08,85,1,2,180.51,0,30
SUB101954,2026-05,10.81,175,3,6,179.34,1,30
SUB102629,2026-05,8.67,294,0,11,234.76,0,27
SUB101427,2026-04,3.61,387,2,14,124.35,0,27
SUB101471,2026-06,23.05,259,4,9,277.43,0,28
SUB100244,2026-04,1.16,90,4,9,144.36,0,27
SUB102987,2026-06,13.86,39,1,9,271.1,0,26
SUB100141,2026-02,4.35,171,1,16,241.19,0,26
SUB100369,2026-07,15.01,533,6,9,278.08,0,28
SUB102068,2026-07,10.7,292,3,15,382.64,0,29
SUB101005,2026-06,6.43,122,2,4,244.44,0,29
SUB102251,2026-05,1.38,348,0,12,210.74,0,29
SUB100092,2026-06,2.44,55,1,10,123.42,0,26
SUB100587,2026-02,11.05,268,2,12,339.86,0,30
SUB100994,2026-07,4.03,643,1,13,129.57,0,30
SUB101354,2026-05,12.49,131,3,27,362.76,0,26
SUB102213,2026-02,2.7,298,1,7,133.14,0,26
SUB100743,2026-02,7.86,685,3,13,238.03,0,30
SUB101038,2026-06,9.65,228,0,12,229.29,0,30
SUB101193,2026-06,10.88,285,2,6,477.83,1,26
SUB102205,2026-07,1.16,334,0,7,233.63,0,27
SUB102484,2026-03,1.13,174,3,3,76.59,0,26
SUB103015,2026-02,11.07,264,1,7,312.21,0,29
SUB102963,2026-06,5.99,565,2,18,188.95,0,27
SUB102433,2026-03,2.58,312,2,5,287.93,0,26
SUB101369,2026-04,1.18,263,4,10,239.07,0,28
SUB100624,2026-07,10.78,206,1,6,196.51,0,30
SUB100396,2026-02,8.91,683,3,13,453.12,0,30
SUB103075,2026-07,11.96,111,2,9,222.38,0,27
SUB102087,2026-05,5.2,39,0,11,252.25,0,30
SUB102075,2026-05,3.69,22,4,11,228.65,0,30
SUB101854,2026-07,12.98,48,4,7,420.99,0,30
SUB100221,2026-05,4.36,222,0,10,243.52,0,27
SUB103137,2026-03,6.52,88,0,15,184.83,0,28
SUB101089,2026-03,2.35,121,2,19,204.78,0,27
SUB101334,2026-02,7.24,136,1,8,287.5,0,29
SUB101622,2026-02,4.93,147,5,11,200.09,0,28
SUB100477,2026-07,10.53,25,1,16,303.6,0,26
SUB101774,2026-02,15.8,120,3,3,421.9,0,27
SUB102437,2026-07,5.56,319,2,7,234.89,0,28
SUB100271,2026-07,10.85,214,6,9,339.85,1,26
SUB100721,2026-03,18.55,215,2,11,432.93,0,29
SUB102861,2026-07,4.86,169,3,7,310.33,0,26
SUB102503,2026-07,16.02,807,3,15,424.05,0,30
SUB101336,2026-04,8.98,108,0,5,290.85,0,27
SUB100731,2026-03,25.98,30,5,2,463.57,0,30
SUB102556,2026-05,10.49,192,4,6,198.65,0,30
SUB100175,2026-05,9.68,88,2,10,310.05,0,29
SUB102419,2026-04,4.15,214,1,10,162.62,0,30
SUB102857,2026-06,7.33,550,2,6,244.74,0,27
SUB102927,2026-02,3.4,299,3,6,160.88,0,27
SUB102794,2026-03,18.3,279,3,10,258.91,1,29
SUB102885,2026-06,7.14,464,2,7,259.25,0,26
SUB100660,2026-06,9.39,74,1,11,215.18,0,26
SUB102163,2026-03,19.59,25,4,8,333.23,0,30
SUB101573,2026-07,1.24,40,4,9,191.02,0,28
SUB103039,2026-06,1.25,315,1,11,151.6,1,26
SUB101093,2026-06,15.45,464,5,8,389.39,0,26
SUB102056,2026-07,6.2,127,3,8,272.67,1,26
SUB102225,2026-02,5.72,211,4,13,293.99,0,29
SUB101067,2026-04,2.88,283,2,19,161.11,1,30
SUB103190,2026-02,3.8,120,3,10,220.39,0,27
SUB100359,2026-05,1.94,153,2,14,101.26,0,26
SUB101587,2026-07,0.46,84,3748,6,240.63,0,30
SUB100403,2026-05,6.43,127,0,16,229.49,0,30
SUB100319,2026-05,36.14,283,3,5,434.35,0,27
SUB100496,2026-02,4.34,479,0,7,360.8,0,29
SUB103086,2026-07,1.96,495,3,9,240.92,0,30
SUB100759,2026-07,4.94,158,5,22,336.25,0,28
SUB103076,2026-06,8.64,276,1,2,369.79,0,27
SUB100464,2026-04,10.26,181,3,13,499.09,0,27
SUB100042,2026-05,27.02,90,1,6,438.71,0,28
SUB101012,2026-05,7.8,124,3,14,209.97,0,29
SUB101858,2026-06,2.08,10,3,10,138.49,0,26
SUB100050,2026-03,6.37,520,3,10,316.79,0,29
SUB101005,2026-02,6.8,148,3,8,288.18,0,30
SUB103063,2026-02,4.53,79,2,27,246.95,0,29
SUB101361,2026-05,20.9,277,4,11,464.35,0,28
SUB102403,2026-04,7.0,277,4,17,337.52,1,26
SUB101514,2026-05,25.73,85,3,23,497.68,0,26
SUB100239,2026-07,10.02,780,2,9,322.45,0,30
SUB102152,2026-04,9.04,122,1,9,246.71,0,26
SUB100214,2026-07,3.56,57,2,13,201.43,0,30
SUB101271,2026-02,13.6,66,0,4,235.35,1,30
SUB102748,2026-02,6.58,67,1,8,152.0,0,30
SUB100170,2026-06,10.43,130,1,15,315.0,0,26
SUB102602,2026-05,6.42,61,0,11,220.42,0,28
SUB101340,2026-07,10.69,275,2,22,287.54,0,30
SUB102708,2026-02,0.77,643,2,7,122.76,0,26
SUB100954,2026-05,2.01,458,1,13,122.9,0,28
SUB100480,2026-04,5.86,458,2,15,209.23,0,27
SUB101394,2026-05,17.06,270,4,11,448.47,0,27
SUB101445,2026-02,5.93,135,2,10,188.54,0,27
SUB100316,2026-07,0.61,213,2,8,245.38,0,27
SUB101003,2026-07,37.53,213,2,3,443.69,0,26
SUB102105,2026-07,0.95,276,2,8,296.54,1,26
SUB102630,2026-04,17.32,161,9,17,440.89,0,27
SUB103009,2026-05,1.02,126,0,16,178.53,0,27
SUB100689,2026-06,22.91,201,2,6,308.6,0,28
SUB100353,2026-06,13.04,309,1,7,288.93,0,27
SUB100377,2026-02,13.79,280,0,6,359.45,0,28
SUB100082,2026-02,13.2,336,1,30,149.73,0,27
SUB100620,2026-02,11.03,273,3,11,243.06,0,28
SUB102014,2026-07,4.08,923,0,11,248.42,0,27
SUB101103,2026-04,18.84,292,1,4,345.32,0,27
SUB102211,2026-03,11.73,211,1,7,228.06,0,26
SUB100104,2026-06,13.76,96,1,9,361.46,0,28
SUB102407,2026-07,59.33,45,0,20,0.0,2,29
SUB102770,2026-06,6.92,224,2,10,239.76,0,29
SUB102964,2026-02,25.21,196,2,11,421.75,0,27
SUB102025,2026-06,3.8,144,3,4,299.77,0,26
SUB100416,2026-04,8.81,193,2,9,175.12,0,26
SUB101854,2026-03,23.45,54,4,5,508.92,0,30
SUB100829,2026-07,3.92,400,5,12,125.68,1,27
SUB102693,2026-04,8.49,191,4,10,268.66,0,27
SUB101552,2026-06,21.58,231,3,16,280.02,0,30
SUB102773,2026-03,14.57,147,3,17,249.44,0,26
SUB100174,2026-02,1.39,186,1,10,198.91,0,30
SUB100289,2026-04,10.34,367,4,5,283.09,0,26
SUB102216,2026-06,2.32,226,1,7,229.44,0,30
SUB102435,2026-03,10.23,326,3,18,407.98,0,30
SUB102860,2026-05,0.94,215,2,24,63.56,0,28
SUB100622,2026-05,13.76,42,3,19,261.05,0,26
SUB100091,2026-07,9.41,19,1,9,0.0,0,30
SUB101732,2026-05,11.78,367,2,13,443.93,0,27
SUB102744,2026-07,1.87,284,2,14,116.5,0,26
SUB101310,2026-06,10.95,49,2,18,189.61,0,28
SUB100100,2026-07,22.31,123,3,15,462.19,0,30
SUB100842,2026-05,5.04,387,4,8,202.59,0,26
SUB102592,2026-03,2.4,39,1,8,142.12,0,27
SUB102866,2026-02,5.18,86,3,9,138.74,0,27
SUB102541,2026-04,9.42,414,3,13,178.89,0,27
SUB103153,2026-03,15.35,310,4,12,283.64,0,27
SUB103041,2026-07,6.91,177,3,10,251.32,0,30
SUB101888,2026-04,50.62,443,2,10,629.32,0,29
SUB100635,2026-02,0.91,258,1,10,141.15,0,30
SUB102160,2026-07,1.91,405,2,12,78.22,0,26
SUB102172,2026-07,8.91,401,3,4,169.9,0,28
SUB100188,2026-05,5.03,411,4,20,270.2,0,30
SUB102379,2026-07,7.63,760,3,17,383.14,0,28
SUB100550,2026-04,4.69,276,1,2,251.27,0,28
SUB100558,2026-04,1.99,55,4,5,256.84,0,26
SUB102297,2026-07,5.65,170,2,11,256.3,0,29
SUB100848,2026-02,8.15,115,2,15,320.66,0,30
SUB102242,2026-02,0.93,86,1,11,102.79,0,29
SUB100380,2026-02,17.95,101,1,8,187.85,0,30
SUB100985,2026-06,8.06,327,2,10,267.57,0,28
SUB100201,2026-06,35.96,306,3,7,517.03,0,30
SUB100481,2026-03,3.14,188,1,15,146.4,0,28
SUB102168,2026-02,2.15,571,0,8,,0,28
SUB101653,2026-07,19.23,329,0,17,220.65,0,29
SUB101059,2026-03,9.94,89,2,12,329.89,0,26
SUB101105,2026-05,6.72,103,0,10,103.75,0,26
SUB101575,2026-06,3.22,325,1,6,250.27,0,27
SUB100423,2026-06,5.76,239,2,11,271.24,0,30
SUB100095,2026-03,5.92,50,2,13,261.63,0,26
SUB101660,2026-06,4.64,72,0,14,291.83,0,26
SUB102476,2026-02,3.43,906,2,12,142.13,1,28
SUB101355,2026-05,4.85,387,4,8,215.85,0,26
SUB103157,2026-05,4.33,218,2,10,221.23,0,28
SUB101306,2026-05,5.17,180,2,14,102.66,0,30
SUB101255,2026-06,14.41,92,3,12,292.67,0,26
SUB103089,2026-02,6.88,203,6,8,217.74,0,26
SUB102712,2026-03,6.88,502,1,11,324.87,0,28
SUB100814,2026-03,10.66,284,0,8,282.78,1,27
SUB101263,2026-05,2.42,223,3,7,136.07,0,27
SUB101604,2026-06,4.99,199,2,11,234.56,0,29
SUB101968,2026-07,7.27,122,0,7,158.78,0,28
SUB101631,2026-03,5.37,86,2,8,201.6,0,30
SUB100805,2026-03,8.64,154,2,11,279.11,0,30
SUB101143,2026-02,18.45,130,2,7,438.22,0,30
SUB101805,2026-04,2.72,145,1,15,242.49,1,30
SUB100133,2026-04,5.97,51,3,8,190.98,0,29
SUB100162,2026-06,36.9,470,2,7,703.12,1,29
SUB102138,2026-04,8.13,270,1,10,504.57,0,27
SUB102261,2026-02,12.49,206,4,10,426.15,0,28
SUB101082,2026-06,43.35,444,2,11,537.83,0,27
SUB101243,2026-04,1.36,173,2,12,129.76,0,28
SUB101079,2026-07,3.42,210,3,11,145.02,0,26
SUB101824,2026-03,10.96,415,1,7,317.48,0,28
SUB102547,2026-07,4.94,147,2,7,99.44,0,28
SUB103116,2026-07,1.22,114,0,4,91.04,0,28
SUB102132,2026-07,1.13,9,1,20,205.14,0,28
SUB102063,2026-03,2.87,444,3,11,206.53,0,29
SUB100536,2026-06,6.05,1314,1,11,317.73,0,30
SUB100444,2026-06,10.39,163,1,14,287.04,0,29
SUB101233,2026-07,1.41,189,0,13,230.75,0,26
SUB100050,2026-02,8.11,224,3,8,312.15,0,27
SUB102051,2026-04,7.3,138,3,5,180.92,0,28
SUB101761,2026-04,4.38,366,1,9,130.51,0,27
SUB102140,2026-07,15.9,55,1,15,434.15,0,30
SUB102145,2026-02,1.62,297,1,8,200.27,0,28
SUB101024,2026-06,11.5,109,1,8,142.35,0,30
SUB102897,2026-07,24.19,422,6,9,317.34,0,29
SUB102058,2026-02,12.47,39,2,3,266.94,0,27
SUB102165,2026-06,4.35,90,1,11,148.12,1,28
SUB102885,2026-04,7.13,627,3,10,252.18,0,28
SUB102204,2026-07,16.98,189,4,5,188.73,0,27
SUB103088,2026-06,8.43,121,3,16,156.7,0,27
SUB100621,2026-06,7.37,15,1,12,110.16,0,30
SUB102471,2026-07,4.32,236,0,11,181.24,0,30
SUB100150,2026-03,7.64,98,2,14,153.62,0,30
SUB100221,2026-03,4.5,224,2,5,252.23,0,30
SUB100117,2026-02,0.43,293,4,18,210.91,0,28
SUB100560,2026-06,13.93,289,2,4,358.11,0,30
SUB100977,2026-04,10.82,363,1,15,273.27,0,28
SUB100297,2026-02,13.99,95,4,10,352.08,0,26
SUB100064,2026-04,1.43,132,1,11,131.68,0,27
SUB100485,2026-05,0.95,536,1,16,127.04,0,27
SUB100850,2026-04,6.55,156,3,11,155.84,0,26
SUB101397,2026-04,8.71,496,3,4,345.15,0,26
SUB102962,2026-07,21.66,309,3,14,389.95,0,30
SUB100262,2026-02,9.01,55,2,15,180.95,0,26
SUB100630,2026-07,4.36,444,1,17,204.69,0,26
SUB101716,2026-02,4.42,324,1,9,216.56,0,30
SUB102664,2026-06,23.2,215,2,8,285.38,0,27
SUB102893,2026-04,2.24,211,2,5,136.29,0,30
SUB100733,2026-04,9.25,374,0,4,212.25,0,28
SUB100600,2026-03,6.24,176,1,17,288.18,0,26
SUB100608,2026-03,2.12,133,2,5,93.21,0,27
SUB100004,2026-02,17.65,119,1,9,373.08,0,30
SUB101965,2026-05,1.33,120,1,6,136.2,0,30
SUB102982,2026-07,7.05,535,1,3,300.54,0,27
SUB100901,2026-02,6.39,191,0,15,127.51,0,29
SUB102445,2026-02,10.84,466,3,19,334.35,0,28
SUB102756,2026-03,1.47,341,4,13,199.32,0,30
SUB101661,2026-05,1.38,707,4,17,64.69,0,26
SUB103063,2026-04,5.2,112,0,17,232.03,1,26
SUB101283,2026-02,4.62,183,3,9,130.83,0,30
SUB101057,2026-02,1.01,327,2,7,166.45,0,26
SUB102462,2026-02,9.05,388,2,16,211.69,0,28
SUB102523,2026-07,3.33,347,1,12,271.91,0,30
SUB102923,2026-04,0.97,96,1,9,191.22,0,30
SUB102530,2026-07,6.88,295,4,9,265.0,0,29
SUB101740,2026-04,6.24,333,1,6,260.1,0,30
SUB102092,2026-04,7.11,81,2,8,132.84,0,26
SUB100556,2026-05,17.7,83,3,5,384.34,0,30
SUB101636,2026-04,1.64,162,1,11,157.32,0,26
SUB102363,2026-03,2.47,93,2,11,177.64,0,27
SUB102626,2026-07,25.25,159,1,11,354.38,0,28
SUB102697,2026-05,0.75,149,1,11,207.21,0,28
SUB100666,2026-06,4.53,213,0,14,220.92,0,30
SUB101793,2026-07,4.52,208,2,17,133.49,0,30
SUB100204,2026-04,16.16,1266,2,7,470.53,0,29
SUB100191,2026-04,21.26,179,2,14,361.31,0,30
SUB100838,2026-06,5.88,77,0,12,100.58,0,30
SUB101215,2026-05,9.47,179,2,6,138.6,0,28
SUB101780,2026-02,9.47,413,1,16,180.2,2,28
SUB102285,2026-05,1.67,76,2,14,268.14,0,26
SUB101840,2026-02,3.27,280,0,6,305.93,0,26
SUB102981,2026-04,0.75,317,2,15,300.17,0,26
SUB101789,2026-07,17.83,117,1,2,305.61,0,28
SUB100438,2026-06,5.21,999,3,6,274.38,1,26
SUB100031,2026-04,13.03,194,3,9,275.81,0,30
SUB102799,2026-05,4.43,90,0,12,127.34,0,30
SUB101100,2026-03,0.14,82,3862,25,244.46,0,27
SUB102927,2026-07,2.04,202,3,7,174.44,0,26
SUB100892,2026-05,3.61,450,3,14,234.3,0,27
SUB101778,2026-02,10.94,224,4,4,161.94,1,26
SUB100068,2026-04,6.39,130,1,14,190.28,0,26
SUB101135,2026-04,1.45,314,3,17,238.2,0,29
SUB101768,2026-02,8.53,181,0,10,325.63,0,29
SUB100440,2026-05,7.51,178,3,11,345.7,0,30
SUB102917,2026-07,1.37,326,5,18,226.41,0,30
SUB101317,2026-07,7.32,202,2,9,292.35,0,29
SUB100065,2026-07,2.14,201,2,5,126.6,0,29
SUB100006,2026-07,4.58,219,1,4,219.81,1,27
SUB102635,2026-05,4.64,492,1,6,231.8,0,26
SUB101446,2026-04,3.45,450,2,7,164.37,1,26
SUB102938,2026-04,7.43,291,2,12,283.86,1,28
SUB101842,2026-05,3.02,116,1,5,138.83,0,27
SUB102718,2026-07,13.28,138,2,11,216.21,0,27
SUB102575,2026-04,4.97,288,2,2,154.03,0,27
SUB100725,2026-06,13.45,151,2,8,235.72,0,28
SUB102525,2026-05,4.64,633,1,9,157.53,0,30
SUB100689,2026-05,18.34,138,2,4,265.54,0,26
SUB102001,2026-03,15.46,140,1,15,330.15,0,26
SUB100660,2026-02,9.11,51,3,12,157.59,0,28
SUB102531,2026-06,3.5,239,2,5,185.3,0,27
SUB100532,2026-06,10.92,33,2,12,161.14,0,30
SUB101351,2026-03,7.48,224,3,9,302.96,0,30
SUB101788,2026-07,1.57,121,4,21,157.85,1,29
SUB100623,2026-06,5.07,833,2,8,383.73,1,30
SUB102912,2026-07,3.52,141,1,14,115.33,0,27
SUB102780,2026-06,2.68,407,0,11,267.66,0,28
SUB100034,2026-02,7.36,144,1,7,125.74,0,30
SUB102032,2026-02,1.79,332,3,6,80.66,0,26
SUB101260,2026-02,1.6,294,1,8,206.23,1,29
SUB101573,2026-06,1.24,58,3,6,234.9,0,27
SUB102658,2026-05,5.08,291,3,8,148.6,0,29
SUB101085,2026-06,9.42,36,5,9,212.75,0,28
SUB103099,2026-07,9.6,252,2,16,199.51,0,28
SUB103086,2026-04,3.07,546,5,15,239.66,0,27
SUB102053,2026-06,8.0,192,3,15,114.56,0,28
SUB101789,2026-06,11.05,129,3,12,329.17,0,30
SUB101223,2026-05,4.27,428,1,9,271.02,0,30
SUB102464,2026-04,14.53,523,0,11,379.67,0,26
SUB101598,2026-05,14.62,85,1,18,327.26,0,29
SUB101506,2026-02,9.14,61,0,19,191.09,0,29
SUB102996,2026-04,11.72,336,4,9,136.13,0,27
SUB102385,2026-07,21.44,48,5,11,356.81,0,28
SUB102893,2026-02,2.74,181,2,6,114.81,0,30
SUB101544,2026-05,10.59,468,2,10,173.53,0,29
SUB102672,2026-05,1.16,293,2,5,149.06,0,26
SUB103098,2026-05,12.08,552,2,6,372.47,0,26
SUB101010,2026-03,20.1,263,2,15,396.02,0,26
SUB100979,2026-02,9.22,317,2,8,258.58,0,28
SUB101935,2026-03,6.28,256,1,7,253.76,0,26
SUB102540,2026-07,5.86,230,5,9,223.14,0,30
SUB101812,2026-04,12.67,468,2,15,178.59,0,28
SUB100732,2026-07,2.83,71,0,9,241.79,0,30
SUB102076,2026-02,6.04,238,2,6,125.07,0,29
SUB101759,2026-05,8.96,234,2,4,247.81,0,29
SUB101684,2026-05,3.21,83,2,12,305.52,0,29
SUB101081,2026-05,3.56,214,4,6,,0,28
SUB102081,2026-07,11.31,46,2,6,388.17,0,26
SUB100682,2026-02,1.41,258,1,7,113.41,0,27
SUB101006,2026-07,5.7,78,2,11,187.28,0,30
SUB102098,2026-03,11.27,330,7,10,306.87,0,28
SUB101328,2026-04,6.22,139,2,12,209.91,1,26
SUB102262,2026-03,2.18,99,5,8,182.83,0,28
SUB101065,2026-04,4.43,245,0,11,153.35,0,30
SUB101490,2026-03,1.19,106,1,11,157.81,0,29
SUB103151,2026-04,1.06,520,1,14,174.96,0,28
SUB100112,2026-02,13.46,485,2,12,282.61,0,28
SUB101031,2026-07,6.11,83,2,10,385.69,0,30
SUB101189,2026-03,1.42,163,3,9,90.24,0,27
SUB102457,2026-04,11.54,328,3,16,169.17,0,29
SUB102624,2026-06,15.82,116,0,6,231.37,0,27
SUB100991,2026-04,8.08,183,3,15,295.43,0,30
SUB100722,2026-07,8.45,276,1,8,220.9,0,26
SUB102437,2026-02,4.2,291,0,5,270.9,0,26
SUB100186,2026-07,13.31,354,2,10,532.21,0,29
SUB102440,2026-06,4.89,366,1,2,230.82,0,27
SUB101239,2026-04,15.94,69,0,14,240.26,0,30
SUB100439,2026-06,4.89,37,0,6,63.17,0,29
SUB101894,2026-02,14.61,341,0,4,303.05,0,27
SUB102851,2026-04,7.08,68,2,14,198.56,0,27
SUB102451,2026-02,9.15,141,2,14,218.74,0,29
SUB102748,2026-04,6.54,80,1,2,134.46,0,30
SUB101523,2026-06,3.79,119,2,9,234.28,0,29
SUB100989,2026-06,5.42,389,3,8,191.46,0,30
SUB100411,2026-03,4.21,263,1,9,184.19,0,28
SUB101579,2026-06,10.95,48,2,11,232.05,0,29
SUB101016,2026-02,18.33,115,2,17,268.84,0,30
SUB100226,2026-06,9.76,145,1,20,260.96,0,29
SUB102145,2026-04,1.63,209,0,16,177.54,0,28
SUB100375,2026-05,1.18,193,0,3,145.9,0,29
SUB102130,2026-06,1.93,482,2,18,118.02,0,28
SUB101910,2026-02,45.57,478,2,11,622.6,0,27
SUB101267,2026-04,8.23,280,2,8,333.27,0,30
SUB101489,2026-07,3.16,298,1,9,110.75,1,28
SUB100149,2026-03,8.86,186,1,7,262.48,0,29
SUB100005,2026-03,12.34,174,1,16,331.69,0,26
SUB100102,2026-04,3.45,326,0,6,198.1,0,27
SUB102757,2026-03,6.33,313,1,4,298.36,0,30
SUB100560,2026-04,9.44,139,2,7,403.75,0,28
SUB102970,2026-03,7.17,217,1,13,305.67,0,26
SUB103161,2026-06,1.3,196,3,7,133.76,0,29
SUB102825,2026-07,4.62,4,6,9,177.15,0,29
SUB101961,2026-03,17.21,32,1,12,355.55,0,29
SUB102288,2026-07,7.73,79,2,12,273.83,0,26
SUB100501,2026-07,11.92,88,1,12,209.89,0,27
SUB102371,2026-02,4.49,219,4,14,190.2,0,28
SUB101543,2026-07,1.4,128,2,10,115.76,0,26
SUB100353,2026-04,3.91,226,5,9,225.5,0,27
SUB102360,2026-02,4.66,54,0,10,184.23,0,28
SUB100301,2026-03,1.6,79,0,19,191.78,0,27
SUB100891,2026-06,10.44,479,2,5,428.93,0,26
SUB100992,2026-07,24.39,286,2,16,363.88,0,29
SUB100447,2026-05,6.11,43,3,23,321.26,0,30
SUB101820,2026-05,0.83,168,1,5,146.1,0,27
SUB101089,2026-07,3.32,182,1,20,195.06,0,29
SUB102274,2026-05,2.26,249,0,7,207.13,0,30
SUB100322,2026-03,21.25,264,2,10,442.61,0,26
SUB101777,2026-03,21.74,517,2,19,377.03,0,27
SUB101137,2026-06,32.48,185,4,12,443.4,0,27
SUB103025,2026-05,8.18,263,0,18,209.61,0,28
SUB100019,2026-02,5.15,55,4,10,181.78,0,30
SUB100454,2026-06,11.3,378,0,11,195.43,0,28
SUB100219,2026-02,1.36,45,2,14,152.11,0,29
SUB100261,2026-07,61.13,103,2,10,0.0,1,30
SUB102671,2026-03,25.86,212,5,3,409.47,0,30
SUB101692,2026-05,0.56,463,2,4,157.26,0,26
SUB100684,2026-05,9.18,153,3,20,291.3,0,30
SUB101182,2026-02,1.16,608,3,12,214.62,0,26
SUB101465,2026-06,9.97,54,2,16,194.78,0,26
SUB100098,2026-04,4.45,201,3,12,144.98,0,27
SUB101273,2026-03,0.67,136,2,9,142.68,0,26
SUB100158,2026-07,9.75,68,4,9,235.67,0,28
SUB101646,2026-06,14.27,204,3,10,359.82,0,26
SUB102963,2026-04,9.48,597,0,15,193.71,0,30
SUB100368,2026-04,5.05,316,1,9,253.82,0,26
SUB101694,2026-03,6.48,123,4,15,296.83,0,26
SUB101948,2026-07,5.85,191,1,5,170.25,0,27
SUB101334,2026-06,6.11,110,2,5,317.14,0,30
SUB100584,2026-03,16.23,431,0,12,136.86,0,27
SUB102078,2026-02,3.05,405,2,10,295.28,0,27
SUB102529,2026-04,3.26,84,3,18,112.86,0,29
SUB101753,2026-02,3.01,718,3,7,140.91,1,26
SUB101064,2026-03,6.88,82,4,14,240.28,0,27
SUB100466,2026-06,15.42,140,2,13,293.31,0,27
SUB100767,2026-03,5.83,150,3,11,290.05,0,27
SUB100960,2026-05,3.66,417,6,7,220.36,0,26
SUB102514,2026-03,2.11,24,2,8,85.9,0,26
SUB100222,2026-05,37.95,340,2,10,0.0,1,26
SUB102604,2026-06,1.44,216,2,10,261.56,0,29
SUB101018,2026-06,1.04,545,1,15,134.74,0,28
SUB102983,2026-02,4.09,31,2,7,285.95,0,30
SUB100751,2026-07,5.09,200,4,13,165.88,0,27
SUB101400,2026-02,2.63,218,2,18,229.01,0,30
SUB101281,2026-02,4.05,144,1,14,135.12,0,26
SUB100780,2026-06,7.09,263,0,1,267.0,1,28
SUB100603,2026-02,2.55,219,2,8,110.25,1,28
SUB100019,2026-06,5.44,72,3,13,253.88,0,29
SUB103071,2026-04,8.93,26,1,7,215.75,0,29
SUB100491,2026-05,12.52,574,5,13,385.83,0,29
SUB102611,2026-04,1.39,423,2,12,253.83,0,28
SUB100747,2026-02,10.98,150,2,18,480.15,0,30
SUB100766,2026-03,12.56,403,2,8,434.95,0,28
SUB102521,2026-04,0.7,346,2,10,289.37,0,27
SUB102257,2026-04,3.78,73,5,6,379.37,0,28
SUB101075,2026-05,8.14,83,2,23,355.98,0,29
SUB100585,2026-02,5.37,152,6,4,228.34,0,28
SUB102349,2026-02,4.25,654,4,10,168.04,0,28
SUB100492,2026-07,8.75,219,2,12,382.52,0,27
SUB100688,2026-04,12.56,197,3,14,207.35,0,29
SUB102471,2026-06,4.89,231,3,9,182.17,0,30
SUB101632,2026-03,1.97,126,2,11,191.32,0,28
SUB102398,2026-06,14.53,51,1,15,364.61,0,26
SUB102080,2026-07,9.92,270,2,13,113.82,0,28
SUB100200,2026-04,9.99,347,0,16,456.89,0,30
SUB100068,2026-07,4.77,105,3,6,197.78,1,30
SUB102170,2026-05,2.21,35,2,8,138.36,0,30
SUB101769,2026-06,4.16,107,1,9,211.5,0,27
SUB100735,2026-04,10.68,189,2,6,211.72,0,26
SUB103117,2026-04,10.83,226,2,18,396.64,0,28
SUB100371,2026-04,8.79,105,0,14,345.99,1,26
SUB101040,2026-06,8.9,302,2,4,394.79,1,29
SUB101139,2026-06,2.34,74,3,10,154.07,0,28
SUB101032,2026-03,8.16,258,1,9,268.25,0,30
SUB101916,2026-07,8.56,179,5,14,264.3,0,28
SUB101546,2026-06,3.35,678,1,12,259.62,0,26
SUB100523,2026-05,22.08,506,5,9,465.3,0,30
SUB100707,2026-07,11.77,56,4,8,312.47,1,30
SUB102529,2026-07,2.99,171,2,18,123.21,0,29
SUB100989,2026-02,5.39,633,1,6,225.53,0,26
SUB101575,2026-03,3.84,234,3,7,219.1,0,26
SUB100100,2026-06,12.53,108,1,12,459.03,0,28
SUB102818,2026-03,4.24,391,1,11,211.73,0,27
SUB100683,2026-07,6.37,492,0,16,156.57,0,26
SUB101493,2026-06,13.03,50,1,9,215.31,0,26
SUB102177,2026-02,10.97,823,2,10,452.49,0,27
SUB102101,2026-04,11.6,153,1,12,281.09,0,28
SUB101808,2026-03,5.85,42,2,18,127.76,0,29
SUB101682,2026-06,2.11,43,2,13,77.51,0,27
SUB101833,2026-03,6.47,212,1,9,194.52,0,27
SUB102648,2026-02,2.1,255,1,7,173.21,0,30
SUB102661,2026-04,2.16,86,1,6,124.37,0,27
SUB100130,2026-06,17.03,250,1,12,419.09,0,29
SUB101896,2026-06,9.64,560,2,15,309.39,0,27
SUB102769,2026-05,3.25,24,1,4,314.71,0,26
SUB100507,2026-05,6.2,210,3,11,379.89,0,28
SUB101481,2026-05,5.85,147,0,7,165.24,0,28
SUB102361,2026-05,6.06,706,3,12,329.76,0,27
SUB102843,2026-07,9.74,979,0,15,436.83,0,27
SUB101760,2026-06,7.03,851,1,4,183.8,0,29
SUB101759,2026-04,7.86,413,2,5,234.36,0,26
SUB102197,2026-06,6.52,300,3,14,151.05,0,26
SUB100355,2026-04,5.4,160,2,10,168.55,0,29
SUB102434,2026-07,2.42,300,0,11,119.65,0,28
SUB101423,2026-06,1.26,489,0,10,189.83,0,27
SUB103200,2026-06,12.93,391,1,18,398.12,0,30
SUB101557,2026-07,9.26,372,1,9,386.15,0,28
SUB102414,2026-03,6.94,407,0,21,295.57,0,28
SUB101106,2026-02,29.92,155,1,12,413.37,0,26
SUB102482,2026-03,1.07,187,0,13,136.66,0,28
SUB100937,2026-04,10.89,468,2,13,329.18,0,29
SUB102550,2026-03,4.49,147,1,19,167.53,0,29
SUB100227,2026-05,6.91,167,2,14,166.56,0,26
SUB101480,2026-02,5.39,271,1,9,341.86,0,28
SUB101800,2026-02,14.67,295,2,20,459.12,1,28
SUB101585,2026-07,1.23,210,1,13,173.87,0,28
SUB101696,2026-05,15.87,155,2,10,288.95,1,30
SUB102472,2026-06,10.01,101,4,12,175.71,0,28
SUB100363,2026-04,5.63,123,1,13,157.99,0,26
SUB102976,2026-05,5.91,651,2,7,228.78,0,29
SUB102487,2026-04,20.63,353,4,6,430.84,0,27
SUB102664,2026-03,24.1,241,1,13,384.18,0,26
SUB102177,2026-07,17.42,877,3,13,483.85,0,29
SUB102272,2026-07,3.9,217,2,5,129.16,0,27
SUB102922,2026-04,4.07,205,4,10,174.16,0,30
SUB100220,2026-07,1.86,501,2,14,130.86,0,30
SUB100568,2026-02,21.08,127,2,19,335.62,0,28
SUB102524,2026-02,2.18,160,1,5,114.85,1,28
SUB100384,2026-02,8.35,177,2,16,321.03,0,29
SUB101572,2026-02,16.9,41,4,11,270.59,0,28
SUB102181,2026-05,5.75,127,1,8,338.53,0,28
SUB102933,2026-04,6.1,44,0,11,72.2,0,29
SUB100017,2026-06,9.55,76,3,14,112.21,0,30
SUB103088,2026-05,10.68,145,1,20,144.17,0,29
SUB102666,2026-02,10.36,82,2,20,255.91,0,30
SUB102977,2026-03,2.5,96,1,13,123.94,0,26
SUB101099,2026-05,11.91,176,5,10,298.5,0,29
SUB101583,2026-07,9.79,272,2,12,249.61,0,30
SUB101618,2026-02,2.53,93,7,12,235.78,0,29
SUB102853,2026-02,22.58,776,1,12,330.18,0,30
SUB100462,2026-05,4.4,146,1,11,60.93,0,26
SUB102279,2026-06,3.86,476,3,8,115.11,0,29
SUB101159,2026-03,0.57,120,2,10,155.68,0,30
SUB101485,2026-05,2.09,109,3,9,105.62,0,28
SUB100574,2026-03,9.17,143,0,8,439.57,0,29
SUB102421,2026-04,15.06,114,1,7,287.84,0,29
SUB100612,2026-03,14.74,315,3,11,310.08,0,27
SUB102005,2026-04,17.03,169,2,11,389.77,0,26
SUB102958,2026-07,13.31,152,4,11,437.86,0,30
SUB100991,2026-06,14.46,248,4,15,312.3,0,29
SUB102430,2026-06,2.28,167,5,4,165.82,0,30
SUB101050,2026-02,18.99,601,0,7,265.3,0,28
SUB101014,2026-04,0.1,35,4655,5,227.45,0,29
SUB100978,2026-05,17.84,326,1,12,418.97,1,29
SUB102473,2026-03,12.53,146,2,19,266.04,0,26
SUB100933,2026-03,10.12,167,4,14,479.28,0,27
SUB100634,2026-05,2.69,569,5,17,298.44,0,26
SUB103108,2026-07,5.46,71,0,9,234.22,0,26
SUB101953,2026-07,1.95,459,2,17,215.38,0,29
SUB103175,2026-03,4.54,51,2,9,211.04,0,28
SUB102039,2026-07,4.49,177,0,9,263.93,0,26
SUB100220,2026-05,2.13,433,1,25,120.39,0,26
SUB100434,2026-05,1.03,59,4,18,234.07,0,28
SUB101166,2026-04,1.01,205,3,7,156.14,0,28
SUB102865,2026-05,4.81,296,0,10,153.12,0,29
SUB102861,2026-05,5.64,129,4,12,317.42,0,27
SUB102610,2026-06,4.65,429,1,30,251.38,0,29
SUB103007,2026-05,1.98,225,2,20,180.83,0,29
SUB100305,2026-07,11.56,300,3,5,301.91,0,29
SUB100908,2026-05,16.76,78,2,9,239.06,0,30
SUB102785,2026-02,4.32,64,2,13,243.87,0,26
SUB100866,2026-06,11.47,75,3,15,294.83,0,30
SUB100265,2026-07,2.52,87,3,3,351.84,0,28
SUB100672,2026-02,1.92,157,4,6,233.57,0,26
SUB102283,2026-02,1.92,587,2,13,255.63,0,30
SUB100566,2026-07,14.26,191,1,12,399.94,0,28
SUB102814,2026-05,16.51,94,2,12,360.82,0,30
SUB102300,2026-06,14.48,199,2,12,395.22,0,27
SUB102659,2026-06,4.02,298,3,3,321.42,0,26
SUB101657,2026-06,23.64,435,1,18,342.01,1,28
SUB100744,2026-04,5.83,226,0,12,278.08,0,27
SUB102662,2026-04,9.63,68,1,12,336.25,0,30
SUB101781,2026-04,7.62,327,3,13,179.7,0,26
SUB100355,2026-03,3.86,180,2,17,174.91,0,27
SUB100120,2026-05,4.86,51,4,6,152.42,0,30
SUB101373,2026-04,2.12,81,1,18,93.33,0,28
SUB100900,2026-03,2.65,151,5,18,295.03,0,28
SUB100723,2026-05,11.4,300,1,11,171.12,1,27
SUB102386,2026-07,7.89,22,2,8,101.57,0,29
SUB100801,2026-04,0.72,71,4,10,143.89,0,28
SUB100887,2026-04,3.4,201,3,6,189.76,0,30
SUB101852,2026-07,8.76,277,1,11,282.18,0,29
SUB101491,2026-07,4.3,125,2,15,329.36,1,27
SUB100872,2026-05,13.36,89,3,24,307.63,0,29
SUB100717,2026-02,0.61,25,1,7,82.66,0,30
SUB102946,2026-04,13.01,480,4,11,231.99,0,27
SUB103163,2026-06,6.49,708,1,13,217.58,0,26
SUB100171,2026-02,1.64,84,3,16,140.59,0,28
SUB102617,2026-02,1.6,198,3,7,126.05,0,27
SUB100706,2026-04,3.92,94,2,1,239.55,0,30
SUB100356,2026-02,31.05,167,2,7,451.19,0,29
SUB100591,2026-04,7.53,76,1,5,287.67,0,30
SUB102086,2026-04,0.97,108,1,16,224.53,0,30
SUB101643,2026-06,16.54,230,4,8,342.81,0,29
SUB102522,2026-04,6.66,351,1,7,218.04,0,30
SUB100356,2026-03,31.69,211,5,11,474.37,0,30
SUB103182,2026-04,4.85,150,2,11,124.97,0,28
SUB102619,2026-02,5.95,314,2,8,193.69,0,27
SUB101923,2026-05,1.25,287,4,15,227.6,0,26
SUB102247,2026-06,10.87,132,1,10,308.02,0,27
SUB102960,2026-05,3.13,446,0,5,257.03,1,28
SUB102642,2026-06,1.75,428,1,6,322.39,0,27
SUB102168,2026-03,2.03,589,2,18,213.77,0,28
SUB101352,2026-04,3.3,231,0,12,179.42,0,30
SUB101294,2026-05,1.14,231,3,19,270.67,0,30
SUB102860,2026-02,1.3,167,2,30,85.99,1,27
SUB101289,2026-03,13.24,480,1,3,334.31,0,28
SUB103108,2026-05,3.92,85,1,16,229.72,0,29
SUB101921,2026-04,0.6,536,1,10,141.78,0,30
SUB101210,2026-06,6.87,191,0,18,298.3,0,28
SUB101168,2026-02,4.4,267,2,4,94.74,0,29
SUB101512,2026-07,1.44,256,0,5,142.21,0,30
SUB101336,2026-06,7.2,188,4,6,450.04,0,28
SUB100570,2026-05,4.77,256,2,5,260.15,0,28
SUB103040,2026-04,4.42,214,4,13,351.74,0,27
SUB102178,2026-04,5.23,150,2,17,130.48,0,26
SUB100676,2026-07,0.26,81,7132,12,293.84,0,29
SUB103154,2026-06,0.7,16,4,12,232.11,0,27
SUB102660,2026-02,18.08,410,0,17,407.35,0,30
SUB100720,2026-05,18.73,280,1,13,383.33,0,26
SUB102636,2026-06,11.57,102,2,11,277.29,0,30
SUB100748,2026-06,31.99,172,1,9,409.59,0,28
SUB100580,2026-05,27.34,682,0,24,436.39,0,29
SUB102775,2026-04,11.92,335,3,9,237.85,0,27
SUB100088,2026-04,9.66,408,0,9,474.26,1,27
SUB101134,2026-03,3.49,34,2,14,224.36,0,26
SUB102159,2026-06,6.26,300,0,9,214.97,0,29
SUB100599,2026-05,3.21,191,3,12,260.04,0,27
SUB100757,2026-07,16.72,163,1,12,447.94,0,26
SUB102301,2026-04,2.99,514,1,15,168.67,0,29
SUB101530,2026-05,3.02,217,1,20,153.05,0,28
SUB101890,2026-04,11.16,214,1,11,260.2,0,29
SUB103065,2026-07,3.89,50,2,13,163.34,0,26
SUB102538,2026-03,4.35,128,4,13,236.02,0,28
SUB101170,2026-04,2.4,773,0,10,139.51,1,27
SUB100611,2026-03,7.86,889,2,16,426.66,0,28
SUB102079,2026-02,15.6,179,1,12,204.08,0,27
SUB100970,2026-06,6.38,87,2,5,349.2,0,26
SUB102356,2026-02,12.32,216,2,7,165.2,0,29
SUB100639,2026-06,2.17,300,5,8,198.63,0,30
SUB103127,2026-03,11.71,88,3,7,343.9,0,29
SUB100728,2026-03,0.35,49,3234,9,154.66,0,29
SUB102747,2026-05,10.41,125,2,18,462.25,0,26
SUB101146,2026-04,4.55,498,4,14,234.72,0,30
SUB101946,2026-03,10.35,89,0,13,235.73,0,27
SUB101006,2026-02,10.02,133,1,14,146.96,0,29
SUB100542,2026-04,14.01,50,3,6,222.88,0,28
SUB100670,2026-07,10.4,278,1,8,429.64,0,30
SUB101765,2026-05,3.52,264,0,7,132.37,0,26
SUB103167,2026-02,9.45,385,2,12,245.33,0,30
SUB103084,2026-02,6.14,149,1,12,256.9,0,30
SUB102812,2026-07,21.41,40,1,9,444.41,0,27
SUB102895,2026-07,16.89,132,2,10,363.88,1,30
SUB100291,2026-05,23.84,73,1,13,527.38,0,26
SUB100397,2026-05,8.25,143,1,16,248.93,0,28
SUB102365,2026-04,21.94,284,3,5,401.92,0,27
SUB101130,2026-02,21.23,155,0,15,410.21,0,27
SUB102450,2026-03,27.33,310,3,8,400.07,0,26
SUB100690,2026-07,13.05,130,1,9,386.12,0,26
SUB100190,2026-03,3.07,262,1,6,155.18,0,28
SUB102584,2026-05,6.28,133,3,7,182.9,0,27
SUB100448,2026-05,41.73,342,1,14,577.8,0,29
SUB102728,2026-07,2.32,103,1,6,65.15,0,28
SUB100237,2026-06,9.86,134,3,10,121.71,0,26
SUB101429,2026-02,4.63,197,4,12,229.8,0,30
SUB101292,2026-07,7.39,171,2,14,184.24,0,28
SUB102224,2026-02,5.45,174,1,13,112.76,0,28
SUB100730,2026-03,7.89,514,4,15,157.67,0,30
SUB100822,2026-03,5.29,352,2,6,205.18,0,26
SUB101871,2026-04,42.4,194,1,11,579.55,0,27
SUB101627,2026-04,3.72,80,4,5,146.53,0,30
SUB100965,2026-05,2.22,54,2,19,124.56,1,26
SUB100253,2026-06,29.42,18,4,8,311.96,0,26
SUB101675,2026-04,6.1,136,2,13,173.54,0,26
SUB103077,2026-07,4.23,256,3,7,205.08,0,29
SUB103014,2026-02,1.09,198,0,10,154.68,0,26
SUB102650,2026-05,0.84,203,3,13,169.76,0,29
SUB101656,2026-04,6.03,67,2,5,280.41,1,30
SUB102903,2026-02,25.89,55,3,12,363.27,0,28
SUB102496,2026-04,6.61,502,2,12,297.5,1,26
SUB102478,2026-07,11.75,249,3,11,383.95,0,26
SUB102685,2026-04,3.64,215,1,19,147.19,0,29
SUB100140,2026-07,3.48,303,5,9,135.22,0,29
SUB100784,2026-05,25.54,129,2,8,456.91,0,29
SUB100772,2026-05,7.88,139,5,7,184.72,0,28
SUB100519,2026-06,6.51,302,0,7,154.84,1,28
SUB102189,2026-06,4.56,106,2,8,111.13,0,30
SUB100104,2026-04,23.77,112,5,15,336.27,0,26
SUB100340,2026-05,1.25,918,1,10,268.85,0,27
SUB101884,2026-02,3.7,76,0,11,323.13,0,26
SUB100505,2026-07,7.78,47,7,12,246.13,0,26
SUB102888,2026-06,9.48,132,2,13,185.26,0,26
SUB102019,2026-07,2.71,107,5,6,70.81,0,28
SUB101390,2026-04,16.42,51,0,8,241.62,0,30
SUB103079,2026-07,6.67,68,1,8,212.78,0,28
SUB100553,2026-02,25.08,164,1,15,399.7,0,27
SUB101432,2026-03,5.99,298,2,4,360.56,0,30
SUB100994,2026-04,2.23,947,0,12,145.16,0,28
SUB101915,2026-07,8.26,26,2,10,408.71,0,29
SUB102299,2026-07,1.15,147,0,11,86.39,0,29
SUB102042,2026-06,21.26,211,4,14,342.75,0,27
SUB102345,2026-03,11.88,52,2,7,379.98,0,29
SUB100583,2026-05,6.45,341,1,16,241.96,0,27
SUB102144,2026-03,26.18,338,4,3,332.92,0,26
SUB101040,2026-05,17.35,297,3,7,444.65,0,27
SUB100470,2026-04,17.8,122,2,11,385.47,1,28
SUB102057,2026-05,9.38,283,1,7,423.21,0,28
SUB100874,2026-04,8.85,237,4,11,247.51,0,28
SUB103120,2026-02,7.7,326,4,21,182.2,0,26
SUB101168,2026-03,2.9,392,1,11,112.06,0,27
SUB100556,2026-07,12.56,65,0,11,356.43,0,28
SUB102081,2026-04,15.45,45,3,12,361.78,0,30
SUB101201,2026-06,6.62,82,2,6,256.53,0,28
SUB101567,2026-05,5.46,190,2,8,217.82,0,29
SUB100841,2026-06,1.75,500,5,22,177.23,0,27
SUB100645,2026-06,11.24,372,2,2,447.43,0,26
SUB101267,2026-05,3.45,340,1,7,340.91,0,28
SUB103102,2026-06,13.89,408,2,18,282.69,0,29
SUB100765,2026-03,4.8,164,4,22,175.88,0,27
SUB101717,2026-05,20.62,163,1,4,602.49,0,29
SUB102667,2026-05,2.86,345,4,22,209.21,0,26
SUB102258,2026-06,1.41,140,1,18,145.68,1,27
SUB100396,2026-06,10.33,606,0,17,475.69,0,27
SUB102854,2026-02,1.9,626,5,10,159.0,0,29
SUB102853,2026-04,13.5,453,3,10,423.63,0,28
SUB103184,2026-05,17.08,150,3,9,250.31,0,29
SUB101620,2026-05,2.63,189,2,9,241.24,0,27
SUB102222,2026-06,1.79,258,0,12,129.48,0,27
SUB100879,2026-02,3.95,95,0,8,248.0,0,28
SUB101715,2026-07,9.42,231,1,11,280.8,0,29
SUB100196,2026-05,6.26,467,1,5,312.29,0,27
SUB100723,2026-03,8.58,261,1,8,194.97,0,29
SUB102497,2026-07,2.72,222,1,7,217.67,0,28
SUB102389,2026-06,11.0,353,6,12,299.63,1,27
SUB102504,2026-03,3.39,335,2,14,355.4,0,30
SUB102820,2026-02,3.89,198,3,4,130.67,0,26
SUB101753,2026-03,3.4,1114,0,2,192.19,0,30
SUB100934,2026-05,2.95,71,2,15,124.34,0,27
SUB101562,2026-04,2.77,317,2,9,178.71,0,29
SUB100075,2026-05,1.39,77,5,13,201.92,0,26
SUB102687,2026-02,20.55,245,2,5,383.69,0,26
SUB101648,2026-04,3.2,188,5,16,235.81,0,29
SUB101297,2026-06,7.02,252,1,26,225.17,0,27
SUB101499,2026-07,6.3,443,3,10,147.68,0,30
SUB103118,2026-02,6.4,67,2,7,240.56,0,27
SUB102114,2026-03,15.81,107,0,9,507.31,0,28
SUB103021,2026-03,5.57,171,3,17,229.71,0,30
SUB101237,2026-03,14.58,164,3,10,544.0,0,28
SUB100698,2026-07,5.52,117,1,11,181.12,0,27
SUB102742,2026-07,9.63,347,1,11,367.78,0,26
SUB100508,2026-06,2.44,409,2,10,178.15,0,30
SUB101311,2026-04,19.0,185,0,1,460.53,0,28
SUB101005,2026-07,6.36,106,3,8,261.07,0,30
SUB102913,2026-03,11.51,526,2,12,365.43,0,28
SUB100456,2026-05,11.25,134,5,10,246.93,0,27
SUB100677,2026-06,0.71,464,2,12,150.34,1,29
SUB101259,2026-03,9.58,203,1,10,288.63,0,27
SUB102769,2026-06,3.48,42,3,5,296.0,0,29
SUB102186,2026-05,6.17,128,2,9,109.59,0,26
SUB100770,2026-07,0.97,117,2,12,89.92,1,26
SUB100746,2026-02,4.49,92,1,12,192.64,0,30
SUB101883,2026-02,7.58,108,2,15,248.76,0,30
SUB102478,2026-05,13.73,310,0,15,503.76,1,26
SUB100647,2026-05,0.79,425,1,10,145.15,0,27
SUB102024,2026-02,3.4,101,3,16,227.37,0,29
SUB102974,2026-05,13.16,255,2,21,459.18,0,26
SUB100525,2026-06,6.1,127,3,11,295.92,0,28
SUB100755,2026-02,6.94,247,2,11,200.14,0,30
SUB101084,2026-05,2.18,215,0,6,276.6,0,28
SUB100918,2026-02,22.77,23,2,11,414.65,0,27
SUB100528,2026-05,10.83,181,2,8,337.92,0,30
SUB101840,2026-04,4.66,315,4,7,221.92,0,27
SUB100220,2026-02,2.07,405,4,13,127.29,0,29
SUB102588,2026-06,8.68,96,1,19,248.14,0,27
SUB100149,2026-06,9.71,197,2,10,270.3,0,29
SUB100326,2026-02,18.19,100,0,8,378.15,0,28
SUB101838,2026-06,0.72,123,1,10,162.31,0,30
SUB102014,2026-02,2.71,648,1,8,309.98,0,29
SUB103013,2026-06,8.25,138,3,17,,0,26
SUB100977,2026-02,11.15,164,1,10,287.96,0,27
SUB102595,2026-05,6.65,351,3,13,188.23,0,26
SUB101863,2026-07,10.14,234,2,13,182.15,0,27
SUB102642,2026-04,1.83,801,5,9,306.07,0,29
SUB102175,2026-06,1.61,810,2,18,196.57,0,27
SUB100967,2026-07,7.3,543,1,15,305.69,1,27
SUB101535,2026-05,8.29,200,2,3,261.92,0,28
SUB101749,2026-07,4.91,27,1,11,238.29,1,29
SUB100747,2026-05,10.58,216,5,8,446.04,0,29
SUB100848,2026-05,16.31,135,2,15,309.11,0,26
SUB101963,2026-07,5.45,614,0,10,164.42,0,28
SUB102070,2026-04,0.83,329,1,14,168.54,0,29
SUB102463,2026-02,15.32,74,1,14,266.39,0,29
SUB102327,2026-04,8.69,177,2,12,244.68,1,30
SUB102279,2026-03,4.59,484,1,7,106.75,0,27
SUB101901,2026-04,4.4,88,4,14,138.85,0,29
SUB103179,2026-03,4.37,51,0,10,218.08,0,30
SUB100131,2026-03,1.93,265,5,3,159.46,0,27
SUB103070,2026-05,3.58,122,6,17,178.53,0,30
SUB101862,2026-03,15.56,266,2,16,210.78,0,26
SUB102975,2026-04,15.2,378,1,3,358.07,0,30
SUB102473,2026-04,10.39,579,5,19,275.98,0,28
SUB102157,2026-07,6.51,74,0,6,324.17,0,26
SUB101282,2026-03,17.44,180,4,14,378.81,0,29
SUB101975,2026-03,13.95,277,2,10,287.06,0,30
SUB100896,2026-05,12.04,93,0,8,401.81,0,30
SUB102943,2026-04,31.9,334,2,12,558.01,1,27
SUB102687,2026-03,28.53,272,5,9,493.27,0,30
SUB100594,2026-02,3.79,86,0,5,166.91,0,30
SUB100378,2026-06,4.93,162,2,10,303.09,0,30
SUB102821,2026-07,14.46,359,3,12,333.81,0,30
SUB101120,2026-04,16.78,171,0,11,423.27,0,30
SUB102355,2026-05,0.43,41,2,13,262.15,0,29
SUB100046,2026-06,5.63,81,1,6,226.51,0,28
SUB101289,2026-06,10.08,368,1,10,303.47,0,30
SUB101113,2026-04,10.29,160,1,7,272.77,0,30
SUB101897,2026-04,8.03,356,0,15,315.64,0,26
SUB102896,2026-02,0.9,111,3,12,154.73,0,26
SUB102427,2026-04,12.51,520,1,4,422.07,0,27
SUB102665,2026-02,12.65,163,1,15,342.93,0,30
SUB102968,2026-02,3.54,218,0,11,98.34,0,30
SUB103005,2026-06,9.86,237,1,7,260.51,0,29
SUB102190,2026-03,8.32,265,0,17,216.14,0,26
SUB100924,2026-02,3.48,178,4,10,260.7,0,26
SUB101679,2026-06,2.84,70,3,13,118.8,0,26
SUB103003,2026-04,4.86,807,3,13,217.99,0,26
SUB100582,2026-05,5.8,367,0,12,151.26,0,26
SUB100976,2026-04,8.8,130,2,9,259.57,0,29
SUB102464,2026-07,21.9,393,2,12,351.53,0,26
SUB102461,2026-03,8.34,150,1,4,245.63,0,30
SUB102798,2026-07,1.52,36,2,14,78.86,0,27
SUB100623,2026-07,4.65,807,1,13,300.07,0,30
SUB101270,2026-07,14.26,813,1,11,325.62,0,29
SUB100157,2026-02,14.61,55,2,10,447.59,0,29
SUB102264,2026-02,7.59,721,0,10,164.7,1,29
SUB101543,2026-06,1.39,87,2,12,112.6,0,30
SUB100603,2026-06,3.79,236,2,17,119.18,0,26
SUB100056,2026-03,5.83,435,1,8,211.68,0,30
SUB100682,2026-03,1.49,500,0,6,93.75,0,28
SUB100699,2026-02,1.19,171,0,6,212.04,0,26
SUB102201,2026-04,16.99,106,2,11,421.66,0,28
SUB100207,2026-03,2.5,488,2,18,103.87,1,26
SUB100094,2026-02,8.93,199,1,11,219.73,0,26
SUB102970,2026-07,7.19,331,4,8,306.97,0,28
SUB100599,2026-04,4.2,135,1,12,284.48,0,26
SUB101571,2026-04,5.08,52,1,13,233.98,1,30
SUB101855,2026-04,2.91,130,5,11,199.96,0,28
SUB101035,2026-07,29.07,53,0,8,424.58,0,30
SUB101226,2026-05,27.59,139,1,11,471.57,0,28
SUB102672,2026-07,2.08,363,4,11,189.18,0,29
SUB101893,2026-04,5.8,192,1,16,203.87,1,29
SUB102403,2026-03,3.5,119,3,10,293.65,0,28
SUB102718,2026-02,10.87,211,3,14,245.72,0,29
SUB101411,2026-06,20.67,245,1,7,358.51,0,29
SUB102630,2026-06,21.22,179,3,13,345.28,1,27
SUB100996,2026-03,4.56,112,2,8,208.63,0,27
SUB102955,2026-05,12.61,94,1,4,245.71,0,28
SUB100203,2026-05,0.65,477,2,7,179.81,0,30
SUB102028,2026-07,2.67,733,1,13,142.76,0,28
SUB100631,2026-03,1.48,184,1,7,153.35,0,27
SUB101206,2026-06,14.53,97,4,14,269.79,0,28
SUB102984,2026-04,9.25,56,0,3,0.0,1,26
SUB100943,2026-07,17.07,68,2,11,416.06,0,26
SUB102913,2026-04,13.18,706,2,15,296.36,0,26
SUB101141,2026-04,19.35,314,4,9,443.09,1,28
SUB100489,2026-04,2.57,307,1,2,118.56,0,29
SUB102156,2026-04,7.03,86,2,10,122.07,0,26
SUB100373,2026-07,7.7,184,5,7,95.98,0,28
SUB100882,2026-07,13.4,540,2,7,251.9,0,30
SUB101153,2026-07,9.87,195,2,11,390.92,0,27
SUB100476,2026-02,1.78,216,2,16,173.2,0,29
SUB101982,2026-05,3.59,105,2,15,263.28,0,29
SUB103163,2026-04,3.54,977,2,19,184.3,0,26
SUB100138,2026-05,15.78,258,3,14,471.09,0,26
SUB103148,2026-07,3.14,471,5,20,195.98,0,26
SUB101587,2026-05,0.3,56,2823,15,312.3,0,30
SUB102799,2026-07,3.97,64,1,12,123.52,0,30
SUB102004,2026-06,29.01,461,2,10,401.04,0,26
SUB100929,2026-02,14.7,482,0,10,371.81,1,28
SUB100115,2026-05,11.07,13,2,18,176.64,0,29
SUB100898,2026-07,14.04,365,0,19,535.82,0,27
SUB102812,2026-02,20.26,35,4,5,601.88,0,30
SUB101846,2026-03,2.96,269,2,16,176.7,0,29
SUB102450,2026-04,19.16,237,2,16,404.81,0,27
SUB100580,2026-06,28.97,826,4,20,501.77,0,27
SUB101199,2026-04,13.3,124,1,10,282.2,0,27
SUB103041,2026-06,4.27,307,0,13,280.07,0,29
SUB101314,2026-02,15.37,203,6,9,278.46,0,30
SUB101913,2026-04,5.5,412,1,4,267.52,0,28
SUB102553,2026-05,4.67,753,4,12,152.27,0,28
SUB102418,2026-05,0.58,42,3,8,259.73,0,28
SUB101250,2026-07,1.16,173,2,9,107.57,1,28
SUB100774,2026-07,2.33,60,1,9,234.12,0,28
SUB102723,2026-05,8.48,341,2,16,363.34,0,30
SUB101560,2026-05,3.51,43,1,9,257.95,0,27
SUB101631,2026-04,8.06,89,0,9,196.13,0,28
SUB101723,2026-07,16.19,61,3,13,421.26,0,27
SUB101189,2026-02,1.32,104,0,4,83.43,0,30
SUB102545,2026-05,9.32,94,3,19,215.15,0,26
SUB100565,2026-07,7.43,618,0,18,339.63,0,29
SUB102379,2026-06,6.68,814,1,12,416.61,0,26
SUB103143,2026-06,4.07,240,3,12,261.02,0,28
SUB101872,2026-06,5.22,371,0,8,234.33,0,26
SUB100555,2026-05,3.96,441,2,6,168.15,0,26
SUB103187,2026-06,2.5,98,1,4,67.66,0,27
SUB102992,2026-03,7.9,135,2,17,359.76,0,26
SUB102605,2026-04,18.95,247,0,6,382.15,1,28
SUB101055,2026-03,10.64,73,0,0,283.95,0,30
SUB102791,2026-06,9.84,52,2,16,298.88,0,29
SUB102407,2026-06,49.1,70,2,14,0.0,1,27
SUB100088,2026-07,20.18,245,1,5,501.65,0,28
SUB102893,2026-06,1.6,127,0,5,137.09,0,26
SUB103185,2026-07,17.76,36,4,13,266.86,0,30
SUB102762,2026-06,10.78,143,1,9,306.33,0,27
SUB102526,2026-06,7.14,246,3,12,282.81,0,29
SUB100291,2026-03,26.93,97,2,13,508.66,0,27
SUB100079,2026-03,10.98,291,3,21,332.94,0,27
SUB101223,2026-03,4.05,364,3,9,300.44,0,28
SUB102539,2026-04,5.41,225,0,10,194.08,0,27
SUB100631,2026-07,1.16,206,4,16,156.99,0,28
SUB100297,2026-05,13.65,186,5,13,309.87,0,30
SUB100432,2026-07,10.11,279,4,3,339.57,1,26
SUB101438,2026-07,1.93,717,2,8,209.86,2,26
SUB102773,2026-02,15.71,193,3,11,291.57,0,28
SUB100058,2026-04,6.62,294,4,16,150.48,1,26
SUB100445,2026-05,7.09,145,0,18,156.19,0,27
SUB101355,2026-02,3.63,360,3,9,298.84,0,26
SUB101487,2026-06,8.73,232,1,8,297.44,0,26
SUB101308,2026-03,11.46,64,3,8,266.41,0,28
SUB100346,2026-05,16.69,52,3,6,415.33,0,27
SUB101959,2026-05,1.28,197,3,10,134.57,0,29
SUB102870,2026-02,1.84,543,0,18,287.11,0,30
SUB102653,2026-02,4.17,409,1,10,283.34,0,28
SUB100575,2026-07,10.57,161,0,6,269.08,0,30
SUB100654,2026-05,11.96,152,4,5,227.05,0,29
SUB101636,2026-03,1.47,140,1,8,173.31,0,27
SUB100119,2026-04,5.78,14,0,10,153.09,0,30
SUB100558,2026-06,2.34,42,0,8,236.9,0,28
SUB101555,2026-02,6.28,62,1,13,257.88,0,30
SUB102303,2026-06,12.24,187,4,9,281.45,0,26
SUB102511,2026-04,3.8,92,6,7,179.18,0,28
SUB100146,2026-07,7.94,162,0,22,388.54,0,29
SUB101395,2026-02,9.32,63,3,19,171.52,0,26
SUB102058,2026-07,10.71,45,2,11,309.14,0,28
SUB101264,2026-02,7.68,249,2,11,225.0,0,30
SUB100606,2026-03,5.04,295,2,10,186.35,0,26
SUB101306,2026-02,7.37,221,2,12,121.49,0,26
SUB103042,2026-07,5.09,325,8,5,136.76,0,29
SUB102066,2026-04,0.41,337,3,10,151.37,0,28
SUB101907,2026-02,12.85,367,0,14,420.85,0,30
SUB100657,2026-07,8.78,555,0,8,179.73,0,27
SUB101865,2026-03,2.68,243,1,7,181.95,0,30
SUB103111,2026-03,8.47,165,1,14,259.84,0,26
SUB102818,2026-05,5.52,187,0,5,210.93,0,28
SUB100047,2026-06,7.15,422,1,10,248.65,0,27
SUB102072,2026-04,13.95,99,1,5,364.46,0,27
SUB101399,2026-03,6.12,87,2,15,113.14,0,27
SUB100469,2026-05,1.6,206,5,6,94.36,0,30
SUB100872,2026-03,12.16,131,0,17,299.98,0,30
SUB101376,2026-07,7.69,312,4,6,342.2,0,30
SUB100140,2026-02,4.61,185,5,9,121.82,0,29
SUB102590,2026-02,1.39,112,5,17,167.45,1,26
SUB102900,2026-03,8.81,24,3,19,281.74,0,28
SUB100077,2026-05,20.9,88,4,12,174.72,1,28
SUB102613,2026-04,4.12,332,4,33,233.59,0,28
SUB100998,2026-04,6.81,315,0,10,198.05,0,26
SUB101342,2026-02,19.06,264,3,25,459.28,0,26
SUB101767,2026-04,7.44,235,1,12,213.18,0,30
SUB102075,2026-02,3.2,22,3,8,232.26,0,27
SUB103051,2026-04,2.48,103,1,7,146.68,0,28
SUB102306,2026-06,10.71,88,4,15,377.72,0,26
SUB100341,2026-03,5.17,159,3,13,168.5,0,29
SUB101826,2026-04,8.84,423,0,17,350.22,0,26
SUB103139,2026-04,7.68,61,2,8,201.41,0,26
SUB102592,2026-06,3.91,53,4,7,117.24,0,29
SUB100910,2026-06,0.97,323,3,22,272.65,0,30
SUB101592,2026-02,25.67,282,2,12,480.6,1,26
SUB101501,2026-03,0.64,174,2,5,168.9,0,26
SUB102655,2026-04,5.08,414,0,12,357.58,0,26
SUB102375,2026-07,5.02,888,1,13,249.28,0,28
SUB102926,2026-03,4.47,109,2,10,267.4,0,28
SUB103169,2026-02,16.59,298,0,12,526.03,0,26
SUB102699,2026-02,5.12,233,3,11,326.31,0,27
SUB102754,2026-07,8.23,47,1,12,261.73,0,28
SUB103076,2026-07,7.48,244,1,2,337.66,0,29
SUB100981,2026-05,3.83,104,2,8,245.62,0,30
SUB101820,2026-03,0.65,159,1,2,115.81,0,30
SUB101643,2026-05,13.55,192,1,11,329.8,0,29
SUB102328,2026-04,11.42,24,2,17,245.12,0,27
SUB103024,2026-07,11.72,40,1,17,249.88,0,27
SUB101183,2026-07,8.03,144,2,9,321.84,0,26
SUB101477,2026-04,10.97,134,1,17,219.75,0,29
SUB101833,2026-02,5.55,155,1,2,180.3,0,28
SUB100761,2026-06,10.95,130,1,13,236.4,0,26
SUB100255,2026-02,5.96,238,1,7,158.08,0,30
SUB102427,2026-05,9.58,626,4,1,433.63,0,30
SUB102677,2026-05,15.03,75,0,14,218.57,0,28
SUB102170,2026-06,2.61,37,3,2,117.11,0,28
SUB101208,2026-05,1.21,113,6,19,216.64,1,27
SUB102541,2026-03,6.07,522,2,19,187.53,0,30
SUB102062,2026-07,2.79,194,1,25,126.73,0,29
SUB100675,2026-02,8.22,421,1,6,315.59,0,26
SUB100196,2026-02,4.97,271,3,9,358.91,0,27
SUB101378,2026-07,6.05,193,1,11,148.33,0,28
SUB102796,2026-05,8.98,223,0,9,141.62,1,26
SUB100269,2026-07,7.89,127,0,6,174.47,0,29
SUB101102,2026-06,23.72,41,4,7,434.63,0,28
SUB102807,2026-04,9.47,613,0,10,232.89,0,26
SUB101237,2026-05,15.02,171,3,10,383.57,0,26
SUB102027,2026-07,5.27,75,2,7,188.51,0,29
SUB102439,2026-02,5.19,47,1,9,224.2,0,26
SUB102006,2026-03,4.13,612,1,21,137.36,0,27
SUB100714,2026-04,6.88,130,2,5,184.42,0,28
SUB102714,2026-06,2.62,428,2,10,229.49,0,27
SUB101069,2026-02,17.48,939,4,12,344.37,0,28
SUB101702,2026-06,7.87,21,2,11,149.18,0,26
SUB100490,2026-02,47.24,86,3,7,537.67,0,26
SUB100196,2026-04,4.95,313,2,6,294.98,0,26
SUB102383,2026-05,5.62,58,3,16,136.03,0,30
SUB101427,2026-07,2.04,376,2,7,152.67,0,29
SUB102271,2026-04,2.86,323,5,12,180.51,0,29
SUB101560,2026-06,3.04,20,1,16,225.17,0,27
SUB103108,2026-03,5.05,41,6,9,223.74,0,29
SUB101368,2026-07,6.18,201,4,6,241.77,0,29
SUB100592,2026-07,7.22,187,1,6,436.52,0,29
SUB100868,2026-06,8.24,184,2,7,157.9,0,30
SUB101023,2026-03,2.47,104,1,12,168.39,0,26
SUB102319,2026-07,0.87,152,1,14,69.7,0,26
SUB103112,2026-06,9.83,183,1,5,235.02,0,29
SUB102384,2026-03,2.16,99,3,9,150.04,0,26
SUB102610,2026-04,5.11,292,4,16,281.61,0,28
SUB101096,2026-03,5.44,35,1,14,251.24,0,27
SUB102650,2026-02,0.97,274,4,9,136.54,0,28
SUB102792,2026-05,15.75,250,2,10,360.68,0,29
SUB100113,2026-04,0.05,86,3873,11,278.25,0,29
SUB101942,2026-06,4.66,174,4,12,323.33,1,30
SUB102323,2026-07,0.55,623,1,13,152.41,0,28
SUB101896,2026-04,4.81,628,3,21,315.35,0,29
SUB101511,2026-02,13.24,218,1,7,239.64,0,30
SUB101376,2026-04,12.59,257,1,8,284.57,0,27
SUB103149,2026-05,4.04,377,2,9,194.07,0,28
SUB101448,2026-06,16.17,281,3,7,329.55,1,28
SUB102563,2026-02,8.24,151,1,12,160.97,0,30
SUB101383,2026-06,5.49,70,1,8,194.19,0,30
SUB100072,2026-06,3.15,366,4,16,205.29,0,30
SUB100913,2026-06,0.93,215,4,12,257.5,0,30
SUB100107,2026-02,4.1,262,4,14,228.15,0,30
SUB102928,2026-05,7.0,1256,0,15,318.2,0,26
SUB103184,2026-02,13.66,171,1,17,247.55,0,30
SUB100166,2026-04,6.32,77,3,16,211.41,0,26
SUB100812,2026-05,0.53,68,3,9,228.63,0,30
SUB101937,2026-04,22.05,84,2,14,386.02,0,26
SUB100119,2026-05,5.08,12,6,17,138.22,0,29
SUB102023,2026-04,8.68,60,1,4,210.03,0,29
SUB101327,2026-05,24.43,75,1,9,397.04,0,27
SUB101776,2026-05,5.26,125,3,5,175.23,0,29
SUB101737,2026-02,1.58,160,0,25,144.23,0,26
SUB102460,2026-06,2.07,94,1,9,278.45,1,30
SUB100964,2026-05,2.41,504,5,7,135.85,0,27
SUB100193,2026-05,7.86,203,1,3,144.39,0,29
SUB100177,2026-06,5.56,164,0,6,220.86,0,29
SUB101061,2026-04,26.61,167,0,10,507.23,0,27
SUB101813,2026-02,1.1,767,3,8,174.32,0,29
SUB101222,2026-05,9.34,213,3,6,186.07,0,30
SUB100992,2026-03,11.55,210,0,11,374.12,0,27
SUB102684,2026-03,15.82,104,4,17,345.03,0,27
SUB100958,2026-03,4.09,66,0,25,269.35,0,30
SUB101535,2026-06,7.68,143,3,6,221.89,0,28
SUB100989,2026-07,6.86,522,5,3,201.78,0,30
SUB100832,2026-02,10.56,256,2,6,214.33,0,26
SUB100640,2026-06,13.53,195,2,9,275.88,0,27
SUB103153,2026-06,14.79,170,1,6,288.34,0,30
SUB100018,2026-07,3.81,578,2,3,225.18,0,28
SUB101127,2026-06,2.81,380,3,16,305.25,0,27
SUB100740,2026-02,2.27,599,5,10,77.77,0,26
SUB101190,2026-04,8.79,276,4,20,231.75,0,30
SUB101698,2026-03,23.14,77,2,11,367.84,1,28
SUB103148,2026-06,6.75,270,2,22,198.66,0,29
SUB101543,2026-05,2.03,149,1,19,111.74,0,28
SUB100463,2026-03,16.96,548,3,15,469.11,0,30
SUB102500,2026-03,8.29,181,4,12,314.09,0,26
SUB101145,2026-02,4.99,538,5,15,274.14,0,30
SUB100472,2026-03,9.32,128,1,3,262.88,0,27
SUB102381,2026-04,7.79,193,4,18,282.49,0,27
SUB101096,2026-04,7.18,37,0,8,280.26,0,27
SUB100019,2026-04,6.74,86,4,8,268.64,1,27
SUB100628,2026-05,34.32,20,1,8,504.7,0,27
SUB100919,2026-04,2.08,304,2,12,124.84,0,27
SUB101457,2026-06,15.31,74,3,11,109.22,0,29
SUB100527,2026-06,7.94,62,1,7,241.34,0,29
SUB102939,2026-07,9.57,121,6,21,171.49,0,29
SUB100180,2026-04,8.84,88,0,24,157.61,0,26
SUB102850,2026-03,9.07,68,3,2,308.39,0,27
SUB102799,2026-04,4.33,56,0,8,119.08,0,27
SUB101062,2026-02,4.35,227,0,6,194.37,0,26
SUB101123,2026-04,5.17,664,0,14,295.84,0,30
SUB100799,2026-07,7.98,177,3,19,378.38,0,28
SUB100667,2026-03,3.53,137,2,20,234.48,0,30
SUB101399,2026-02,7.21,101,1,21,115.42,0,29
SUB101349,2026-07,3.29,200,1,8,425.95,0,26
SUB100515,2026-04,5.8,70,2,18,331.14,1,29
SUB100471,2026-05,14.62,51,1,7,268.06,0,29
SUB102743,2026-05,5.82,159,1,15,310.74,0,29
SUB101741,2026-07,1.19,271,1,15,233.49,0,29
SUB100611,2026-05,3.4,831,0,19,329.67,0,26
SUB100243,2026-07,8.33,461,2,9,534.41,0,26
SUB100797,2026-07,3.92,174,2,11,140.01,0,26
SUB102071,2026-06,1.89,95,2,26,85.86,0,29
SUB100585,2026-03,5.2,366,1,4,240.26,0,30
SUB100209,2026-07,5.56,74,1,6,175.28,0,29
SUB100438,2026-05,4.8,1051,0,12,283.91,0,28
SUB100377,2026-07,11.8,141,2,2,404.13,0,30
SUB100928,2026-05,2.98,100,2,17,152.3,0,26
SUB102694,2026-07,10.93,429,2,10,336.49,0,28
SUB100338,2026-04,2.07,255,1,15,96.48,0,26
SUB102149,2026-02,1.91,185,1,7,171.99,0,29
SUB102121,2026-03,17.84,64,3,10,534.27,0,27
SUB102774,2026-03,31.1,240,4,6,433.98,0,26
SUB100344,2026-04,7.02,328,0,20,273.68,0,26
SUB102437,2026-03,5.19,241,2,3,239.02,0,28
SUB102551,2026-02,9.99,188,1,8,307.27,0,29
SUB100906,2026-06,4.09,108,1,11,146.02,0,30
SUB100657,2026-04,11.78,487,1,15,148.16,0,30
SUB101177,2026-05,10.98,657,1,18,0.0,0,28
SUB102341,2026-07,15.45,119,2,13,307.47,0,26
SUB101224,2026-06,2.01,66,1,12,197.31,1,27
SUB101706,2026-07,7.18,396,0,17,186.55,0,26
SUB102243,2026-07,2.18,146,4,13,289.01,0,29
SUB102993,2026-04,1.49,157,2,15,73.5,0,28
SUB102965,2026-02,9.38,118,3,11,202.92,0,30
SUB101131,2026-02,2.17,102,0,10,189.31,0,27
SUB102539,2026-02,5.06,261,1,9,179.58,0,27
SUB102730,2026-02,3.29,166,2,13,175.08,0,28
SUB101361,2026-07,15.32,289,4,6,383.93,0,27
SUB101682,2026-07,1.87,43,4,20,70.86,0,28
SUB102183,2026-05,12.06,288,3,10,325.48,0,27
SUB100804,2026-04,16.74,27,0,9,545.21,0,30
SUB102053,2026-03,5.16,121,1,11,94.47,0,28
SUB103133,2026-04,3.21,790,2,19,178.95,0,26
SUB101793,2026-06,2.38,219,2,11,159.5,0,29
SUB100986,2026-02,9.72,111,2,7,218.36,0,30
SUB103011,2026-02,14.49,546,3,7,423.17,1,30
SUB101553,2026-04,27.05,438,4,11,455.38,0,27
SUB101835,2026-02,9.86,125,1,5,323.18,0,28
SUB103161,2026-02,0.83,179,3,13,142.33,0,27
SUB102357,2026-06,10.89,47,0,13,440.41,1,28
SUB101001,2026-06,13.01,411,0,14,378.78,0,29
SUB102868,2026-06,10.69,347,2,7,367.06,1,28
SUB101458,2026-04,5.82,119,3,12,254.3,0,30
SUB100523,2026-07,10.88,518,1,4,439.46,0,28
SUB100352,2026-06,6.53,277,1,11,350.32,0,29
SUB102763,2026-04,2.48,370,3,6,278.8,0,30
SUB100068,2026-02,5.95,102,0,11,213.24,0,26
SUB103023,2026-03,7.34,109,3,5,266.46,0,28
SUB102098,2026-06,8.82,674,1,14,313.99,0,27
SUB101877,2026-02,1.25,169,3,9,135.17,0,27
SUB101808,2026-05,4.93,32,2,14,124.82,0,30
SUB102327,2026-06,10.25,176,2,13,248.63,0,28
SUB102881,2026-02,12.43,152,3,9,361.19,1,27
SUB102414,2026-06,5.22,241,2,7,363.66,1,30
SUB101159,2026-02,0.97,195,3,7,183.06,0,27
SUB101171,2026-06,10.43,38,4,5,451.29,0,27
SUB101067,2026-07,3.18,249,0,15,163.61,0,28
SUB102764,2026-02,11.21,330,3,7,270.51,1,28
SUB100315,2026-03,16.26,418,1,15,358.75,0,28
SUB101109,2026-03,7.02,172,1,14,160.7,1,28
SUB100921,2026-04,16.48,29,1,8,219.95,0,27
SUB102913,2026-02,13.49,738,6,12,295.11,0,27
SUB101402,2026-04,13.09,364,3,7,248.48,0,30
SUB102941,2026-05,7.41,396,1,14,208.26,1,29
SUB101707,2026-06,0.89,434,4,2,177.67,0,30
SUB100705,2026-07,1.99,274,6,5,116.57,0,27
SUB100426,2026-02,1.9,76,3,13,115.58,0,30
SUB102325,2026-06,1.55,174,2,5,152.7,0,28
SUB100475,2026-05,20.76,278,1,6,433.02,0,30
SUB102093,2026-02,7.1,269,2,9,216.53,1,26
SUB100242,2026-05,10.2,233,1,12,322.03,0,26
SUB100063,2026-07,15.15,337,2,8,291.06,0,29
SUB100190,2026-06,3.76,282,3,5,153.54,0,27
SUB102009,2026-04,8.1,160,3,11,159.34,0,26
SUB100230,2026-02,23.81,210,3,9,316.41,0,27
SUB101042,2026-04,1.71,239,2,6,155.32,0,27
SUB100067,2026-06,8.65,366,4,11,225.61,0,28
SUB101016,2026-07,13.71,216,1,14,267.9,0,26
SUB102956,2026-04,6.16,96,2,3,201.06,0,26
SUB100019,2026-07,8.05,70,2,8,262.68,0,29
SUB102022,2026-04,6.75,123,4,10,249.47,0,29
SUB101053,2026-07,11.04,106,1,14,176.9,0,29
SUB102190,2026-07,9.2,223,2,18,257.8,0,26
SUB102540,2026-03,7.26,221,3,12,235.07,0,28
SUB100689,2026-04,16.65,191,1,9,327.58,0,30
SUB102330,2026-02,5.32,940,0,9,273.17,0,28
SUB100304,2026-04,1.4,335,1,18,157.04,0,30
SUB102299,2026-03,1.77,300,1,8,97.86,0,30
SUB102939,2026-06,9.86,73,2,13,214.33,0,29
SUB102466,2026-03,7.92,281,3,13,353.35,0,26
SUB101813,2026-07,1.07,1069,3,7,139.86,0,30
SUB100730,2026-06,5.21,454,0,16,195.68,0,28
SUB101798,2026-04,7.96,529,5,9,366.01,0,28
SUB102584,2026-03,9.77,254,1,7,224.99,0,26
SUB102901,2026-05,10.81,279,2,17,379.7,0,28
SUB102265,2026-02,23.45,122,3,12,529.74,0,27
SUB102458,2026-03,25.49,255,0,10,471.39,0,27
SUB102413,2026-02,3.63,154,4,5,346.56,0,29
SUB100411,2026-06,3.7,219,1,12,195.5,0,29
SUB100800,2026-05,9.39,653,1,12,169.57,0,29
SUB100976,2026-07,9.56,119,1,13,268.92,0,26
SUB102386,2026-05,7.71,22,1,7,93.81,0,30
SUB102376,2026-02,8.42,409,1,9,226.58,1,26
SUB102405,2026-02,3.71,130,2,12,286.96,0,26
SUB102317,2026-05,9.14,75,4,15,311.55,0,28
SUB102900,2026-04,8.58,30,4,11,0.0,0,28
SUB102074,2026-06,2.19,288,2,14,219.32,0,27
SUB102731,2026-03,2.07,170,5,8,161.11,2,26
SUB100982,2026-03,7.17,216,2,3,239.11,0,28
SUB102237,2026-03,17.51,272,3,0,329.4,0,29
SUB101827,2026-06,2.18,511,2,10,86.37,0,30
SUB100171,2026-07,0.95,111,1,16,130.63,0,27
SUB100186,2026-02,15.68,302,3,9,486.08,0,30
SUB101644,2026-03,4.2,18,2,21,221.97,0,29
SUB101073,2026-07,11.22,133,4,22,214.4,0,26
SUB101186,2026-07,7.4,160,2,10,219.34,0,27
SUB100572,2026-03,2.65,103,0,9,211.35,0,30
SUB101823,2026-05,6.3,324,2,23,228.94,1,26
SUB100599,2026-07,5.06,92,1,13,289.69,0,30
SUB100607,2026-04,1.05,381,3,8,87.71,0,28
SUB100548,2026-05,7.67,82,3,19,258.33,0,28
SUB102588,2026-04,9.72,113,0,19,234.71,0,27
SUB100687,2026-06,0.24,88,2680,10,197.82,0,30
SUB102475,2026-06,31.44,204,0,9,501.96,0,26
SUB102118,2026-07,4.49,105,0,3,174.23,0,26
SUB102154,2026-07,5.49,352,1,11,449.23,0,26
SUB102318,2026-05,20.17,271,1,9,372.17,0,27
SUB102845,2026-05,7.01,251,2,10,61.52,0,28
SUB102720,2026-04,0.91,252,3,5,272.41,0,27
SUB100520,2026-07,13.38,175,5,7,312.78,0,30
SUB102962,2026-05,23.42,241,2,9,394.22,1,26
SUB101593,2026-05,11.91,173,3,7,185.11,0,26
SUB102715,2026-03,8.02,143,3,12,341.68,0,30
SUB100089,2026-04,5.62,95,1,15,224.58,0,29
SUB102686,2026-06,14.29,127,2,10,279.89,0,27
SUB100023,2026-03,20.53,553,3,8,514.11,0,27
SUB101048,2026-04,1.69,190,2,8,91.1,0,26
SUB101337,2026-05,13.0,192,1,11,379.6,1,30
SUB101109,2026-05,7.73,191,4,15,192.06,0,30
SUB103159,2026-02,6.56,385,0,13,157.75,0,26
SUB101924,2026-06,2.19,67,4,5,110.58,0,29
SUB102185,2026-05,12.7,145,2,19,403.37,0,30
SUB102482,2026-05,0.87,181,1,13,151.84,0,28
SUB103183,2026-07,2.09,249,2,3,163.89,0,28
SUB101106,2026-06,29.95,125,6,7,382.0,0,27
SUB101723,2026-06,9.18,115,3,12,406.9,0,26
SUB100654,2026-07,12.81,156,1,10,237.47,0,27
SUB100382,2026-05,11.37,174,1,5,247.65,0,29
SUB101918,2026-02,2.32,104,2,8,220.67,0,28
SUB100566,2026-06,14.12,195,1,8,346.26,0,27
SUB102016,2026-03,0.9,797,3,22,283.53,0,28
SUB102839,2026-03,3.86,288,2,15,318.37,0,27
SUB101400,2026-06,1.87,182,1,15,219.24,0,30
SUB101667,2026-03,9.82,158,2,10,345.53,1,28
SUB100327,2026-02,17.02,150,3,11,268.84,0,27
SUB103030,2026-04,5.49,210,1,7,336.16,0,28
SUB101274,2026-07,4.11,35,1,14,285.19,0,27
SUB101930,2026-06,13.67,286,3,5,185.21,0,30
SUB101043,2026-05,7.42,600,1,9,301.82,0,27
SUB101252,2026-06,5.26,168,1,17,228.96,0,28
SUB101018,2026-04,1.13,293,4,10,135.92,0,30
SUB101971,2026-07,0.91,153,2,14,282.53,0,29
SUB100682,2026-05,1.25,471,4,11,131.68,1,28
SUB103186,2026-07,12.74,1482,0,16,226.38,0,29
SUB100600,2026-04,4.58,133,0,24,291.42,0,28
SUB103124,2026-06,10.5,119,1,8,516.71,0,30
SUB102766,2026-05,37.22,139,2,9,567.99,0,27
SUB100645,2026-07,9.93,352,7,4,389.97,0,29
SUB102739,2026-07,4.81,245,1,6,180.3,0,27
SUB101095,2026-04,2.31,233,3,7,186.65,0,26
SUB103012,2026-04,10.26,192,4,14,183.29,1,26
SUB102228,2026-07,4.24,124,3,9,253.21,0,30
SUB101156,2026-02,9.81,181,2,9,299.01,0,27
SUB102316,2026-02,2.25,216,3,22,199.27,0,26
SUB101479,2026-02,2.28,72,1,13,79.75,1,27
SUB102769,2026-04,4.53,33,2,6,250.68,0,29
SUB102525,2026-04,5.58,565,4,11,179.98,0,28
SUB100281,2026-07,5.54,258,4,16,305.83,0,28
SUB101453,2026-07,8.48,425,2,12,341.37,0,27
SUB101558,2026-04,12.15,207,2,4,192.52,0,27
SUB101794,2026-04,11.73,116,3,17,209.92,0,29
SUB101763,2026-04,2.14,108,1,2,223.2,0,30
SUB102818,2026-07,3.85,141,1,15,224.58,0,27
SUB100438,2026-03,7.48,1084,3,15,223.48,0,28
SUB102630,2026-07,18.77,199,2,20,392.02,0,27
SUB102949,2026-03,6.9,12,2,16,231.29,1,27
SUB100593,2026-02,10.44,295,3,2,444.08,0,29
SUB102360,2026-04,2.89,160,0,11,193.41,0,30
SUB100363,2026-03,8.85,118,2,10,139.69,0,29
SUB102272,2026-05,6.87,156,2,8,106.93,1,27
SUB102539,2026-06,5.45,296,2,18,147.78,0,30
SUB102689,2026-07,14.8,73,5,15,278.62,0,29
SUB101297,2026-05,7.87,150,1,19,196.43,0,30
SUB103112,2026-05,6.81,314,1,16,214.08,0,30
SUB100131,2026-06,2.1,392,4,16,159.3,0,29
SUB103012,2026-07,5.87,163,0,11,168.74,0,28
SUB100701,2026-05,6.74,286,4,15,282.95,0,30
SUB103187,2026-07,2.46,100,0,1,79.17,0,30
SUB101036,2026-05,8.01,318,3,12,176.04,0,27
SUB101180,2026-06,14.51,84,1,15,205.61,0,27
SUB102671,2026-04,25.17,179,1,2,356.68,0,30
SUB100784,2026-03,35.83,93,1,5,481.05,1,30
SUB102497,2026-05,2.14,272,2,3,223.62,0,28
SUB103165,2026-07,2.04,220,1,7,230.31,2,26
SUB100425,2026-05,8.35,39,2,12,283.74,0,26
SUB101143,2026-03,18.66,142,3,12,555.35,0,27
SUB102280,2026-06,29.1,379,2,5,455.76,0,28
SUB103165,2026-02,2.17,279,1,8,249.22,0,30
SUB102572,2026-04,5.01,483,0,10,197.03,0,26
SUB101119,2026-04,1.51,543,2,8,86.29,0,30
SUB100027,2026-02,23.85,309,1,17,486.94,1,30
SUB102144,2026-04,11.58,193,4,6,331.67,0,30
SUB101537,2026-03,4.62,324,2,6,196.65,0,27
SUB100985,2026-04,9.96,238,3,6,281.55,1,29
SUB103118,2026-06,13.52,90,2,13,244.55,0,26
SUB101006,2026-04,7.95,141,2,17,170.05,0,29
SUB101466,2026-06,5.23,486,2,5,324.82,0,30
SUB101050,2026-06,14.56,462,1,15,329.1,0,30
SUB101436,2026-02,3.14,238,2,9,292.86,0,28
SUB102828,2026-04,8.16,237,2,12,335.64,0,27
SUB100257,2026-04,3.14,241,2,14,185.55,0,28
SUB100054,2026-03,5.92,395,3,4,453.08,0,27
SUB100302,2026-02,7.36,69,3,5,278.8,0,30
SUB103020,2026-03,1.85,352,1,14,180.58,0,29
SUB101696,2026-03,6.09,302,6,8,347.72,0,28
SUB100164,2026-03,7.2,407,3,8,176.19,0,30
SUB100675,2026-03,7.41,229,2,7,340.75,0,27
SUB100916,2026-02,5.42,49,0,7,138.52,0,27
SUB102776,2026-02,5.03,74,4,12,184.53,0,26
SUB101457,2026-07,3.6,97,2,8,94.91,1,29
SUB102752,2026-04,6.06,171,0,9,187.26,0,30
SUB102453,2026-02,1.2,547,4,8,127.65,0,28
SUB101880,2026-06,3.6,268,3,28,136.37,0,30
SUB101333,2026-06,6.34,287,2,14,245.14,0,26
SUB100622,2026-06,11.13,36,5,15,227.9,0,29
SUB102271,2026-06,2.54,250,3,13,214.59,0,30
SUB102527,2026-06,17.96,190,1,14,599.09,0,26
SUB100900,2026-05,3.03,212,0,11,247.29,0,26
SUB100873,2026-06,23.16,64,2,13,388.97,0,27
SUB100648,2026-06,4.35,178,1,6,248.83,0,26
SUB102039,2026-06,6.15,230,2,13,232.37,0,27
SUB102670,2026-06,16.25,252,1,5,296.09,0,26
SUB102327,2026-05,6.5,226,2,20,327.12,0,30
SUB101347,2026-06,37.25,185,2,16,336.33,1,29
SUB101100,2026-02,0.45,68,5269,13,309.05,0,26
SUB100260,2026-03,9.62,444,5,18,225.05,0,26
SUB102570,2026-04,1.9,73,2,12,221.26,0,26
SUB101669,2026-07,2.49,165,4,15,132.77,0,28
SUB100824,2026-04,7.69,101,4,11,445.23,0,29
SUB101069,2026-07,11.04,1380,2,7,394.05,0,27
SUB101782,2026-03,2.99,394,2,13,158.75,0,30
SUB101646,2026-02,17.62,354,3,16,378.34,0,27
SUB103019,2026-03,6.2,91,2,10,212.08,0,26
SUB101171,2026-07,30.54,72,2,12,376.65,0,28
SUB101620,2026-06,4.58,169,2,15,233.61,0,29
SUB100635,2026-06,0.9,485,2,15,150.18,1,30
SUB101758,2026-04,8.4,512,5,11,182.22,0,28
SUB101242,2026-07,17.46,914,3,7,315.66,0,30
SUB103024,2026-06,8.43,78,1,17,201.26,0,29
SUB101945,2026-05,15.08,233,1,10,416.96,1,29
SUB100417,2026-04,3.4,384,1,9,197.53,0,28
SUB101733,2026-05,0.56,158,3,20,172.14,1,26
SUB102450,2026-02,13.43,206,1,7,351.97,2,29
SUB101048,2026-05,1.79,164,1,7,109.64,0,28
SUB100777,2026-07,7.56,123,2,4,167.4,0,30
SUB101127,2026-03,2.17,342,4,12,294.58,0,28
SUB100801,2026-02,1.61,63,0,11,159.68,0,27
SUB100234,2026-07,13.18,41,3,22,187.12,0,26
SUB103052,2026-02,19.14,191,3,15,336.49,0,27
SUB103191,2026-02,1.86,500,2,15,117.46,0,30
SUB101607,2026-06,1.6,355,1,14,128.12,0,29
SUB101299,2026-02,6.47,184,1,11,248.92,1,28
SUB101751,2026-05,5.24,182,5,12,309.36,0,29
SUB102307,2026-03,2.08,206,3,15,109.44,0,28
SUB102655,2026-03,3.83,472,3,9,334.49,0,27
SUB101686,2026-04,16.75,169,3,7,291.59,0,29
SUB102822,2026-06,29.11,429,1,15,410.41,0,30
SUB103178,2026-05,6.38,505,3,9,264.62,0,28
SUB102890,2026-07,2.99,75,2,16,105.34,0,29
SUB102080,2026-05,11.92,191,1,9,105.48,0,29
SUB101591,2026-05,1.21,208,0,9,177.23,0,27
SUB103156,2026-05,6.94,302,2,18,367.87,0,26
SUB101507,2026-02,12.07,376,3,4,457.87,0,28
SUB103096,2026-04,14.21,80,4,12,402.08,0,28
SUB103155,2026-07,5.48,117,2,8,,0,28
SUB102398,2026-02,16.51,60,3,4,311.13,0,29
SUB102572,2026-07,4.39,348,2,8,180.21,0,29
SUB103142,2026-02,1.35,71,0,8,224.26,0,30
SUB102409,2026-02,12.12,60,7,11,263.42,0,28
SUB100635,2026-05,1.17,451,2,7,155.57,0,29
SUB100870,2026-07,14.62,140,0,6,304.5,1,29
SUB101025,2026-05,14.97,264,2,12,297.19,0,27
SUB101788,2026-04,1.73,73,0,19,166.52,0,27
SUB102902,2026-05,17.74,344,3,15,359.59,0,29
SUB100677,2026-07,0.58,440,1,17,147.37,0,27
SUB101250,2026-06,1.92,137,4,3,101.01,0,28
SUB102454,2026-03,3.41,268,5,11,197.85,0,27
SUB100484,2026-02,3.8,659,4,20,140.3,0,29
SUB103129,2026-06,6.55,208,3,5,206.6,0,26
SUB102709,2026-04,4.28,199,3,17,292.92,1,26
SUB101316,2026-04,7.51,100,2,2,208.6,0,26
SUB103162,2026-05,5.23,567,1,10,269.33,0,27
SUB102744,2026-03,1.25,380,3,12,102.36,0,26
SUB103128,2026-07,3.41,86,3,10,135.75,0,28
SUB102753,2026-03,1.73,172,1,14,94.63,2,27
SUB101779,2026-05,6.21,251,1,16,99.67,0,28
SUB100826,2026-05,15.32,523,2,11,345.17,1,27
SUB102083,2026-03,4.29,194,2,8,222.38,0,29
SUB101846,2026-07,2.72,396,2,22,165.71,0,26
SUB101510,2026-02,0.52,240,2,24,141.84,0,28
SUB102253,2026-03,9.97,77,3,17,418.16,0,28
SUB102175,2026-07,2.23,701,4,16,165.37,0,30
SUB100660,2026-04,8.08,130,0,14,209.16,0,28
SUB103165,2026-05,1.17,134,0,8,258.25,0,28
SUB100245,2026-02,10.45,531,3,8,353.56,0,29
SUB103012,2026-03,3.77,180,1,11,157.81,0,29
SUB102444,2026-05,15.0,272,1,12,368.89,0,28
SUB101519,2026-07,14.78,307,0,13,408.89,0,29
SUB100576,2026-06,4.29,471,2,13,231.71,0,30
SUB102260,2026-07,14.6,91,1,19,372.55,1,28
SUB101914,2026-04,6.9,156,2,10,173.36,0,26
SUB100916,2026-04,6.82,60,2,4,160.86,1,28
SUB102147,2026-03,22.7,16,0,10,433.38,0,28
SUB102395,2026-03,6.44,329,2,17,307.11,0,27
SUB102053,2026-05,7.78,113,3,17,129.26,0,26
SUB102732,2026-02,2.58,623,1,5,152.46,0,26
SUB102238,2026-07,22.19,372,1,12,351.66,0,30
SUB102905,2026-03,34.33,664,1,6,402.2,0,28
SUB101431,2026-05,15.21,197,3,8,370.92,0,27
SUB100021,2026-06,9.13,213,3,10,177.21,0,27
SUB101147,2026-06,16.3,80,0,13,276.32,0,29
SUB100197,2026-06,4.58,243,1,13,262.42,0,26
SUB100425,2026-03,6.17,31,3,8,231.3,0,27
SUB101255,2026-02,22.73,78,0,9,258.17,1,30
SUB100953,2026-05,1.75,251,2,14,122.9,0,29
SUB100817,2026-07,20.15,147,1,4,372.32,0,26
SUB102862,2026-07,12.32,156,6,8,444.99,0,29
SUB100815,2026-02,14.51,418,2,8,379.93,0,27
SUB100693,2026-05,5.84,134,2,15,303.3,0,29
SUB100954,2026-06,1.66,313,0,10,131.97,0,26
SUB100785,2026-06,18.59,248,1,10,358.12,0,30
SUB100850,2026-02,4.98,139,2,16,145.34,0,27
SUB102715,2026-05,11.57,130,3,10,324.78,0,28
SUB100313,2026-05,1.0,232,1,12,189.19,0,28
SUB101191,2026-07,1.65,134,4,9,118.92,0,28
SUB101092,2026-05,16.8,808,3,8,349.05,0,28
SUB100675,2026-07,4.18,407,2,11,291.93,0,26
SUB101319,2026-06,11.91,788,3,5,353.23,0,27
SUB102678,2026-05,3.27,109,0,7,217.54,0,29
SUB101148,2026-03,7.38,348,1,3,133.93,2,27
SUB100679,2026-05,1.5,261,3,7,233.45,0,29
SUB101469,2026-03,2.16,369,3,14,325.24,0,30
SUB101513,2026-06,6.67,92,4,12,219.31,0,29
SUB102233,2026-05,4.64,156,2,5,226.48,0,26
SUB102546,2026-07,3.72,138,1,7,153.53,0,26
SUB102257,2026-03,2.7,163,1,13,269.95,0,28
SUB100440,2026-02,11.66,130,2,9,379.28,0,27
SUB102041,2026-02,7.53,26,2,5,109.46,0,26
SUB101861,2026-02,27.54,188,2,7,309.16,0,29
SUB101818,2026-07,2.22,404,2,6,175.28,0,26
SUB100199,2026-05,8.87,301,3,9,265.99,0,30
SUB100145,2026-05,8.21,99,2,14,331.08,0,30
SUB101394,2026-04,15.5,147,1,10,409.34,0,29
SUB100334,2026-04,11.36,519,1,13,223.84,0,26
SUB102871,2026-02,22.6,250,1,9,593.03,0,28
SUB100422,2026-03,3.76,175,3,9,186.97,0,30
SUB102952,2026-07,14.85,58,0,9,476.0,1,27
SUB103171,2026-02,2.85,21,2,9,110.22,0,26
SUB101857,2026-06,15.81,45,1,6,294.68,0,28
SUB100272,2026-04,6.15,207,0,14,297.95,1,28
SUB101449,2026-06,1.09,61,2,15,180.29,0,29
SUB102762,2026-02,9.14,139,2,7,327.53,0,27
SUB101323,2026-06,0.7,262,3,9,246.26,1,27
SUB100030,2026-05,5.7,310,3,8,322.31,0,26
SUB102279,2026-02,3.6,288,3,7,104.08,0,28
SUB101413,2026-05,4.12,175,5,13,142.99,0,26
SUB100994,2026-02,4.34,482,2,7,160.13,0,28
SUB102100,2026-07,2.83,147,0,20,227.96,0,29
SUB103158,2026-07,4.48,418,2,11,127.63,0,28
SUB100050,2026-06,7.8,483,2,10,348.21,0,30
SUB101170,2026-07,1.92,468,1,14,121.06,0,26
SUB102553,2026-06,4.38,523,0,16,164.53,0,29
SUB102440,2026-03,6.22,273,2,10,222.01,0,29
SUB101989,2026-06,5.5,245,1,12,178.42,0,26
SUB102695,2026-06,4.28,293,4,7,326.75,0,27
SUB101936,2026-07,17.28,109,3,6,233.9,0,27
SUB100152,2026-03,5.56,295,3,15,363.36,0,28
SUB101621,2026-04,1.97,116,2,14,198.28,0,30
SUB100922,2026-02,5.93,158,1,1,151.05,0,26
SUB102411,2026-05,15.39,124,0,5,332.25,0,27
SUB101393,2026-02,3.71,146,8,8,289.15,0,26
SUB100380,2026-07,13.25,98,0,13,216.96,0,27
SUB101672,2026-07,0.33,67,3911,11,311.88,0,29
SUB102062,2026-02,2.75,364,2,27,142.57,0,28
SUB100786,2026-06,5.92,174,2,17,289.23,0,30
SUB102674,2026-04,17.04,131,3,11,526.65,0,29
SUB102434,2026-06,2.97,294,2,13,99.05,0,27
SUB100594,2026-04,5.37,74,1,6,162.77,0,26
SUB100520,2026-02,12.5,100,1,6,419.81,0,27
SUB101545,2026-05,1.17,786,0,8,291.45,0,26
SUB101128,2026-06,20.19,106,1,11,296.29,0,27
SUB101586,2026-05,1.49,128,2,13,185.36,0,26
SUB101713,2026-05,4.16,101,3,4,278.99,0,27
SUB102430,2026-02,3.63,95,3,9,167.77,0,28
SUB102120,2026-05,19.74,269,3,5,418.49,0,27
SUB102032,2026-06,2.05,277,5,1,85.03,0,26
SUB100918,2026-05,15.75,26,1,12,434.26,2,29
SUB100972,2026-07,4.62,97,1,5,194.48,0,26
SUB101216,2026-03,36.09,678,3,13,578.39,1,29
SUB100975,2026-05,2.56,310,1,6,204.51,0,30
SUB102442,2026-04,3.54,178,0,3,128.47,0,26
SUB100730,2026-05,6.69,592,0,17,193.07,0,28
SUB101270,2026-04,9.71,723,3,14,309.69,0,29
SUB102237,2026-02,13.32,343,2,10,335.07,0,27
SUB102243,2026-06,2.73,171,0,12,276.68,0,28
SUB100464,2026-07,9.46,217,2,13,444.39,0,27
SUB102882,2026-04,13.55,64,2,21,405.67,0,26
SUB102624,2026-03,9.48,275,4,4,220.25,0,29
SUB102466,2026-02,4.91,229,1,23,398.45,0,29
SUB102315,2026-07,2.82,76,0,5,242.32,0,30
SUB102752,2026-06,4.71,150,7,10,211.78,0,30
SUB102361,2026-06,6.84,969,1,8,334.89,0,29
SUB102279,2026-04,3.59,559,2,18,120.31,0,27
SUB101609,2026-05,8.77,249,1,11,183.78,0,28
SUB102141,2026-02,19.61,147,1,17,184.17,0,30
SUB102752,2026-03,7.82,144,1,10,200.35,0,29
SUB103180,2026-07,9.25,147,1,14,161.43,0,30
SUB100410,2026-05,62.87,326,3,12,729.26,0,29
SUB100546,2026-07,1.57,389,4,5,194.93,0,30
SUB101948,2026-06,6.76,214,3,4,175.43,0,29
SUB101406,2026-05,1.51,106,3,14,80.42,0,27
SUB101750,2026-03,12.16,151,2,13,191.88,0,26
SUB101300,2026-04,3.18,499,2,12,156.99,0,27
SUB101357,2026-05,0.8,265,0,12,84.96,1,26
SUB100763,2026-05,11.3,245,3,8,199.98,0,30
SUB103039,2026-02,1.65,222,3,19,149.2,0,26
SUB100704,2026-05,3.01,93,4,14,170.21,0,28
SUB102832,2026-07,10.56,261,2,8,229.8,0,29
SUB100992,2026-02,19.92,189,4,10,343.72,0,30
SUB101020,2026-02,2.88,175,5,11,263.45,1,28
SUB101963,2026-04,3.75,466,3,4,176.83,0,28
SUB100575,2026-05,8.34,155,2,5,307.26,0,26
SUB101935,2026-02,8.3,167,0,9,300.8,1,26
SUB102890,2026-02,1.86,81,3,10,118.65,0,30
SUB102121,2026-02,25.89,121,3,11,572.88,0,26
SUB100897,2026-03,7.15,297,0,6,205.73,0,30
SUB103120,2026-03,5.32,298,4,21,201.53,0,27
SUB103180,2026-06,9.1,207,3,12,155.04,0,26
SUB102538,2026-07,6.48,112,2,17,232.78,0,29
SUB101137,2026-07,36.84,162,3,8,507.74,0,30
SUB100462,2026-07,3.08,384,2,7,65.05,0,27
SUB101458,2026-05,7.53,175,2,16,293.2,1,28
SUB101502,2026-02,1.81,194,2,15,243.6,0,26
SUB101249,2026-07,65.63,156,0,4,646.37,0,29
SUB102823,2026-03,2.51,62,4,9,230.83,0,26
SUB100711,2026-04,13.94,128,2,9,249.76,0,29
SUB102622,2026-03,5.38,463,3,7,183.68,0,29
SUB100064,2026-02,1.93,163,2,10,130.65,0,28
SUB103049,2026-02,26.01,104,2,9,398.96,0,28
SUB103113,2026-07,0.7,322,1,7,133.76,0,27
SUB103143,2026-05,5.56,153,1,14,193.13,0,30
SUB102600,2026-06,30.97,217,2,9,318.17,0,27
SUB100618,2026-06,7.54,104,1,22,358.1,1,28
SUB102088,2026-03,17.39,131,0,9,340.72,0,30
SUB101482,2026-04,4.42,380,0,12,175.24,0,26
SUB101395,2026-04,10.06,74,1,18,163.65,0,27
SUB101439,2026-06,8.63,262,2,8,271.45,0,28
SUB102527,2026-03,26.84,214,4,17,537.68,0,30
SUB101047,2026-03,3.47,339,0,12,156.31,0,27
SUB101905,2026-02,26.14,160,2,14,369.14,0,28
SUB100321,2026-05,6.25,86,1,11,440.4,0,30
SUB100378,2026-02,4.61,151,1,15,300.45,0,28
SUB101654,2026-07,20.82,256,3,16,408.42,0,30
SUB100745,2026-03,0.62,231,3,10,202.95,0,30
SUB101252,2026-03,2.78,162,1,13,178.47,0,30
SUB100196,2026-03,5.16,244,2,4,343.2,0,28
SUB101312,2026-04,1.24,110,6,12,215.37,1,28
SUB100623,2026-02,5.62,686,2,7,319.13,0,27
SUB101583,2026-06,10.1,246,4,11,213.07,0,28
SUB103070,2026-06,2.24,128,3,18,192.85,0,27
SUB102975,2026-05,18.94,560,3,6,380.44,0,29
SUB101424,2026-02,18.91,140,2,15,348.6,1,30
SUB101004,2026-03,4.67,365,2,14,152.45,0,30
SUB102979,2026-04,14.33,304,4,8,603.35,0,26
SUB100980,2026-02,16.89,90,1,15,281.64,0,29
SUB102535,2026-04,8.69,137,3,9,243.83,0,27
SUB101757,2026-02,0.75,106,3,10,235.05,0,26
SUB100137,2026-07,8.98,252,1,12,297.4,0,29
SUB101047,2026-05,4.84,280,2,11,166.63,0,26
SUB100029,2026-03,9.76,69,4,13,399.42,2,29
SUB102794,2026-06,13.15,243,1,16,271.82,0,30
SUB102509,2026-07,5.69,239,1,7,130.62,0,27
SUB102682,2026-04,6.91,187,1,9,302.21,2,29
SUB101129,2026-07,0.45,270,2,3,126.35,0,29
SUB102200,2026-06,3.67,300,3,12,195.01,0,26
SUB102505,2026-07,2.67,420,5,18,384.74,0,30
SUB100773,2026-04,11.48,289,1,13,307.51,1,29
SUB101117,2026-06,5.15,261,2,7,333.63,0,26
SUB102066,2026-03,0.87,411,5,6,169.39,0,26
SUB100122,2026-07,9.01,194,2,8,308.99,0,26
SUB102634,2026-04,20.15,287,1,13,260.68,0,27
SUB102792,2026-06,10.45,252,3,14,378.17,0,26
SUB102059,2026-04,15.52,100,3,8,335.77,1,30
SUB101769,2026-07,3.05,130,0,14,216.97,0,30
SUB100984,2026-03,3.9,210,2,4,296.64,0,28
SUB101821,2026-03,27.29,89,4,11,521.88,0,28
SUB102885,2026-07,6.81,552,2,4,206.8,0,29
SUB100218,2026-05,1.4,125,3,9,199.42,0,30
SUB103058,2026-06,13.99,89,2,15,255.45,0,26
SUB100488,2026-07,7.86,972,3,7,326.02,0,27
SUB102748,2026-05,6.19,73,2,10,147.22,0,27
SUB102794,2026-04,15.27,359,0,9,304.92,0,28
SUB102877,2026-03,5.01,115,1,7,241.48,0,30
SUB102758,2026-03,1.86,235,0,14,200.91,0,29
SUB100865,2026-03,25.52,183,1,8,531.59,0,26
SUB100948,2026-02,6.33,372,1,15,239.18,0,27
SUB102291,2026-06,1.37,93,2,16,175.51,0,30
SUB101852,2026-06,8.33,175,1,12,300.05,0,29
SUB102551,2026-06,13.95,230,2,13,263.38,0,29
SUB102497,2026-02,1.6,294,3,11,226.66,0,29
SUB102129,2026-05,4.23,103,2,17,126.38,0,26
SUB101033,2026-05,1.52,133,1,6,84.39,0,29
SUB101728,2026-02,27.14,81,2,7,329.79,0,30
SUB101378,2026-04,4.25,182,2,7,120.74,0,26
SUB101791,2026-04,21.16,481,1,6,337.44,0,27
SUB102769,2026-02,5.01,39,3,5,244.16,0,30
SUB102864,2026-06,20.25,262,1,7,294.29,0,27
SUB100993,2026-07,5.19,191,2,4,265.69,1,26
SUB100435,2026-03,3.94,246,1,6,279.89,1,28
SUB102572,2026-06,3.64,399,6,19,205.54,0,26
SUB101699,2026-05,22.29,416,3,5,338.37,0,29
SUB102517,2026-06,2.42,234,1,7,120.96,0,29
SUB101321,2026-03,15.85,152,6,8,328.19,0,26
SUB100717,2026-03,0.48,44,4,15,76.37,0,30
SUB101963,2026-05,4.19,283,3,6,193.85,0,26
SUB100848,2026-04,15.07,112,1,12,294.66,0,30
SUB102314,2026-07,19.04,554,1,15,300.89,1,26
SUB100736,2026-06,8.12,70,2,14,227.22,0,29
SUB102080,2026-06,5.51,122,0,11,113.12,1,27
SUB102173,2026-03,2.0,51,0,10,194.63,0,26
SUB101286,2026-03,0.99,543,6,15,131.09,0,29
SUB101947,2026-07,15.09,267,4,13,405.52,1,29
SUB101110,2026-07,6.42,223,2,3,169.24,0,30
SUB103003,2026-07,7.89,503,1,10,195.91,1,27
SUB102347,2026-04,3.07,380,1,8,138.52,0,27
SUB102787,2026-02,9.58,277,2,9,218.23,0,27
SUB101593,2026-07,17.43,325,3,8,184.28,0,27
SUB103123,2026-06,4.79,159,0,15,169.71,1,30
SUB101937,2026-07,19.46,52,3,13,394.2,0,27
SUB101437,2026-06,16.32,221,3,15,412.32,0,30
SUB102011,2026-02,3.69,277,2,13,150.89,0,27
SUB101179,2026-07,6.41,188,1,9,341.78,0,27
SUB102000,2026-03,3.66,152,0,10,169.16,0,28
SUB103090,2026-07,7.47,186,1,6,246.87,0,27
SUB100881,2026-02,8.69,18,4,11,225.23,0,29
SUB101075,2026-07,9.18,82,0,8,343.93,0,28
SUB100421,2026-02,13.63,113,3,10,263.55,0,29
SUB102356,2026-05,11.77,139,3,11,191.0,0,27
SUB100285,2026-03,4.99,267,2,14,173.88,0,26
SUB101747,2026-05,6.88,147,0,12,164.64,0,26
SUB101430,2026-02,9.11,168,2,11,254.08,0,26
SUB100845,2026-07,7.47,193,1,10,173.76,0,28
SUB101923,2026-06,0.92,256,1,18,194.65,0,28
SUB101320,2026-06,7.04,40,0,18,207.95,0,27
SUB102275,2026-04,4.51,45,3,11,207.76,0,29
SUB100671,2026-07,3.29,219,1,13,115.62,0,28
SUB100217,2026-07,1.0,232,2,16,125.54,0,28
SUB100472,2026-05,7.68,112,3,9,318.23,0,26
SUB102177,2026-04,13.04,777,0,4,512.89,0,26
SUB101619,2026-04,2.04,504,2,8,162.74,0,28
SUB100952,2026-02,5.93,235,4,5,266.08,0,28
SUB102242,2026-04,0.82,67,3,12,98.43,0,30
SUB101368,2026-06,7.9,162,4,3,236.22,0,27
SUB101333,2026-07,7.95,130,5,21,303.99,0,27
SUB101707,2026-04,1.15,337,2,2,151.26,0,28
SUB101397,2026-03,11.87,341,1,9,363.14,0,29
SUB103088,2026-07,8.25,268,2,13,163.21,0,28
SUB100649,2026-03,23.05,291,3,10,374.18,0,26
SUB100697,2026-03,6.26,126,2,10,217.06,0,26
SUB101606,2026-03,8.5,26,2,13,266.62,0,27
SUB101658,2026-04,7.06,144,1,9,147.57,0,30
SUB103199,2026-05,1.53,206,1,9,252.09,0,26
SUB101812,2026-07,9.99,369,3,8,227.82,0,28
SUB100126,2026-03,13.65,41,2,15,225.2,0,29
SUB102134,2026-02,2.71,116,1,14,193.43,0,27
SUB100641,2026-06,15.87,139,0,8,433.38,0,27
SUB102127,2026-03,4.53,476,2,11,204.11,0,26
SUB101459,2026-04,1.13,61,3,15,205.9,0,28
SUB101128,2026-02,16.58,31,4,10,304.29,0,29
SUB101196,2026-06,7.43,90,0,8,156.68,0,29
SUB101590,2026-03,7.42,37,2,11,359.53,0,30
SUB101877,2026-03,1.17,100,2,9,168.59,0,30
SUB102493,2026-05,5.96,93,6,9,100.65,0,26
SUB100185,2026-06,17.41,67,2,16,370.53,0,30
SUB100165,2026-03,15.23,116,4,14,,0,27
SUB101875,2026-04,10.42,176,1,13,385.67,0,30
SUB101353,2026-06,13.02,88,1,12,369.61,0,28
SUB101196,2026-02,4.81,89,2,11,149.46,0,26
SUB102425,2026-05,22.24,117,2,17,445.65,0,28
SUB101486,2026-02,5.51,113,4,6,213.86,0,28
SUB102759,2026-06,2.2,120,1,11,69.15,0,30
SUB103126,2026-02,18.42,410,3,19,335.35,0,27
SUB101280,2026-03,8.04,925,3,10,235.14,0,28
SUB102759,2026-05,2.68,69,6,10,87.54,1,27
SUB100270,2026-06,30.77,400,1,10,469.31,0,30
SUB101528,2026-03,3.87,332,1,11,304.34,0,28
SUB100289,2026-03,12.45,268,0,13,251.22,1,30
SUB102782,2026-03,5.44,693,2,16,188.29,0,26
SUB101284,2026-03,2.28,73,1,13,94.19,0,27
SUB100463,2026-02,13.93,557,0,10,440.89,0,29
SUB100876,2026-05,17.25,414,2,10,347.43,0,28
SUB102093,2026-04,4.9,269,1,1,196.2,0,28
SUB101678,2026-03,2.89,155,1,4,69.28,1,28
SUB100623,2026-05,6.12,306,1,5,312.46,0,30
SUB100952,2026-05,8.04,258,1,2,306.13,0,29
SUB101470,2026-06,15.81,79,3,21,267.54,0,27
SUB101034,2026-02,2.98,76,2,16,120.59,0,27
SUB102513,2026-02,8.38,327,2,8,242.34,0,27
SUB101687,2026-02,13.54,71,3,7,433.07,0,26
SUB100097,2026-07,36.04,370,1,8,555.04,0,29
SUB101947,2026-06,22.22,168,6,10,368.08,0,26
SUB102867,2026-06,2.0,82,1,13,146.46,0,29
SUB100401,2026-03,8.89,259,4,9,422.19,0,28
SUB103046,2026-05,7.49,528,0,13,340.14,0,28
SUB102627,2026-06,12.58,111,3,3,220.44,0,26
SUB101406,2026-06,1.8,101,3,10,74.21,0,27
SUB100531,2026-07,11.98,487,2,13,492.31,0,28
SUB100124,2026-06,7.57,416,2,12,194.54,0,27
SUB101152,2026-05,1.98,366,0,10,234.24,0,27
SUB101567,2026-02,5.01,196,1,13,228.78,0,26
SUB101991,2026-06,12.83,197,2,8,467.84,0,27
SUB101811,2026-04,3.99,312,0,9,97.82,0,28
SUB101498,2026-06,3.05,327,0,7,127.5,0,28
SUB101000,2026-02,8.63,458,2,16,268.08,0,26
SUB101731,2026-03,12.63,296,0,11,395.75,0,30
SUB103146,2026-05,7.71,12,2,4,169.17,1,26
SUB100729,2026-07,4.59,74,2,18,,1,30
SUB102124,2026-04,7.71,71,4,11,208.05,1,29
SUB103098,2026-06,5.03,626,0,11,377.34,0,28
SUB103087,2026-03,11.15,187,3,16,254.68,0,30
SUB102592,2026-02,2.69,58,1,11,134.1,0,29
SUB103134,2026-05,4.23,118,4,15,152.67,0,29
SUB100697,2026-07,6.81,106,4,10,211.72,0,30
SUB101273,2026-02,0.7,174,0,8,133.95,0,27
SUB100991,2026-02,14.37,270,1,11,289.78,0,28
SUB100326,2026-06,17.64,160,2,14,356.69,0,27
SUB102401,2026-03,8.67,89,2,12,231.59,0,28
SUB103022,2026-07,11.25,523,4,1,350.86,0,26
SUB102586,2026-07,9.6,150,2,15,155.87,0,28
SUB101301,2026-04,4.22,165,1,7,392.46,0,27
SUB100776,2026-05,1.43,217,2,7,89.3,0,26
SUB100704,2026-07,3.02,98,2,8,200.93,0,26
SUB100224,2026-04,3.09,139,3,12,91.41,0,27
SUB102537,2026-05,0.69,27,3,10,217.67,0,26
SUB102549,2026-03,19.67,542,2,8,451.99,0,26
SUB100792,2026-07,25.13,335,0,7,349.51,0,30
SUB102688,2026-04,1.73,233,1,8,122.34,0,26
SUB103067,2026-02,1.75,645,3,16,102.33,0,28
SUB100235,2026-06,1.96,411,1,16,150.45,0,29
SUB101576,2026-07,2.41,1687,4,8,321.7,0,27
SUB101542,2026-03,0.63,224,4,16,135.13,0,26
SUB100419,2026-06,9.42,165,2,9,250.91,0,30
SUB103031,2026-03,2.75,55,4,8,187.73,0,30
SUB101876,2026-02,11.37,340,3,10,276.43,0,29
SUB101290,2026-07,1.47,126,2,8,107.88,0,30
SUB101472,2026-02,2.07,506,1,4,172.35,0,29
SUB101935,2026-05,10.34,240,1,13,310.74,0,29
SUB102782,2026-02,7.56,659,1,13,216.58,0,28
SUB101163,2026-07,1.37,213,2,18,199.35,0,26
SUB102507,2026-07,21.54,559,1,6,511.03,0,30
SUB102873,2026-04,8.36,67,2,1,320.64,0,26
SUB100302,2026-04,5.63,119,4,6,259.95,0,26
SUB102530,2026-05,8.9,377,1,10,234.01,0,29
SUB101394,2026-03,21.28,258,0,11,387.98,0,28
SUB102139,2026-03,22.88,215,1,10,408.63,0,30
SUB100309,2026-02,4.65,127,0,10,234.32,0,29
SUB103200,2026-02,9.02,441,4,23,379.63,1,29
SUB101960,2026-03,3.02,427,2,19,321.15,0,28
SUB100009,2026-07,8.88,141,2,7,185.65,0,28
SUB101219,2026-02,13.64,128,0,15,135.58,0,27
SUB100035,2026-05,7.33,73,0,11,186.76,0,26
SUB102543,2026-02,27.28,382,1,9,478.68,0,27
SUB102201,2026-03,20.02,113,3,9,396.04,0,26
SUB100902,2026-07,3.86,30,2,15,189.99,0,30
SUB101891,2026-02,5.42,134,0,2,350.5,0,26
SUB102763,2026-05,2.45,242,2,7,268.04,0,29
SUB100724,2026-03,1.71,93,0,6,192.99,0,26
SUB102456,2026-02,6.59,35,1,18,163.68,1,26
SUB101447,2026-03,9.05,75,1,11,152.89,0,28
SUB102570,2026-06,3.1,55,2,13,258.54,0,26
SUB100210,2026-07,2.05,204,2,5,147.43,0,26
SUB100825,2026-04,11.44,543,1,3,132.7,0,27
SUB100668,2026-06,3.62,131,1,11,160.51,0,26
SUB101839,2026-02,5.46,156,2,10,238.87,0,29
SUB101939,2026-05,10.39,176,3,14,336.6,0,29
SUB101229,2026-02,1.08,123,0,6,87.42,0,27
SUB101200,2026-06,24.86,383,1,12,502.06,1,28
SUB102119,2026-07,11.43,430,1,10,372.19,0,27
SUB100915,2026-04,3.94,193,3,3,127.93,0,28
SUB100072,2026-04,1.03,283,0,12,191.55,0,30
SUB100510,2026-04,7.19,128,2,10,231.17,0,29
SUB100036,2026-02,2.07,68,2,7,114.22,0,30
SUB102343,2026-06,26.77,313,2,10,525.1,0,30
SUB101821,2026-05,34.83,40,2,15,487.42,0,28
SUB101801,2026-06,8.76,137,3,13,321.18,0,27
SUB102503,2026-06,9.02,515,4,22,487.04,0,26
SUB100728,2026-07,0.31,68,3372,19,192.63,0,30
SUB100358,2026-04,6.68,214,0,9,382.63,0,30
SUB102163,2026-02,15.39,17,1,5,435.45,0,30
SUB100705,2026-04,1.03,413,3,6,135.21,0,28
SUB101700,2026-07,21.76,131,1,13,305.94,0,30
SUB102276,2026-02,6.32,226,3,23,219.07,0,29
SUB102792,2026-02,17.15,195,0,13,316.12,0,30
SUB100877,2026-06,5.59,65,0,5,204.66,0,27
SUB101394,2026-02,19.02,264,2,15,495.11,0,30
SUB100227,2026-06,5.17,135,1,17,151.22,1,29
SUB103130,2026-02,9.2,458,1,8,223.2,0,30
SUB103076,2026-04,5.52,300,5,7,351.73,0,27
SUB101312,2026-03,0.6,97,1,9,217.67,0,30
SUB100395,2026-05,11.99,131,0,14,214.08,0,30
SUB102730,2026-03,2.74,392,4,12,215.33,1,27
SUB103138,2026-03,17.78,144,6,10,260.28,0,26
SUB101515,2026-02,5.83,54,1,12,294.12,0,27
SUB100383,2026-02,5.1,86,3,15,264.58,0,27
SUB101246,2026-04,27.13,109,2,7,394.05,0,28
SUB101426,2026-04,4.72,85,2,5,444.27,0,26
SUB100511,2026-06,3.09,184,2,11,207.55,0,26
SUB102947,2026-05,9.43,205,1,19,382.45,0,30
SUB100556,2026-06,14.69,80,2,13,316.65,0,29
SUB100659,2026-07,24.59,486,3,12,354.44,1,30
SUB102426,2026-02,7.21,275,0,5,205.12,0,28
SUB101129,2026-03,0.68,345,0,2,161.68,0,28
SUB100847,2026-05,29.29,252,2,15,609.31,0,29
SUB102568,2026-02,20.59,160,4,10,531.57,0,26
SUB101663,2026-06,4.38,157,3,4,114.53,0,29
SUB102320,2026-06,10.59,338,4,18,278.73,0,27
SUB101942,2026-05,2.92,70,2,3,261.55,1,27
SUB100906,2026-02,3.16,141,2,10,151.37,1,30
SUB102121,2026-06,16.33,122,3,2,418.76,0,30
SUB101847,2026-07,0.84,193,0,10,164.35,0,30
SUB100080,2026-05,3.72,267,1,14,176.11,0,27
SUB102574,2026-03,10.25,457,5,8,261.97,0,29
SUB101547,2026-04,4.61,542,0,5,189.28,0,26
SUB101538,2026-04,8.83,598,0,8,208.27,0,29
SUB103135,2026-06,1.26,133,4,18,103.97,0,26
SUB103009,2026-02,2.14,88,3,17,204.92,0,27
SUB100351,2026-07,8.97,51,3,25,219.63,0,27
SUB101114,2026-06,1.28,183,2,9,236.05,0,26
SUB102106,2026-06,7.99,166,1,12,213.21,0,26
SUB103130,2026-03,6.97,492,2,4,201.23,0,27
SUB102515,2026-04,4.85,106,1,11,,0,27
SUB100590,2026-06,4.12,275,2,10,262.32,0,27
SUB102984,2026-03,5.39,46,1,5,210.71,0,29
SUB102729,2026-06,4.66,191,3,3,202.13,0,26
SUB100202,2026-06,8.61,232,3,9,271.0,0,29
SUB100395,2026-04,10.94,133,2,6,218.19,0,26
SUB100389,2026-02,6.29,362,2,4,204.0,0,30
SUB102544,2026-06,6.54,671,1,10,190.87,0,27
SUB102447,2026-02,3.09,431,4,9,260.67,0,28
SUB101041,2026-06,8.51,57,2,9,387.05,1,30
SUB100709,2026-03,34.64,115,2,7,568.85,0,28
SUB102094,2026-07,2.96,231,1,11,145.06,0,30
SUB102516,2026-02,8.91,358,4,9,318.86,0,29
SUB100588,2026-07,40.3,410,2,4,671.0,0,30
SUB100142,2026-02,0.59,77,1,11,226.04,0,29
SUB102222,2026-03,2.04,189,2,7,147.53,0,27
SUB100524,2026-06,6.51,64,2,12,279.9,0,28
SUB100513,2026-04,14.96,249,0,15,422.33,1,28
SUB102252,2026-07,15.17,473,4,10,283.09,1,27
SUB101919,2026-02,6.98,312,0,8,217.0,0,26
SUB103029,2026-04,15.87,209,3,9,291.25,0,27
SUB103100,2026-07,22.56,210,6,13,467.86,0,28
SUB101216,2026-04,31.71,296,2,14,585.96,0,26
SUB101705,2026-02,1.49,61,2,14,103.45,0,30
SUB101820,2026-07,0.43,141,1,4,116.53,1,27
SUB101104,2026-05,11.32,218,3,12,338.78,0,26
SUB102865,2026-04,4.47,177,4,12,143.34,0,29
SUB103093,2026-05,11.65,98,2,11,299.88,0,26
SUB102898,2026-07,7.34,503,0,7,266.87,0,27
SUB102201,2026-02,14.29,68,3,6,483.92,0,30
SUB100090,2026-07,5.96,265,0,6,255.47,0,29
SUB102324,2026-02,0.84,328,2,11,231.72,0,29
SUB100142,2026-07,1.15,75,2,20,200.28,0,29
SUB101948,2026-05,5.36,133,0,6,159.53,0,29
SUB100898,2026-05,23.72,302,2,15,491.35,0,26
SUB100188,2026-02,4.71,588,0,9,258.83,1,27
SUB102990,2026-02,4.03,43,4,15,165.83,0,26
SUB101838,2026-02,1.21,135,1,6,151.26,0,30
SUB101692,2026-04,0.7,464,1,4,149.11,0,29
SUB100120,2026-07,6.36,79,2,12,156.56,0,30
SUB101965,2026-03,1.61,173,1,12,172.79,0,28
SUB100404,2026-02,14.85,175,0,6,240.12,0,28
SUB101177,2026-04,6.31,788,2,17,327.46,1,28
SUB102900,2026-02,16.42,29,2,9,261.35,0,30
SUB100954,2026-02,1.71,394,1,19,120.59,0,28
SUB101800,2026-04,26.31,236,2,16,503.03,0,27
SUB102896,2026-04,1.21,153,2,12,129.13,0,28
SUB103049,2026-07,20.66,81,2,6,472.96,0,27
SUB102675,2026-07,2.97,424,3,10,115.03,0,30
SUB103067,2026-05,1.5,276,1,18,98.57,1,28
SUB100333,2026-03,12.45,271,6,16,390.45,0,27
SUB102032,2026-07,1.26,365,4,2,100.25,0,30
SUB102258,2026-02,0.75,72,1,21,121.25,0,28
SUB101136,2026-02,9.04,1408,1,3,208.12,0,30
SUB100939,2026-02,6.13,198,1,12,181.71,0,28
SUB100467,2026-02,7.77,248,1,9,289.66,0,27
SUB102063,2026-07,3.82,301,5,3,188.54,0,28
SUB103157,2026-06,4.02,245,2,11,178.15,0,27
SUB101295,2026-03,7.37,68,3,11,326.4,0,27
SUB102584,2026-07,11.32,297,3,7,153.73,0,27
SUB102704,2026-07,1.25,402,1,6,178.86,0,28
SUB100666,2026-05,5.11,59,3,15,237.07,0,27
SUB102351,2026-02,7.84,123,1,18,146.11,1,28
SUB102100,2026-06,2.34,378,2,10,227.52,0,27
SUB100197,2026-02,5.85,184,8,10,256.22,1,30
SUB101223,2026-02,5.0,257,5,16,219.83,0,30
SUB102285,2026-06,1.03,86,0,10,275.38,0,27
SUB102011,2026-04,4.73,375,2,13,157.32,0,29
SUB102652,2026-07,1.63,308,2,7,248.54,0,30
SUB100887,2026-05,5.52,358,3,5,180.62,0,28
SUB100279,2026-05,1.99,349,1,1,211.55,0,30
SUB100154,2026-05,2.39,319,4,12,267.49,0,30
SUB100606,2026-07,6.34,286,6,6,205.88,1,30
SUB103071,2026-07,5.3,30,1,9,204.81,0,30
SUB100323,2026-03,1.24,63,1,17,99.4,0,27
SUB101274,2026-04,4.91,37,2,4,263.25,0,26
SUB101515,2026-03,3.64,85,4,15,325.07,0,26
SUB100807,2026-02,2.34,451,0,12,151.02,0,30
SUB101873,2026-02,8.11,265,2,10,144.25,0,30
SUB102478,2026-02,12.97,380,2,13,424.98,0,26
SUB103107,2026-03,11.29,117,2,8,168.1,0,26
SUB101651,2026-05,4.2,342,0,7,213.86,0,30
SUB102512,2026-02,4.78,608,2,9,318.11,0,30
SUB100702,2026-07,21.22,129,2,11,598.57,0,30
SUB102488,2026-04,18.8,128,5,5,332.85,0,26
SUB100372,2026-04,9.57,512,3,9,368.04,0,29
SUB100766,2026-02,9.44,549,3,7,420.46,0,27
SUB101814,2026-07,12.11,269,3,9,339.65,0,30
SUB100626,2026-02,0.91,83,3,19,165.29,0,27
SUB102869,2026-02,25.3,74,2,6,403.16,0,29
SUB101306,2026-03,8.02,185,0,10,105.0,0,26
SUB101536,2026-05,20.59,105,0,14,365.97,0,30
SUB101896,2026-03,7.27,577,2,12,273.88,0,28
SUB101589,2026-05,13.04,230,2,14,278.88,0,29
SUB102780,2026-04,4.92,252,2,6,273.86,0,28
SUB102218,2026-03,2.65,390,1,9,120.58,0,26
SUB102787,2026-05,6.28,191,2,7,201.13,0,29
SUB102907,2026-07,8.26,268,2,9,195.36,0,26
SUB101744,2026-03,8.82,591,0,7,279.79,2,28
SUB103044,2026-07,5.01,186,6,8,169.2,0,26
SUB101026,2026-07,1.02,109,1,17,72.44,0,29
SUB100921,2026-02,10.39,31,2,4,224.51,0,27
SUB101679,2026-02,2.96,64,2,13,139.83,0,30
SUB102567,2026-06,0.9,18,5,15,295.41,0,26
SUB102169,2026-03,9.69,169,0,13,190.09,0,29
SUB100586,2026-02,4.2,137,2,7,150.81,0,29
SUB101688,2026-05,3.52,262,5,10,156.19,0,30
SUB101403,2026-04,5.35,154,0,8,90.61,0,27
SUB100646,2026-07,7.74,214,0,11,185.95,1,26
SUB102559,2026-06,1.64,309,1,10,209.83,0,29
SUB102245,2026-04,16.35,255,2,9,230.62,0,30
SUB100719,2026-05,1.69,128,2,0,152.31,0,28
SUB100888,2026-04,6.41,357,0,15,310.78,0,29
SUB101864,2026-06,12.18,150,2,7,303.96,0,29
SUB100195,2026-04,13.02,376,2,4,404.83,0,29
SUB101563,2026-02,1.64,518,5,6,141.88,0,27
SUB100890,2026-02,4.76,257,2,5,236.72,0,26
SUB100151,2026-02,9.67,454,4,13,246.11,0,26
SUB103041,2026-02,6.02,349,1,6,265.62,0,27
SUB100845,2026-02,8.02,224,1,13,158.88,1,28
SUB102336,2026-06,11.67,252,1,13,326.81,0,27
SUB101616,2026-07,4.23,351,3,18,344.48,0,30
SUB100708,2026-02,18.01,231,0,4,413.14,0,26
SUB101047,2026-07,2.24,510,2,9,174.65,0,28
SUB100571,2026-04,10.31,114,1,14,166.89,0,26
SUB101026,2026-06,1.14,133,2,12,77.72,0,29
SUB100914,2026-07,4.18,176,0,6,194.99,0,30
SUB102768,2026-06,5.7,132,4,22,203.05,0,30
SUB100999,2026-06,1.21,30,7,11,175.51,0,27
SUB100578,2026-05,16.73,164,3,5,457.33,0,30
SUB102452,2026-03,10.63,591,1,8,183.62,0,27
SUB102744,2026-06,0.78,343,0,11,132.43,0,26
SUB100821,2026-03,5.21,112,2,11,178.09,0,30
SUB102183,2026-03,14.04,201,4,16,364.44,0,27
SUB101773,2026-04,1.73,123,3,9,105.73,0,29
SUB101199,2026-05,6.21,227,0,15,270.36,0,28
SUB101242,2026-06,14.56,656,1,8,317.2,0,28
SUB102256,2026-07,6.94,164,4,5,188.54,0,26
SUB101169,2026-06,41.13,235,1,6,407.85,0,26
SUB101253,2026-07,6.09,138,2,12,196.54,0,28
SUB100160,2026-05,10.26,53,0,7,164.43,0,28
SUB101246,2026-03,17.15,62,4,6,392.89,0,27
SUB102619,2026-04,28.2,297,2,11,231.14,0,27
SUB100481,2026-02,4.17,142,0,11,139.09,0,27
SUB102185,2026-02,10.62,179,1,18,369.48,0,30
SUB102580,2026-06,11.11,161,1,7,225.38,0,27
SUB101824,2026-06,11.08,401,2,9,483.51,0,27
SUB102547,2026-03,3.83,61,2,2,108.38,0,28
SUB101366,2026-04,6.47,138,1,14,198.95,0,27
SUB102252,2026-05,12.53,735,3,8,261.66,0,26
SUB102846,2026-06,1.04,108,1,8,70.71,1,26
SUB102126,2026-06,3.46,55,4,9,151.08,0,27
SUB102410,2026-06,26.04,89,1,10,317.32,0,29
SUB100707,2026-04,19.63,116,2,12,352.98,0,28
SUB102940,2026-05,1.58,105,1,7,274.9,1,29
SUB102088,2026-07,20.36,97,0,18,297.39,0,27
SUB102516,2026-03,10.12,389,2,4,376.32,0,28
SUB101086,2026-02,9.39,381,1,13,322.26,0,29
SUB103116,2026-03,0.89,104,1,0,101.48,0,26
SUB102415,2026-05,1.51,181,3,6,103.72,1,26
SUB102771,2026-07,9.63,151,2,24,430.21,0,30
SUB101342,2026-06,15.38,213,1,17,443.63,0,27
SUB102206,2026-07,9.78,32,0,15,300.02,0,30
SUB101017,2026-05,6.19,161,3,12,95.43,0,27
SUB101150,2026-06,8.84,1220,2,12,227.86,0,26
SUB101063,2026-03,7.1,73,5,7,207.21,0,26
SUB100409,2026-02,8.04,555,1,6,331.11,0,30
SUB101551,2026-03,13.33,459,2,12,525.67,0,28
SUB101020,2026-03,1.85,142,2,13,251.19,0,28
SUB100426,2026-04,3.1,73,1,12,114.77,0,28
SUB100075,2026-06,2.05,105,4,17,151.63,0,29
SUB102718,2026-05,6.85,169,3,10,221.66,0,26
SUB101463,2026-04,11.79,134,4,15,240.58,0,26
SUB100967,2026-06,7.53,605,1,16,304.08,0,28
SUB102193,2026-06,1.73,218,2,8,138.07,0,28
SUB102174,2026-06,4.48,243,0,12,321.3,1,30
SUB101128,2026-07,13.53,109,0,11,261.79,0,27
SUB102774,2026-06,35.18,276,4,6,367.9,0,26
SUB102291,2026-03,1.51,209,0,23,179.43,0,28
SUB100367,2026-07,5.3,183,2,8,104.67,0,27
SUB101272,2026-02,16.32,139,4,10,356.83,0,30
SUB101309,2026-05,7.23,36,0,19,255.95,0,30
SUB101924,2026-07,4.43,60,0,7,121.9,0,30
SUB102157,2026-03,9.75,26,0,7,299.25,0,30
SUB101684,2026-07,3.92,39,3,7,272.03,0,26
SUB101539,2026-07,2.52,189,3,2,69.91,0,27
SUB101072,2026-03,8.88,194,2,6,249.65,0,26
SUB100149,2026-04,4.29,185,1,4,277.23,0,30
SUB101994,2026-07,9.46,479,4,10,301.79,0,28
SUB102576,2026-07,4.1,244,1,8,160.96,0,26
SUB100231,2026-03,3.2,87,1,25,108.41,0,27
SUB100616,2026-03,5.71,88,1,16,128.5,0,27
SUB102670,2026-05,12.9,310,1,12,248.31,0,26
SUB100656,2026-05,14.62,312,2,8,386.48,1,28
SUB102746,2026-06,11.06,290,1,11,151.42,0,27
SUB102799,2026-03,6.19,85,0,6,116.29,0,26
SUB100635,2026-04,1.17,507,3,4,159.83,0,28
SUB103182,2026-06,7.86,207,4,12,126.39,0,28
SUB102983,2026-05,2.0,32,1,7,351.78,0,30
SUB101035,2026-03,23.58,36,3,12,520.03,0,26
SUB102181,2026-04,5.69,47,1,16,338.29,2,29
SUB100415,2026-05,4.11,648,3,13,277.01,0,26
SUB103166,2026-04,10.67,133,4,5,227.76,0,30
SUB100554,2026-02,1.53,359,4,13,155.16,0,29
SUB101401,2026-02,2.47,112,4,13,124.04,0,30
SUB102964,2026-07,16.89,185,4,13,432.74,0,30
SUB102085,2026-04,1.12,516,2,22,207.77,0,30
SUB101967,2026-07,11.31,46,4,6,296.36,0,26
SUB100351,2026-06,7.53,24,1,18,257.17,0,29
SUB101665,2026-02,8.83,293,0,10,245.76,0,26
SUB101326,2026-04,10.7,56,2,8,294.94,0,30
SUB102349,2026-07,3.71,663,1,9,130.44,0,29
SUB100657,2026-06,11.65,364,5,8,154.05,2,28
SUB101188,2026-02,6.53,223,1,9,99.71,0,28
SUB102513,2026-04,10.15,324,2,5,253.58,0,28
SUB101126,2026-07,7.55,140,2,17,231.1,0,30
SUB101944,2026-07,6.41,385,1,14,213.43,0,28
SUB100115,2026-07,8.5,18,1,12,225.12,0,27
SUB103127,2026-07,11.74,99,1,9,317.04,0,26
SUB102184,2026-03,23.48,331,1,11,417.16,0,26
SUB102874,2026-05,8.9,102,1,8,264.29,1,29
SUB100108,2026-04,7.23,533,2,8,209.55,0,26
SUB101380,2026-04,1.21,191,5,10,228.97,1,26
SUB102410,2026-04,17.55,108,1,18,315.0,0,28
SUB100612,2026-06,17.83,291,2,16,335.93,0,28
SUB100529,2026-02,10.83,882,0,11,249.15,0,30
SUB100070,2026-03,6.05,238,2,17,192.62,0,28
SUB102343,2026-05,27.43,209,3,10,629.0,0,27
SUB102221,2026-07,0.79,181,1,26,112.1,0,26
SUB101025,2026-07,14.04,279,3,4,282.45,0,26
SUB101719,2026-05,15.81,147,5,9,372.13,0,29
SUB103149,2026-02,4.38,244,2,17,179.52,0,28
SUB101601,2026-05,0.56,111,3,24,197.4,0,28
SUB101887,2026-03,7.03,240,1,10,297.48,0,29
SUB102321,2026-05,19.6,835,1,14,373.24,0,28
SUB103067,2026-04,1.05,240,1,7,128.86,1,29
SUB100071,2026-02,4.13,122,2,23,162.99,0,30
SUB102194,2026-02,19.56,100,2,8,453.75,0,29
SUB101073,2026-06,11.34,194,3,20,187.51,0,26
SUB101941,2026-06,4.53,150,3,1,277.79,1,30
SUB101082,2026-02,37.64,353,0,17,495.21,0,28
SUB100751,2026-02,7.75,212,2,18,201.69,0,28
SUB100658,2026-03,9.88,170,1,5,309.97,0,26
SUB101594,2026-04,17.7,422,2,9,411.01,0,30
SUB100008,2026-06,15.16,126,2,16,488.73,0,29
SUB100008,2026-02,21.19,82,0,8,582.84,0,29
SUB102399,2026-03,4.81,350,3,11,115.25,0,28
SUB102349,2026-03,3.75,439,0,14,175.24,2,30
SUB101065,2026-03,4.48,317,2,5,178.99,0,30
SUB100219,2026-06,2.07,56,2,16,176.02,0,26
SUB103065,2026-02,1.6,76,1,13,134.69,0,27
SUB102581,2026-06,1.74,119,0,4,151.98,0,27
SUB101230,2026-04,0.85,356,2,9,241.64,0,30
SUB101572,2026-04,8.33,54,3,11,291.53,0,27
SUB100233,2026-02,6.9,343,4,10,201.74,0,27
SUB102390,2026-03,25.11,209,5,10,433.46,1,27
SUB102162,2026-04,2.76,516,4,12,294.32,0,29
SUB102949,2026-05,7.86,24,1,14,245.58,0,29
SUB100696,2026-04,23.25,168,0,8,420.58,0,28
SUB103199,2026-02,1.12,116,2,10,284.15,0,26
SUB100500,2026-02,7.93,153,2,14,188.2,0,27
SUB101968,2026-05,8.59,124,2,3,209.56,0,28
SUB102178,2026-05,4.2,104,0,12,137.28,0,28
SUB102291,2026-04,1.17,155,3,12,163.33,0,28
SUB101668,2026-06,23.83,211,4,6,287.64,0,26
SUB102726,2026-05,12.81,327,0,21,235.08,0,30
SUB102593,2026-05,6.24,206,1,4,398.83,0,27
SUB101890,2026-05,10.49,217,1,11,276.44,0,27
SUB102417,2026-02,5.74,218,3,20,301.42,0,28
SUB101623,2026-03,2.9,120,3,9,169.39,0,28
SUB101023,2026-05,1.54,192,0,11,150.54,0,30
SUB100193,2026-02,6.1,231,1,7,156.33,0,30
SUB101173,2026-02,12.47,199,2,1,284.77,0,28
SUB102506,2026-05,16.27,188,1,10,162.48,0,28
SUB102860,2026-04,0.86,169,3,27,63.45,0,28
SUB100574,2026-06,6.84,146,4,5,413.04,0,30
SUB100733,2026-02,10.86,268,3,8,224.69,0,26
SUB100539,2026-06,9.47,169,0,11,177.41,0,28
SUB102795,2026-05,5.87,123,1,14,407.82,0,29
SUB102704,2026-02,0.96,459,2,15,191.96,0,27
SUB101809,2026-07,1.61,117,1,8,180.76,0,26
SUB100838,2026-03,3.52,131,1,14,152.93,0,29
SUB101980,2026-02,3.1,71,3,4,134.28,0,29
SUB102976,2026-06,7.56,563,2,5,218.61,0,30
SUB102112,2026-06,10.13,207,4,15,189.22,0,30
SUB103008,2026-04,1.53,201,1,6,188.38,0,26
SUB101266,2026-06,0.53,8,1,7,79.34,0,29
SUB101732,2026-07,7.98,299,4,9,365.85,0,30
SUB102517,2026-03,1.9,326,0,7,130.22,1,29
SUB102459,2026-05,14.99,230,4,9,388.68,0,26
SUB101393,2026-07,5.33,197,3,11,278.82,0,27
SUB100394,2026-04,17.03,189,1,13,314.43,1,29
SUB101140,2026-07,7.22,169,2,11,159.34,0,29
SUB101290,2026-02,1.1,124,1,16,123.67,0,30
SUB101221,2026-02,6.84,1183,3,6,331.96,0,29
SUB101074,2026-03,1.31,54,1,7,155.79,0,29
SUB101184,2026-07,8.42,310,4,8,256.02,0,28
SUB100400,2026-03,14.73,127,1,9,407.56,0,27
SUB100418,2026-04,8.09,159,3,18,276.41,0,29
SUB103075,2026-05,8.03,109,1,9,178.7,0,27
SUB103011,2026-06,14.72,384,1,13,428.69,0,26
SUB102870,2026-05,2.6,986,2,18,257.9,0,26
SUB102502,2026-04,12.9,219,3,8,301.86,0,29
SUB101641,2026-04,20.64,524,1,6,346.65,0,29
SUB102103,2026-05,20.01,99,3,13,462.0,1,28
SUB102481,2026-06,27.64,115,2,4,443.64,0,27
SUB101072,2026-05,8.71,180,2,6,232.49,0,28
SUB101601,2026-06,1.15,66,2,14,220.99,0,30
SUB100200,2026-03,14.15,280,3,13,423.57,1,26
SUB101437,2026-07,12.02,292,3,14,436.89,0,29
SUB101976,2026-06,15.77,50,3,5,320.01,1,29
SUB102029,2026-03,8.82,144,1,5,190.82,0,30
SUB101862,2026-05,12.58,210,3,15,214.2,0,26
SUB100809,2026-06,3.95,174,2,12,264.18,0,29
SUB102316,2026-05,2.0,278,3,15,201.03,0,29
SUB103059,2026-06,2.62,185,2,2,262.27,0,30
SUB100338,2026-03,1.73,216,1,6,92.2,0,29
SUB101868,2026-06,5.15,158,1,11,304.96,0,30
SUB102085,2026-07,1.97,877,6,10,209.78,1,28
SUB102966,2026-02,10.42,198,2,13,265.95,0,29
SUB100165,2026-05,14.9,70,5,10,423.3,1,30
SUB100783,2026-04,7.28,451,1,16,170.2,0,26
SUB102023,2026-07,9.68,86,1,7,256.81,0,28
SUB100626,2026-06,0.63,175,3,10,200.55,0,30
SUB101420,2026-06,13.34,163,3,8,353.06,0,28
SUB102820,2026-07,3.66,121,3,7,118.47,0,27
SUB101064,2026-06,6.62,103,2,12,274.45,0,27
SUB102265,2026-04,11.45,97,1,14,575.62,0,28
SUB102911,2026-03,8.87,114,3,4,176.34,1,26
SUB101339,2026-03,12.21,205,1,12,298.28,0,26
SUB101034,2026-05,4.79,112,1,13,119.76,0,26
SUB101688,2026-06,2.51,347,2,8,149.12,0,26
SUB101214,2026-02,10.64,146,1,10,224.7,0,26
SUB102063,2026-05,1.58,540,4,9,183.72,0,27
SUB100838,2026-04,5.33,128,1,27,109.28,0,27
SUB102099,2026-05,1.62,40,1,12,201.67,0,27
SUB102918,2026-03,0.97,38,4,5,147.56,0,28
SUB101412,2026-05,1.74,72,4,13,101.65,0,26
SUB102256,2026-03,6.39,95,1,13,198.9,0,27
SUB101504,2026-02,2.52,293,1,6,146.56,0,27
SUB102062,2026-06,1.81,294,1,26,112.49,0,27
SUB100973,2026-04,1.95,131,3,8,162.43,0,29
SUB101784,2026-07,5.09,87,0,7,65.38,1,30
SUB102811,2026-07,5.41,375,2,14,231.68,0,29
SUB100475,2026-04,16.42,252,2,6,472.91,0,28
SUB103102,2026-04,13.55,298,3,10,296.56,0,26
SUB101045,2026-03,1.56,79,1,9,84.06,1,26
SUB100883,2026-06,1.03,287,1,17,188.48,0,30
SUB100671,2026-02,1.13,300,2,12,116.38,0,29
SUB101676,2026-02,16.91,121,4,14,308.6,0,26
SUB101234,2026-03,2.31,509,1,14,122.92,0,26
SUB100811,2026-04,14.82,159,2,11,337.9,0,29
SUB102079,2026-07,14.48,217,1,6,224.95,0,30
SUB100447,2026-02,9.36,51,3,12,286.07,0,27
SUB101913,2026-03,4.3,354,3,6,268.29,1,29
SUB101325,2026-05,17.77,124,2,4,458.93,0,28
SUB102661,2026-06,2.11,101,3,9,138.03,0,30
SUB100226,2026-02,12.55,201,0,7,264.14,0,28
SUB103178,2026-02,5.15,275,2,6,261.23,0,28
SUB102831,2026-04,7.77,188,4,6,276.46,1,28
SUB100772,2026-04,9.99,100,4,11,189.34,0,29
SUB100377,2026-05,15.22,230,3,10,383.93,0,26
SUB100243,2026-04,21.62,575,2,6,479.31,0,29
SUB100154,2026-03,2.25,386,2,12,237.16,0,27
SUB101880,2026-03,2.85,154,1,34,154.43,0,28
SUB100046,2026-05,7.1,107,6,12,276.17,0,30
SUB100610,2026-05,7.95,36,1,12,262.49,0,28
SUB101644,2026-02,5.83,14,2,16,247.21,0,30
SUB101253,2026-05,12.7,181,3,11,203.18,0,27
SUB100620,2026-06,11.31,193,3,14,297.37,0,27
SUB102716,2026-03,3.83,371,1,10,185.5,0,28
SUB101751,2026-06,5.12,122,2,12,224.97,0,30
SUB101411,2026-04,16.71,410,0,3,397.58,0,26
SUB102969,2026-04,18.69,200,2,5,415.82,0,30
SUB100512,2026-07,9.6,225,4,8,142.68,0,27
SUB102112,2026-05,7.9,243,1,10,209.25,0,27
SUB100593,2026-03,12.79,238,3,1,450.86,0,27
SUB100243,2026-02,9.44,488,5,10,541.25,0,30
SUB100440,2026-07,9.12,131,0,11,434.9,0,28
SUB102301,2026-06,2.74,643,3,15,200.63,0,27
SUB101189,2026-06,1.12,186,1,4,79.51,0,29
SUB101374,2026-07,5.99,200,3,9,358.36,0,28
SUB101956,2026-02,1.42,158,0,8,214.43,0,27
SUB100651,2026-04,9.42,526,3,10,267.56,0,28
SUB101687,2026-06,11.15,70,2,5,367.04,0,27
SUB102792,2026-04,16.87,167,2,17,351.73,0,26
SUB100592,2026-03,6.66,223,0,5,441.87,0,27
SUB101323,2026-03,0.41,169,5,4,265.76,1,30
SUB101444,2026-05,7.17,563,1,13,351.86,0,26
SUB102906,2026-06,4.95,405,0,19,170.55,0,30
SUB100788,2026-03,2.1,266,1,10,134.54,0,29
SUB102407,2026-05,39.88,68,1,15,0.0,3,29
SUB102005,2026-06,14.51,133,3,7,451.0,0,28
SUB103054,2026-07,12.11,191,5,14,600.29,0,28
SUB102632,2026-06,4.58,219,1,17,193.41,0,30
SUB101988,2026-04,0.34,78,3636,12,234.27,0,30
SUB102536,2026-05,2.04,563,2,4,217.47,0,26
SUB100575,2026-03,9.15,131,1,10,296.89,0,28
SUB102463,2026-04,15.92,48,3,16,261.44,0,30
SUB102858,2026-03,2.0,78,1,17,206.26,0,29
SUB101365,2026-06,11.55,311,0,5,328.36,0,30
SUB102369,2026-06,16.01,34,0,12,273.05,0,26
SUB101741,2026-04,1.69,426,3,9,159.64,0,28
SUB102826,2026-06,3.44,556,3,10,204.11,0,27
SUB101879,2026-04,1.66,401,2,15,214.03,0,29
SUB100876,2026-07,8.95,427,2,8,415.01,1,27
SUB101420,2026-07,15.09,177,2,6,335.27,1,27
SUB101377,2026-07,1.48,60,0,12,161.84,0,26
SUB100521,2026-02,3.46,31,0,21,116.3,0,29
SUB102171,2026-05,1.64,172,1,12,301.16,0,26
SUB100214,2026-04,2.77,86,2,8,255.24,0,26
SUB100047,2026-07,4.48,732,2,17,204.95,0,29
SUB102611,2026-03,2.28,349,3,12,280.51,0,30
SUB100202,2026-07,8.02,153,0,9,227.17,0,27
SUB102489,2026-03,5.28,37,0,14,152.87,0,26
SUB101857,2026-03,14.29,61,3,9,288.88,0,30
SUB102077,2026-05,37.34,281,1,17,525.74,0,29
SUB102866,2026-06,6.21,83,1,12,146.51,0,27
SUB101275,2026-06,19.98,345,4,10,389.92,0,26
SUB100302,2026-03,4.22,99,7,9,226.29,0,29
SUB101682,2026-05,2.36,35,2,21,82.44,0,28
SUB103094,2026-03,10.74,213,2,3,342.55,0,27
SUB102085,2026-05,1.35,561,2,21,180.01,0,28
SUB102734,2026-05,11.53,128,2,19,335.75,1,27
SUB101630,2026-02,4.76,328,4,2,241.79,0,29
SUB101088,2026-04,8.62,254,2,20,363.86,1,27
SUB100443,2026-04,7.32,111,1,27,289.99,0,29
SUB102682,2026-07,8.16,219,3,16,278.56,0,28
SUB103079,2026-06,5.41,89,3,6,257.46,0,30
SUB100508,2026-03,3.8,470,1,7,204.54,0,29
SUB101921,2026-05,0.49,353,2,4,131.31,0,26
SUB101842,2026-06,2.32,148,2,7,135.94,0,29
SUB101784,2026-05,4.33,137,2,7,69.56,0,28
SUB100688,2026-05,10.62,250,1,9,171.83,0,30
SUB100836,2026-03,8.32,147,4,11,372.5,0,29
SUB103101,2026-02,5.34,38,3,6,152.88,1,29
SUB102174,2026-07,4.77,214,0,22,366.55,0,27
SUB102195,2026-07,8.67,287,2,6,294.68,0,30
SUB103076,2026-05,8.51,495,1,7,342.04,0,30
SUB102155,2026-03,6.38,247,2,7,205.55,0,29
SUB101894,2026-04,14.22,252,3,8,330.77,0,29
SUB102607,2026-04,8.76,982,3,13,455.23,0,29
SUB101390,2026-03,12.96,41,3,7,284.52,0,30
SUB101705,2026-05,1.4,115,2,14,95.78,0,30
SUB100260,2026-02,5.7,335,1,14,240.04,0,27
SUB101693,2026-06,4.93,172,3,23,232.64,0,30
SUB101235,2026-07,34.1,499,1,16,543.33,0,27
SUB102420,2026-02,8.98,206,1,10,288.66,0,30
SUB100054,2026-07,9.14,440,2,9,368.63,0,26
SUB101447,2026-07,6.84,46,0,14,207.78,0,29
SUB101932,2026-05,10.26,138,2,13,191.87,0,30
SUB100945,2026-07,3.98,165,1,8,276.28,0,29
SUB100635,2026-03,1.51,464,2,3,166.24,0,28
SUB102364,2026-03,1.22,263,2,10,178.78,0,27
SUB102918,2026-02,1.22,63,0,10,139.13,0,30
SUB103150,2026-06,4.32,120,2,7,195.86,0,27
SUB101453,2026-05,5.13,378,2,5,332.42,0,30
SUB100777,2026-06,4.67,183,3,4,167.13,1,26
SUB101920,2026-04,4.65,172,0,9,256.45,0,30
SUB100240,2026-04,22.95,62,2,10,473.3,0,28
SUB102802,2026-02,25.2,293,3,17,360.04,0,30
SUB102535,2026-03,9.37,169,2,13,193.74,0,26
SUB102236,2026-03,11.99,739,1,13,308.18,0,26
SUB101357,2026-03,0.97,237,0,17,79.84,0,29
SUB100769,2026-07,22.87,226,1,4,474.7,0,29
SUB100370,2026-02,4.82,364,1,14,285.28,0,26
SUB102492,2026-04,1.27,442,0,9,320.61,0,30
SUB101794,2026-03,9.26,141,1,9,222.54,0,27
SUB100911,2026-07,15.93,315,3,4,357.67,0,29
SUB102787,2026-04,10.18,210,1,9,178.04,0,30
SUB102302,2026-02,13.39,35,1,14,385.25,0,28
SUB102878,2026-05,11.92,94,0,13,245.09,0,30
SUB102023,2026-02,8.33,54,3,11,242.04,0,28
SUB100228,2026-07,15.11,219,1,14,423.77,0,27
SUB101397,2026-06,10.9,265,1,7,294.81,0,30
SUB102073,2026-03,7.38,239,4,7,163.19,0,30
SUB101734,2026-03,1.94,163,3,14,143.41,1,28
SUB101461,2026-06,9.05,396,4,11,217.24,0,29
SUB102978,2026-02,4.48,192,3,13,162.19,0,27
SUB102536,2026-06,2.33,1112,2,11,165.86,0,28
SUB102568,2026-03,17.42,277,1,6,512.02,0,29
SUB100835,2026-03,5.31,311,2,12,273.64,0,27
SUB102639,2026-06,1.67,253,6,12,83.03,0,28
SUB100831,2026-04,0.77,368,0,6,156.11,0,27
SUB101645,2026-04,10.63,266,5,5,194.94,0,29
SUB100787,2026-05,10.3,490,3,11,271.05,0,28
SUB102764,2026-05,7.02,461,4,8,271.99,0,30
SUB101238,2026-03,12.04,697,5,15,373.76,0,29
SUB101148,2026-04,8.48,159,1,10,142.32,0,26
SUB102766,2026-04,29.33,139,1,2,648.8,0,26
SUB100581,2026-06,1.12,456,2,10,261.67,0,30
SUB100648,2026-05,5.74,186,1,6,294.42,0,26
SUB102368,2026-06,7.07,105,0,6,257.83,0,27
SUB103132,2026-06,6.19,714,1,7,223.39,1,27
SUB101809,2026-05,2.29,177,2,13,179.97,0,26
SUB102440,2026-07,7.35,255,2,6,197.98,1,30
SUB101466,2026-05,12.24,568,2,5,388.61,0,29
SUB103053,2026-06,28.07,180,2,6,348.66,0,29
SUB100343,2026-07,21.28,174,5,9,362.0,0,29
SUB103043,2026-03,6.56,252,3,16,121.09,0,27
SUB101709,2026-07,12.85,168,4,3,208.06,0,30
SUB102512,2026-03,6.62,268,4,4,372.95,0,30
SUB102381,2026-03,11.7,122,1,14,299.94,0,28
SUB100109,2026-06,17.3,116,2,13,331.15,0,28
SUB102746,2026-07,5.14,302,1,10,150.46,0,29
SUB101321,2026-06,14.42,210,1,8,342.81,0,28
SUB100796,2026-07,11.44,195,3,23,284.49,0,27
SUB100320,2026-02,5.53,139,2,22,217.35,0,28
SUB102663,2026-06,9.81,322,2,15,300.11,0,30
SUB101822,2026-02,4.01,327,4,10,278.52,1,26
SUB100335,2026-05,5.44,409,0,8,149.31,0,28
SUB100270,2026-03,12.05,273,1,13,398.79,0,27
SUB101775,2026-06,54.7,153,2,16,829.84,0,26
SUB101650,2026-07,5.89,81,2,12,371.46,0,28
SUB100436,2026-04,4.29,189,3,9,218.93,0,27
SUB102626,2026-03,24.78,226,1,6,422.69,0,27
SUB100631,2026-04,2.15,141,3,9,151.27,0,30
SUB100545,2026-03,17.43,179,1,8,486.03,0,26
SUB101539,2026-02,3.64,418,3,0,79.22,0,29
SUB102659,2026-05,5.9,300,2,7,290.61,0,29
SUB102511,2026-02,2.85,65,4,14,167.25,1,28
SUB102155,2026-05,6.31,169,4,12,190.57,0,29
SUB103113,2026-06,0.61,206,2,9,173.31,0,29
SUB102243,2026-04,2.14,158,2,14,260.06,0,27
SUB100618,2026-02,7.93,58,1,15,357.88,0,30
SUB102384,2026-02,1.7,91,3,10,154.71,0,28
SUB101990,2026-06,16.79,48,2,21,349.34,0,26
SUB101596,2026-03,0.74,78,2,12,210.07,0,26
SUB101129,2026-05,1.17,289,1,2,157.06,0,29
SUB100124,2026-04,9.17,748,3,10,167.27,0,30
SUB102322,2026-02,4.01,181,2,6,349.06,0,29
SUB101957,2026-02,15.87,445,1,22,325.29,0,29
SUB102728,2026-05,2.78,100,1,7,81.54,0,28
SUB102734,2026-03,13.11,160,2,23,337.38,0,30
SUB101347,2026-02,31.2,343,2,9,339.27,1,30
SUB100709,2026-02,28.97,112,1,7,426.94,0,28
SUB102909,2026-03,4.41,722,2,6,242.52,0,29
SUB101213,2026-02,10.72,358,1,6,164.1,0,27
SUB102978,2026-05,11.35,114,0,7,155.06,0,30
SUB100091,2026-05,12.59,13,2,9,223.58,0,26
SUB101017,2026-02,5.01,154,2,11,73.76,0,29
SUB100308,2026-02,6.34,188,3,7,214.54,0,30
SUB101321,2026-04,18.58,118,1,9,350.44,0,27
SUB100132,2026-04,2.87,525,1,9,195.12,0,28
SUB102069,2026-02,14.11,89,2,10,233.61,0,30
SUB101724,2026-04,2.8,316,2,9,175.52,0,29
SUB102947,2026-02,7.87,289,2,9,419.53,0,29
SUB102936,2026-06,0.79,407,0,5,214.69,0,28
SUB101202,2026-04,4.01,25,0,9,214.65,0,28
SUB101113,2026-05,7.3,143,3,12,231.4,1,29
SUB101476,2026-06,5.72,388,3,12,256.18,0,28
SUB101980,2026-07,4.07,62,1,13,136.31,0,28
SUB102083,2026-04,4.38,179,4,11,242.7,1,27
SUB100578,2026-03,15.61,202,2,6,364.95,0,26
SUB102135,2026-02,9.17,803,1,10,383.82,0,28
SUB102489,2026-07,2.4,30,2,12,209.19,0,30
SUB100384,2026-04,10.02,248,0,19,297.37,0,28
SUB101185,2026-02,5.67,64,1,10,142.99,0,27
SUB100998,2026-06,6.23,297,0,9,180.68,0,28
SUB102524,2026-04,1.41,172,5,9,102.75,0,27
SUB101584,2026-03,40.55,237,0,17,583.62,0,27
SUB102166,2026-05,3.9,477,3,8,193.59,0,27
SUB101374,2026-04,10.1,273,4,4,382.03,0,27
SUB103093,2026-07,11.19,91,3,11,332.49,0,29
SUB102652,2026-03,1.13,336,4,9,217.54,0,30
SUB102734,2026-06,12.91,305,1,29,347.29,0,28
SUB100147,2026-05,3.54,209,2,14,211.96,0,29
SUB102780,2026-02,4.17,323,2,7,246.01,0,27
SUB100940,2026-05,11.44,115,1,7,530.12,0,28
SUB101607,2026-04,2.86,338,2,11,136.13,0,27
SUB100875,2026-04,15.36,361,0,13,407.02,0,29
SUB100646,2026-06,6.81,188,1,16,161.17,0,27
SUB103062,2026-04,5.09,55,1,11,164.18,0,29
SUB102823,2026-04,5.23,37,2,10,268.12,0,29
SUB100389,2026-04,8.39,400,3,1,197.19,0,30
SUB100545,2026-02,19.07,219,4,5,434.66,0,27
SUB102134,2026-03,1.59,142,0,12,169.08,0,28
SUB101395,2026-06,9.56,70,2,19,207.75,0,30
SUB102595,2026-04,5.22,467,2,7,199.41,0,29
SUB102851,2026-02,9.98,73,2,7,212.93,0,29
SUB101998,2026-06,8.64,333,4,11,323.74,0,28
SUB100861,2026-04,4.21,484,3,16,266.43,0,30
SUB103158,2026-04,4.57,336,1,7,152.59,0,29
SUB103186,2026-04,9.18,1500,2,19,228.62,0,30
SUB101841,2026-07,4.62,175,4,6,127.27,0,27
SUB100492,2026-05,6.4,194,3,11,319.12,0,28
SUB102651,2026-02,5.75,149,2,12,126.29,0,29
SUB102231,2026-02,12.26,371,2,11,267.67,1,28
SUB100393,2026-03,10.3,99,6,24,309.74,0,29
SUB100363,2026-07,11.52,118,1,15,152.22,0,30
SUB103014,2026-04,0.73,134,2,16,153.77,0,28
SUB100034,2026-04,5.21,197,0,16,118.49,0,26
SUB101317,2026-03,5.11,199,1,22,296.28,0,26
SUB100879,2026-04,4.23,242,4,8,223.74,0,28
SUB101649,2026-04,6.84,196,5,11,227.91,0,28
SUB102567,2026-04,1.09,55,1,6,311.44,0,28
SUB101796,2026-03,24.76,575,2,13,546.06,0,27
SUB103144,2026-02,3.86,231,2,12,117.88,0,30
SUB102881,2026-06,10.63,107,4,13,354.3,0,28
SUB101607,2026-02,2.46,278,1,10,127.09,0,27
SUB101674,2026-07,1.83,126,0,6,144.59,0,27
SUB101247,2026-02,1.05,15,1,2,205.13,1,28
SUB101761,2026-06,0.98,338,3,10,146.06,1,30
SUB100773,2026-05,12.92,192,1,15,299.93,0,27
SUB101963,2026-03,6.55,462,6,6,227.11,0,28
SUB100868,2026-05,8.13,220,6,6,168.37,1,28
SUB100370,2026-05,6.12,368,0,7,286.51,0,30
SUB100182,2026-03,36.64,390,0,13,657.24,0,27
SUB100893,2026-06,11.83,953,3,5,298.29,0,30
SUB101693,2026-07,3.69,211,4,15,312.48,0,30
SUB103183,2026-03,2.43,196,3,4,211.06,0,29
SUB100823,2026-07,4.64,305,3,11,178.66,0,26
SUB100056,2026-04,5.63,574,2,5,192.41,0,29
SUB100914,2026-02,3.9,227,2,6,239.37,0,28
SUB102587,2026-06,8.29,252,1,7,149.35,0,26
SUB100170,2026-03,11.56,131,3,5,0.0,0,30
SUB101400,2026-05,2.24,177,7,10,219.09,0,30
SUB101873,2026-04,7.67,290,3,12,129.22,0,28
SUB100408,2026-07,9.07,237,0,13,390.54,0,28
SUB102837,2026-04,3.57,695,1,10,152.81,1,28
SUB100009,2026-05,7.88,146,3,12,150.01,0,28
SUB100689,2026-02,22.06,172,1,10,362.63,1,27
SUB102684,2026-06,16.75,213,0,11,306.07,0,27
SUB101298,2026-07,17.25,146,4,12,372.82,0,29
SUB103135,2026-04,1.67,78,2,11,97.77,0,26
SUB100461,2026-07,5.13,327,3,9,262.61,0,27
SUB100139,2026-02,2.9,106,0,18,84.34,0,28
SUB102663,2026-07,14.37,119,1,15,246.17,0,30
SUB100951,2026-05,4.9,121,1,4,230.77,0,28
SUB101018,2026-07,0.52,439,1,12,112.6,0,30
SUB100810,2026-07,5.68,293,5,12,184.33,0,29
SUB100678,2026-02,8.73,61,2,14,305.21,0,29
SUB102495,2026-07,1.16,99,0,6,115.32,1,26
SUB101315,2026-07,2.89,118,2,26,84.03,0,28
SUB102269,2026-07,0.44,642,2,16,239.17,0,27
SUB103188,2026-02,10.21,228,1,2,421.92,0,27
SUB100211,2026-03,10.7,411,2,10,324.39,0,28
SUB101290,2026-03,1.73,107,3,10,120.25,0,27
SUB101986,2026-02,2.28,398,3,13,78.48,0,29
SUB100868,2026-07,8.17,176,2,8,182.24,0,28
SUB101328,2026-02,4.41,174,0,6,213.16,0,26
SUB102384,2026-07,1.28,46,0,11,115.49,0,26
SUB101807,2026-05,4.67,381,1,16,303.36,0,29
SUB100668,2026-02,5.22,145,1,9,137.79,0,29
SUB100194,2026-02,3.44,296,1,12,256.47,0,26
SUB101388,2026-04,7.15,490,1,11,109.96,0,28
SUB100214,2026-06,4.25,68,3,14,230.05,0,30
SUB103162,2026-03,4.22,651,3,6,284.76,0,28
SUB100754,2026-05,8.66,29,2,13,319.32,0,30
SUB101654,2026-02,23.72,235,1,12,373.12,0,30
SUB101895,2026-02,13.13,195,0,13,241.56,0,28
SUB101471,2026-03,20.68,338,4,5,267.81,0,28
SUB100602,2026-05,15.05,391,2,11,331.38,0,29
SUB102555,2026-04,8.53,302,1,10,316.33,0,26
SUB101629,2026-04,18.92,109,0,4,221.62,0,27
SUB102269,2026-04,0.72,664,1,18,230.4,0,29
SUB102930,2026-04,0.92,112,2,15,191.25,0,29
SUB101097,2026-04,9.59,237,3,11,234.95,0,28
SUB102564,2026-07,13.73,194,1,8,282.01,1,30
SUB100504,2026-04,4.22,696,2,10,403.75,0,26
SUB100349,2026-06,2.08,106,2,12,205.73,0,27
SUB100210,2026-06,2.68,176,1,12,154.77,0,26
SUB103196,2026-02,3.26,488,2,7,255.09,1,26
SUB100191,2026-05,15.85,115,1,16,368.28,0,27
SUB102396,2026-05,7.63,183,3,9,381.0,0,27
SUB102592,2026-04,2.93,64,2,13,167.88,0,26
SUB103019,2026-02,6.27,122,1,10,199.97,0,27
SUB100188,2026-07,4.65,582,1,5,230.17,0,30
SUB102790,2026-04,13.45,261,1,7,274.22,0,29
SUB101008,2026-06,3.1,314,1,13,144.07,0,30
SUB101291,2026-07,8.29,134,1,10,333.29,0,26
SUB103125,2026-04,5.66,839,0,13,152.58,0,27
SUB102197,2026-04,4.69,265,2,16,140.44,0,27
SUB101882,2026-02,8.17,744,2,16,257.06,0,27
SUB100458,2026-05,5.82,62,1,15,211.65,0,29
SUB102335,2026-02,11.87,138,3,6,181.07,0,27
SUB101066,2026-03,10.94,149,2,8,344.38,0,27
SUB101709,2026-04,11.54,150,1,6,224.35,0,28
SUB103031,2026-02,3.66,37,0,18,185.76,0,28
SUB100952,2026-06,18.68,207,4,3,359.07,0,28
SUB100268,2026-02,15.7,290,1,17,355.05,0,28
SUB101587,2026-06,0.1,47,6095,13,318.52,0,29
SUB102975,2026-03,11.63,677,3,7,366.33,0,30
SUB100579,2026-02,17.75,305,1,16,255.02,0,27
SUB101938,2026-05,11.85,163,1,11,274.17,0,26
SUB100495,2026-04,10.27,241,3,13,149.99,0,29
SUB101366,2026-06,4.64,94,2,10,235.57,0,26
SUB100227,2026-04,2.39,217,1,30,141.9,0,29
SUB100902,2026-02,5.51,27,2,10,206.58,0,29
SUB101029,2026-07,2.31,276,1,10,103.1,0,28
SUB100397,2026-04,6.69,134,1,18,230.61,0,28
SUB102457,2026-07,7.53,231,3,11,197.69,1,29
SUB100162,2026-07,32.07,255,3,8,590.25,0,27
SUB101354,2026-03,15.72,169,3,21,322.66,0,28
SUB101997,2026-03,1.97,77,2,9,71.96,0,27
SUB100421,2026-04,8.57,125,2,18,287.58,0,27
SUB100144,2026-07,7.42,352,2,7,285.92,0,30
SUB101353,2026-05,8.86,90,3,13,449.49,0,28
SUB101148,2026-05,7.79,230,1,9,160.03,0,29
SUB101749,2026-04,5.75,21,2,13,268.71,1,29
SUB101467,2026-07,8.41,80,2,7,168.21,0,29
SUB102491,2026-07,9.99,82,2,14,369.24,0,30
SUB103188,2026-05,8.61,192,0,7,393.58,0,28
SUB102622,2026-04,5.18,463,4,8,167.81,0,29
SUB102374,2026-04,5.77,345,4,10,308.88,0,26
SUB102151,2026-04,0.93,185,1,20,139.94,0,30
SUB101165,2026-03,9.67,150,3,11,184.24,0,27
SUB100946,2026-02,1.74,48,2,10,214.03,1,30
SUB100104,2026-07,18.39,87,0,12,338.51,0,27
SUB102846,2026-03,1.2,111,2,9,76.26,0,26
SUB101952,2026-04,20.0,340,2,10,426.05,0,26
SUB101420,2026-03,17.29,161,5,11,446.34,1,27
SUB102951,2026-03,8.15,335,2,13,335.54,1,29
SUB101441,2026-03,5.79,262,2,16,226.99,0,27
SUB101265,2026-06,18.1,349,1,13,486.35,0,30
SUB101019,2026-06,22.46,274,2,22,447.73,0,27
SUB101835,2026-04,7.09,257,2,3,498.6,0,29
SUB102252,2026-02,6.36,790,2,11,312.3,1,28
SUB101132,2026-07,13.78,532,1,11,332.21,0,26
SUB102531,2026-05,2.56,248,0,6,174.81,1,26
SUB102738,2026-07,1.33,333,1,3,137.35,0,29
SUB101884,2026-07,4.0,68,4,13,299.79,0,26
SUB100330,2026-05,9.57,425,1,13,325.77,0,26
SUB100230,2026-07,17.78,291,1,13,317.61,0,28
SUB101920,2026-05,8.33,295,2,10,214.44,0,29
SUB102426,2026-03,4.28,333,2,8,193.17,0,29
SUB103190,2026-03,3.85,134,0,11,266.98,0,26
SUB102135,2026-07,8.99,788,1,7,371.7,1,30
SUB101363,2026-04,2.38,159,4,4,139.05,0,30
SUB101819,2026-04,11.9,287,1,6,197.59,0,29
SUB101230,2026-05,0.88,293,1,10,233.55,0,28
SUB100598,2026-04,9.17,479,0,1,393.14,0,26
SUB100807,2026-03,2.26,373,2,11,152.87,1,29
SUB101716,2026-04,3.68,173,1,12,284.25,0,28
SUB103152,2026-04,1.52,194,3,12,93.04,0,28
SUB102077,2026-04,43.21,333,0,10,525.06,0,27
SUB102492,2026-06,0.78,276,1,5,256.32,0,29
SUB102149,2026-03,2.54,99,4,7,180.3,0,28
SUB101244,2026-02,7.82,424,1,18,365.75,0,28
SUB101586,2026-03,2.02,104,1,12,166.38,0,28
SUB100786,2026-03,5.17,152,1,12,274.57,0,28
SUB101037,2026-02,1.12,236,2,11,225.28,0,28
SUB100083,2026-06,10.02,238,1,11,378.17,0,26
SUB103054,2026-02,6.61,206,3,13,627.92,0,26
SUB100882,2026-02,14.7,317,1,3,240.45,0,28
SUB100239,2026-06,13.05,702,1,7,263.64,0,28
SUB101259,2026-04,12.3,351,0,13,294.76,0,29
SUB100013,2026-03,18.87,275,3,6,336.23,0,29
SUB102148,2026-05,2.99,64,0,13,230.97,0,27
SUB102705,2026-04,3.13,109,1,10,221.52,0,28
SUB100234,2026-06,12.65,39,4,10,190.18,0,30
SUB100497,2026-06,5.81,62,1,11,118.6,0,29
SUB102101,2026-05,20.97,154,1,12,274.88,0,29
SUB101866,2026-06,7.49,186,2,10,184.67,0,30
SUB102793,2026-07,5.11,210,3,6,171.47,0,27
SUB100016,2026-02,6.11,36,2,13,322.59,0,30
SUB101149,2026-05,4.47,281,3,8,398.13,0,26
SUB101836,2026-02,16.22,201,5,14,399.74,0,26
SUB102284,2026-03,7.57,182,4,13,200.56,0,28
SUB100297,2026-06,13.75,90,1,14,417.59,1,28
SUB100748,2026-03,31.43,138,2,12,423.11,0,28
SUB100222,2026-07,62.86,350,4,10,0.0,3,28
SUB103146,2026-06,6.93,39,3,6,184.55,0,30
SUB102051,2026-06,7.27,164,0,7,155.17,0,27
SUB102483,2026-04,6.69,42,1,11,202.09,0,26
SUB101374,2026-02,5.23,277,3,14,374.54,1,30
SUB102673,2026-06,17.49,324,0,15,225.27,0,29
SUB101413,2026-03,4.14,303,3,13,152.21,0,27
SUB101217,2026-06,4.96,164,0,14,260.78,0,27
SUB102947,2026-03,12.15,300,3,15,351.14,0,26
SUB101504,2026-06,3.47,142,4,14,129.04,0,29
SUB101496,2026-03,3.52,74,3,15,149.45,0,30
SUB102843,2026-05,7.68,1014,2,7,441.85,0,28
SUB102784,2026-03,19.8,332,3,15,492.4,0,27
SUB101261,2026-06,12.58,338,1,11,219.24,0,26
SUB102423,2026-07,12.77,119,0,17,207.73,0,28
SUB100159,2026-02,6.89,53,1,8,153.2,0,30
SUB101488,2026-06,13.38,367,2,8,313.7,0,30
SUB100252,2026-02,1.79,94,0,19,170.39,0,28
SUB101163,2026-05,1.13,224,4,19,226.32,1,29
SUB102936,2026-04,1.55,241,4,5,,0,29
SUB100576,2026-03,4.56,737,2,17,267.2,0,26
SUB100339,2026-02,17.83,225,6,10,456.13,0,27
SUB102875,2026-06,4.42,196,4,11,320.72,0,27
SUB100360,2026-05,5.3,151,1,9,376.16,0,29
SUB102863,2026-04,43.15,634,1,10,498.85,0,28
SUB100785,2026-05,16.34,288,3,13,436.33,0,29
SUB101675,2026-02,9.02,69,2,14,149.67,0,26
SUB101452,2026-07,2.14,179,2,16,282.79,0,29
SUB102646,2026-07,3.92,173,2,15,241.26,0,26
SUB100413,2026-03,11.86,120,1,19,227.82,1,26
SUB101717,2026-06,30.91,139,2,6,540.18,0,28
SUB102946,2026-05,12.15,346,1,8,241.44,0,30
SUB102048,2026-06,9.9,240,1,6,158.21,0,27
SUB100617,2026-07,6.71,484,1,19,348.14,0,30
SUB100758,2026-05,5.69,102,3,4,626.15,0,26
SUB102633,2026-03,27.15,38,0,9,461.37,0,27
SUB102772,2026-03,4.42,205,1,6,129.39,0,27
SUB100823,2026-05,5.14,248,1,10,198.72,0,26
SUB100565,2026-02,8.22,527,5,9,339.03,1,27
SUB101060,2026-06,3.7,80,2,14,180.54,0,26
SUB102888,2026-07,8.45,154,1,3,200.58,0,26
SUB102452,2026-02,8.6,483,3,12,155.75,0,26
SUB102150,2026-03,4.95,324,1,14,159.92,0,28
SUB103182,2026-03,5.69,210,1,10,89.59,0,29
SUB101028,2026-03,5.16,917,1,12,227.35,0,29
SUB101347,2026-03,29.55,291,1,13,387.9,0,27
SUB101680,2026-04,5.69,102,5,5,188.15,0,28
SUB101344,2026-07,20.74,369,4,2,269.51,0,30
SUB101352,2026-03,2.91,244,5,17,144.45,0,27
SUB102949,2026-06,7.88,32,1,12,233.9,0,29
SUB100726,2026-06,4.13,90,1,17,139.62,0,26
SUB100473,2026-06,4.06,114,5,9,170.6,0,26
SUB101603,2026-06,5.12,348,2,7,203.15,0,29
SUB103078,2026-03,9.63,136,4,15,188.78,0,29
SUB102034,2026-03,5.4,545,2,7,245.13,0,28
SUB101520,2026-05,1.33,77,2,7,137.54,0,30
SUB101818,2026-02,1.77,256,3,8,162.76,0,26
SUB102218,2026-06,2.94,160,2,13,103.31,0,28
SUB101338,2026-03,2.19,86,0,13,127.3,0,30
SUB100492,2026-03,11.48,250,1,12,286.64,0,29
SUB101369,2026-05,0.72,263,0,7,238.91,0,26
SUB102495,2026-05,1.65,84,2,5,114.58,1,30
SUB100778,2026-04,1.82,337,2,9,252.11,0,30
SUB101760,2026-05,8.7,507,0,8,280.98,0,29
SUB101227,2026-06,17.79,73,4,11,316.9,0,26
SUB101200,2026-02,34.08,252,3,15,522.98,0,30
SUB101851,2026-05,1.45,189,1,16,246.37,0,26
SUB100739,2026-07,11.42,392,1,6,182.16,0,29
SUB100669,2026-03,4.99,228,1,5,311.6,0,28
SUB102905,2026-07,22.55,339,1,10,391.2,0,30
SUB102917,2026-05,1.49,528,3,12,255.33,0,27
SUB102826,2026-03,5.19,700,0,6,239.65,0,28
SUB100928,2026-04,2.33,119,1,9,141.57,0,30
SUB100618,2026-05,7.58,64,1,18,345.51,1,26
SUB101924,2026-03,3.07,85,3,16,114.47,0,27
SUB102270,2026-02,16.12,158,0,13,345.31,0,28
SUB101209,2026-07,9.85,174,0,8,265.24,0,30
SUB103173,2026-02,4.84,78,2,16,328.78,1,29
SUB101015,2026-03,2.37,176,2,11,159.9,0,28
SUB100934,2026-07,7.03,41,2,16,147.83,0,26
SUB102301,2026-07,2.79,768,0,7,198.91,0,28
SUB101600,2026-04,1.2,361,1,8,142.11,0,28
SUB101251,2026-07,11.06,258,3,10,211.65,0,30
SUB101376,2026-06,7.51,416,1,10,311.78,0,29
SUB100074,2026-03,7.19,273,3,11,204.5,0,27
SUB102364,2026-05,1.26,202,0,12,174.86,0,27
SUB100304,2026-07,0.81,561,4,20,115.99,1,26
SUB101085,2026-03,8.33,59,2,5,189.49,0,28
SUB102877,2026-04,4.24,102,1,12,245.78,0,30
SUB100831,2026-03,0.84,346,0,3,160.92,0,30
SUB101115,2026-07,4.4,317,0,10,327.38,0,30
SUB101391,2026-05,1.32,120,1,8,200.1,2,27
SUB101831,2026-04,0.72,395,2,12,148.06,0,29
SUB102897,2026-06,23.05,449,2,8,285.62,0,29
SUB100286,2026-06,9.51,340,3,6,258.45,0,28
SUB101993,2026-04,31.44,290,1,12,371.52,0,30
SUB100642,2026-05,14.67,260,3,15,524.59,0,27
SUB103069,2026-07,3.72,666,2,11,509.27,0,28
SUB103170,2026-04,1.04,182,4,16,181.13,0,27
SUB102927,2026-06,4.6,196,0,6,152.66,0,26
SUB102224,2026-06,4.87,235,2,7,118.95,0,27
SUB100538,2026-07,11.02,102,2,5,260.53,1,26
SUB103021,2026-07,4.34,114,4,17,254.33,0,29
SUB102216,2026-02,1.67,197,2,3,213.51,0,26
SUB100446,2026-03,5.53,196,1,13,259.86,0,30
SUB101142,2026-03,9.07,189,5,7,327.05,0,29
SUB100723,2026-02,8.89,238,1,11,194.37,0,30
SUB100404,2026-04,16.25,141,2,2,272.16,1,26
SUB100855,2026-03,2.47,129,4,10,159.56,0,29
SUB102277,2026-02,5.95,13,3,13,410.49,2,30
SUB102781,2026-04,23.4,550,2,21,369.91,0,29
SUB101715,2026-04,7.19,114,0,13,252.95,0,26
SUB101463,2026-03,10.5,75,2,7,255.15,0,26
SUB100818,2026-05,11.76,240,2,14,117.89,0,27
SUB100044,2026-04,21.95,129,0,15,342.28,0,26
SUB100380,2026-05,11.1,85,3,8,231.16,0,29
SUB102073,2026-07,4.6,231,3,12,166.21,0,29
SUB101300,2026-02,3.35,358,1,9,155.54,0,29
SUB102315,2026-06,2.23,82,3,11,223.87,0,29
SUB101581,2026-02,9.42,101,2,17,391.13,0,30
SUB103175,2026-06,6.76,49,3,10,202.62,0,29
SUB101884,2026-05,5.87,92,1,12,242.08,0,27
SUB100557,2026-03,16.64,73,3,8,434.24,0,29
SUB103188,2026-06,8.67,42,2,6,402.01,0,27
SUB100093,2026-07,7.88,366,2,8,418.97,0,28
SUB100155,2026-02,7.77,327,1,10,252.77,0,30
SUB100937,2026-05,16.54,268,0,16,316.18,0,27
SUB102367,2026-05,2.22,698,2,9,215.9,0,27
SUB102552,2026-07,6.12,56,2,3,77.62,0,27
SUB101049,2026-05,29.69,88,1,9,325.34,0,27
SUB103128,2026-05,5.24,84,2,14,134.96,0,29
SUB101615,2026-06,2.33,161,1,23,270.63,0,27
SUB101154,2026-07,8.14,400,1,12,212.95,0,30
SUB101457,2026-02,12.29,57,0,15,116.87,0,30
SUB102542,2026-07,4.85,251,2,16,162.53,0,29
SUB100890,2026-04,8.93,399,3,5,235.02,0,28
SUB100675,2026-06,6.19,318,3,5,287.46,0,27
SUB100096,2026-03,1.16,487,0,14,206.79,0,28
SUB101645,2026-02,8.72,297,3,5,273.71,0,28
SUB100267,2026-05,8.3,48,4,6,360.72,0,28
SUB101883,2026-07,8.3,213,1,15,220.46,0,28
SUB102602,2026-06,6.93,127,1,14,203.28,0,28
SUB102054,2026-07,4.66,132,1,20,347.9,1,28
SUB101323,2026-02,0.51,260,1,7,241.72,0,28
SUB100266,2026-06,9.52,137,2,8,326.36,0,26
SUB103069,2026-05,5.49,571,0,14,589.4,0,26
SUB101288,2026-05,2.63,67,1,11,206.68,0,26
SUB102831,2026-07,11.3,114,2,8,297.14,0,26
SUB101801,2026-03,6.5,223,1,9,307.93,0,29
SUB100582,2026-03,6.81,100,0,9,186.01,0,30
SUB101347,2026-04,21.21,256,2,12,377.92,0,26
SUB100481,2026-07,4.92,185,4,11,123.62,0,30
SUB102498,2026-04,2.63,255,3,11,293.0,0,26
SUB101797,2026-02,10.48,287,6,11,227.23,0,26
SUB103050,2026-06,20.09,617,1,5,467.23,0,29
SUB102647,2026-02,6.94,160,1,10,177.34,1,27
SUB101361,2026-06,16.18,370,3,10,592.91,0,28
SUB100104,2026-02,11.91,155,1,13,349.36,0,26
SUB101207,2026-02,5.46,62,3,8,203.41,1,28
SUB102018,2026-05,0.99,148,3,16,245.29,0,29
SUB102702,2026-05,7.72,470,2,8,190.31,0,29
SUB101708,2026-03,1.06,709,2,12,176.02,0,30
SUB100833,2026-05,9.43,212,1,16,277.77,0,29
SUB101059,2026-05,6.08,85,2,16,334.82,0,30
SUB102365,2026-02,26.29,438,2,9,442.94,0,30
SUB101298,2026-03,14.06,131,2,8,436.27,0,30
SUB101332,2026-06,2.7,128,1,14,130.29,0,27
SUB103125,2026-03,7.14,336,2,6,140.61,0,30
SUB100156,2026-06,1.14,322,2,11,140.51,0,29
SUB103045,2026-05,14.59,421,4,11,399.83,0,29
SUB102845,2026-06,7.45,189,2,9,78.61,0,28
SUB101240,2026-05,2.93,454,1,7,280.1,0,28
SUB101530,2026-02,4.42,284,3,15,171.14,0,30
SUB102819,2026-04,2.44,267,3,14,131.87,0,30
SUB102668,2026-06,5.0,126,3,11,286.94,0,26
SUB101062,2026-07,4.92,189,0,6,181.83,0,28
SUB102015,2026-05,4.4,90,4,15,104.58,0,29
SUB100725,2026-02,16.62,136,5,13,247.48,0,27
SUB100761,2026-02,13.42,92,1,16,161.59,0,27
SUB102598,2026-07,12.42,208,6,17,440.62,0,28
SUB102568,2026-04,16.78,408,6,8,352.44,0,30
SUB101761,2026-03,4.1,512,4,10,142.21,0,26
SUB101096,2026-07,8.65,31,2,16,283.09,0,26
SUB102897,2026-05,16.46,459,1,6,292.79,0,27
SUB102212,2026-04,5.03,66,1,8,297.0,0,29
SUB102911,2026-04,4.74,59,1,11,160.64,0,26
SUB103033,2026-03,11.46,129,3,5,346.06,0,29
SUB100441,2026-04,14.71,54,2,6,298.18,0,27
SUB100955,2026-03,8.29,322,0,4,261.22,0,26
SUB101233,2026-06,1.95,211,4,10,239.93,0,27
SUB102887,2026-03,10.38,29,2,12,159.41,0,30
SUB100803,2026-06,3.03,155,3,17,224.38,1,27
SUB101375,2026-06,6.31,353,1,13,243.54,0,27
SUB100041,2026-02,7.02,198,2,13,132.84,0,30
SUB100522,2026-07,14.65,77,4,14,274.29,0,29
SUB101203,2026-07,2.77,184,3,22,127.18,0,29
SUB102751,2026-06,3.41,144,0,14,191.46,0,30
SUB101262,2026-03,12.73,123,3,9,242.12,0,30
SUB102671,2026-02,17.4,220,2,5,355.7,1,29
SUB102932,2026-03,3.26,263,5,7,91.67,0,30
SUB100438,2026-02,5.58,604,1,12,315.08,0,26
SUB100480,2026-07,4.17,427,1,18,190.72,0,29
SUB102915,2026-04,2.02,310,3,11,184.72,0,26
SUB101719,2026-02,13.62,118,2,20,382.22,0,27
SUB100425,2026-07,5.89,19,3,8,352.27,0,30
SUB101026,2026-03,1.12,127,2,16,76.74,0,29
SUB102807,2026-03,10.91,481,1,7,286.98,0,28
SUB103096,2026-07,25.87,57,3,10,483.7,0,28
SUB100246,2026-06,14.56,288,2,13,420.25,0,26
SUB100512,2026-06,8.28,376,4,11,147.25,0,30
SUB100486,2026-02,11.19,236,1,4,365.61,0,29
SUB101444,2026-04,7.08,269,1,10,385.64,0,28
SUB100266,2026-05,8.69,121,2,10,300.84,0,27
SUB101459,2026-03,1.1,72,4,9,183.12,0,30
SUB102541,2026-02,6.09,438,2,8,220.94,0,26
SUB101614,2026-03,17.51,105,2,8,369.07,0,27
SUB102809,2026-07,0.75,266,3,8,167.57,0,28
SUB102552,2026-06,3.96,58,7,2,88.19,0,29
SUB101144,2026-04,0.16,84,4397,14,160.25,0,28
SUB100719,2026-06,2.31,162,1,9,161.08,0,28
SUB102281,2026-04,3.06,106,2,18,225.4,0,26
SUB100570,2026-07,6.89,260,2,5,249.33,0,30
SUB102950,2026-07,6.41,330,3,6,240.1,1,30
SUB102117,2026-04,10.13,176,2,14,175.49,0,28
SUB101557,2026-02,9.05,284,1,7,467.15,0,27
SUB100449,2026-02,3.32,66,0,13,221.78,0,28
SUB100156,2026-04,1.07,217,2,19,170.73,0,30
SUB100642,2026-04,17.07,307,0,19,461.96,0,26
SUB102234,2026-04,7.49,460,0,9,188.63,0,30
SUB100761,2026-05,7.91,61,3,13,203.34,0,30
SUB102200,2026-05,6.92,122,1,8,192.54,0,26
SUB103026,2026-03,3.74,126,1,18,79.36,1,28
SUB103184,2026-04,14.47,134,3,12,294.4,0,26
SUB101630,2026-07,4.94,412,1,5,212.55,0,28
SUB102272,2026-02,5.65,135,1,6,119.59,0,27
SUB101272,2026-07,21.49,147,2,8,366.6,0,28
SUB102844,2026-03,1.36,305,2,14,,0,28
SUB103167,2026-04,6.11,390,6,21,250.12,0,26
SUB102881,2026-03,12.5,97,5,12,370.87,0,27
SUB102353,2026-06,9.83,129,4,8,332.7,0,26
SUB100795,2026-07,5.38,241,2,6,325.44,0,27
SUB100525,2026-02,6.36,174,0,8,309.73,0,26
SUB102728,2026-03,1.46,88,2,20,72.25,0,26
SUB101659,2026-03,7.85,147,4,8,305.55,0,29
SUB100424,2026-02,15.47,184,1,13,255.07,0,26
SUB100179,2026-06,29.91,526,2,19,412.7,0,26
SUB100908,2026-07,17.1,83,2,15,293.28,0,29
SUB102623,2026-05,2.3,40,2,7,216.39,0,30
SUB102975,2026-02,18.84,474,2,8,318.93,0,30
SUB102758,2026-05,2.03,266,3,11,216.56,0,29
SUB101844,2026-06,22.5,300,4,7,463.33,0,30
SUB101822,2026-07,4.06,393,1,8,315.48,0,30
SUB102205,2026-05,2.05,345,2,12,219.97,0,29
SUB102546,2026-03,3.64,134,1,9,122.49,0,30
SUB101094,2026-05,20.98,128,2,13,441.84,0,26
SUB102201,2026-05,11.13,91,0,3,437.3,0,27
SUB100829,2026-04,3.65,522,2,8,133.99,0,30
SUB102140,2026-04,23.1,58,3,11,316.16,1,30
SUB101821,2026-04,30.75,90,3,12,401.98,0,30
SUB103034,2026-05,5.58,300,4,12,144.6,0,30
SUB102557,2026-03,11.3,314,1,8,290.55,0,26
SUB102908,2026-05,1.89,234,1,15,225.02,0,27
SUB102385,2026-03,10.24,46,2,17,0.0,0,28
SUB100825,2026-07,9.17,621,2,2,176.59,0,26
SUB102255,2026-02,6.05,17,1,11,142.57,0,30
SUB101628,2026-06,10.33,248,3,8,245.38,0,26
SUB102173,2026-04,2.01,74,2,13,232.32,0,29
SUB101594,2026-06,18.82,240,2,7,405.22,0,26
SUB102721,2026-04,4.83,152,0,15,75.08,0,26
SUB101161,2026-07,16.76,90,3,19,272.98,0,26
SUB100326,2026-07,21.16,160,3,7,408.56,0,28
SUB101503,2026-07,4.86,32,4,9,214.22,0,28
SUB102262,2026-05,2.28,132,4,13,185.51,0,29
SUB102837,2026-03,3.74,402,1,12,0.0,0,29
SUB102093,2026-07,5.9,260,2,4,174.64,0,27
SUB101936,2026-05,30.36,252,1,7,387.68,0,26
SUB102915,2026-02,1.56,232,4,11,194.04,0,26
SUB100562,2026-07,2.8,304,2,15,301.1,0,29
SUB102950,2026-02,1.56,338,1,6,299.69,0,26
SUB100695,2026-03,2.26,59,0,9,128.12,1,27
SUB100262,2026-07,11.46,67,1,17,200.94,0,29
SUB100430,2026-04,5.49,407,1,9,139.65,0,28
SUB102978,2026-07,7.19,129,4,8,186.31,0,28
SUB101343,2026-04,8.64,317,2,9,288.39,0,26
SUB100865,2026-07,16.97,124,3,13,452.25,0,29
SUB101407,2026-04,10.04,312,0,4,345.26,0,30
SUB102052,2026-05,15.34,147,3,15,383.24,0,27
SUB100742,2026-05,31.47,285,0,16,596.35,0,28
SUB102288,2026-04,7.66,31,0,9,274.78,0,27
SUB100926,2026-07,0.96,74,2,10,137.79,0,28
SUB102620,2026-06,1.27,214,4,19,137.22,0,27
SUB102176,2026-04,3.13,294,2,9,321.2,0,28
SUB100351,2026-03,9.72,75,0,16,235.95,0,28
SUB103126,2026-06,21.67,329,4,14,352.74,0,26
SUB102391,2026-02,1.17,61,0,6,136.36,0,28
SUB101231,2026-03,0.89,141,1,17,123.93,0,28
SUB100756,2026-03,1.79,400,2,11,248.92,0,29
SUB101736,2026-04,11.43,404,1,7,296.76,0,30
SUB101730,2026-02,3.83,683,1,11,197.12,1,29
SUB101541,2026-06,7.7,146,0,10,289.83,0,29
SUB101946,2026-04,10.19,67,3,12,302.25,0,30
SUB100281,2026-04,4.48,247,2,14,301.89,0,26
SUB102292,2026-07,5.01,127,3,9,108.07,0,26
SUB102096,2026-02,1.03,110,4,18,207.6,0,28
SUB100236,2026-05,1.51,124,3,10,74.07,0,27
SUB102060,2026-05,18.35,161,1,10,451.98,0,29
SUB100808,2026-06,10.78,348,3,9,342.5,0,30
SUB102158,2026-02,1.35,142,2,7,108.5,0,27
SUB102225,2026-04,4.83,180,1,11,256.33,0,29
SUB102972,2026-03,5.61,77,1,18,461.64,0,28
SUB100765,2026-02,6.57,179,2,21,174.41,0,26
SUB102692,2026-07,1.81,68,2,6,221.04,0,30
SUB101401,2026-07,1.45,69,2,5,119.56,1,29
SUB100294,2026-02,7.19,231,3,13,125.15,0,30
SUB102447,2026-07,3.46,446,1,9,248.19,0,30
SUB101008,2026-03,4.11,192,0,7,186.8,0,30
SUB100978,2026-03,21.97,236,4,15,420.4,0,27
SUB102589,2026-04,9.46,60,0,13,156.49,0,29
SUB100141,2026-03,6.53,221,3,8,296.23,0,27
SUB102807,2026-06,9.45,534,2,5,276.78,0,26
SUB101099,2026-03,13.24,107,2,7,334.36,0,30
SUB101832,2026-03,5.29,247,4,12,137.04,0,29
SUB101951,2026-06,3.06,254,2,15,230.94,0,26
SUB100783,2026-03,7.1,282,3,14,180.44,0,30
SUB102997,2026-07,2.51,63,4,13,144.21,0,27
SUB102313,2026-02,1.0,195,2,9,118.96,0,30
SUB100350,2026-04,0.97,289,2,9,244.86,0,26
SUB100029,2026-07,11.67,69,1,16,444.5,0,29
SUB100863,2026-02,12.45,57,2,19,204.69,0,29
SUB100454,2026-02,5.15,502,3,10,199.83,0,29
SUB101811,2026-02,5.24,358,1,10,126.39,0,28
SUB102552,2026-03,4.33,50,2,2,74.46,0,28
SUB102815,2026-04,4.36,204,3,4,278.72,0,26
SUB100474,2026-02,1.21,777,1,6,187.04,0,26
SUB102305,2026-03,0.43,527,1,13,90.98,0,29
SUB103026,2026-07,3.19,83,4,12,66.16,0,26
SUB103049,2026-03,22.02,114,2,7,372.79,0,29
SUB103108,2026-02,6.04,39,0,10,226.47,0,28
SUB102540,2026-06,7.87,159,0,15,277.18,0,28
SUB101689,2026-05,12.35,267,1,8,264.13,1,27
SUB102203,2026-04,1.16,619,2,10,280.73,1,26
SUB100736,2026-05,8.16,42,3,17,197.6,0,28
SUB103126,2026-07,19.93,417,1,13,435.16,0,29
SUB102236,2026-05,9.63,914,2,16,292.33,0,29
SUB101233,2026-03,1.99,252,3,7,216.15,0,26
SUB103148,2026-05,5.64,407,0,14,218.88,0,27
SUB101852,2026-05,9.28,270,2,16,305.6,0,29
SUB100163,2026-06,16.25,192,1,8,450.05,0,27
SUB101027,2026-05,24.54,118,0,8,367.99,0,30
SUB103036,2026-04,3.7,242,0,11,104.73,0,27
SUB101824,2026-04,14.49,247,2,14,390.1,0,28
SUB103013,2026-04,8.97,149,0,21,301.56,0,26
SUB100954,2026-04,1.67,513,3,11,118.06,0,28
SUB102521,2026-05,0.91,272,3,11,276.79,1,30
SUB102283,2026-05,3.29,536,1,8,227.54,0,27
SUB102772,2026-07,3.69,304,0,4,146.46,0,26
SUB101526,2026-07,4.94,69,2,8,156.1,1,26
SUB100630,2026-05,5.42,728,4,12,234.4,0,27
SUB101522,2026-05,1.85,48,3,9,227.43,0,27
SUB103103,2026-04,18.52,99,4,16,404.71,0,27
SUB100116,2026-06,10.49,202,3,22,394.51,0,26
SUB101780,2026-04,9.23,409,3,12,202.76,0,29
SUB100074,2026-07,7.56,251,0,14,272.05,0,28
SUB101483,2026-04,4.99,453,1,4,258.1,0,26
SUB100432,2026-03,14.59,345,4,3,371.09,0,27
SUB102795,2026-04,8.22,109,3,9,385.56,0,29
SUB102960,2026-03,3.85,136,3,11,252.35,1,30
SUB102297,2026-05,3.77,235,2,14,265.4,0,28
SUB102013,2026-04,8.65,394,4,13,212.69,0,26
SUB101989,2026-03,7.39,267,5,20,175.61,0,30
SUB100796,2026-03,10.66,655,4,11,336.04,0,29
SUB101022,2026-06,8.34,362,1,11,168.03,0,27
SUB100584,2026-02,6.86,343,1,8,188.31,0,29
SUB100303,2026-04,1.5,148,4,5,183.53,0,26
SUB103049,2026-04,37.16,156,0,17,389.42,0,30
SUB101793,2026-02,3.53,201,4,14,157.76,0,30
SUB100473,2026-04,6.67,69,1,6,171.52,0,29
SUB100220,2026-04,1.59,566,3,14,137.95,0,30
SUB100178,2026-05,28.7,311,1,6,461.69,0,30
SUB101990,2026-03,18.4,41,1,18,291.67,0,28
SUB100468,2026-05,14.97,385,0,7,492.72,0,27
SUB101883,2026-05,6.57,126,3,13,265.79,0,29
SUB101798,2026-05,6.71,372,4,11,279.3,0,27
SUB101657,2026-02,17.79,503,0,7,365.16,0,28
SUB101067,2026-05,4.7,213,3,18,152.08,0,29
SUB100331,2026-06,6.84,596,1,20,174.07,0,26
SUB102113,2026-04,30.49,993,2,11,492.33,0,26
SUB102480,2026-07,8.91,143,1,12,186.0,0,26
SUB100986,2026-04,7.43,140,2,6,283.44,0,30
SUB101163,2026-02,1.18,293,1,19,198.97,0,29
SUB103153,2026-05,10.65,186,1,6,302.31,0,26
SUB102729,2026-05,5.0,131,1,7,147.67,0,27
SUB100854,2026-03,4.04,135,0,4,122.06,0,28
SUB100768,2026-07,17.61,98,1,17,400.96,0,30
SUB101336,2026-07,8.03,79,6,5,312.73,0,29
SUB101357,2026-07,0.94,248,1,11,88.94,0,28
SUB103022,2026-05,11.01,388,3,1,327.56,0,29
SUB102339,2026-07,9.99,250,4,9,257.52,0,29
SUB102529,2026-05,5.19,206,1,15,116.75,0,30
SUB100334,2026-05,9.3,517,1,14,213.25,0,30
SUB100345,2026-04,6.54,146,5,9,180.37,0,30
SUB102483,2026-06,5.62,120,1,17,273.09,0,30
SUB100765,2026-05,5.81,216,2,18,151.17,0,28
SUB102065,2026-02,5.36,285,2,6,190.88,0,26
SUB101404,2026-02,20.93,160,1,12,309.8,0,27
SUB102955,2026-03,10.67,79,2,7,248.57,0,26
SUB100875,2026-06,13.68,387,0,12,356.53,0,26
SUB102723,2026-04,10.19,411,3,15,420.13,0,28
SUB101224,2026-05,0.89,60,4,3,209.83,0,28
SUB102517,2026-04,3.82,259,1,7,129.84,0,27
SUB101707,2026-02,0.94,506,0,2,142.74,0,30
SUB100001,2026-05,6.86,301,0,8,297.81,0,27
SUB101396,2026-05,5.58,550,2,13,337.42,1,29
SUB101731,2026-06,9.65,237,4,11,346.27,1,30
SUB102396,2026-06,7.2,94,1,12,327.62,0,27
SUB101380,2026-02,1.46,231,2,15,215.34,0,26
SUB102333,2026-03,3.92,326,1,9,390.27,0,26
SUB101503,2026-03,8.24,54,1,13,247.79,0,28
SUB100777,2026-03,5.73,197,1,5,151.96,0,27
SUB100169,2026-02,6.56,67,4,8,252.45,0,30
SUB102764,2026-06,12.81,245,2,11,295.35,1,28
SUB100049,2026-06,4.17,222,0,19,240.02,0,27
SUB100915,2026-03,1.82,186,2,1,130.56,0,27
SUB102979,2026-05,16.99,270,3,12,588.81,0,26
SUB100295,2026-07,11.38,124,0,11,397.9,0,28
SUB102716,2026-07,4.28,246,2,14,181.74,0,27
SUB102950,2026-05,6.81,390,3,6,261.14,0,29
SUB101723,2026-05,10.7,139,2,12,,0,29
SUB100375,2026-07,0.8,80,1,6,182.08,0,26
SUB101979,2026-07,8.71,385,1,16,408.29,0,27
SUB101152,2026-02,1.5,234,2,9,219.65,0,29
SUB103134,2026-02,5.16,119,1,7,177.53,0,28
SUB100743,2026-07,8.69,893,1,15,241.24,0,26
SUB102766,2026-06,28.92,153,4,10,560.8,0,30
SUB101604,2026-03,5.81,216,5,10,277.08,0,27
SUB101441,2026-04,12.14,207,1,12,252.02,0,28
SUB102054,2026-03,11.42,156,3,12,330.02,0,30
SUB100674,2026-03,5.2,213,2,12,141.76,0,29
SUB100671,2026-06,2.37,440,2,9,120.64,0,28
SUB100862,2026-04,7.13,253,1,10,202.98,0,27
SUB100846,2026-02,4.42,145,4,7,139.11,0,26
SUB100732,2026-03,2.09,126,1,10,231.1,0,28
SUB103052,2026-04,21.57,210,0,11,478.65,1,28
SUB101314,2026-07,17.29,207,3,12,226.41,0,30
SUB100747,2026-03,11.06,155,2,6,506.62,0,27
SUB101656,2026-02,5.53,48,2,5,292.01,0,29
SUB102214,2026-05,2.45,354,1,11,247.48,0,26
SUB100926,2026-04,0.74,59,1,10,138.66,0,26
SUB100868,2026-03,10.71,295,3,10,151.66,0,27
SUB100407,2026-06,8.99,171,2,19,176.33,0,28
SUB101908,2026-07,10.92,179,4,9,241.22,0,26
SUB101131,2026-07,1.63,99,1,9,168.77,0,30
SUB101138,2026-06,2.45,151,3,9,126.86,0,29
SUB100166,2026-05,6.48,68,0,15,274.15,0,30
SUB102161,2026-07,13.62,127,1,4,389.39,0,29
SUB100694,2026-05,17.31,241,4,16,381.54,0,26
SUB102162,2026-05,1.86,559,1,10,240.1,0,28
SUB101512,2026-06,2.02,376,1,14,144.73,0,28
SUB100109,2026-05,13.37,108,1,13,336.23,0,28
SUB101220,2026-06,4.89,317,1,17,360.98,0,28
SUB100587,2026-05,10.31,254,2,14,341.25,1,27
SUB101534,2026-06,7.47,183,1,14,210.81,1,30
SUB101436,2026-07,3.71,427,1,8,294.24,0,27
SUB101970,2026-04,8.27,840,1,11,362.1,0,28
SUB101016,2026-03,18.29,116,2,13,230.42,1,27
SUB100896,2026-06,9.75,95,2,12,380.65,0,28
SUB102192,2026-07,13.6,83,2,9,220.71,0,27
SUB102901,2026-07,16.91,270,4,16,368.23,0,30
SUB102838,2026-04,0.72,162,1,18,93.6,0,27
SUB103017,2026-03,30.95,382,4,9,345.69,0,27
SUB101464,2026-06,4.62,98,3,17,183.41,0,28
SUB102915,2026-05,1.74,382,1,10,177.2,0,29
SUB100354,2026-02,0.4,617,2,9,177.24,1,27
SUB101265,2026-05,26.42,313,1,9,476.93,0,29
SUB102923,2026-05,1.17,85,3,12,221.51,0,30
SUB101576,2026-04,2.68,1023,1,5,284.09,0,30
SUB102791,2026-03,8.86,61,2,13,223.93,0,27
SUB102469,2026-05,9.36,174,1,10,288.46,0,27
SUB101459,2026-07,1.33,62,0,9,171.68,0,30
SUB102226,2026-02,1.63,41,1,15,97.62,0,27
SUB100708,2026-05,31.98,447,3,6,347.96,0,29
SUB100076,2026-03,0.87,44,2,12,110.09,0,30
SUB101510,2026-07,0.55,266,1,17,134.71,0,26
SUB100310,2026-07,6.03,585,3,6,175.23,0,28
SUB100964,2026-07,2.67,538,1,10,151.95,0,30
SUB102722,2026-06,12.11,140,3,6,291.4,0,28
SUB101733,2026-04,0.93,230,3,7,183.75,0,28
SUB102010,2026-06,7.61,48,2,6,211.14,0,26
SUB101675,2026-06,7.78,161,2,9,155.34,1,29
SUB100588,2026-03,36.56,269,2,8,696.78,0,29
SUB100131,2026-07,2.01,329,2,9,169.02,0,27
SUB102509,2026-03,5.49,208,1,10,123.64,0,28
SUB100078,2026-05,1.91,274,1,14,194.75,0,27
SUB101583,2026-03,9.5,172,2,14,235.24,0,28
SUB100629,2026-02,18.02,301,3,11,204.29,0,29
SUB102324,2026-07,1.38,324,2,8,260.63,0,29
SUB101384,2026-02,6.68,467,0,16,137.49,0,26
SUB100610,2026-07,5.77,56,4,12,256.2,0,26
SUB100010,2026-02,1.2,98,1,16,262.17,0,29
SUB101225,2026-05,0.82,232,3,10,263.63,0,26
SUB102859,2026-02,8.42,72,1,7,109.31,1,28
SUB100764,2026-06,12.25,86,2,7,278.08,0,27
SUB101412,2026-07,1.14,60,3,12,99.28,1,28
SUB101965,2026-04,1.61,122,3,7,149.54,0,30
SUB101731,2026-07,13.28,160,2,9,462.49,0,28
SUB101750,2026-05,11.08,202,4,13,201.71,0,26
SUB101388,2026-07,4.76,346,1,10,139.24,0,26
SUB102517,2026-05,3.74,150,1,10,161.96,0,29
SUB103105,2026-04,1.72,583,1,10,340.27,0,30
SUB102205,2026-03,1.53,380,4,12,228.4,0,29
SUB100228,2026-04,11.88,215,3,10,407.18,1,28
SUB100735,2026-06,10.93,309,2,4,183.59,0,30
SUB100962,2026-06,9.11,187,1,11,195.87,0,28
SUB101343,2026-03,7.7,329,5,10,290.27,0,29
SUB101112,2026-07,7.71,686,0,6,246.46,1,29
SUB101474,2026-07,1.89,207,5,11,164.42,0,28
SUB100349,2026-04,3.48,154,4,13,210.54,0,29
SUB101429,2026-07,5.32,133,2,6,214.96,0,28
SUB101471,2026-07,19.98,465,2,14,256.15,1,27
SUB102166,2026-04,4.36,627,2,7,167.62,0,29
SUB101839,2026-05,7.48,200,4,10,274.52,0,27
SUB100454,2026-04,12.54,338,3,11,192.08,0,26
SUB100749,2026-03,0.47,66,2,10,105.22,1,27
SUB101139,2026-02,3.58,48,0,18,175.5,0,28
SUB102090,2026-02,10.23,247,3,5,127.6,0,26
SUB101479,2026-07,1.12,86,2,12,84.74,0,28
SUB100374,2026-04,5.7,265,0,2,215.67,0,27
SUB102503,2026-04,14.31,591,3,22,413.6,0,29
SUB100724,2026-06,2.64,75,3,11,151.46,0,27
SUB102473,2026-06,11.41,467,1,20,254.74,0,29
SUB102589,2026-03,6.11,60,2,13,154.52,0,27
SUB100320,2026-06,5.84,191,0,9,197.18,0,30
SUB100239,2026-03,14.07,826,4,19,321.08,0,30
SUB102916,2026-06,4.13,416,5,14,204.27,0,26
SUB100542,2026-06,10.03,34,4,8,185.71,0,30
SUB102587,2026-05,7.5,262,1,21,142.45,0,28
SUB100384,2026-03,12.6,219,1,16,319.97,0,26
SUB101823,2026-07,11.16,286,3,14,255.96,0,29
SUB100322,2026-07,28.75,198,4,7,382.03,0,29
SUB100176,2026-07,8.51,306,4,5,274.36,0,26
SUB100615,2026-03,7.19,117,2,21,302.21,0,29
SUB101046,2026-07,2.65,269,3,10,106.86,2,26
SUB102967,2026-06,6.08,319,4,0,310.88,0,28
SUB100895,2026-04,4.0,338,1,8,205.93,0,28
SUB100380,2026-04,17.21,65,3,9,208.31,0,28
SUB101251,2026-02,14.91,271,2,9,296.43,0,26
SUB101680,2026-02,6.61,86,1,5,253.57,0,26
SUB101381,2026-04,10.85,65,1,21,244.83,0,29
SUB102705,2026-07,9.83,69,1,8,225.16,0,27
SUB103158,2026-03,2.43,368,1,8,123.6,0,27
SUB100049,2026-05,4.64,263,3,19,256.27,0,28
SUB100108,2026-07,5.46,685,1,12,187.54,0,29
SUB101788,2026-03,1.8,68,3,17,177.16,0,26
SUB103040,2026-03,4.54,225,1,17,291.26,0,28
SUB102968,2026-05,3.11,142,2,6,104.26,0,26
SUB102181,2026-02,6.62,117,2,11,387.11,0,27
SUB100431,2026-03,9.7,172,3,11,251.15,0,30
SUB100918,2026-03,24.5,22,5,10,443.35,0,29
SUB101418,2026-03,1.65,379,4,13,228.38,0,26
SUB100642,2026-03,17.05,249,1,14,516.43,0,30
SUB101275,2026-05,16.5,387,1,8,444.31,0,30
SUB102292,2026-05,5.62,141,3,17,134.94,0,27
SUB102921,2026-07,7.26,240,1,11,178.5,0,28
SUB102036,2026-02,19.1,118,2,11,256.66,0,27
SUB100958,2026-02,2.83,33,4,9,267.75,0,28
SUB102528,2026-05,1.71,655,2,16,188.14,0,29
SUB101136,2026-03,4.65,782,5,12,206.48,0,30
SUB102365,2026-07,24.06,289,0,12,403.01,0,29
SUB100764,2026-03,9.57,75,2,15,312.51,1,29
SUB101153,2026-02,11.74,154,2,6,357.25,1,29
SUB100283,2026-05,6.24,94,0,12,147.72,0,28
SUB100582,2026-04,6.73,299,2,11,191.77,0,26
SUB101971,2026-04,1.33,127,0,12,225.39,0,26
SUB100767,2026-06,6.83,122,2,8,285.44,0,28
SUB101366,2026-05,3.2,143,0,6,219.11,0,30
SUB100931,2026-03,7.66,22,3,16,171.42,0,26
SUB103021,2026-05,5.68,150,3,15,230.3,1,29
SUB100418,2026-03,7.41,198,0,6,361.59,0,30
SUB102259,2026-03,5.96,50,2,5,373.12,0,29
SUB101895,2026-05,16.24,286,0,20,293.82,0,28
SUB101808,2026-02,9.15,24,3,12,120.21,0,28
SUB100839,2026-03,12.67,134,6,13,339.12,0,28
SUB101631,2026-02,3.88,142,2,3,228.09,0,30
SUB100930,2026-06,0.55,269,1,14,108.33,0,27
SUB100176,2026-02,5.2,222,3,4,257.09,0,27
SUB100610,2026-04,5.66,31,2,11,291.04,0,27
SUB102467,2026-07,2.63,277,5,17,256.52,0,29
SUB101278,2026-06,7.08,23,4,11,227.08,0,30
SUB100080,2026-03,2.57,306,1,7,221.2,0,28
SUB102786,2026-05,11.97,328,2,8,493.68,0,28
SUB101019,2026-02,22.03,262,3,15,458.54,0,27
SUB102842,2026-05,12.92,289,5,18,281.03,0,28
SUB102497,2026-03,1.74,257,1,5,215.28,0,28
SUB103153,2026-02,18.27,145,2,7,278.2,0,28
SUB102924,2026-02,1.96,106,3,15,234.5,0,26
SUB102117,2026-05,7.37,211,2,11,169.67,0,29
SUB100978,2026-06,18.24,204,1,14,426.64,0,28
SUB100172,2026-04,1.04,923,4,8,78.85,0,27
SUB101710,2026-07,2.5,303,1,10,270.95,0,27
SUB102352,2026-06,7.88,345,5,15,155.2,0,29
SUB100588,2026-05,41.23,479,6,11,733.17,1,28
SUB102123,2026-02,27.21,165,1,11,475.62,0,26
SUB100638,2026-05,5.83,139,3,15,141.97,0,27
SUB102083,2026-02,5.07,164,1,9,222.92,0,28
SUB101977,2026-03,9.09,86,4,11,325.14,0,28
SUB102626,2026-05,18.95,230,1,10,400.88,0,27
SUB102109,2026-07,6.12,249,1,6,136.3,0,27
SUB100068,2026-06,5.54,105,1,4,192.53,0,28
SUB101224,2026-03,1.47,79,2,11,193.54,0,29
SUB101058,2026-03,0.92,338,5,13,253.18,0,29
SUB102329,2026-06,6.06,168,0,5,148.98,0,29
SUB101356,2026-04,4.09,756,6,8,166.46,0,28
SUB102848,2026-02,5.04,321,1,12,237.16,0,30
SUB102289,2026-02,7.32,192,1,9,235.24,0,30
SUB101366,2026-07,4.14,131,1,11,207.48,0,28
SUB101365,2026-03,13.39,210,3,6,323.65,0,27
SUB101841,2026-02,6.95,163,0,8,140.07,0,30
SUB101367,2026-04,6.49,461,2,11,198.34,0,29
SUB102689,2026-04,11.46,60,3,8,274.78,0,30
SUB101017,2026-04,5.82,264,3,11,88.92,0,28
SUB102906,2026-07,7.02,306,3,17,228.61,0,28
SUB102288,2026-02,9.28,39,1,8,228.38,0,27
SUB102448,2026-05,12.21,373,3,11,403.93,0,28
SUB100812,2026-07,0.65,114,3,8,267.81,1,30
SUB102344,2026-07,2.64,147,3,16,107.91,0,28
SUB101587,2026-02,0.36,78,6380,9,155.45,0,29
SUB101264,2026-04,7.85,226,2,5,248.27,0,29
SUB100102,2026-06,5.36,311,3,6,217.44,0,27
SUB100938,2026-03,13.81,137,1,19,587.23,1,28
SUB102646,2026-03,5.43,162,1,7,250.64,0,29
SUB101101,2026-07,10.63,147,1,9,451.91,0,28
SUB100199,2026-02,12.94,236,3,15,271.0,0,26
SUB102421,2026-02,9.45,225,2,6,297.81,0,26
SUB100394,2026-06,12.18,353,0,12,342.18,0,29
SUB102508,2026-02,18.35,171,2,16,359.08,0,29
SUB102021,2026-03,1.6,330,1,15,152.3,0,28
SUB100231,2026-04,2.56,113,1,10,118.71,0,28
SUB100432,2026-02,17.45,138,3,3,313.41,0,27
SUB102210,2026-02,3.47,103,0,15,214.45,0,26
SUB102484,2026-05,1.08,190,4,9,90.64,0,28
SUB100909,2026-05,4.0,228,3,6,224.18,1,28
SUB100664,2026-04,14.87,76,3,7,431.94,0,26
SUB102803,2026-06,0.84,84,4,13,294.75,0,30
SUB100459,2026-07,10.04,415,1,11,267.42,0,29
SUB101739,2026-07,18.11,307,3,10,364.12,0,26
SUB100673,2026-05,4.96,735,4,17,153.26,0,30
SUB101525,2026-05,8.18,497,2,6,306.72,0,30
SUB103052,2026-05,14.25,112,5,16,375.7,1,30
SUB100407,2026-05,6.49,147,3,15,158.19,0,30
SUB100052,2026-07,0.84,100,1,17,251.23,0,27
SUB100842,2026-07,6.65,329,2,9,202.05,0,28
SUB100462,2026-02,4.05,309,0,11,82.84,0,30
SUB102195,2026-03,10.04,443,1,6,267.56,1,27
SUB101500,2026-05,7.82,271,1,13,161.37,0,28
SUB101749,2026-03,4.32,19,0,8,232.26,0,27
SUB102914,2026-05,17.74,35,4,5,260.06,0,29
SUB103103,2026-06,16.53,103,4,13,477.11,1,29
SUB101387,2026-06,6.51,48,2,16,108.85,0,29
SUB102770,2026-04,5.11,172,1,7,306.83,0,29
SUB101775,2026-07,49.53,154,2,13,673.74,0,26
SUB100698,2026-04,8.03,72,1,9,250.45,0,28
SUB102150,2026-07,6.15,208,3,9,177.7,0,29
SUB101407,2026-03,14.11,183,1,10,371.15,0,27
SUB100824,2026-03,10.84,150,2,13,520.1,0,27
SUB102205,2026-02,1.52,277,1,7,206.3,0,26
SUB101156,2026-05,7.6,261,0,11,348.48,0,28
SUB101991,2026-07,20.9,122,3,15,444.57,0,29
SUB100223,2026-02,1.41,277,2,5,101.87,0,26
SUB102563,2026-04,9.99,208,1,7,150.09,0,29
SUB101426,2026-03,7.11,55,1,8,333.3,0,28
SUB101165,2026-02,9.31,192,1,12,213.45,0,30
SUB102129,2026-02,5.66,114,3,11,157.22,0,27
SUB100474,2026-05,1.06,361,3,10,176.0,0,29
SUB102849,2026-02,18.76,254,4,6,281.82,0,30
SUB102600,2026-04,21.86,141,2,10,322.83,1,27
SUB100420,2026-02,6.18,202,1,14,209.31,0,30
SUB102734,2026-04,12.62,140,0,21,370.55,0,27
SUB100284,2026-03,14.06,167,1,5,309.94,0,29
SUB100861,2026-07,4.28,504,2,11,266.44,0,27
SUB101396,2026-04,8.4,372,2,14,358.74,1,28
SUB101029,2026-04,1.1,229,1,9,100.36,0,30
SUB101583,2026-02,9.19,385,3,8,223.49,0,27
SUB102920,2026-02,12.85,116,3,11,295.15,1,27
SUB101521,2026-06,1.17,125,5,13,159.86,0,30
SUB101663,2026-07,3.97,151,5,11,146.83,0,28
SUB101075,2026-06,5.45,67,2,16,414.29,0,27
SUB102547,2026-04,5.78,81,4,8,92.75,0,27
SUB100516,2026-02,19.69,105,1,9,447.97,0,28
SUB101574,2026-07,3.62,431,1,4,186.02,0,30
SUB102160,2026-03,1.5,432,4,15,90.23,0,26
SUB102550,2026-07,2.8,112,2,20,178.43,0,27
SUB102092,2026-03,9.85,72,2,13,172.96,0,27
SUB100632,2026-03,1.22,162,1,5,112.79,0,26
SUB101162,2026-03,17.19,98,2,4,337.88,0,27
SUB101548,2026-07,11.91,99,1,14,418.65,1,26
SUB102131,2026-02,4.28,148,2,11,180.57,0,30
SUB100035,2026-03,9.3,56,3,24,182.64,0,28
SUB101460,2026-05,7.17,165,2,12,278.08,0,30
SUB101680,2026-03,7.02,148,0,3,180.21,0,27
SUB101394,2026-07,20.08,359,1,12,405.28,0,28
SUB101760,2026-04,6.91,673,6,9,215.05,0,29
SUB102871,2026-06,32.54,252,4,16,550.61,0,28
SUB101971,2026-03,0.6,69,2,14,244.67,0,28
SUB100085,2026-02,8.63,169,3,18,229.72,0,28
SUB102708,2026-07,0.86,461,2,7,129.73,0,29
SUB103009,2026-04,1.77,191,1,12,231.82,0,29
SUB101017,2026-07,7.59,219,3,18,87.01,0,30
SUB100139,2026-05,1.89,93,4,11,112.71,0,28
SUB102087,2026-07,5.7,42,0,7,217.21,0,27
SUB102765,2026-02,4.89,338,2,11,309.95,0,30
SUB101263,2026-06,1.84,422,1,10,176.26,0,27
SUB102598,2026-06,10.88,155,1,19,406.73,0,29
SUB102681,2026-02,0.92,338,3,11,121.81,0,29
SUB100724,2026-07,2.81,59,1,12,170.85,1,29
SUB101319,2026-03,9.52,586,4,6,447.33,0,29
SUB100379,2026-05,10.29,182,1,10,362.83,0,29
SUB102988,2026-06,11.74,49,2,15,215.84,0,28
SUB101522,2026-03,1.62,27,6,10,208.63,0,26
SUB100307,2026-03,13.35,133,1,25,233.43,0,27
SUB103064,2026-04,2.48,226,1,5,121.38,0,30
SUB102400,2026-02,13.98,113,2,18,209.61,0,27
SUB101585,2026-04,1.48,43,2,11,186.8,0,30
SUB102826,2026-04,5.85,651,1,10,259.92,0,27
SUB102317,2026-07,6.29,50,2,11,220.34,0,29
SUB101667,2026-06,11.72,210,2,13,327.35,0,30
SUB102919,2026-07,1.08,63,5,9,212.64,0,30
SUB100899,2026-04,3.57,141,1,13,262.32,0,30
SUB102329,2026-07,5.99,192,3,14,184.46,0,28
SUB100355,2026-05,4.38,158,0,10,167.16,0,27
SUB101644,2026-05,5.81,25,2,19,228.26,0,26
SUB100414,2026-07,1.67,441,3,16,116.6,0,27
SUB101897,2026-02,4.97,395,2,11,279.92,0,28
SUB102221,2026-06,0.86,118,0,17,120.54,1,30
SUB100287,2026-07,1.1,368,3,5,137.28,0,26
SUB100983,2026-05,8.21,271,3,6,250.17,1,26
SUB101197,2026-07,3.72,121,2,16,233.02,0,26
SUB100771,2026-04,6.17,96,2,15,84.11,0,28
SUB100755,2026-03,9.49,141,2,11,233.83,0,27
SUB101082,2026-03,31.77,220,1,20,507.77,1,29
SUB102100,2026-03,1.82,357,2,18,253.83,0,26
SUB101232,2026-03,26.87,155,4,4,440.52,0,27
SUB100193,2026-03,8.45,165,2,10,131.08,0,28
SUB102538,2026-05,5.21,99,0,18,233.68,0,26
SUB101004,2026-06,4.48,400,0,6,167.15,0,30
SUB100335,2026-07,5.61,311,1,9,140.51,0,29
SUB101677,2026-06,7.62,159,4,7,191.29,0,26
SUB101809,2026-04,1.82,116,4,10,148.21,0,26
SUB102448,2026-03,11.48,377,2,11,323.17,0,28
SUB101772,2026-06,16.97,272,3,9,441.04,0,29
SUB100550,2026-05,5.53,302,3,8,252.78,0,26
SUB101351,2026-07,6.92,214,2,10,293.69,0,29
SUB100566,2026-03,12.11,196,0,5,393.51,0,26
SUB101860,2026-07,9.01,37,2,8,370.01,0,30
SUB100870,2026-04,9.0,108,1,6,315.06,0,27
SUB102810,2026-05,3.26,152,0,18,78.96,0,28
SUB100647,2026-02,0.53,400,3,9,134.14,0,29
SUB100369,2026-06,18.05,404,0,8,251.54,0,27
SUB103030,2026-06,8.84,219,1,4,275.39,0,29
SUB102670,2026-04,14.08,311,4,11,244.76,1,28
SUB101944,2026-06,6.44,368,5,12,197.79,0,27
SUB103072,2026-03,7.39,74,7,9,241.4,0,26
SUB101908,2026-03,16.91,210,2,12,275.42,0,27
SUB101529,2026-07,7.62,145,1,6,402.09,0,27
SUB103110,2026-03,6.2,595,4,10,336.12,0,30
SUB102087,2026-06,5.69,38,1,10,236.0,0,30
SUB103063,2026-03,5.18,101,2,21,260.56,0,29
SUB100938,2026-05,20.62,216,2,15,486.39,0,30
SUB100326,2026-04,13.54,101,3,9,321.32,0,27
SUB101499,2026-05,8.39,356,2,13,154.62,0,28
SUB100483,2026-04,4.77,122,3,5,151.64,0,27
SUB101224,2026-07,1.12,51,1,14,174.81,1,30
SUB102582,2026-02,23.55,140,1,5,483.32,0,28
SUB101731,2026-04,13.07,310,1,8,463.71,0,30
SUB100388,2026-04,8.66,365,2,20,269.4,0,26
SUB102377,2026-02,10.26,279,2,2,194.87,0,28
SUB100348,2026-07,3.17,94,2,10,165.84,0,26
SUB100346,2026-03,19.22,58,1,4,379.42,0,29
SUB101142,2026-04,6.47,194,1,5,309.99,0,28
SUB102884,2026-07,1.0,572,3,10,112.29,0,29
SUB101606,2026-04,7.5,50,1,18,331.13,0,27
SUB101126,2026-06,7.51,70,2,15,197.17,0,28
SUB101383,2026-05,6.41,74,1,15,164.0,0,30
SUB100148,2026-04,7.23,75,2,6,275.36,1,30
SUB101546,2026-07,5.26,627,1,5,232.69,0,28
SUB102381,2026-06,5.87,276,1,16,293.99,0,26
SUB100303,2026-05,1.57,125,1,5,143.05,1,28
SUB102368,2026-04,5.74,140,3,7,240.62,1,29
SUB100056,2026-02,7.4,467,1,10,217.68,0,28
SUB102736,2026-06,3.48,135,4,8,145.12,1,27
SUB102524,2026-05,2.21,207,0,6,133.25,0,27
SUB100123,2026-05,7.4,84,4,10,227.43,0,29
SUB102993,2026-06,2.06,428,3,9,83.11,0,28
SUB102095,2026-07,3.7,169,3,12,207.07,0,26
SUB100661,2026-03,4.93,110,2,10,151.78,0,29
SUB101382,2026-03,1.49,196,1,9,216.52,1,27
SUB100296,2026-07,7.59,312,2,11,354.99,1,26
SUB102480,2026-02,12.45,402,4,10,197.23,0,27
SUB101964,2026-05,2.78,290,1,12,151.62,0,27
SUB103060,2026-02,12.47,130,3,14,,0,28
SUB103038,2026-07,6.86,347,2,2,229.36,0,26
SUB101448,2026-02,19.84,278,1,11,338.36,0,26
SUB102381,2026-05,12.8,373,0,11,313.82,0,26
SUB101034,2026-03,3.81,104,2,6,119.31,0,27
SUB103102,2026-03,15.85,298,1,22,314.33,0,28
SUB100290,2026-06,2.57,118,2,11,291.59,0,27
SUB100507,2026-03,5.85,174,2,15,395.58,0,30
SUB102431,2026-07,1.63,400,1,6,179.66,0,30
SUB102063,2026-02,2.86,669,1,13,155.84,0,28
SUB102683,2026-05,1.92,493,2,10,241.38,0,26
SUB103083,2026-03,0.35,85,4456,12,201.13,0,28
SUB103100,2026-04,31.11,130,3,12,521.4,0,27
SUB100672,2026-06,3.03,164,1,9,226.85,0,29
SUB100587,2026-06,8.75,339,2,11,372.48,0,29
SUB102955,2026-06,7.69,99,0,9,257.14,0,30
SUB100540,2026-05,0.97,264,1,10,97.32,0,27
SUB102083,2026-06,4.27,118,3,10,212.02,1,29
SUB101254,2026-02,13.29,171,1,19,390.25,0,30
SUB100851,2026-05,1.0,38,0,10,251.89,0,26
SUB100172,2026-02,0.88,544,3,6,90.3,0,27
SUB101408,2026-06,4.37,442,2,15,184.5,0,28
SUB102092,2026-02,7.63,110,1,4,152.64,0,30
SUB100604,2026-04,7.84,485,1,11,215.66,0,26
SUB100029,2026-06,9.73,81,2,10,442.03,0,27
SUB102396,2026-04,7.18,154,1,11,286.81,0,30
SUB103144,2026-07,3.74,118,1,11,121.27,0,27
SUB101683,2026-06,0.97,195,2,10,180.68,0,30
SUB102879,2026-06,4.95,381,2,7,245.41,0,26
SUB100612,2026-05,20.48,397,2,8,303.18,0,28
SUB101581,2026-04,8.28,39,3,6,302.47,0,27
SUB100631,2026-02,1.28,104,0,8,159.66,0,28
SUB102420,2026-07,7.12,278,1,24,335.64,0,29
SUB101670,2026-05,4.56,167,3,21,290.41,0,27
SUB101603,2026-05,6.83,194,3,2,179.09,0,28
SUB101824,2026-02,9.73,327,4,11,287.42,0,30
SUB101311,2026-03,22.99,170,2,3,499.85,0,27
SUB102625,2026-06,24.15,203,1,16,360.76,0,30
SUB102262,2026-04,2.68,131,2,7,199.71,0,28
SUB100029,2026-04,17.34,57,5,8,405.42,0,30
SUB101940,2026-06,1.91,423,1,3,217.64,0,27
SUB100867,2026-07,5.18,129,1,21,136.8,0,28
SUB102879,2026-07,5.69,216,4,10,231.93,0,30
SUB102653,2026-05,7.74,275,1,20,304.04,0,27
SUB103091,2026-07,19.87,300,0,6,301.22,0,26
SUB100248,2026-07,5.38,391,3,13,161.64,0,28
SUB100775,2026-04,8.52,471,4,8,358.4,0,28
SUB101322,2026-02,18.54,270,0,8,265.12,0,27
SUB102337,2026-02,1.32,372,2,11,199.74,0,27
SUB102757,2026-04,10.17,385,1,7,278.58,0,28
SUB103054,2026-03,10.28,138,1,9,493.56,0,26
SUB101848,2026-06,16.43,540,0,7,385.67,0,29
SUB102499,2026-04,5.46,167,2,13,370.91,0,26
SUB101636,2026-05,2.11,275,2,8,166.18,0,29
SUB101476,2026-07,6.82,502,2,17,250.64,0,27
SUB103001,2026-04,3.3,264,2,9,247.61,0,28
SUB101297,2026-03,9.55,184,2,17,223.08,0,27
SUB102474,2026-06,12.69,567,2,22,295.64,0,29
SUB101738,2026-03,2.9,441,3,10,79.51,0,27
SUB101860,2026-04,6.61,135,1,9,308.11,0,29
SUB101804,2026-06,19.62,65,2,9,280.4,0,26
SUB100090,2026-05,5.71,194,2,6,329.9,0,27
SUB102280,2026-04,33.48,473,1,10,479.98,1,26
SUB102094,2026-04,2.76,299,2,18,146.17,1,29
SUB101425,2026-03,7.02,225,2,6,189.4,0,29
SUB100089,2026-06,7.51,105,2,8,196.73,0,26
SUB100899,2026-06,4.06,78,2,10,250.56,0,27
SUB102414,2026-07,5.56,240,4,10,318.91,0,28
SUB101780,2026-03,10.48,594,2,16,209.21,0,29
SUB100547,2026-07,12.91,164,0,5,253.82,0,26
SUB102526,2026-07,12.45,243,1,7,313.19,0,28
SUB102743,2026-06,4.41,170,3,14,286.66,1,28
SUB101444,2026-02,7.55,502,0,14,342.98,0,27
SUB101977,2026-07,10.7,84,0,8,244.21,0,28
SUB101241,2026-07,14.95,234,4,8,407.24,0,26
SUB100871,2026-02,7.29,81,1,24,202.35,0,29
SUB100562,2026-05,12.81,390,4,14,261.61,0,28
SUB100296,2026-03,5.21,237,1,11,443.94,0,26
SUB102429,2026-03,20.9,93,1,10,297.95,0,29
SUB102938,2026-05,7.1,253,0,17,264.26,0,30
SUB102947,2026-04,9.29,249,1,10,415.34,0,27
SUB103118,2026-03,8.89,46,2,14,245.94,0,29
SUB101928,2026-03,2.97,75,1,4,247.84,0,27
SUB103192,2026-05,1.89,192,4,11,103.77,0,28
SUB100075,2026-07,1.55,256,2,10,127.56,0,30
SUB101373,2026-05,2.16,104,2,21,115.22,0,29
SUB101801,2026-05,9.56,132,0,10,284.7,0,29
SUB102968,2026-06,2.64,129,6,3,91.09,0,26
SUB100544,2026-03,9.04,206,0,13,398.68,0,29
SUB102046,2026-03,43.74,475,1,12,1093.69,0,27
SUB101947,2026-03,18.22,274,0,13,331.54,0,27
SUB100394,2026-02,14.43,306,0,15,351.58,0,27
SUB100140,2026-04,5.23,258,0,10,149.78,0,26
SUB102627,2026-07,10.4,134,2,3,199.45,0,29
SUB102089,2026-03,12.86,346,2,15,308.57,0,29
SUB101629,2026-05,15.92,31,2,4,228.59,0,30
SUB102113,2026-03,28.26,785,2,3,569.14,0,27
SUB100556,2026-03,14.57,88,2,8,366.76,0,30
SUB102204,2026-05,16.39,140,3,6,174.39,0,29
SUB102188,2026-06,17.25,138,3,2,411.15,0,26
SUB102046,2026-06,82.54,472,1,14,1017.71,0,26
SUB100781,2026-02,7.89,127,2,19,299.23,0,29
SUB102070,2026-07,0.98,315,1,18,170.45,0,29
SUB102786,2026-03,17.8,364,2,14,394.97,1,29
SUB103097,2026-06,7.56,110,6,12,259.07,0,28
SUB102128,2026-05,5.61,139,2,13,386.7,1,28
SUB101250,2026-02,1.93,141,2,6,92.74,1,30
SUB100552,2026-06,7.97,213,1,8,171.5,0,26
SUB100014,2026-06,0.79,277,0,13,243.15,0,27
SUB100604,2026-06,5.79,586,0,12,203.4,0,27
SUB102246,2026-04,3.83,159,3,4,313.19,0,30
SUB103166,2026-02,11.94,55,1,7,276.19,0,27
SUB102007,2026-04,6.48,231,0,10,173.71,0,30
SUB100690,2026-05,16.98,129,5,13,311.82,0,28
SUB101220,2026-05,6.69,329,2,13,329.35,0,26
SUB100110,2026-05,6.99,71,3,13,271.06,0,30
SUB100233,2026-03,6.36,181,2,17,204.87,0,26
SUB102172,2026-03,7.48,565,2,10,215.1,0,26
SUB101038,2026-03,10.91,171,1,11,254.73,0,29
SUB102402,2026-05,14.76,277,1,18,371.84,0,30
SUB102560,2026-05,1.54,363,1,24,249.25,1,30
SUB101134,2026-07,5.12,60,1,17,202.63,0,29
SUB100460,2026-04,15.81,193,3,10,382.86,0,27
SUB101197,2026-03,3.76,148,1,19,220.38,0,28
SUB102014,2026-04,2.3,568,0,14,253.62,0,28
SUB102845,2026-04,3.87,239,3,5,65.1,0,30
SUB101871,2026-02,28.16,429,2,5,666.8,0,30
SUB100942,2026-02,1.18,122,2,11,203.88,0,26
SUB103181,2026-02,4.34,168,2,9,272.08,0,27
SUB101487,2026-03,7.57,223,1,17,279.25,0,27
SUB101076,2026-07,17.45,87,1,15,418.82,0,26
SUB102701,2026-02,24.53,495,1,7,464.9,0,27
SUB100056,2026-05,4.61,459,3,7,163.0,0,28
SUB102504,2026-04,2.89,285,1,13,300.71,0,30
SUB102749,2026-07,5.71,122,0,16,210.64,0,27
SUB102056,2026-05,10.55,142,2,10,267.98,0,27
SUB100367,2026-06,5.32,187,3,7,131.03,0,30
SUB101933,2026-02,12.1,233,0,10,390.19,0,29
SUB100429,2026-06,9.51,226,2,9,381.93,0,30
SUB101645,2026-06,7.84,383,1,5,258.69,0,26
SUB101170,2026-06,4.49,550,4,15,153.41,0,26
SUB102182,2026-07,15.73,227,1,15,251.98,0,30
SUB103189,2026-03,0.69,214,1,7,141.29,1,29
SUB100719,2026-03,1.19,96,3,8,122.43,0,26
SUB101533,2026-06,2.35,189,1,5,277.51,0,28
SUB100848,2026-06,10.54,134,1,11,310.98,1,27
SUB100116,2026-03,13.32,144,4,20,375.18,0,29
SUB101553,2026-02,13.87,202,2,18,514.5,0,29
SUB102559,2026-05,2.04,283,2,16,205.98,0,29
SUB100469,2026-04,1.93,127,5,12,115.82,0,30
SUB100019,2026-05,8.09,60,1,7,253.65,0,27
SUB102666,2026-03,8.61,90,4,13,240.68,0,30
SUB102002,2026-03,10.57,209,2,17,248.48,0,27
SUB100667,2026-05,2.55,173,3,4,206.19,1,26
SUB100209,2026-03,7.24,69,1,3,163.62,0,28
SUB100550,2026-02,3.03,173,1,7,281.97,0,29
SUB100135,2026-07,8.1,440,2,14,252.42,0,29
SUB101793,2026-03,4.21,140,4,11,150.05,1,30
SUB100373,2026-04,10.07,178,5,10,91.58,0,30
SUB101530,2026-03,2.91,382,2,14,187.57,0,29
SUB101011,2026-05,7.93,209,1,17,159.78,0,27
SUB102394,2026-04,7.02,125,0,12,381.69,1,30
SUB102588,2026-07,7.46,120,5,17,280.86,0,28
SUB100935,2026-02,8.81,236,1,11,294.58,0,27
SUB101063,2026-06,10.75,163,1,2,193.41,0,28
SUB101168,2026-06,2.27,190,1,8,98.28,0,28
SUB101060,2026-04,5.89,113,1,10,136.34,0,26
SUB100933,2026-05,10.42,220,1,16,406.44,0,27
SUB100286,2026-05,16.98,243,1,13,266.76,2,28
SUB101357,2026-06,0.75,273,1,16,79.3,0,28
SUB101255,2026-03,12.1,155,3,8,282.33,0,26
SUB100200,2026-06,13.15,408,5,16,377.39,0,27
SUB102133,2026-03,5.25,121,1,17,227.42,0,29
SUB101807,2026-04,4.67,144,1,21,239.36,1,28
SUB101063,2026-07,6.19,184,5,8,229.62,0,30
SUB101156,2026-07,6.29,225,3,13,326.55,0,29
SUB101776,2026-04,4.93,143,1,9,169.19,0,30
SUB100077,2026-03,18.94,137,2,7,167.36,0,30
SUB101339,2026-04,10.4,159,0,10,318.93,0,28
SUB100637,2026-06,2.58,222,1,5,79.12,0,27
SUB101046,2026-06,1.28,411,0,16,108.26,0,26
SUB102515,2026-07,7.45,85,2,16,335.93,0,27
SUB101544,2026-04,5.61,439,0,16,163.39,0,27
SUB102571,2026-07,1.09,114,2,19,254.57,0,26
SUB100357,2026-03,10.95,135,3,9,359.84,0,29
SUB100923,2026-03,11.34,185,1,6,194.0,0,28
SUB102827,2026-07,24.13,648,2,9,582.05,0,27
SUB101800,2026-05,18.67,345,4,18,479.7,0,28
SUB101343,2026-02,11.4,277,3,16,291.42,0,29
SUB102571,2026-06,1.51,116,2,27,245.43,0,28
SUB100565,2026-04,8.66,407,0,11,319.15,0,28
SUB101172,2026-04,3.0,361,1,7,341.46,0,30
SUB101427,2026-02,3.48,278,3,8,134.96,0,30
SUB100581,2026-07,1.41,439,2,11,228.14,0,29
SUB101986,2026-07,2.26,223,3,14,97.74,0,27
SUB100489,2026-05,4.15,265,1,5,118.82,0,27
SUB102202,2026-07,13.47,387,2,9,272.33,0,30
SUB102960,2026-02,4.44,229,1,14,295.83,0,27
SUB100641,2026-04,21.76,198,1,8,497.38,0,27
SUB102016,2026-06,0.73,385,0,14,296.78,0,26
SUB101744,2026-02,10.76,392,2,6,295.76,0,30
SUB103113,2026-02,0.68,240,0,8,179.53,0,28
SUB101791,2026-06,7.97,299,1,10,375.87,1,30
SUB101950,2026-07,3.68,110,2,11,124.64,0,26
SUB102586,2026-03,7.82,163,1,11,160.43,0,29
SUB100548,2026-03,7.29,127,3,16,215.08,0,28
SUB100660,2026-07,7.55,90,5,8,208.79,0,28
SUB102531,2026-03,4.07,176,3,4,161.3,0,27
SUB100022,2026-07,5.56,91,1,12,361.79,0,28
SUB102153,2026-05,12.12,29,1,14,510.9,0,26
SUB100694,2026-04,22.36,166,1,10,367.28,0,26
SUB102920,2026-03,10.06,110,3,7,,0,27
SUB100392,2026-03,9.8,229,4,10,138.39,0,28
SUB100774,2026-04,2.65,104,1,11,271.79,0,29
SUB100398,2026-07,14.27,596,3,6,229.86,0,28
SUB100797,2026-04,3.35,227,2,6,133.01,0,30
SUB102087,2026-03,5.08,54,2,13,224.05,0,30
SUB100197,2026-07,5.95,251,0,12,253.17,0,26
SUB100411,2026-02,5.01,277,3,20,201.64,0,27
SUB100643,2026-07,7.46,510,2,3,226.97,0,30
SUB100479,2026-07,1.29,181,0,10,170.5,0,28
SUB101102,2026-05,28.0,51,3,9,376.73,0,29
SUB101564,2026-07,6.87,152,2,7,,0,30
SUB101794,2026-07,12.42,110,3,6,212.96,1,27
SUB101131,2026-04,1.9,128,3,6,208.6,0,30
SUB100638,2026-04,6.14,140,1,15,134.39,0,26
SUB103102,2026-05,14.5,516,3,14,290.21,0,30
SUB101212,2026-06,17.22,145,3,7,377.28,0,30
SUB100189,2026-02,6.31,131,2,9,215.69,0,30
SUB101077,2026-06,12.13,286,4,18,209.99,0,30
SUB103140,2026-05,14.75,370,3,10,307.95,0,28
SUB102003,2026-02,10.97,105,0,9,357.6,0,30
SUB101981,2026-04,9.54,217,3,4,384.62,0,26
SUB102268,2026-03,10.52,452,3,7,220.09,0,27
SUB102851,2026-06,5.58,91,2,12,175.98,1,26
SUB100700,2026-03,16.19,206,3,18,354.27,0,29
SUB100354,2026-03,0.45,638,1,12,190.63,0,26
SUB100473,2026-02,6.18,132,2,13,147.22,1,28
SUB101403,2026-05,4.79,170,2,6,131.93,0,29
SUB101909,2026-04,10.86,595,1,17,226.88,1,30
SUB100377,2026-06,12.03,239,2,8,372.91,0,30
SUB100963,2026-04,10.14,135,2,15,217.77,0,26
SUB102382,2026-04,15.03,466,2,6,536.44,0,29
SUB100910,2026-07,1.16,559,2,27,210.76,0,28
SUB102594,2026-04,10.46,383,2,9,441.58,0,26
SUB101455,2026-06,8.69,120,0,6,250.17,0,27
SUB102755,2026-02,1.82,91,2,9,338.68,0,26
SUB102653,2026-07,8.43,410,3,11,320.13,0,30
SUB102143,2026-02,15.06,27,2,8,340.45,0,28
SUB102332,2026-05,14.76,319,1,9,356.91,0,30
SUB101756,2026-02,2.79,134,3,7,84.83,0,29
SUB102928,2026-07,8.76,580,1,18,341.9,0,30
SUB102199,2026-06,6.23,67,2,8,214.72,0,28
SUB102718,2026-06,7.91,205,2,11,214.82,0,28
SUB102220,2026-06,8.22,255,2,4,223.51,0,28
SUB102558,2026-06,1.61,161,1,15,207.27,1,30
SUB101759,2026-06,11.48,345,1,3,221.33,0,26
SUB100061,2026-06,11.3,155,2,8,246.52,0,26
SUB101401,2026-05,2.06,130,4,10,97.86,1,26
SUB102614,2026-02,6.46,1428,2,19,358.37,0,28
SUB101661,2026-07,1.29,433,1,13,76.11,0,28
SUB100309,2026-05,5.91,82,2,17,224.84,0,27
SUB100327,2026-04,9.55,126,0,10,269.78,0,30
SUB100662,2026-02,6.11,677,2,11,242.17,0,27
SUB100458,2026-04,7.34,67,2,14,169.17,0,28
SUB101859,2026-07,30.93,120,0,3,545.78,0,26
SUB102777,2026-06,8.05,100,0,5,215.02,0,26
SUB101245,2026-02,6.8,625,1,8,362.3,0,26
SUB100255,2026-07,6.01,169,2,8,164.19,0,26
SUB101159,2026-06,1.0,176,0,7,165.17,0,30
SUB100194,2026-07,4.18,240,0,14,290.44,1,27
SUB101905,2026-06,19.75,219,2,5,393.04,0,29
SUB101555,2026-07,4.99,20,3,10,260.74,0,26
SUB100142,2026-06,0.88,117,4,18,212.02,0,28
SUB101336,2026-03,8.41,102,1,9,461.06,1,28
SUB102937,2026-03,10.95,108,1,4,317.64,0,30
SUB100221,2026-02,3.42,257,1,10,211.74,0,30
SUB102719,2026-06,6.7,234,3,10,144.55,0,28
SUB102006,2026-05,3.81,714,0,15,117.14,0,30
SUB102788,2026-03,22.87,80,2,17,543.0,1,28
SUB102003,2026-06,11.54,178,0,14,372.1,0,28
SUB100125,2026-02,4.77,201,1,15,221.29,0,26
SUB101049,2026-04,16.86,142,1,14,325.85,0,28
SUB101843,2026-06,5.47,114,2,15,174.81,0,30
SUB102344,2026-06,2.73,239,3,11,99.35,0,29
SUB102528,2026-03,2.1,289,5,16,201.67,0,26
SUB101418,2026-07,1.85,368,5,10,187.84,0,30
SUB102086,2026-03,1.29,169,2,13,224.96,0,28
SUB102844,2026-05,1.39,431,3,7,111.67,0,29
SUB100082,2026-03,13.51,403,0,28,140.33,1,29
SUB100276,2026-03,2.37,108,0,16,138.82,0,26
SUB101759,2026-02,9.19,321,7,8,217.58,0,29
SUB101802,2026-05,2.4,176,3,12,141.06,0,30
SUB101190,2026-02,8.46,186,1,17,251.81,0,29
SUB101902,2026-02,6.22,142,2,10,209.9,0,26
SUB101574,2026-05,5.24,321,2,16,174.23,0,30
SUB101260,2026-05,1.07,294,2,11,207.07,0,28
SUB100311,2026-07,8.08,216,5,12,182.33,0,27
SUB100780,2026-04,7.22,249,3,7,279.13,0,27
SUB100038,2026-07,16.56,325,3,13,156.29,0,28
SUB100161,2026-05,4.24,224,2,12,178.41,0,27
SUB102169,2026-04,8.74,179,1,10,160.12,0,26
SUB102350,2026-05,0.36,72,4733,14,200.17,0,26
SUB100399,2026-03,10.85,95,2,9,366.9,0,29
SUB102490,2026-07,15.54,411,0,7,241.05,1,30
SUB101258,2026-07,6.51,268,2,7,247.25,0,29
SUB101628,2026-04,12.71,207,1,8,300.25,0,28
SUB102193,2026-03,1.34,128,1,12,131.33,0,28
SUB102560,2026-07,1.49,286,0,13,271.97,0,29
SUB102169,2026-05,6.59,353,3,14,185.5,0,26
SUB100400,2026-07,7.2,213,1,9,443.59,0,30
SUB100408,2026-03,13.29,267,2,23,424.61,0,27
SUB100654,2026-02,15.17,169,3,8,235.66,0,27
SUB101943,2026-07,26.73,206,3,3,576.56,0,26
SUB100238,2026-04,9.23,266,1,26,262.54,1,26
SUB101150,2026-05,8.52,1009,2,10,252.73,0,29
SUB100538,2026-03,13.83,75,4,9,352.0,0,29
SUB101009,2026-05,8.7,116,1,12,143.18,0,29
SUB102857,2026-07,7.91,511,3,11,236.87,0,26
SUB101044,2026-04,10.35,164,2,16,233.9,0,28
SUB100184,2026-04,14.99,84,2,12,185.83,0,27
SUB100052,2026-02,0.69,134,0,8,224.54,1,27
SUB100503,2026-03,10.18,858,4,13,219.39,1,27
SUB100600,2026-07,9.63,106,3,21,321.66,1,27
SUB100583,2026-07,8.09,314,2,14,190.13,0,29
SUB100786,2026-07,6.19,61,2,9,290.73,0,28
SUB102804,2026-02,2.29,211,4,20,151.2,0,26
SUB101516,2026-04,13.49,118,2,10,298.98,0,28
SUB100502,2026-02,1.46,20,2,9,126.21,0,27
SUB102290,2026-07,13.71,222,3,6,230.86,0,28
SUB101029,2026-06,1.94,213,2,12,115.63,0,29
SUB102008,2026-05,7.66,433,3,11,203.72,0,27
SUB101673,2026-03,8.88,190,2,11,196.93,1,29
SUB103122,2026-03,7.46,239,1,16,196.47,0,28
SUB102293,2026-03,30.35,162,5,7,591.53,0,26
SUB100349,2026-05,2.83,172,3,6,231.23,0,26
SUB102988,2026-03,12.26,56,3,12,237.54,0,30
SUB101707,2026-03,0.88,399,2,6,157.25,0,26
SUB103174,2026-05,1.56,120,1,8,135.9,0,27
SUB103011,2026-07,12.87,367,4,14,427.74,0,27
SUB101674,2026-03,1.43,153,4,7,176.62,0,29
SUB102779,2026-05,12.18,107,2,13,368.72,0,27
SUB101364,2026-05,2.47,94,2,6,83.47,0,29
SUB102949,2026-07,7.46,28,1,8,242.02,0,27
SUB100170,2026-04,15.59,77,2,10,292.14,1,26
SUB100158,2026-05,14.15,55,1,6,199.81,0,30
SUB102535,2026-05,6.78,117,1,8,197.42,0,28
SUB100433,2026-07,34.42,153,2,12,351.92,0,30
SUB102557,2026-02,10.62,258,1,3,296.33,0,26
SUB102855,2026-06,13.29,205,1,18,575.1,0,30
SUB102667,2026-02,2.64,354,3,18,249.18,0,30
SUB101904,2026-03,6.16,124,2,9,295.75,0,29
SUB100717,2026-07,0.46,36,1,13,71.21,0,30
SUB100466,2026-03,6.79,156,1,15,321.79,0,27
SUB102769,2026-07,4.83,57,4,8,257.2,0,29
SUB102788,2026-07,37.48,224,2,10,444.82,0,30
SUB102144,2026-02,23.46,365,0,6,364.81,0,30
SUB102934,2026-05,1.98,79,3,5,118.15,0,29
SUB102140,2026-06,15.22,49,1,10,404.84,0,26
SUB100122,2026-04,10.6,205,4,5,317.95,0,28
SUB102676,2026-06,2.05,143,2,17,213.4,0,27
SUB101712,2026-06,4.82,320,2,17,314.27,0,27
SUB100515,2026-07,4.28,76,3,11,275.06,0,29
SUB101763,2026-03,2.14,94,1,9,216.03,0,30
SUB101465,2026-04,11.93,72,2,10,211.48,0,27
SUB100750,2026-05,13.7,319,2,8,330.85,0,29
SUB102251,2026-02,1.4,413,4,9,199.67,0,28
SUB100325,2026-04,11.05,238,1,12,284.25,0,29
SUB100938,2026-04,20.28,173,1,13,471.84,0,28
SUB102992,2026-07,4.94,143,1,14,303.21,0,30
SUB100676,2026-04,0.42,32,3222,11,181.49,0,30
SUB102442,2026-07,4.91,312,2,9,184.22,2,26
SUB101979,2026-03,12.9,347,2,16,400.26,0,30
SUB102931,2026-03,9.9,60,3,13,321.4,0,28
SUB103049,2026-05,23.44,189,4,7,423.84,0,26
SUB101315,2026-05,3.08,191,2,25,85.83,0,29
SUB102088,2026-02,15.88,106,2,14,301.38,0,29
SUB101505,2026-04,6.6,19,0,14,260.26,0,28
SUB101391,2026-04,1.2,210,2,8,198.39,0,28
SUB100307,2026-06,16.19,114,2,19,307.28,0,28
SUB102398,2026-03,14.58,54,2,13,364.58,1,27
SUB101353,2026-02,12.22,105,4,11,355.81,0,30
SUB101747,2026-06,5.1,96,2,13,123.56,0,27
SUB101906,2026-06,0.69,71,1,17,84.77,1,27
SUB100548,2026-06,9.99,101,3,14,262.73,0,28
SUB100515,2026-02,4.8,87,4,26,299.78,0,28
SUB100185,2026-03,13.48,64,0,21,301.04,0,27
SUB102264,2026-03,7.5,584,5,14,110.5,0,26
SUB101480,2026-03,4.85,165,0,9,259.72,0,26
SUB101937,2026-02,18.0,78,1,11,412.84,0,26
SUB100413,2026-06,13.31,249,2,10,206.22,0,26
SUB100715,2026-06,5.19,88,1,9,286.76,0,28
SUB100265,2026-02,3.95,119,0,5,387.05,0,27
SUB101915,2026-06,3.33,28,1,4,490.29,0,29
SUB100973,2026-07,2.48,51,3,11,185.36,0,26
SUB102203,2026-05,0.8,593,2,11,278.92,0,28
SUB103192,2026-04,5.86,89,3,10,81.75,0,26
SUB102588,2026-03,10.89,66,3,9,277.11,0,29
SUB101524,2026-05,9.31,446,4,21,290.98,0,26
SUB101982,2026-07,4.75,97,4,15,241.7,0,27
SUB102025,2026-02,5.81,128,1,9,229.69,0,28
SUB100362,2026-03,1.24,314,3,1,209.55,0,30
SUB100114,2026-06,4.31,64,1,12,186.73,1,27
SUB102352,2026-04,8.57,457,0,25,161.6,0,26
SUB100762,2026-04,7.6,159,1,16,343.12,0,27
SUB102797,2026-03,0.65,137,5,10,307.19,1,29
SUB100124,2026-05,5.55,392,4,13,216.2,0,26
SUB100409,2026-03,6.12,542,1,6,331.42,0,28
SUB101239,2026-02,17.19,164,1,11,188.33,0,26
SUB102144,2026-05,19.22,202,1,10,461.59,0,30
SUB103155,2026-02,7.04,152,1,11,178.65,0,26
SUB102247,2026-02,8.38,114,3,10,283.68,0,28
SUB103053,2026-07,34.14,248,1,8,426.83,0,27
SUB101954,2026-07,11.69,243,1,11,204.84,0,30
SUB101254,2026-05,16.53,164,0,15,293.21,0,27
SUB102900,2026-05,11.44,29,2,13,312.9,0,29
SUB102459,2026-02,17.91,306,0,10,329.31,0,28
SUB102260,2026-06,13.74,73,3,12,398.26,0,28
SUB100963,2026-03,10.96,112,1,5,279.96,1,30
SUB101245,2026-06,5.01,538,4,9,346.17,0,29
SUB101557,2026-03,9.33,348,8,15,380.49,0,26
SUB102786,2026-06,16.93,418,2,14,455.34,0,26
SUB101916,2026-05,9.29,276,1,8,222.75,0,29
SUB101528,2026-07,3.29,244,2,10,244.5,0,26
SUB101981,2026-03,11.72,327,4,2,347.06,0,30
SUB103030,2026-02,6.52,276,1,2,258.87,0,28
SUB100816,2026-02,7.26,52,2,4,212.55,0,30
SUB100116,2026-02,7.9,141,0,20,403.94,0,27
SUB102593,2026-03,6.21,177,7,7,379.72,0,28
SUB100330,2026-02,8.46,582,2,10,315.35,0,27
SUB102874,2026-03,10.84,94,2,14,239.64,0,30
SUB103191,2026-05,1.16,350,3,8,125.45,0,26
SUB101480,2026-05,10.45,171,1,10,296.34,0,28
SUB100491,2026-07,14.54,515,2,13,,0,26
SUB101528,2026-07,3.29,244,2,10,244.5,0,26
SUB100247,2026-06,11.0,109,5,4,200.62,0,29
SUB102162,2026-06,2.08,807,1,12,278.72,0,26
SUB100562,2026-02,9.22,397,1,17,282.56,0,27
SUB101531,2026-02,7.16,332,2,7,306.63,0,26
SUB101813,2026-03,0.65,828,0,9,189.16,0,26
SUB102976,2026-07,4.63,474,2,11,274.99,0,27
SUB102590,2026-03,1.01,118,1,12,151.01,0,27
SUB101866,2026-05,8.77,177,5,12,197.39,0,26
SUB102669,2026-07,14.78,511,0,10,351.93,0,28
SUB101056,2026-04,14.68,238,0,14,164.69,0,27
SUB100188,2026-03,5.78,423,2,5,271.1,0,27
SUB100899,2026-05,7.84,151,1,15,286.28,1,27
SUB101332,2026-03,1.99,177,1,7,145.15,0,29
SUB101497,2026-04,9.78,409,3,11,324.86,0,27
SUB101032,2026-05,8.35,285,2,7,260.73,0,27
SUB100346,2026-07,17.75,105,2,10,358.34,0,29
SUB102148,2026-06,3.54,48,3,10,206.0,0,30
SUB100960,2026-03,4.42,319,0,8,261.22,1,29
SUB101414,2026-02,9.06,103,0,9,233.22,0,30
SUB101554,2026-05,6.02,54,2,7,127.53,0,29
SUB101996,2026-03,0.7,140,3,9,118.98,0,30
SUB101031,2026-04,4.11,108,0,10,347.18,0,28
SUB102731,2026-06,1.69,323,0,7,166.84,0,27
SUB100538,2026-04,8.62,139,3,9,241.04,0,29
SUB101967,2026-03,10.47,75,3,4,415.52,0,28
SUB100877,2026-07,5.27,279,0,3,212.87,0,30
SUB102410,2026-02,11.56,112,2,14,346.7,0,27
SUB101331,2026-07,0.78,317,2,8,194.42,0,27
SUB100832,2026-03,11.4,404,3,8,266.87,0,26
SUB101958,2026-05,10.05,463,0,13,326.43,0,29
SUB101725,2026-03,5.72,576,3,11,158.85,0,27
SUB100203,2026-07,1.11,346,6,3,193.06,0,30
SUB101183,2026-03,11.31,142,2,10,361.48,0,29
SUB101447,2026-02,8.19,88,5,11,143.58,0,30
SUB100528,2026-04,10.88,113,3,8,328.41,0,28
SUB102563,2026-06,12.3,115,3,10,172.47,0,30
SUB102688,2026-05,1.64,161,2,10,132.15,0,28
SUB100990,2026-04,5.28,165,2,19,162.25,0,29
SUB101999,2026-03,7.31,467,1,11,226.41,1,30
SUB101613,2026-03,16.22,245,0,6,260.42,0,26
SUB102950,2026-06,8.61,326,5,10,291.14,0,28
SUB101214,2026-05,11.18,118,1,13,225.88,0,29
SUB101759,2026-07,10.75,527,0,9,225.11,0,29
SUB101757,2026-05,0.63,277,4,7,256.73,0,30
SUB102098,2026-07,15.41,644,2,8,312.22,0,30
SUB102703,2026-05,3.56,191,4,13,206.29,0,26
SUB102038,2026-03,8.26,507,4,13,314.6,0,29
SUB100024,2026-02,25.99,257,2,15,431.98,1,27
SUB100132,2026-02,4.31,358,5,5,151.99,0,28
SUB100748,2026-07,20.64,165,1,19,506.85,0,28
SUB102682,2026-05,7.86,223,2,14,285.35,0,27
SUB101517,2026-02,8.56,153,2,13,179.38,0,30
SUB101978,2026-06,4.52,442,3,7,151.82,0,29
SUB102315,2026-03,2.29,41,2,10,233.11,1,29
SUB101285,2026-02,5.44,292,2,8,313.37,0,30
SUB101688,2026-04,2.96,227,3,13,177.31,0,26
SUB102102,2026-04,12.07,114,1,9,314.35,0,27
SUB101848,2026-07,15.38,567,2,9,327.14,0,29
SUB100728,2026-04,0.06,89,4755,14,319.78,0,29
SUB102928,2026-03,9.52,701,1,9,327.63,0,30
SUB102849,2026-04,18.68,166,2,6,378.85,0,27
SUB100001,2026-04,6.99,206,2,10,280.94,0,28
SUB102392,2026-05,21.8,56,4,9,342.28,0,30
SUB101632,2026-02,2.04,255,4,9,191.2,0,28
SUB102534,2026-06,13.64,228,2,5,228.03,0,29
SUB101825,2026-07,11.03,98,5,11,367.17,1,30
SUB102197,2026-05,3.92,169,1,10,121.44,0,26
SUB101553,2026-07,21.44,227,5,4,471.21,0,27
SUB101740,2026-03,8.57,337,3,6,245.18,0,29
SUB101200,2026-04,31.63,139,1,10,531.87,0,26
SUB101179,2026-06,5.38,141,3,7,233.53,0,26
SUB102220,2026-02,5.48,323,2,6,190.97,1,28
SUB101019,2026-03,15.79,204,1,8,387.03,0,27
SUB100514,2026-05,4.37,46,4,7,73.44,0,30
SUB101279,2026-03,3.74,142,2,11,158.27,0,27
SUB101151,2026-05,9.72,77,3,23,348.71,0,30
SUB102369,2026-05,14.51,45,4,11,291.27,1,29
SUB102910,2026-06,17.07,303,1,15,434.77,0,30
SUB102230,2026-04,2.27,200,1,19,97.62,1,26
SUB102290,2026-06,10.91,328,2,9,271.24,0,28
SUB101472,2026-07,1.68,499,1,9,147.3,0,29
SUB102057,2026-03,9.34,198,2,13,384.93,0,28
SUB102930,2026-02,0.79,151,4,9,218.89,0,28
SUB102223,2026-06,22.15,404,3,12,360.72,0,26
SUB100926,2026-02,0.69,47,1,14,203.59,0,30
SUB102271,2026-07,3.82,316,3,7,168.87,0,29
SUB100925,2026-05,3.28,96,3,7,280.29,0,28
SUB101804,2026-04,13.46,45,3,10,310.31,0,28
SUB100849,2026-07,1.64,288,1,22,124.37,0,29
SUB102350,2026-04,0.14,67,5940,9,172.98,0,26
SUB100390,2026-07,12.4,131,5,12,210.35,0,28
SUB101014,2026-02,0.27,64,3702,13,222.38,0,29
SUB102297,2026-02,2.81,133,2,10,281.81,0,27
SUB102439,2026-03,7.49,121,4,8,187.77,0,30
SUB100952,2026-04,8.47,227,3,3,276.83,0,29
SUB101379,2026-07,8.32,218,2,11,295.81,0,30
SUB100938,2026-06,22.25,157,1,18,454.09,0,27
SUB101671,2026-03,9.3,383,0,14,233.41,0,28
SUB101747,2026-04,5.9,79,1,14,168.09,0,28
SUB102730,2026-04,3.08,417,0,13,183.26,0,30
SUB103048,2026-07,2.29,223,3,9,155.32,0,26
SUB101168,2026-07,4.3,321,5,6,103.9,0,26
SUB101962,2026-06,10.31,132,4,12,158.86,1,26
SUB101054,2026-03,3.96,160,0,6,171.73,0,28
SUB100892,2026-07,6.22,408,2,7,231.43,0,28
SUB102517,2026-07,2.98,235,6,10,163.05,0,28
SUB101755,2026-02,11.87,57,2,4,329.35,0,29
SUB101257,2026-02,16.03,577,1,12,359.93,0,27
SUB101995,2026-03,3.2,88,4,16,122.48,0,28
SUB101773,2026-03,2.34,140,2,14,139.88,0,29
SUB100737,2026-06,1.14,246,3,13,74.77,0,26
SUB102643,2026-06,7.14,214,1,6,350.38,0,26
SUB100973,2026-06,2.47,133,2,13,193.15,0,30
SUB103028,2026-06,6.83,400,4,2,230.22,1,29
SUB102800,2026-07,3.04,439,2,9,237.83,0,28
SUB101037,2026-03,0.62,329,2,6,258.09,0,30
SUB103200,2026-04,7.01,519,2,14,445.37,0,30
SUB101555,2026-06,7.0,57,1,10,287.23,0,28
SUB102880,2026-02,5.49,88,1,8,414.54,0,27
SUB101521,2026-04,1.83,265,4,6,154.57,0,26
SUB102727,2026-07,5.76,166,3,14,345.78,0,27
SUB100626,2026-04,0.54,85,0,8,195.19,0,27
SUB100605,2026-02,13.16,77,1,23,382.55,1,27
SUB100871,2026-03,6.39,129,3,22,233.97,0,27
SUB101666,2026-02,17.14,442,1,14,294.3,0,28
SUB102737,2026-06,10.22,289,2,10,244.32,0,27
SUB100629,2026-05,18.44,128,2,7,174.51,0,28
SUB101678,2026-02,4.67,201,2,9,77.92,0,30
SUB101015,2026-05,1.77,329,0,14,142.62,0,27
SUB102461,2026-07,9.0,281,0,2,227.15,0,29
SUB100131,2026-05,1.48,475,1,9,177.15,0,28
SUB102187,2026-06,5.66,98,2,15,204.56,0,30
SUB102528,2026-06,1.85,706,0,11,185.55,0,30
SUB100874,2026-03,6.9,228,3,11,254.34,0,29
SUB102143,2026-03,13.5,36,4,12,346.56,0,28
SUB100754,2026-03,6.84,49,1,14,264.62,0,30
SUB100604,2026-03,5.67,466,2,10,206.45,0,26
SUB101744,2026-04,13.09,406,0,5,262.48,0,30
SUB100402,2026-03,5.12,335,3,10,321.73,0,28
SUB102920,2026-05,12.75,130,5,13,290.42,0,27
SUB102726,2026-03,7.73,389,1,8,226.67,0,30
SUB101086,2026-03,9.2,300,3,11,324.43,0,28
SUB102674,2026-07,16.08,100,4,17,468.58,0,27
SUB102694,2026-02,10.53,406,3,15,355.42,0,28
SUB102486,2026-02,2.08,59,1,9,273.25,0,27
SUB102627,2026-02,11.16,219,2,8,244.06,0,28
SUB100958,2026-05,3.88,63,0,13,336.35,0,28
SUB100926,2026-06,1.01,79,2,11,181.35,0,26
SUB100409,2026-05,6.28,590,3,6,276.7,0,30
SUB101299,2026-04,3.94,256,3,13,213.32,0,26
SUB100965,2026-07,1.84,48,2,10,119.1,0,29
SUB100656,2026-06,14.48,207,3,10,422.09,0,28
SUB102921,2026-06,7.8,252,0,12,194.97,0,29
SUB102284,2026-06,7.02,191,6,16,223.94,0,30
SUB102410,2026-05,14.88,114,1,10,274.69,0,29
SUB102428,2026-07,1.21,198,6,10,330.14,0,29
SUB102866,2026-04,6.45,76,2,9,151.0,0,29
SUB100148,2026-02,11.99,69,3,5,250.55,0,30
SUB102605,2026-07,17.84,183,1,11,411.64,0,27
SUB102372,2026-04,14.33,64,3,10,306.94,0,27
SUB101370,2026-04,9.26,154,2,10,134.43,0,26
SUB100259,2026-06,8.0,289,1,23,203.72,1,29
SUB102292,2026-03,6.58,127,1,12,129.0,0,29
SUB101788,2026-05,1.11,107,5,6,157.01,0,26
SUB102657,2026-06,8.48,146,1,6,161.9,0,26
SUB101315,2026-02,1.69,143,0,20,88.65,0,26
SUB101914,2026-07,9.35,206,4,10,207.61,0,27
SUB102045,2026-03,9.98,43,1,12,345.99,1,29
SUB100418,2026-02,7.33,54,2,6,247.82,1,28
SUB101749,2026-02,4.77,17,3,11,245.01,0,26
SUB103002,2026-06,9.98,99,1,11,335.87,0,29
SUB102149,2026-07,1.41,92,2,9,171.63,0,28
SUB101757,2026-03,0.56,279,3,13,285.12,0,29
SUB100391,2026-04,11.82,65,0,14,365.31,0,26
SUB102903,2026-05,20.26,78,3,16,418.92,1,30
SUB103070,2026-04,2.25,123,2,17,207.82,0,29
SUB101905,2026-07,17.35,248,3,14,399.98,0,26
SUB102672,2026-04,1.62,209,1,5,169.63,0,30
SUB100026,2026-06,2.35,140,1,9,99.26,0,28
SUB102663,2026-02,8.89,270,3,11,248.33,0,30
SUB100851,2026-06,1.23,10,2,8,249.79,0,30
SUB102832,2026-04,13.95,194,3,9,180.79,0,27
SUB101132,2026-03,14.86,397,3,14,296.63,0,29
SUB101126,2026-04,7.76,114,4,16,209.16,1,28
SUB100638,2026-07,5.98,106,3,26,109.58,0,28
SUB100834,2026-02,0.88,233,0,9,132.02,0,28
SUB100903,2026-02,2.27,220,2,5,181.5,0,28
SUB100859,2026-02,8.02,422,3,13,222.85,0,26
SUB101872,2026-04,6.07,462,1,15,242.19,0,27
SUB100476,2026-03,2.49,155,4,22,162.14,0,30
SUB102970,2026-06,9.19,170,3,15,237.59,0,27
SUB100635,2026-07,1.54,570,2,9,147.46,1,28
SUB102859,2026-07,7.79,45,3,10,101.29,0,27
SUB100514,2026-04,4.86,63,2,7,76.33,0,29
SUB100227,2026-07,5.43,179,2,12,173.03,0,30
SUB101087,2026-06,23.97,270,2,7,414.31,0,29
SUB101324,2026-04,6.27,139,0,12,166.11,0,26
SUB102155,2026-02,3.51,368,1,16,219.09,0,26
SUB101030,2026-02,2.35,249,2,11,138.33,0,27
SUB101084,2026-04,1.52,287,0,6,289.47,0,30
SUB100183,2026-07,1.19,273,3,13,127.97,0,30
SUB102003,2026-03,13.6,300,2,9,351.48,0,29
SUB101406,2026-07,1.51,79,3,8,77.66,0,26
SUB102904,2026-05,1.68,139,2,6,223.88,0,27
SUB100105,2026-07,5.74,103,2,11,189.74,0,27
SUB100328,2026-07,4.1,228,0,9,118.04,0,28
SUB102381,2026-02,6.55,266,2,10,267.89,0,26
SUB100134,2026-07,15.65,203,1,12,366.58,0,29
SUB101627,2026-05,3.36,56,2,15,155.32,0,26
SUB100059,2026-07,9.03,149,1,13,273.88,0,26
SUB100422,2026-04,3.18,292,1,10,167.6,0,30
SUB100620,2026-04,3.98,216,1,12,260.96,0,26
SUB100406,2026-07,5.52,157,2,10,198.72,0,30
SUB102226,2026-06,1.59,38,5,13,81.07,0,30
SUB102073,2026-05,5.93,245,4,5,187.74,0,28
SUB101198,2026-04,1.76,151,4,11,218.06,1,29
SUB102254,2026-03,9.13,275,1,5,387.25,0,26
SUB101662,2026-05,13.48,735,1,15,399.5,0,28
SUB101634,2026-02,6.98,161,3,16,216.17,1,28
SUB100870,2026-06,14.53,86,0,8,328.29,0,26
SUB100532,2026-03,7.13,19,3,17,161.69,0,29
SUB103037,2026-06,8.73,88,0,5,256.28,0,26
SUB102477,2026-03,1.16,355,1,13,77.57,0,26
SUB102035,2026-02,1.27,695,1,10,169.19,0,26
SUB102062,2026-03,3.97,186,1,20,114.46,0,28
SUB100026,2026-05,1.82,83,1,10,92.19,0,30
SUB102904,2026-04,1.57,169,2,3,260.61,0,30
SUB100549,2026-05,14.3,150,1,6,388.64,0,26
SUB102660,2026-07,25.65,336,1,8,420.84,0,28
SUB102628,2026-06,1.84,106,4,14,127.77,0,27
SUB101486,2026-04,7.06,108,2,11,209.04,0,30
SUB101183,2026-05,7.39,156,2,10,357.9,0,28
SUB101856,2026-05,12.31,109,1,5,360.64,1,28
SUB102288,2026-03,8.39,31,2,9,307.47,0,28
SUB100320,2026-04,4.21,212,3,8,208.91,0,27
SUB102021,2026-07,0.85,264,2,15,162.25,0,30
SUB103170,2026-06,0.78,240,1,11,208.56,0,30
SUB100874,2026-02,11.29,285,3,9,268.37,0,29
SUB102023,2026-05,10.97,74,2,5,248.33,2,30
SUB100909,2026-07,3.64,217,1,15,207.88,1,28
SUB101595,2026-03,1.23,575,2,14,207.02,0,28
SUB100760,2026-06,58.13,314,1,8,562.87,0,29
SUB102678,2026-06,2.91,118,3,16,199.65,0,26
SUB102625,2026-07,25.3,111,0,16,474.68,0,27
SUB100309,2026-06,7.35,105,3,5,236.1,0,29
SUB101386,2026-03,24.67,187,4,10,439.06,0,26
SUB102603,2026-06,16.86,145,0,11,386.91,0,30
SUB100771,2026-07,6.83,56,4,10,114.37,0,29
SUB101064,2026-04,10.29,135,1,9,250.22,0,29
SUB102442,2026-05,3.92,234,1,11,180.7,0,30
SUB102310,2026-07,11.1,95,2,7,221.86,0,30
SUB102156,2026-03,6.78,215,3,13,155.03,0,28
SUB102487,2026-07,20.22,322,4,10,429.83,0,26
SUB102642,2026-05,1.7,620,1,9,330.07,0,29
SUB103081,2026-05,1.15,74,1,17,104.89,0,26
SUB101260,2026-06,1.39,301,3,6,182.73,0,28
SUB101464,2026-07,4.95,74,1,14,177.11,0,30
SUB102874,2026-04,13.0,145,2,11,258.06,0,29
SUB100226,2026-05,10.56,145,2,13,222.13,0,29
SUB101826,2026-02,9.97,427,0,15,318.42,0,30
SUB102614,2026-03,9.96,1055,2,15,325.31,0,30
SUB101912,2026-03,13.6,280,4,9,228.75,0,29
SUB102405,2026-05,6.87,133,5,4,257.93,0,28
SUB101850,2026-06,3.84,150,3,10,249.66,1,30
SUB102519,2026-05,2.09,111,4,5,239.75,0,27
SUB100062,2026-04,8.51,222,2,14,287.06,0,30
SUB100072,2026-03,1.18,415,2,12,207.67,0,27
SUB102733,2026-07,17.83,136,4,13,572.82,0,28
SUB102715,2026-02,10.1,117,0,9,429.29,0,28
SUB100985,2026-07,13.2,332,1,10,293.23,1,28
SUB102585,2026-05,7.8,185,3,10,343.13,0,28
SUB103158,2026-02,6.32,520,0,10,137.15,0,27
SUB101352,2026-05,3.08,242,3,9,135.67,0,29
SUB100368,2026-03,4.43,298,2,5,199.44,0,26
SUB102839,2026-02,4.94,256,3,17,317.63,0,30
SUB103078,2026-04,6.43,205,6,19,203.38,0,30
SUB100457,2026-05,12.9,288,2,10,344.46,1,26
SUB103002,2026-05,17.37,78,1,13,281.85,0,26
SUB100573,2026-07,9.03,377,0,9,238.74,0,30
SUB101999,2026-07,4.13,172,5,7,206.23,0,28
SUB102470,2026-04,1.55,203,1,7,207.23,0,26
SUB101047,2026-04,4.46,467,1,8,186.53,0,26
SUB101614,2026-04,22.49,148,3,16,381.89,0,29
SUB102865,2026-02,4.8,288,3,14,144.55,0,28
SUB102713,2026-04,32.47,249,1,13,462.9,0,27
SUB102276,2026-07,6.77,349,2,22,218.18,0,28
SUB102102,2026-07,10.33,76,1,4,278.27,0,28
SUB100013,2026-07,23.84,167,3,10,347.1,0,26
SUB101664,2026-05,5.2,200,1,6,100.43,0,26
SUB100024,2026-07,21.96,294,1,20,399.83,0,28
SUB101090,2026-07,10.88,355,1,12,205.88,1,30
SUB101049,2026-06,21.88,121,2,15,336.45,1,29
SUB101612,2026-05,4.11,683,0,19,222.15,0,27
SUB101199,2026-03,13.03,108,2,9,286.0,0,26
SUB103085,2026-05,5.86,411,2,4,218.22,0,27
SUB102624,2026-02,10.5,139,4,5,249.59,0,29
SUB100341,2026-05,5.43,168,5,9,144.66,0,29
SUB100574,2026-04,9.25,109,1,11,466.99,0,30
SUB100476,2026-07,1.44,81,4,14,159.42,0,28
SUB102782,2026-04,7.75,606,1,12,243.37,0,27
SUB100355,2026-07,4.14,118,1,11,143.17,0,26
SUB100476,2026-05,2.35,121,0,15,181.09,0,30
SUB101913,2026-06,6.88,438,1,3,255.66,0,29
SUB101804,2026-02,18.86,130,2,3,273.18,1,28
SUB101329,2026-02,5.71,221,3,9,180.01,0,26
SUB102864,2026-03,11.33,251,2,8,259.41,0,26
SUB101808,2026-04,5.54,29,2,16,120.73,0,29
SUB100784,2026-02,37.39,100,4,4,506.51,0,29
SUB102359,2026-06,6.26,278,3,7,289.16,0,30
SUB102074,2026-04,2.74,388,3,14,210.8,0,26
SUB100022,2026-02,8.16,183,0,17,368.29,0,29
SUB101733,2026-07,1.02,226,4,11,198.75,0,29
SUB103022,2026-03,13.79,675,0,3,355.68,0,28
SUB101679,2026-05,2.17,65,1,14,154.21,0,27
SUB102938,2026-07,6.95,303,2,7,212.71,1,28
SUB102535,2026-07,7.2,189,1,10,215.47,0,28
SUB102329,2026-02,6.49,81,1,10,169.8,0,26
SUB102286,2026-03,4.96,22,2,3,242.37,1,30
SUB102650,2026-06,1.03,106,2,12,145.01,0,29
SUB100386,2026-04,4.83,216,5,9,182.66,1,29
SUB101171,2026-04,23.2,72,2,10,390.31,0,27
SUB100984,2026-07,5.01,196,3,3,287.42,0,30
SUB101254,2026-06,12.98,142,2,11,297.39,0,29
SUB100125,2026-06,6.44,164,0,9,243.05,0,27
SUB101260,2026-07,1.37,361,1,6,201.84,0,27
SUB102845,2026-03,6.37,224,2,12,76.77,0,29
SUB102402,2026-07,13.49,397,2,14,371.09,0,30
SUB100961,2026-03,7.02,41,2,9,420.41,0,27
SUB100792,2026-03,27.71,174,1,6,396.78,0,27
SUB101465,2026-05,15.42,60,2,14,212.34,0,28
SUB100935,2026-03,14.46,143,1,12,257.68,0,27
SUB101036,2026-03,7.35,484,1,7,179.78,0,28
SUB102054,2026-04,11.62,124,1,14,273.58,0,26
SUB100652,2026-02,1.77,281,4,13,187.1,0,29
SUB101663,2026-03,3.22,85,4,10,179.56,0,30
SUB100420,2026-03,5.98,136,1,8,222.72,0,26
SUB100208,2026-05,1.81,254,2,19,117.3,0,30
SUB101836,2026-05,19.54,238,3,17,383.78,0,30
SUB100032,2026-03,6.36,215,2,11,194.74,0,30
SUB100111,2026-05,5.33,537,2,7,187.11,0,26
SUB100672,2026-07,3.34,136,1,10,252.25,1,28
SUB102845,2026-02,3.79,223,5,10,73.16,0,26
SUB100184,2026-05,11.86,145,2,9,165.74,1,29
SUB100415,2026-04,6.94,317,1,13,228.72,1,26
SUB100169,2026-03,9.24,95,0,7,208.41,0,30
SUB101344,2026-06,21.45,526,1,9,364.44,0,30
SUB102304,2026-03,6.2,207,1,14,149.16,0,27
SUB100316,2026-04,0.8,116,3,9,215.51,1,28
SUB102151,2026-02,1.07,227,3,18,147.39,0,30
SUB100275,2026-06,2.09,503,2,9,172.72,1,28
SUB100775,2026-05,12.85,379,3,8,339.34,0,29
SUB101381,2026-05,11.17,71,1,11,261.48,0,28
SUB101435,2026-07,3.88,370,4,16,312.59,0,28
SUB102627,2026-03,8.86,177,1,7,188.66,0,29
SUB100513,2026-02,19.84,305,2,10,395.74,0,29
SUB101753,2026-04,5.03,779,3,3,171.5,0,28
SUB100245,2026-05,12.19,633,1,11,281.37,0,29
SUB100687,2026-07,0.22,30,3552,8,159.6,0,27
SUB101387,2026-02,5.7,30,0,16,116.88,0,28
SUB100027,2026-06,18.95,442,0,12,448.69,0,27
SUB102809,2026-06,0.55,385,3,17,144.1,0,30
SUB101247,2026-04,0.75,34,2,3,277.29,0,26
SUB102473,2026-07,20.49,336,0,17,243.32,0,29
SUB100143,2026-03,8.6,255,1,4,247.87,0,29
SUB100854,2026-04,4.85,186,1,3,129.01,1,27
SUB101417,2026-06,1.4,719,1,3,170.0,0,29
SUB100160,2026-02,7.42,31,2,12,151.02,0,28
SUB102787,2026-06,9.63,244,4,8,164.75,0,28
SUB100797,2026-03,5.32,261,2,12,117.79,0,27
SUB100740,2026-06,1.3,594,0,21,64.37,0,28
SUB101180,2026-04,17.03,112,0,11,193.2,0,26
SUB100530,2026-05,7.27,188,1,9,151.06,0,26
SUB103112,2026-04,7.86,271,2,11,287.64,0,27
SUB102596,2026-04,1.73,123,3,12,276.69,0,26
SUB101827,2026-02,1.53,772,5,14,170.73,0,28
SUB101027,2026-03,29.59,133,0,7,403.99,0,30
SUB102012,2026-07,4.64,452,2,16,305.64,0,30
SUB102499,2026-07,6.44,154,0,8,354.07,0,27
SUB100333,2026-02,13.02,237,2,19,367.2,0,29
SUB101614,2026-05,19.19,102,1,14,345.31,0,28
SUB102783,2026-07,4.84,130,1,15,129.72,0,29
SUB101493,2026-05,11.85,68,3,6,248.4,0,30
SUB103168,2026-05,34.41,40,0,11,532.64,0,28
SUB102491,2026-06,9.28,74,2,5,325.85,0,29
SUB102124,2026-06,5.08,220,1,18,200.53,1,30
SUB101796,2026-02,29.59,730,1,12,503.35,0,28
SUB102726,2026-06,10.31,332,1,11,258.85,0,29
SUB103066,2026-07,6.37,137,2,15,137.23,0,27
SUB101312,2026-02,1.0,114,2,11,193.11,0,29
SUB102269,2026-03,0.73,572,4,13,228.36,0,27
SUB100452,2026-02,6.67,209,0,6,216.91,0,28
SUB103114,2026-02,3.38,397,1,6,135.98,0,28
SUB102900,2026-07,13.62,22,0,6,254.64,0,29
SUB102638,2026-07,6.11,109,2,11,286.47,0,28
SUB101292,2026-04,7.15,417,2,7,194.42,0,27
SUB103172,2026-07,3.86,30,1,13,79.15,0,27
SUB102983,2026-06,4.29,34,1,10,369.45,0,29
SUB100504,2026-03,5.05,239,0,9,334.92,0,30
SUB102247,2026-05,9.03,54,5,10,297.06,0,29
SUB102284,2026-02,4.04,143,1,16,214.55,0,28
SUB101648,2026-03,3.1,279,4,14,215.14,0,30
SUB100020,2026-07,4.81,737,0,11,268.2,0,27
SUB101382,2026-07,0.87,285,3,8,209.7,0,27
SUB101206,2026-07,16.13,122,2,23,339.68,1,26
SUB101865,2026-05,7.12,252,5,6,192.64,0,27
SUB102773,2026-05,12.75,203,2,17,260.34,1,27
SUB100974,2026-06,0.92,191,1,11,81.45,0,29
SUB102378,2026-04,5.4,163,0,18,157.38,0,28
SUB100987,2026-02,9.43,265,2,12,177.2,1,27
SUB101581,2026-05,10.17,46,4,11,370.02,1,30
SUB101035,2026-04,29.59,27,2,10,438.31,0,28
SUB101167,2026-05,5.58,147,1,14,189.16,0,29
SUB102856,2026-07,9.63,271,0,14,159.76,0,29
SUB100975,2026-07,1.75,403,1,8,197.47,0,30
SUB102064,2026-05,7.27,289,2,10,341.32,0,29
SUB100869,2026-02,1.62,532,0,16,203.98,0,27
SUB102514,2026-04,2.99,44,3,7,100.4,0,27
SUB101258,2026-05,5.4,341,3,9,276.88,0,29
SUB101494,2026-07,14.66,294,1,9,278.03,0,28
SUB102183,2026-07,17.09,207,3,14,331.44,1,27
SUB102413,2026-06,4.13,354,2,8,389.4,0,30
SUB101280,2026-07,6.91,781,3,12,261.35,0,29
SUB102281,2026-07,4.41,77,4,9,230.09,0,30
SUB101048,2026-03,2.05,144,1,15,108.63,0,26
SUB102367,2026-03,2.31,614,1,16,227.77,0,26
SUB100424,2026-04,16.07,148,2,19,292.34,0,30
SUB100478,2026-03,6.02,111,1,6,169.6,0,30
SUB100154,2026-07,1.98,370,5,10,269.3,0,27
SUB102848,2026-04,7.18,280,2,15,200.59,0,30
SUB102868,2026-02,9.15,278,1,6,355.4,0,30
SUB101602,2026-03,2.01,517,3,15,289.56,0,27
SUB101774,2026-05,13.12,118,3,6,315.52,0,27
SUB101776,2026-07,1.34,190,2,5,136.61,0,26
SUB102032,2026-05,1.2,407,3,4,87.72,0,28
SUB102711,2026-06,4.17,152,0,19,126.73,0,29
SUB100739,2026-04,5.8,267,1,7,262.78,0,28
SUB103172,2026-03,3.14,50,0,18,93.02,0,26
SUB100125,2026-04,6.6,247,3,7,229.3,0,26
SUB101469,2026-04,2.82,375,5,10,332.69,1,27
SUB102395,2026-06,8.75,300,1,14,219.7,0,29
SUB102460,2026-03,3.64,105,2,5,291.37,0,26
SUB100726,2026-02,4.1,194,1,10,118.64,0,27
SUB101186,2026-04,4.97,119,2,16,208.48,0,30
SUB102294,2026-07,1.7,236,2,7,208.64,0,29
SUB101028,2026-05,7.7,742,0,11,198.97,0,29
SUB102192,2026-06,12.55,73,2,19,213.27,1,28
SUB102823,2026-06,4.75,37,2,8,223.41,0,30
SUB100705,2026-02,1.18,336,1,6,112.39,1,26
SUB103000,2026-07,15.5,538,4,12,547.41,0,26
SUB102794,2026-07,17.94,175,3,10,303.53,0,29
SUB101413,2026-07,2.05,154,1,6,181.8,0,30
SUB100014,2026-03,0.6,497,4,18,260.72,0,30
SUB101250,2026-04,1.53,140,1,11,96.76,0,26
SUB102814,2026-04,23.79,234,1,10,368.32,0,29
SUB102296,2026-04,8.93,93,0,9,454.14,0,26
SUB102419,2026-07,5.74,119,2,7,203.99,1,29
SUB102310,2026-06,5.69,116,1,4,,0,28
SUB100876,2026-03,10.8,698,3,5,314.19,0,27
SUB102082,2026-03,7.41,174,3,9,250.51,0,27
SUB102971,2026-06,7.35,309,3,6,203.69,0,27
SUB101356,2026-03,5.51,1003,2,7,188.38,0,27
SUB101029,2026-05,1.65,267,3,12,90.16,0,27
SUB102578,2026-03,1.53,611,2,10,255.32,0,28
SUB101202,2026-02,5.73,19,2,16,232.88,0,29
SUB102397,2026-02,1.25,47,0,8,82.53,0,26
SUB102167,2026-05,0.93,385,0,16,89.94,0,29
SUB103020,2026-05,1.39,272,2,18,188.63,0,27
SUB100249,2026-04,13.87,132,4,13,383.73,0,27
SUB100534,2026-03,4.0,79,2,9,113.2,0,29
SUB100953,2026-02,1.72,207,1,9,152.55,0,27
SUB102575,2026-06,5.16,223,4,2,217.18,0,27
SUB103092,2026-05,1.85,48,1,5,141.41,0,29
SUB100624,2026-05,9.23,210,1,8,222.81,0,30
SUB100659,2026-03,20.97,497,3,8,441.8,0,29
SUB100627,2026-05,13.82,535,0,6,345.74,0,28
SUB101897,2026-05,7.91,316,1,14,359.99,0,26
SUB101053,2026-06,10.24,77,2,11,150.55,0,30
SUB102292,2026-06,5.35,87,1,11,114.9,0,27
SUB101748,2026-02,5.89,714,2,6,333.79,0,30
SUB100358,2026-06,7.54,157,2,11,326.74,0,30
SUB102447,2026-04,5.61,357,1,11,227.35,0,26
SUB101232,2026-04,24.12,124,1,5,335.29,0,28
SUB102907,2026-02,12.41,132,2,10,223.52,0,30
SUB100101,2026-06,12.48,367,1,8,333.85,0,30
SUB102394,2026-06,12.16,138,1,16,324.8,1,26
SUB102772,2026-06,2.83,226,5,6,136.11,0,28
SUB102926,2026-07,4.3,130,2,14,234.31,0,28
SUB101642,2026-03,10.24,171,1,8,176.87,0,28
SUB100382,2026-06,5.53,277,1,6,225.63,0,26
SUB101086,2026-04,7.96,503,2,10,316.01,0,27
SUB103117,2026-07,9.9,46,2,12,432.92,0,29
SUB102623,2026-07,2.82,60,5,11,197.08,0,27
SUB101435,2026-03,6.36,369,3,10,309.8,0,26
SUB101668,2026-07,19.52,177,2,12,340.32,0,28
SUB100348,2026-06,3.52,92,0,12,180.72,0,26
SUB100273,2026-02,7.84,120,2,12,164.84,1,28
SUB100943,2026-02,27.76,77,3,4,471.94,0,26
SUB101687,2026-04,13.2,51,1,7,341.19,0,26
SUB102112,2026-07,12.7,236,0,15,224.12,0,30
SUB103005,2026-04,7.7,280,3,12,332.44,0,26
SUB100828,2026-07,8.69,108,2,20,224.35,0,29
SUB100542,2026-02,10.23,78,1,5,219.01,0,29
SUB102363,2026-07,1.83,157,0,4,185.14,0,27
SUB102785,2026-03,5.58,94,1,17,180.07,0,27
SUB100152,2026-07,6.68,324,5,15,257.26,0,30
SUB101653,2026-06,11.25,356,0,12,256.3,0,30
SUB102447,2026-06,5.32,446,1,12,297.03,0,27
SUB101210,2026-02,4.71,155,5,18,256.75,0,30
SUB102807,2026-07,8.01,346,3,3,187.53,0,30
SUB100471,2026-06,20.78,79,5,13,289.83,0,29
SUB101122,2026-04,17.26,142,3,16,245.23,0,26
SUB101071,2026-03,15.02,309,1,10,226.08,0,29
SUB103035,2026-07,9.57,305,1,18,194.22,0,28
SUB101972,2026-04,8.63,82,1,10,293.52,0,27
SUB100370,2026-07,5.58,423,0,11,288.1,0,29
SUB100876,2026-06,14.79,399,2,10,329.37,0,26
SUB101032,2026-02,5.37,189,4,6,236.74,0,30
SUB103012,2026-02,9.3,204,2,6,126.02,0,30
SUB101783,2026-04,10.13,1185,3,8,236.39,0,29
SUB102071,2026-03,2.8,135,3,22,98.48,0,27
SUB100655,2026-02,5.52,678,1,14,322.78,0,27
SUB102645,2026-03,3.08,256,2,11,159.92,0,29
SUB102047,2026-02,1.06,107,2,4,179.75,1,28
SUB100157,2026-07,3.6,176,3,12,479.77,0,28
SUB102442,2026-06,5.85,202,1,5,153.01,0,30
SUB102930,2026-03,1.04,133,3,16,180.67,0,27
SUB101844,2026-04,17.07,116,1,4,459.01,0,28
SUB100364,2026-05,3.67,67,2,9,102.07,0,28
SUB102957,2026-02,14.1,174,1,13,464.77,0,27
SUB101925,2026-07,6.71,136,2,10,174.63,0,27
SUB103081,2026-03,1.66,480,4,10,119.44,0,29
SUB102804,2026-05,3.31,201,3,9,138.67,0,27
SUB102700,2026-07,5.1,66,3,8,252.71,0,29
SUB101708,2026-04,0.8,611,1,17,150.86,1,28
SUB101491,2026-05,6.71,163,4,15,297.14,0,26
SUB100208,2026-06,1.66,221,1,8,117.14,0,28
SUB102943,2026-02,33.69,276,2,16,559.01,0,30
SUB101399,2026-05,5.34,123,0,18,102.01,0,28
SUB102301,2026-03,2.23,459,0,12,183.32,0,28
SUB102496,2026-02,9.0,578,4,16,320.81,0,29
SUB100714,2026-05,6.37,122,1,10,214.15,1,26
SUB101101,2026-06,14.5,91,3,12,446.04,0,30
SUB100071,2026-05,4.93,330,0,23,187.11,1,29
SUB102337,2026-04,4.41,726,2,13,164.53,0,29
SUB101590,2026-06,9.77,77,1,7,395.51,0,30
SUB102743,2026-07,5.13,216,1,12,234.97,0,28
SUB102609,2026-03,5.07,207,4,22,525.94,0,30
SUB100013,2026-02,14.25,279,9,17,333.84,0,27
SUB102215,2026-07,20.15,305,2,11,267.51,0,29
SUB101050,2026-03,10.3,456,4,11,275.58,0,27
SUB102187,2026-02,5.82,92,4,9,182.05,0,29
SUB102471,2026-04,4.89,208,2,20,204.27,0,29
SUB100575,2026-04,6.47,158,1,9,343.03,0,30
SUB102732,2026-07,2.13,883,3,9,153.59,0,30
SUB101439,2026-05,9.44,161,1,8,320.18,0,27
SUB103084,2026-07,5.3,112,3,12,256.89,0,27
SUB100058,2026-06,5.04,211,1,10,170.21,0,29
SUB102942,2026-02,12.86,329,1,18,172.53,0,27
SUB100586,2026-05,2.4,178,3,3,150.89,0,28
SUB102259,2026-05,5.13,81,3,5,322.08,0,26
SUB101249,2026-02,67.89,153,1,9,780.13,0,29
SUB101414,2026-06,12.98,104,4,8,272.05,0,27
SUB100289,2026-05,9.43,379,0,5,234.55,0,30
SUB101858,2026-03,1.95,14,1,7,130.5,0,28
SUB102842,2026-02,10.78,272,2,6,219.9,0,30
SUB101634,2026-06,50.5,150,1,12,0.0,3,26
SUB101276,2026-03,6.84,26,0,14,0.0,0,28
SUB101004,2026-02,4.4,623,3,12,178.31,0,30
SUB100096,2026-02,1.42,419,1,4,180.46,0,30
SUB100416,2026-06,7.0,43,2,13,183.24,0,28
SUB102352,2026-02,5.4,428,1,10,179.79,1,26
SUB100856,2026-04,10.93,277,0,8,343.16,0,30
SUB102888,2026-03,8.32,151,3,13,189.99,0,29
SUB102228,2026-06,2.56,142,2,12,254.18,0,29
SUB102408,2026-06,6.22,378,1,9,312.37,0,30
SUB101935,2026-06,6.98,334,1,9,300.47,0,30
SUB102840,2026-04,3.23,93,0,3,196.84,0,29
SUB101083,2026-06,53.96,447,1,3,733.36,0,29
SUB102764,2026-04,8.65,332,1,13,328.86,0,29
SUB102372,2026-05,13.28,144,3,5,355.85,1,26
SUB100811,2026-05,16.99,121,3,17,349.74,0,28
SUB102720,2026-02,0.63,274,2,5,,0,27
SUB102618,2026-03,2.66,54,5,9,287.4,0,27
SUB102232,2026-05,16.9,178,1,12,426.62,0,29
SUB102460,2026-02,3.46,104,1,11,264.91,0,28
SUB102828,2026-03,7.13,393,2,14,332.33,0,26
SUB100437,2026-05,11.86,812,4,5,203.01,0,26
SUB100909,2026-02,4.52,177,4,13,219.21,0,26
SUB102268,2026-05,6.29,722,0,9,204.37,0,28
SUB101953,2026-05,3.07,546,3,9,232.94,0,28
SUB102708,2026-04,0.76,365,1,2,137.27,0,30
SUB103135,2026-02,0.78,123,3,14,84.95,0,28
SUB100322,2026-05,29.54,307,0,9,360.99,0,26
SUB102648,2026-04,3.61,222,3,11,137.51,1,26
SUB100120,2026-02,5.55,44,2,11,178.77,0,27
SUB102747,2026-02,10.0,314,3,22,445.28,0,30
SUB101489,2026-05,4.86,224,1,13,126.14,0,28
SUB102710,2026-04,4.44,132,0,8,205.43,0,30
SUB101998,2026-02,6.89,421,0,4,344.67,0,30
SUB101286,2026-07,1.09,898,2,15,128.56,0,29
SUB101235,2026-03,23.23,555,2,7,567.61,0,30
SUB102621,2026-06,6.99,158,1,10,297.68,0,28
SUB100395,2026-03,15.71,151,6,10,265.61,0,30
SUB100280,2026-03,10.08,167,3,14,393.02,0,27
SUB100633,2026-05,8.04,199,1,13,304.78,1,27
SUB100194,2026-06,3.84,468,2,14,234.14,0,28
SUB101176,2026-04,13.71,512,1,19,298.36,0,28
SUB100305,2026-04,17.41,293,1,7,279.39,0,30
SUB102258,2026-05,0.96,184,2,16,127.33,1,30
SUB101135,2026-02,0.86,379,5,7,227.39,0,28
SUB102390,2026-06,37.94,163,0,10,359.87,0,26
SUB100150,2026-06,5.85,116,2,6,152.76,0,28
SUB101685,2026-02,9.79,363,5,18,411.81,0,30
SUB100846,2026-04,6.34,192,2,11,183.18,0,30
SUB102042,2026-03,12.56,167,2,8,420.55,0,26
SUB100175,2026-02,10.93,90,2,8,0.0,0,29
SUB103097,2026-03,10.44,176,0,18,239.0,0,29
SUB101354,2026-04,22.1,144,2,13,358.18,0,28
SUB102506,2026-03,11.58,199,1,12,223.12,0,29
SUB102010,2026-02,8.2,47,0,2,224.7,0,26
SUB100893,2026-04,13.69,718,1,12,325.73,0,29
SUB102443,2026-04,8.07,156,2,13,267.07,0,29
SUB101428,2026-07,4.6,130,2,5,225.68,0,28
SUB101601,2026-03,0.67,187,0,23,195.0,0,27
SUB100340,2026-03,0.92,741,2,9,268.86,0,26
SUB101620,2026-04,2.92,182,1,11,235.97,0,28
SUB102750,2026-04,8.32,288,2,11,169.16,0,28
SUB101077,2026-04,7.44,366,3,12,225.09,0,27
SUB102594,2026-05,11.08,846,3,8,356.59,0,26
SUB101741,2026-02,1.91,423,2,15,195.14,0,28
SUB101010,2026-06,12.9,305,4,8,304.11,0,30
SUB101849,2026-04,2.11,173,2,10,159.68,0,27
SUB101767,2026-02,7.4,294,2,16,166.17,0,29
SUB100156,2026-05,1.14,355,1,12,154.12,0,28
SUB100098,2026-05,5.16,248,1,11,193.16,0,27
SUB102492,2026-07,1.21,603,4,6,275.16,0,28
SUB101827,2026-04,1.74,417,2,4,152.04,0,30
SUB101727,2026-04,48.76,92,1,11,579.73,0,29
SUB100509,2026-07,11.99,585,0,7,313.16,0,27
SUB101637,2026-03,7.31,340,4,15,222.32,0,30
SUB100888,2026-03,9.76,278,3,7,291.55,0,27
SUB102382,2026-07,18.59,422,1,10,473.46,0,27
SUB100853,2026-07,7.77,375,3,10,171.43,0,29
SUB100004,2026-03,13.83,205,0,5,409.24,0,30
SUB101532,2026-04,3.37,123,2,14,163.22,0,26
SUB101874,2026-07,1.86,362,0,11,127.59,0,28
SUB101095,2026-06,2.5,277,0,4,202.88,0,30
SUB100429,2026-02,14.58,335,4,12,288.94,0,28
SUB102977,2026-07,2.37,75,0,16,108.69,0,27
SUB101190,2026-03,12.51,283,3,19,240.87,0,28
SUB102680,2026-04,5.79,336,4,7,,0,26
SUB100455,2026-07,12.89,226,3,14,155.71,0,27
SUB101566,2026-03,7.01,225,3,7,147.86,0,30
SUB102366,2026-05,17.31,140,3,4,444.05,0,30
SUB101669,2026-05,3.06,156,5,13,152.69,0,30
SUB102165,2026-04,5.43,75,2,8,146.05,0,28
SUB100145,2026-02,9.95,54,0,16,297.75,0,29
SUB103095,2026-02,3.75,247,2,7,208.62,0,30
SUB100179,2026-07,18.6,331,1,16,387.83,0,30
SUB101701,2026-04,7.75,202,3,8,204.08,0,29
SUB101014,2026-05,0.33,77,5163,7,159.7,0,30
SUB102974,2026-04,12.28,228,1,11,452.0,0,30
SUB100859,2026-06,6.7,427,2,13,234.73,0,27
SUB100656,2026-03,13.75,330,4,6,341.66,0,30
SUB100846,2026-05,5.67,82,2,3,154.19,0,27
SUB100600,2026-02,5.96,192,3,10,291.42,0,26
SUB100974,2026-03,0.73,244,2,12,88.73,0,28
SUB101484,2026-07,8.91,275,6,12,149.3,0,28
SUB100321,2026-07,10.2,170,3,13,446.08,0,28
SUB100360,2026-03,8.49,140,4,9,310.29,0,27
SUB101164,2026-07,1.96,192,4,8,135.55,0,30
SUB100382,2026-04,8.41,203,3,6,205.12,0,28
SUB101344,2026-03,22.99,578,0,7,319.84,0,26
SUB101571,2026-06,5.86,100,1,7,224.12,0,30
SUB101509,2026-07,10.51,188,2,13,325.61,0,28
SUB102306,2026-05,7.69,87,3,4,382.87,1,29
SUB102756,2026-07,1.32,295,2,9,,1,29
SUB100070,2026-06,5.93,140,2,13,165.16,0,28
SUB102360,2026-06,2.76,132,1,13,157.77,0,26
SUB100991,2026-07,10.23,273,2,12,317.72,0,29
SUB102943,2026-07,33.86,239,1,15,661.09,0,30
SUB100378,2026-05,3.64,194,4,17,296.71,0,28
SUB102941,2026-03,9.27,413,2,13,204.27,0,29
SUB102916,2026-04,5.42,425,1,3,221.23,0,26
SUB101541,2026-05,6.57,41,1,10,317.75,0,28
SUB101268,2026-05,15.65,206,2,8,394.61,0,29
SUB100009,2026-04,6.62,121,2,13,164.26,0,30
SUB100107,2026-06,4.64,206,1,15,268.54,0,30
SUB101429,2026-05,5.39,219,1,8,193.57,0,30
SUB100596,2026-03,8.44,98,5,18,387.98,1,29
SUB100963,2026-02,11.34,88,1,14,382.71,0,28
SUB100662,2026-07,6.27,712,4,13,279.74,0,30
SUB101857,2026-04,13.12,57,1,6,228.12,0,27
SUB101472,2026-06,1.67,478,3,6,192.43,0,26
SUB100258,2026-05,26.51,433,1,17,545.92,0,27
SUB101978,2026-03,5.1,309,4,9,143.2,0,26
SUB102372,2026-03,13.23,115,1,7,317.49,0,27
SUB102899,2026-05,5.23,99,4,21,183.21,0,27
SUB100999,2026-03,1.37,17,1,14,210.75,0,27
SUB100549,2026-02,18.33,119,3,6,327.28,0,28
SUB102477,2026-07,1.08,322,3,16,57.19,0,30
SUB100913,2026-07,0.81,261,4,8,238.3,0,30
SUB101162,2026-02,14.6,93,1,4,276.24,1,28
SUB100251,2026-02,13.64,179,2,14,302.68,1,30
SUB100761,2026-03,7.21,123,2,7,174.99,0,26
SUB101461,2026-02,5.64,403,1,11,335.8,0,29
SUB103137,2026-04,5.49,269,3,16,157.0,0,30
SUB100374,2026-05,9.98,238,4,5,247.04,0,26
SUB102683,2026-07,2.47,312,1,14,253.07,0,28
SUB103195,2026-03,1.71,551,3,6,135.48,0,28
SUB102509,2026-02,3.89,195,3,2,144.64,0,27
SUB103055,2026-07,6.82,315,0,3,,1,27
SUB102339,2026-03,12.1,248,2,11,257.01,0,30
SUB102192,2026-04,11.22,90,1,13,213.1,0,29
SUB102599,2026-03,9.34,88,1,4,205.19,0,30
SUB101529,2026-04,13.84,332,4,9,329.53,0,29
SUB103155,2026-04,6.06,121,3,13,187.94,0,28
SUB100342,2026-02,3.56,64,1,7,139.2,0,30
SUB100731,2026-02,24.23,37,2,5,448.81,0,29
SUB100168,2026-04,3.81,217,3,17,165.74,0,28
SUB102327,2026-07,8.66,252,1,7,344.45,0,28
SUB101728,2026-04,21.27,118,2,8,377.11,0,28
SUB101535,2026-07,7.35,178,1,3,220.32,0,30
SUB100038,2026-02,13.39,358,2,11,189.7,0,28
SUB101388,2026-06,8.18,270,5,8,135.09,0,29
SUB100807,2026-06,1.3,404,1,7,169.39,0,30
SUB101932,2026-06,8.52,87,2,10,217.79,0,30
SUB102332,2026-06,13.84,221,2,10,318.54,0,29
SUB102986,2026-02,5.78,467,1,9,267.47,0,29
SUB101094,2026-02,11.84,233,2,11,439.48,0,26
SUB101519,2026-04,9.96,293,3,19,351.24,0,28
SUB101588,2026-03,5.58,442,1,11,302.32,0,30
SUB102852,2026-05,8.79,128,2,10,264.72,0,26
SUB101665,2026-03,9.71,198,2,7,243.09,0,30
SUB100850,2026-07,7.89,105,3,8,153.41,0,26
SUB102550,2026-05,4.48,113,1,21,185.32,0,30
SUB101439,2026-03,6.22,260,1,7,337.66,0,28
SUB101438,2026-02,1.91,727,2,10,223.02,0,28
SUB100238,2026-06,6.49,201,3,15,295.5,0,29
SUB102733,2026-06,12.43,158,3,11,377.24,0,28
SUB102086,2026-02,1.35,98,1,11,215.06,0,30
SUB101674,2026-02,2.47,169,0,12,169.61,0,30
SUB102689,2026-02,9.66,30,3,10,257.25,0,26
SUB100333,2026-04,9.15,238,2,10,341.08,0,30
SUB102641,2026-03,1.78,63,1,14,159.59,0,28
SUB103122,2026-02,7.26,314,2,21,178.05,0,29
SUB103076,2026-02,6.9,188,5,4,308.86,0,27
SUB101613,2026-06,12.09,147,0,12,230.72,0,29
SUB100299,2026-07,3.7,507,2,15,208.13,0,27
SUB102954,2026-07,11.8,140,2,9,274.28,0,28
SUB101164,2026-05,2.29,181,0,6,104.75,1,30
SUB101891,2026-03,3.97,102,2,6,288.69,0,29
SUB102518,2026-05,22.48,308,4,9,334.37,0,28
SUB100799,2026-03,10.95,203,0,8,446.09,0,30
SUB101209,2026-05,9.75,236,1,9,0.0,0,28
SUB102272,2026-03,5.88,147,2,5,121.88,0,27
SUB102392,2026-03,25.33,57,0,21,358.71,1,28
SUB100080,2026-04,2.87,148,2,11,199.14,0,26
SUB101173,2026-07,5.58,365,1,6,353.93,0,26
SUB102280,2026-05,30.09,182,1,8,345.17,1,26
SUB101255,2026-07,17.3,117,3,8,242.18,0,30
SUB100300,2026-05,4.94,127,1,9,167.52,0,30
SUB100924,2026-06,6.74,383,2,8,292.58,0,27
SUB102248,2026-06,13.25,199,0,11,299.48,0,26
SUB102079,2026-03,14.03,264,4,10,221.82,0,29
SUB103041,2026-05,7.6,243,2,8,222.36,0,26
SUB103004,2026-06,6.07,167,1,16,159.58,0,26
SUB102377,2026-03,9.89,361,1,3,240.74,0,27
SUB101647,2026-06,4.47,71,1,16,303.53,0,28
SUB101701,2026-03,10.81,176,1,12,172.96,0,26
SUB102539,2026-05,6.56,280,0,12,188.03,0,26
SUB101877,2026-04,1.1,115,1,7,171.5,0,29
SUB101540,2026-04,6.56,110,1,14,177.58,0,26
SUB101716,2026-03,3.57,183,4,7,269.16,0,30
SUB103190,2026-05,1.8,166,4,20,227.43,0,29
SUB100025,2026-07,2.62,527,3,4,275.41,0,28
SUB100830,2026-04,25.72,290,5,10,487.67,0,28
SUB102278,2026-07,8.29,166,3,11,170.58,0,30
SUB100688,2026-07,10.65,193,3,6,173.36,0,28
SUB100418,2026-07,6.66,143,0,12,318.98,0,27
SUB100595,2026-03,6.38,291,0,9,219.8,0,26
SUB101295,2026-04,10.28,47,1,18,250.16,0,28
SUB102406,2026-04,2.26,266,5,14,192.61,0,30
SUB101221,2026-04,6.97,1137,0,10,349.95,1,30
SUB101089,2026-05,3.14,170,4,14,189.62,0,30
SUB102024,2026-06,3.53,124,5,14,249.09,0,30
SUB102980,2026-02,18.55,197,4,5,291.64,0,29
SUB102781,2026-03,26.98,323,4,13,316.49,0,30
SUB101690,2026-06,12.01,126,0,6,281.06,0,30
SUB101294,2026-06,1.2,393,1,11,279.1,0,28
SUB100502,2026-04,2.15,17,4,5,130.38,0,27
SUB103058,2026-02,11.61,39,1,18,265.35,0,26
SUB103134,2026-04,5.28,117,1,11,151.08,0,30
SUB102766,2026-03,40.93,130,0,14,385.98,0,29
SUB101835,2026-07,10.47,228,3,8,,2,28
SUB101007,2026-02,6.72,1055,0,6,235.82,0,30
SUB101263,2026-03,2.1,222,1,9,173.36,1,28
SUB103033,2026-06,10.52,125,0,6,308.38,0,26
SUB101468,2026-06,8.51,192,2,16,169.04,0,27
SUB101565,2026-04,24.71,11,2,21,357.19,0,29
SUB101734,2026-04,1.7,351,1,13,166.2,0,30
SUB101931,2026-06,11.28,653,2,10,288.69,0,29
SUB103098,2026-02,13.08,757,4,7,317.45,0,26
SUB103090,2026-04,4.99,408,4,17,247.75,0,29
SUB100920,2026-07,13.61,307,5,14,353.57,0,27
SUB101244,2026-03,12.24,424,2,17,260.65,0,27
SUB100731,2026-07,21.8,32,3,2,451.1,0,28
SUB102038,2026-06,15.36,383,0,18,389.31,0,30
SUB102883,2026-04,5.49,144,3,13,271.92,0,27
SUB102116,2026-03,5.0,98,1,16,142.64,0,27
SUB100332,2026-04,6.7,656,1,7,204.68,0,30
SUB100653,2026-05,24.69,191,2,5,420.2,0,30
SUB102285,2026-02,1.64,146,3,7,253.92,0,27
SUB102934,2026-06,1.78,88,2,10,117.32,0,29
SUB102677,2026-07,8.27,78,0,14,223.44,0,30
SUB100982,2026-02,6.86,231,3,7,252.56,0,27
SUB102317,2026-04,8.07,65,3,8,233.45,0,28
SUB101052,2026-02,2.76,268,2,13,133.33,0,27
SUB100007,2026-03,7.95,228,1,15,192.7,0,29
SUB100156,2026-07,0.74,428,2,13,172.42,0,27
SUB101415,2026-02,9.06,270,2,9,277.42,0,27
SUB102331,2026-05,2.36,95,3,7,166.0,0,28
SUB100784,2026-07,32.88,125,2,6,439.1,0,26
SUB102658,2026-03,6.22,318,5,17,147.21,0,30
SUB100112,2026-04,15.37,435,3,11,280.64,0,30
SUB100261,2026-03,17.01,101,2,8,429.18,0,26
SUB102138,2026-05,6.01,196,4,10,516.38,0,28
SUB102295,2026-07,8.68,64,2,7,244.28,1,28
SUB100990,2026-07,4.63,283,0,12,176.07,0,27
SUB102446,2026-05,22.76,189,1,21,331.51,0,30
SUB100190,2026-07,4.67,222,1,4,128.25,0,29
SUB102833,2026-05,11.05,392,3,20,428.41,0,27
SUB103147,2026-02,1.18,276,0,6,137.77,0,28
SUB101736,2026-03,9.48,400,1,6,262.71,0,26
SUB100681,2026-03,5.83,299,5,16,218.15,0,28
SUB101074,2026-02,1.84,51,3,5,147.73,0,26
SUB100034,2026-03,4.52,121,3,8,107.03,1,28
SUB100473,2026-03,5.35,85,2,7,165.4,0,29
SUB102817,2026-07,3.15,108,3,14,230.53,0,26
SUB100805,2026-06,4.01,154,1,13,293.57,0,28
SUB102819,2026-06,2.35,580,4,11,132.66,0,30
SUB101323,2026-07,0.32,190,1,9,241.03,0,27
SUB102573,2026-05,4.98,66,1,8,270.68,0,28
SUB100738,2026-04,14.06,186,4,12,387.56,0,28
SUB102531,2026-02,3.81,173,3,8,203.51,1,29
SUB101595,2026-06,1.46,258,1,7,219.56,0,27
SUB103059,2026-05,3.21,254,1,9,290.88,1,29
SUB102502,2026-07,3.64,182,1,10,276.45,0,27
SUB100844,2026-07,0.91,368,1,9,175.22,0,30
SUB100384,2026-05,7.71,294,4,16,288.79,0,30
SUB101464,2026-03,5.29,91,2,9,182.34,0,30
SUB100640,2026-03,11.02,505,5,10,281.57,0,29
SUB100610,2026-06,6.89,66,1,12,239.86,1,26
SUB100840,2026-04,1.05,264,3,10,85.67,0,26
SUB100686,2026-03,5.9,243,2,11,390.7,0,30
SUB100625,2026-06,8.72,646,1,9,252.83,0,30
SUB100345,2026-02,5.86,170,4,7,137.78,0,29
SUB100982,2026-04,5.93,326,3,8,249.91,0,27
SUB102534,2026-02,9.68,320,3,4,222.03,0,30
SUB101071,2026-04,9.47,314,1,4,244.66,0,26
SUB100444,2026-04,7.22,265,0,20,279.28,0,26
SUB101013,2026-03,1.89,169,2,9,302.06,0,29
SUB102075,2026-03,5.74,34,2,21,230.6,0,27
SUB101960,2026-07,4.18,608,4,17,262.68,0,28
SUB101786,2026-02,10.82,145,2,14,418.4,0,29
SUB101063,2026-05,8.05,72,3,8,247.01,0,28
SUB102026,2026-06,10.13,85,3,6,305.98,0,26
SUB100334,2026-03,8.11,303,2,8,212.58,1,26
SUB100098,2026-02,4.43,125,1,7,183.29,0,27
SUB100320,2026-05,6.23,226,3,15,197.61,0,29
SUB101063,2026-02,8.6,163,3,9,237.9,0,28
SUB102855,2026-07,22.8,245,3,15,558.37,0,28
SUB102630,2026-03,16.77,267,1,16,406.23,0,27
SUB100589,2026-07,5.14,94,1,15,150.26,0,26
SUB101795,2026-04,4.99,98,1,9,345.17,0,27
SUB101846,2026-06,3.27,491,2,20,193.93,0,29
SUB102348,2026-05,0.88,496,0,19,141.51,0,28
SUB100587,2026-07,9.1,289,2,15,427.95,0,26
SUB101085,2026-07,12.45,58,1,5,185.24,0,28
SUB101826,2026-06,11.57,330,0,11,366.93,1,29
SUB100862,2026-02,7.31,500,2,7,237.16,0,27
SUB102658,2026-02,6.89,335,0,16,167.45,1,30
SUB101950,2026-05,5.82,184,3,12,125.42,0,27
SUB102209,2026-03,7.79,417,3,14,191.56,1,29
SUB102423,2026-03,8.16,66,4,20,229.24,0,28
SUB101351,2026-04,8.95,244,2,7,357.91,0,29
SUB101039,2026-02,16.98,55,4,10,332.28,0,27
SUB100028,2026-06,1.17,261,2,11,143.3,0,26
SUB102333,2026-05,4.28,387,5,17,393.24,0,27
SUB103120,2026-06,7.16,423,0,19,184.77,0,30
SUB103087,2026-02,6.51,267,6,10,234.9,0,27
SUB101515,2026-05,8.79,88,3,15,325.27,0,29
SUB100798,2026-04,14.41,110,2,22,254.09,0,27
SUB100727,2026-02,7.89,584,5,13,271.2,0,30
SUB100200,2026-05,14.29,271,1,9,403.29,0,28
SUB100043,2026-02,13.32,340,1,16,443.69,0,26
SUB102934,2026-02,1.77,64,3,16,121.16,0,27
SUB102023,2026-03,9.58,99,2,4,239.89,0,28
SUB100802,2026-04,5.92,138,1,10,296.95,0,28
SUB102000,2026-06,3.99,281,2,7,156.27,0,29
SUB101681,2026-06,7.1,463,2,8,334.81,0,30
SUB101861,2026-06,34.78,105,4,5,310.6,0,29
SUB100303,2026-06,1.17,193,2,5,181.05,0,30
SUB100338,2026-02,1.19,200,3,10,91.82,0,29
SUB100205,2026-02,6.5,73,0,17,306.17,0,26
SUB100908,2026-02,14.42,97,0,13,262.18,1,30
SUB100697,2026-05,7.6,71,2,11,160.94,0,26
SUB101757,2026-06,0.49,288,3,8,217.72,0,27
SUB101958,2026-03,17.82,239,1,10,354.17,0,30
SUB100342,2026-07,3.74,56,1,11,133.2,0,26
SUB100971,2026-04,8.79,180,3,9,265.13,0,30
SUB102331,2026-06,2.28,71,1,6,150.96,0,28
SUB103163,2026-02,4.18,596,2,16,190.09,0,29
SUB101586,2026-06,1.42,142,4,12,181.52,0,28
SUB102143,2026-06,15.47,35,2,10,326.79,0,29
SUB101317,2026-04,8.16,156,0,13,309.97,0,26
SUB100816,2026-07,6.62,106,5,12,227.32,0,26
SUB100673,2026-06,3.81,682,1,15,140.03,1,28
SUB101442,2026-07,8.68,170,2,8,341.91,0,26
SUB101334,2026-03,6.62,189,1,7,334.6,0,28
SUB101278,2026-05,8.01,40,2,8,218.63,0,27
SUB100198,2026-06,14.83,121,5,10,363.9,0,29
SUB101283,2026-03,19.56,317,1,13,142.8,0,29
SUB100823,2026-06,6.35,236,1,10,,0,30
SUB103018,2026-04,23.3,163,2,8,371.2,0,27
SUB102914,2026-07,15.65,51,2,15,298.45,0,26
SUB102240,2026-04,0.25,123,0,10,101.68,0,30
SUB102503,2026-03,13.84,547,3,20,416.12,0,27
SUB101816,2026-05,2.52,307,1,10,146.58,0,29
SUB101628,2026-03,10.46,371,4,9,315.77,0,29
SUB101814,2026-02,8.54,240,1,6,314.31,0,27
SUB101320,2026-03,8.23,37,2,22,263.55,0,29
SUB101250,2026-05,2.03,157,2,7,89.25,1,29
SUB101486,2026-07,6.16,125,1,8,180.21,0,26
SUB102125,2026-07,0.87,79,2,12,113.33,0,27
SUB100586,2026-06,4.16,121,0,9,145.19,0,27
SUB102844,2026-06,1.48,456,1,9,97.02,1,28
SUB101218,2026-04,9.77,157,1,14,270.15,0,26
SUB102270,2026-04,17.78,106,2,14,348.33,0,27
SUB100017,2026-04,6.94,56,1,11,86.75,0,28
SUB100888,2026-02,8.75,553,2,9,296.54,0,30
SUB101669,2026-04,2.15,144,3,16,136.68,0,27
SUB101983,2026-06,11.95,66,1,15,304.07,1,30
SUB102430,2026-05,2.79,236,0,5,153.1,0,30
SUB100306,2026-06,8.23,210,7,12,372.89,0,28
SUB101897,2026-03,6.71,265,3,6,361.55,0,26
SUB101085,2026-05,9.43,43,1,2,213.88,0,26
SUB103161,2026-07,0.98,151,0,8,110.72,0,29
SUB102035,2026-06,2.05,689,1,9,162.0,0,30
SUB102836,2026-06,23.35,146,1,4,432.88,0,27
SUB100537,2026-07,3.44,634,2,10,188.54,0,30
SUB100124,2026-07,5.54,475,6,16,184.29,0,26
SUB102477,2026-06,0.92,472,3,11,86.89,0,28
SUB101415,2026-06,8.11,274,1,8,272.95,0,30
SUB102182,2026-02,12.05,489,2,11,264.16,0,30
SUB101483,2026-03,4.24,324,0,3,289.07,0,30
SUB100740,2026-07,1.42,853,3,14,80.5,0,30
SUB102371,2026-05,3.71,249,1,17,178.69,0,27
SUB101388,2026-02,5.8,329,3,13,109.53,0,26
SUB102270,2026-06,17.15,154,2,15,320.61,0,27
SUB101829,2026-04,5.44,188,4,13,202.55,0,30
SUB100592,2026-05,5.72,181,0,8,519.03,0,30
SUB102466,2026-05,6.85,446,1,25,343.83,0,30
SUB101569,2026-06,12.74,54,3,6,299.67,0,27
SUB101362,2026-02,3.48,951,2,5,144.67,0,30
SUB101337,2026-06,18.86,241,1,10,348.53,0,26
SUB100607,2026-03,0.6,300,6,14,82.97,0,26
SUB101172,2026-05,2.84,373,1,9,325.31,0,28
SUB101802,2026-02,2.32,272,2,13,155.96,0,28
SUB102590,2026-04,0.98,140,1,12,176.18,1,26
SUB100699,2026-03,1.69,144,3,13,194.35,0,30
SUB102338,2026-02,1.78,103,6,9,80.66,0,27
SUB101824,2026-05,13.22,484,1,10,341.6,0,28
SUB101925,2026-05,15.29,191,3,13,185.27,0,29
SUB100754,2026-02,8.1,36,3,16,286.84,0,28
SUB101955,2026-04,4.22,195,3,21,242.51,0,27
SUB101392,2026-03,45.45,81,5,7,590.44,0,26
SUB100544,2026-05,10.07,143,4,16,374.7,0,30
SUB101795,2026-06,6.94,64,1,7,362.6,0,29
SUB101383,2026-03,8.25,59,4,7,157.6,0,29
SUB102774,2026-07,23.42,258,2,5,425.63,0,29
SUB100546,2026-05,1.84,280,2,10,249.5,0,26
SUB100959,2026-05,14.02,403,1,8,360.48,0,29
SUB103143,2026-07,7.06,273,2,11,194.68,0,27
SUB101568,2026-07,18.27,281,5,9,268.51,0,26
SUB102185,2026-03,7.29,112,4,9,421.93,0,29
SUB100315,2026-02,15.97,416,1,6,356.79,0,28
SUB102819,2026-02,1.49,391,2,12,136.9,1,30
SUB103061,2026-03,0.91,201,4,7,134.01,0,26
SUB101751,2026-02,5.18,129,4,10,330.81,0,28
SUB102684,2026-05,13.44,163,2,11,398.06,0,30
SUB102394,2026-02,7.42,110,3,15,299.69,0,29
SUB102302,2026-04,9.3,33,1,15,358.49,0,30
SUB101522,2026-04,1.35,27,2,15,244.83,0,28
SUB100783,2026-06,6.38,338,2,23,193.65,0,28
SUB100041,2026-06,5.37,344,1,9,122.61,0,30
SUB101453,2026-04,8.26,351,3,11,304.98,0,26
SUB100906,2026-04,2.5,147,1,11,144.24,0,26
SUB101416,2026-02,16.45,65,0,8,298.91,0,30
SUB101293,2026-06,4.12,50,1,9,216.36,0,28
SUB100504,2026-05,5.19,442,1,10,406.04,0,26
SUB101550,2026-07,4.44,150,3,9,257.85,0,27
SUB100652,2026-03,2.26,285,4,10,162.75,0,30
SUB101762,2026-05,15.31,230,1,9,323.39,0,30
SUB101255,2026-04,19.62,80,0,11,255.66,0,27
SUB102330,2026-06,7.59,604,1,29,226.15,0,30
SUB103177,2026-05,1.94,212,1,18,251.75,0,28
SUB101558,2026-06,11.56,226,1,6,239.5,0,26
SUB100616,2026-05,3.92,77,2,29,132.61,0,29
SUB100641,2026-03,14.79,164,3,9,419.15,0,29
SUB102345,2026-05,6.64,51,2,7,342.72,0,29
SUB100148,2026-05,8.94,56,3,8,274.29,0,30
SUB102874,2026-07,11.75,170,2,14,253.76,0,29
SUB102940,2026-03,1.18,70,2,2,265.26,0,26
SUB101024,2026-05,8.89,182,2,14,186.19,0,29
SUB101938,2026-03,13.86,200,4,11,248.28,0,29
SUB101208,2026-07,1.47,91,2,20,215.74,0,28
SUB101133,2026-03,1.29,131,3,9,199.41,0,28
SUB102316,2026-06,2.77,252,3,16,216.81,0,29
SUB100032,2026-06,3.93,201,3,16,194.85,0,29
SUB102248,2026-02,12.33,363,1,5,275.39,0,29
SUB102161,2026-04,13.91,148,1,2,407.04,0,28
SUB102385,2026-02,25.46,20,1,14,365.17,0,30
SUB100285,2026-07,5.97,350,1,17,157.17,0,26
SUB100499,2026-05,14.62,149,1,12,352.41,0,28
SUB101153,2026-06,9.98,219,3,8,416.31,0,27
SUB101048,2026-06,2.02,147,2,8,102.48,0,30
SUB100033,2026-03,0.92,41,1,13,143.51,0,27
SUB103123,2026-07,5.51,198,2,12,181.23,0,29
SUB100854,2026-02,4.61,139,1,2,147.84,0,28
SUB101544,2026-06,8.63,506,4,8,193.01,0,26
SUB102001,2026-06,13.21,117,1,5,335.6,0,26
SUB102323,2026-04,0.94,535,1,16,145.82,0,26
SUB103037,2026-03,12.26,96,3,5,224.46,1,27
SUB101837,2026-03,9.98,90,2,20,332.51,0,28
SUB101243,2026-06,1.47,235,2,8,122.69,0,27
SUB102614,2026-07,12.71,1323,3,22,352.84,0,30
SUB100482,2026-04,6.22,347,7,10,156.44,0,28
SUB102730,2026-07,3.19,219,0,17,227.52,0,26
SUB101492,2026-06,0.56,120,3,8,172.03,1,29
SUB101888,2026-07,60.15,366,2,8,623.97,0,27
SUB100164,2026-06,12.66,333,4,13,190.55,1,26
SUB101748,2026-04,5.19,857,2,2,282.26,0,27
SUB101976,2026-02,9.05,49,3,9,360.93,0,26
SUB102101,2026-06,13.78,126,2,13,277.66,0,26
SUB100808,2026-03,6.24,397,3,13,405.72,0,28
SUB101446,2026-05,4.28,306,1,15,168.42,0,29
SUB101811,2026-03,4.3,470,6,5,130.31,1,30
SUB102095,2026-04,4.43,148,2,15,204.2,0,29
SUB100607,2026-07,0.98,301,1,14,104.51,0,28
SUB100555,2026-06,6.21,269,4,3,190.38,0,27
SUB102150,2026-02,3.58,203,4,11,176.27,0,26
SUB100680,2026-03,2.12,483,0,11,233.58,0,26
SUB103185,2026-03,15.5,32,3,11,206.1,0,27
SUB103024,2026-03,11.14,49,1,8,240.9,0,28
SUB102798,2026-03,2.07,22,1,12,78.84,1,28
SUB103101,2026-07,5.2,21,2,9,148.96,0,30
SUB100184,2026-07,9.89,159,3,10,167.1,0,28
SUB100646,2026-02,7.88,388,2,6,172.31,0,29
SUB101909,2026-06,11.59,562,1,16,235.25,0,28
SUB102816,2026-05,8.36,49,2,12,295.56,0,27
SUB102969,2026-02,19.43,228,2,7,421.93,0,27
SUB101640,2026-02,1.05,717,1,15,141.5,0,27
SUB102410,2026-03,24.66,125,1,10,316.62,0,29
SUB100748,2026-04,37.51,300,2,16,454.49,0,28
SUB100788,2026-05,2.93,205,3,11,108.15,0,27
SUB101101,2026-04,8.17,115,1,14,388.73,0,27
SUB100851,2026-04,1.5,33,0,10,190.73,0,30
SUB101743,2026-04,2.13,300,1,10,90.57,0,29
SUB102439,2026-05,10.25,159,1,14,217.5,0,26
SUB102129,2026-06,5.58,103,3,16,133.83,0,27
SUB102988,2026-04,14.57,36,3,12,221.65,0,30
SUB100742,2026-04,33.66,241,3,14,685.64,0,29
SUB102873,2026-06,8.13,114,1,5,309.18,0,29
SUB101775,2026-02,44.86,253,1,17,760.6,0,29
SUB101743,2026-07,1.94,441,2,6,73.01,0,27
SUB101755,2026-06,13.26,53,1,3,319.89,0,29
SUB102796,2026-03,5.98,167,3,10,138.35,0,26
SUB101538,2026-07,13.24,654,2,10,185.16,0,27
SUB100727,2026-05,8.46,433,2,7,254.75,0,27
SUB101432,2026-02,6.0,437,1,7,317.47,0,27
SUB101061,2026-03,22.41,153,2,13,498.77,0,27
SUB101311,2026-06,27.09,286,0,4,425.73,0,30
SUB101843,2026-02,6.87,131,2,13,188.8,0,30
SUB101485,2026-03,1.2,79,3,6,109.99,0,30
SUB102629,2026-03,10.1,170,2,12,277.78,0,26
SUB102784,2026-06,25.67,517,2,9,533.1,0,28
SUB101289,2026-07,9.18,590,2,7,287.8,1,26
SUB102496,2026-03,8.2,498,0,8,293.44,0,27
SUB101494,2026-06,16.31,254,0,12,211.75,0,27
SUB100624,2026-06,7.03,175,3,9,243.93,0,29
SUB101978,2026-05,3.47,259,0,14,155.08,0,26
SUB103005,2026-02,11.24,367,3,9,327.6,0,30
SUB102632,2026-05,4.8,215,1,15,196.8,0,29
SUB100107,2026-03,4.24,306,1,16,281.29,0,30
SUB100038,2026-04,17.31,366,4,9,162.01,0,30
SUB100143,2026-05,12.18,209,0,1,279.69,0,30
SUB102386,2026-06,8.18,25,0,14,101.43,0,26
SUB101264,2026-05,7.19,159,2,8,242.37,0,30
SUB101806,2026-05,5.34,89,3,12,242.33,0,27
SUB100053,2026-03,6.79,418,2,6,360.03,0,28
SUB102165,2026-02,7.24,71,1,7,136.99,0,27
SUB100573,2026-05,15.42,198,1,17,256.04,0,28
SUB101638,2026-04,2.67,224,1,12,89.77,0,28
SUB102050,2026-02,10.19,708,3,13,402.09,0,30
SUB101904,2026-04,5.6,160,2,8,336.85,0,30
SUB101325,2026-03,13.22,118,0,18,369.3,0,30
SUB101908,2026-04,15.3,214,2,13,284.17,0,30
SUB101073,2026-03,9.08,155,1,14,225.36,0,26
SUB102471,2026-03,4.35,189,3,5,184.98,0,28
SUB102852,2026-06,5.66,52,2,10,269.86,0,28
SUB100932,2026-02,10.06,295,1,7,274.84,0,27
SUB101387,2026-03,6.35,30,4,8,118.12,0,26
SUB101436,2026-04,2.99,158,0,6,294.97,0,28
SUB100431,2026-05,9.42,172,0,15,254.66,0,28
SUB103139,2026-06,7.66,79,1,8,219.09,0,27
SUB100466,2026-07,16.54,201,4,20,253.31,0,27
SUB102820,2026-04,7.99,177,1,2,110.36,0,30
SUB102829,2026-03,16.5,82,1,20,436.99,0,27
SUB102337,2026-05,3.3,319,2,15,216.53,0,27
SUB101514,2026-02,27.96,119,2,12,453.12,0,29
SUB101161,2026-03,10.65,90,5,18,338.2,0,30
SUB101945,2026-06,21.52,238,1,7,446.45,0,28
SUB103121,2026-03,3.35,168,1,5,156.09,0,28
SUB102027,2026-06,4.47,86,1,6,189.23,0,28
SUB100097,2026-02,36.51,251,2,8,692.1,0,28
SUB101239,2026-03,15.95,109,3,6,235.19,0,30
SUB102337,2026-06,2.31,437,1,13,184.22,0,26
SUB100692,2026-02,2.27,874,2,12,180.76,0,29
SUB101746,2026-02,15.06,234,2,14,320.0,0,30
SUB101683,2026-07,0.6,166,7,10,174.77,0,30
SUB100748,2026-02,37.86,200,1,7,513.65,0,27
SUB101776,2026-03,4.72,168,0,11,160.29,0,28
SUB102643,2026-07,10.84,135,3,11,366.3,0,29
SUB102784,2026-07,16.32,333,0,15,558.56,1,29
SUB101833,2026-05,7.11,336,2,10,215.8,0,30
SUB101695,2026-06,1.57,138,3,10,126.14,0,30
SUB102749,2026-05,7.17,128,3,12,221.66,0,26
SUB100663,2026-06,1.57,377,2,15,175.75,0,30
SUB101398,2026-06,7.23,37,1,13,295.23,0,30
SUB101522,2026-07,2.38,40,0,10,209.99,0,26
SUB100663,2026-02,1.25,348,2,11,177.57,0,29
SUB102369,2026-07,17.61,46,1,6,255.7,0,29
SUB102771,2026-02,8.82,530,2,17,427.37,0,30
SUB101702,2026-07,9.46,26,3,11,182.98,0,29
SUB102456,2026-06,9.24,78,1,8,152.22,0,27
SUB101640,2026-07,1.47,570,1,8,151.91,0,26
SUB103132,2026-05,5.16,606,1,12,234.03,0,26
SUB101435,2026-02,6.83,340,0,10,270.35,0,30
SUB100530,2026-06,6.14,194,2,4,169.03,0,30
SUB101565,2026-07,31.36,30,2,11,350.46,0,26
SUB102070,2026-05,0.98,275,2,4,177.37,0,30
SUB102027,2026-03,4.66,61,3,5,159.04,0,27
SUB100418,2026-06,5.44,134,2,12,310.91,0,30
SUB101887,2026-07,5.19,249,3,10,304.06,0,27
SUB101579,2026-04,6.34,63,3,8,248.33,0,26
SUB100403,2026-04,4.4,208,1,18,234.7,0,28
SUB100907,2026-04,10.06,119,1,13,294.64,0,28
SUB102266,2026-04,3.63,294,0,4,121.01,1,28
SUB100026,2026-02,1.85,113,3,19,84.21,1,26
SUB100538,2026-02,11.33,109,3,5,316.09,0,28
SUB100412,2026-03,32.51,15,2,10,485.22,0,27
SUB102726,2026-07,8.93,380,3,11,234.14,0,26
SUB100485,2026-04,0.92,578,1,16,126.38,0,30
SUB100092,2026-02,1.79,76,1,15,116.88,0,29
SUB101903,2026-06,2.17,299,4,14,333.85,0,30
SUB102871,2026-05,29.34,170,0,10,504.57,0,29
SUB101762,2026-07,14.3,258,1,13,322.94,0,26
SUB102673,2026-03,16.89,245,3,14,194.5,0,29
SUB101710,2026-04,1.35,412,3,2,230.13,0,28
SUB101841,2026-05,6.89,168,0,8,143.96,0,28
SUB102438,2026-05,3.93,497,1,11,157.37,1,28
SUB102675,2026-04,4.36,432,0,9,111.84,0,30
SUB100081,2026-06,20.82,63,2,16,344.63,0,30
SUB102350,2026-07,0.26,23,3780,4,296.17,0,28
SUB100391,2026-06,18.46,88,1,10,274.1,0,26
SUB100883,2026-04,0.97,182,2,14,164.24,1,27
SUB100317,2026-06,5.42,221,0,11,170.81,0,30
SUB100282,2026-02,6.71,109,4,1,138.17,0,26
SUB100212,2026-02,10.57,242,2,13,257.73,0,29
SUB102386,2026-04,8.88,14,7,8,95.91,1,30
SUB101684,2026-04,4.0,59,3,13,314.53,0,30
SUB100194,2026-05,4.19,298,3,13,278.72,1,28
SUB100129,2026-07,24.4,111,4,12,347.51,0,29
SUB102123,2026-05,35.03,439,1,8,545.95,0,30
SUB100639,2026-07,2.17,307,1,8,268.31,0,27
SUB101160,2026-07,5.72,197,2,4,115.27,0,30
SUB102489,2026-06,1.91,53,2,11,181.77,0,30
SUB100561,2026-05,15.2,59,5,16,416.9,0,28
SUB100056,2026-06,5.65,411,3,8,213.31,0,27
SUB100977,2026-06,11.51,187,1,15,301.16,0,29
SUB100718,2026-07,14.3,210,1,8,361.85,0,26
SUB100844,2026-05,0.89,379,1,14,168.82,0,26
SUB101847,2026-04,1.03,179,2,19,159.18,0,26
SUB100109,2026-04,16.86,52,2,12,288.62,0,30
SUB100442,2026-02,11.09,421,2,18,297.03,0,27
SUB100500,2026-03,9.07,259,5,13,201.91,0,27
SUB102522,2026-07,6.29,381,0,9,247.07,0,29
SUB100078,2026-03,2.45,230,1,11,177.72,0,27
SUB101211,2026-02,9.13,198,0,24,304.43,0,26
SUB101404,2026-06,21.53,102,2,17,378.64,1,27
SUB103135,2026-04,1.67,78,2,11,97.77,0,26
SUB101695,2026-07,1.67,105,4,10,98.11,0,29
SUB103141,2026-07,11.22,199,0,3,249.77,0,26
SUB101008,2026-04,3.22,125,2,12,189.81,0,30
SUB102474,2026-02,10.06,384,2,11,368.49,0,30
SUB100648,2026-07,6.35,134,1,8,213.57,0,28
SUB100553,2026-05,11.46,165,0,17,418.69,0,26
SUB103139,2026-03,8.82,79,4,5,179.42,0,26
SUB101111,2026-05,5.89,261,3,9,228.81,0,28
SUB100701,2026-06,4.6,281,2,9,213.62,0,29
SUB100236,2026-02,2.14,169,1,19,89.61,0,26
SUB102751,2026-07,5.54,54,2,8,138.63,0,29
SUB102846,2026-05,1.02,76,5,10,73.53,0,29
SUB102487,2026-05,17.25,275,4,8,391.26,0,30
SUB101094,2026-03,13.2,147,0,16,447.43,0,27
SUB100786,2026-05,3.16,118,2,8,338.76,0,27
SUB100716,2026-07,5.8,65,3,14,235.27,0,28
SUB101269,2026-03,31.55,152,3,21,423.47,0,30
SUB100415,2026-03,5.3,283,3,12,300.02,0,26
SUB102855,2026-03,13.89,346,9,17,543.86,0,26
SUB101420,2026-05,15.37,160,1,7,413.77,0,29
SUB100003,2026-05,11.09,210,2,14,239.91,0,28
SUB100847,2026-07,34.94,201,2,12,559.61,0,30
SUB101299,2026-03,9.58,178,3,7,207.32,0,28
SUB102422,2026-04,23.82,532,1,16,445.94,0,30
SUB101952,2026-06,12.71,433,2,13,417.75,0,30
SUB101700,2026-03,15.22,122,1,16,382.3,0,30
SUB101873,2026-05,6.99,190,3,10,161.32,0,29
SUB102015,2026-03,6.4,81,1,8,117.65,0,28
SUB100550,2026-06,4.8,197,0,5,253.96,0,28
SUB103084,2026-04,6.09,166,2,15,270.71,0,27
SUB100811,2026-07,14.36,132,3,14,352.71,0,27
SUB101528,2026-05,3.6,204,1,17,255.94,0,28
SUB102073,2026-04,7.71,251,4,12,186.57,0,26
SUB100383,2026-05,4.52,234,3,15,286.17,0,27
SUB102022,2026-05,7.18,106,3,9,239.41,0,30
SUB100607,2026-02,1.12,295,2,20,113.2,0,30
SUB102879,2026-05,4.2,286,1,13,276.88,0,29
SUB100305,2026-02,11.34,216,1,6,299.15,0,29
SUB102373,2026-07,6.87,229,2,13,285.04,0,29
SUB102436,2026-03,4.88,40,3,16,160.9,0,30
SUB102494,2026-04,2.59,300,4,15,148.33,0,30
SUB102499,2026-06,8.58,146,3,11,433.58,0,29
SUB100500,2026-05,7.43,249,1,6,171.93,0,26
SUB103072,2026-06,6.14,143,1,10,196.53,0,30
SUB101302,2026-06,4.31,301,3,8,223.63,0,29
SUB101182,2026-04,1.22,441,1,11,235.56,0,29
SUB102018,2026-04,0.92,119,3,8,253.03,0,29
SUB103017,2026-06,19.78,593,4,11,399.78,0,27
SUB101389,2026-03,1.36,262,3,13,214.0,0,30
SUB101768,2026-07,6.76,133,2,9,279.1,0,30
SUB103123,2026-03,8.17,162,3,8,145.01,0,30
SUB102233,2026-02,8.43,168,4,11,204.71,0,30
SUB101518,2026-06,5.58,122,5,13,252.28,0,27
SUB100077,2026-04,20.6,126,2,5,199.75,0,29
SUB100560,2026-02,7.78,437,1,8,359.34,0,26
SUB101892,2026-06,10.66,63,2,8,284.46,0,26
SUB103199,2026-06,1.08,170,2,4,263.88,0,29
SUB100036,2026-03,1.79,59,3,5,127.07,0,30
SUB100057,2026-04,5.33,593,1,8,161.9,0,30
SUB101901,2026-07,6.64,61,1,13,152.14,0,26
SUB102559,2026-04,2.29,245,4,19,186.94,0,27
SUB100490,2026-04,38.65,127,1,8,581.04,1,26
SUB101770,2026-03,2.36,192,3,11,275.08,0,27
SUB100245,2026-06,10.35,464,1,10,236.1,0,30
SUB101496,2026-05,2.67,74,3,12,124.95,0,26
SUB102131,2026-03,3.2,175,2,17,159.08,0,30
SUB100254,2026-05,1.19,159,2,9,138.13,0,30
SUB102667,2026-03,2.1,297,6,11,229.4,1,27
SUB102317,2026-03,6.69,79,2,13,235.09,0,30
SUB103087,2026-05,6.84,320,1,13,235.81,0,28
SUB100450,2026-05,6.02,174,0,15,266.54,0,27
SUB101235,2026-06,22.29,465,0,15,533.66,0,26
SUB100949,2026-07,2.65,586,2,7,281.4,0,27
SUB101574,2026-02,4.41,463,2,2,179.92,0,26
SUB102670,2026-07,8.58,269,2,15,297.4,0,30
SUB102965,2026-03,9.14,109,1,4,200.63,0,26
SUB100172,2026-05,1.33,400,2,4,89.48,0,29
SUB100338,2026-05,1.44,180,0,15,67.1,0,30
SUB100271,2026-02,6.6,289,3,10,358.72,1,26
SUB103010,2026-05,10.27,128,3,19,319.52,0,27
SUB102146,2026-05,13.17,95,5,8,141.53,0,29
SUB100332,2026-02,7.31,765,2,11,266.05,0,26
SUB101073,2026-04,12.43,105,2,16,178.56,0,28
SUB100345,2026-07,5.82,265,3,7,172.84,0,26
SUB102990,2026-06,6.27,44,1,14,161.84,0,28
SUB102219,2026-05,19.42,191,3,9,491.93,0,27
SUB100177,2026-04,7.12,83,4,6,203.07,0,27
SUB102540,2026-04,6.66,270,4,6,252.99,0,28
SUB101257,2026-06,10.87,678,2,8,258.45,0,27
SUB101028,2026-04,4.83,766,3,7,250.52,0,26
SUB102364,2026-04,1.75,196,0,10,174.67,0,26
SUB102711,2026-03,4.38,200,1,11,137.51,1,26
SUB100914,2026-05,3.53,212,5,12,214.68,0,28
SUB100880,2026-06,14.45,127,1,15,454.39,0,30
SUB100558,2026-03,1.8,49,5,18,292.94,0,30
SUB100218,2026-06,1.52,242,4,13,229.35,0,28
SUB101469,2026-05,3.46,412,3,7,350.39,0,27
SUB102192,2026-05,12.93,69,4,11,244.85,0,26
SUB101894,2026-07,21.47,228,1,19,289.21,0,30
SUB101340,2026-06,10.21,193,2,14,329.78,0,27
SUB101913,2026-02,7.72,288,3,5,272.44,0,27
SUB100050,2026-05,5.92,383,1,11,305.25,0,26
SUB101348,2026-07,22.32,230,0,24,433.62,0,28
SUB101054,2026-07,5.44,214,4,16,136.85,0,27
SUB100352,2026-04,6.4,302,3,13,336.99,0,29
SUB102060,2026-04,21.03,178,0,7,445.67,0,30
SUB100383,2026-03,4.97,181,5,10,286.93,0,30
SUB100648,2026-02,6.72,285,0,3,300.28,0,30
SUB103008,2026-06,2.3,189,0,12,192.01,0,26
SUB101379,2026-06,8.84,173,3,11,242.88,0,29
SUB100213,2026-05,10.86,226,1,11,384.13,0,27
SUB101708,2026-07,0.63,745,3,17,176.08,0,29
SUB103117,2026-06,21.1,224,4,16,481.73,1,29
SUB102409,2026-06,17.21,57,0,8,233.78,0,28
SUB101885,2026-02,13.22,189,0,16,325.66,0,29
SUB101616,2026-03,5.33,501,4,19,335.01,0,28
SUB102053,2026-07,6.06,131,7,17,114.81,0,29
SUB101114,2026-02,2.01,188,3,7,186.24,0,30
SUB101532,2026-07,2.16,138,2,13,214.39,0,30
SUB101128,2026-03,8.72,115,4,5,299.01,0,28
SUB101605,2026-06,12.04,215,4,15,233.15,0,26
SUB102540,2026-05,6.35,168,0,12,237.31,0,30
SUB102214,2026-07,2.75,253,5,12,277.57,0,26
SUB100316,2026-05,0.88,166,2,10,240.74,0,28
SUB101417,2026-03,2.21,947,1,2,189.64,0,26
SUB101532,2026-05,2.84,80,0,19,178.9,0,30
SUB103077,2026-04,2.74,260,0,7,168.25,0,30
SUB102150,2026-06,5.23,204,3,11,163.59,0,29
SUB100680,2026-07,2.32,336,3,9,195.46,0,27
SUB101826,2026-07,6.82,343,3,13,363.68,0,28
SUB102628,2026-07,3.08,101,5,18,114.01,0,30
SUB101575,2026-07,3.51,181,2,8,186.0,0,30
SUB102244,2026-06,16.94,187,1,13,236.03,0,30
SUB101695,2026-04,2.02,105,1,13,110.45,0,27
SUB102486,2026-06,1.64,74,2,9,206.11,0,28
SUB101418,2026-04,1.22,429,1,5,219.87,0,29
SUB102633,2026-07,41.65,42,1,15,477.48,0,26
SUB102010,2026-07,7.31,69,0,5,181.74,0,29
SUB101251,2026-03,9.63,311,1,17,259.12,0,27
SUB102339,2026-02,9.3,253,3,17,220.77,0,29
SUB101769,2026-03,3.26,166,0,13,233.59,0,29
SUB101861,2026-05,21.92,225,3,6,338.74,0,28
SUB102041,2026-06,6.81,41,3,8,122.18,0,27
SUB102028,2026-03,3.28,715,0,21,162.61,0,29
SUB101193,2026-03,16.55,318,4,8,384.41,0,29
SUB100078,2026-06,2.42,174,3,17,181.39,0,27
SUB102740,2026-06,13.35,223,2,11,361.64,0,28
SUB100886,2026-06,7.54,357,4,10,306.26,0,27
SUB100434,2026-06,1.55,70,0,8,309.08,0,28
SUB100318,2026-02,17.63,178,2,11,345.94,0,28
SUB100297,2026-03,19.46,186,2,9,375.14,0,29
SUB101600,2026-02,1.34,196,2,12,160.34,0,29
SUB100893,2026-05,12.75,776,3,9,279.2,0,30
SUB101286,2026-04,1.21,577,5,13,132.88,0,29
SUB100225,2026-07,1.07,222,1,15,102.39,0,26
SUB102298,2026-04,4.48,69,3,11,145.09,0,27
SUB103172,2026-05,3.17,36,4,13,77.84,0,29
SUB100884,2026-05,7.06,429,2,11,109.46,0,28
SUB102809,2026-05,0.76,428,1,11,196.22,0,27
SUB102054,2026-06,9.44,156,1,18,341.72,0,27
SUB100608,2026-06,1.53,147,2,11,93.81,0,30
SUB101508,2026-05,1.3,194,2,11,173.68,0,27
SUB100222,2026-04,29.06,459,2,10,246.07,0,27
SUB102844,2026-04,1.63,412,2,15,94.5,0,28
SUB103200,2026-03,9.64,562,5,15,381.19,0,26
SUB102227,2026-05,2.26,212,0,8,93.15,0,30
SUB100948,2026-04,3.52,360,2,15,226.33,0,28
SUB101088,2026-05,7.18,162,2,15,366.09,0,26
SUB101209,2026-03,9.9,208,2,10,289.1,0,29
SUB100398,2026-02,19.62,471,2,9,235.94,0,30
SUB100143,2026-04,9.18,230,6,5,327.23,0,28
SUB101460,2026-02,4.92,329,1,7,269.57,0,27
SUB102044,2026-04,25.2,243,1,10,324.18,0,28
SUB101851,2026-06,1.51,266,1,11,213.18,0,29
SUB101155,2026-02,1.68,196,1,17,111.34,1,29
SUB102009,2026-03,7.26,196,2,9,159.97,0,27
SUB101229,2026-05,1.82,131,2,15,73.69,0,28
SUB101695,2026-03,1.27,127,4,8,110.66,0,27
SUB101445,2026-05,4.65,175,0,17,207.93,0,29
SUB103156,2026-06,7.09,470,0,16,322.14,0,29
SUB102780,2026-05,4.16,430,2,5,240.97,0,30
SUB102267,2026-04,0.29,65,3740,11,297.81,0,28
SUB100040,2026-04,7.98,298,3,14,386.02,0,26
SUB102153,2026-03,20.4,43,3,7,489.66,0,28
SUB100561,2026-03,22.5,120,3,12,401.94,0,29
SUB102127,2026-02,2.84,485,3,15,173.79,0,26
SUB101450,2026-02,12.49,251,1,13,236.02,0,27
SUB101664,2026-07,4.18,261,2,6,91.08,0,27
SUB102544,2026-05,5.0,423,0,4,171.37,0,30
SUB100795,2026-06,6.79,212,4,9,327.4,0,29
SUB102124,2026-07,8.0,136,2,15,207.44,0,27
SUB102796,2026-02,12.78,269,3,15,146.67,0,27
SUB103148,2026-02,8.7,292,2,18,151.57,0,30
SUB102856,2026-03,6.87,362,1,17,173.91,0,26
SUB100826,2026-03,17.8,411,2,11,299.24,0,26
SUB101249,2026-03,59.87,88,3,12,789.85,0,30
SUB100693,2026-07,4.86,144,4,18,286.25,0,27
SUB101416,2026-05,18.44,72,5,10,260.72,0,26
SUB102928,2026-04,8.9,1012,1,17,274.58,0,28
SUB102577,2026-06,14.28,202,1,21,445.71,0,28
SUB100546,2026-02,1.61,339,3,5,236.88,0,28
SUB100232,2026-06,19.24,116,0,10,488.17,0,26
SUB102733,2026-04,17.81,160,1,15,452.88,0,26
SUB101448,2026-05,9.29,288,0,6,359.33,0,26
SUB100062,2026-07,10.91,250,1,16,250.79,0,28
SUB100837,2026-04,1.71,84,2,7,213.11,0,28
SUB103161,2026-05,1.0,125,1,7,128.84,0,28
SUB102659,2026-02,4.22,431,3,4,287.94,0,28
SUB101887,2026-06,6.66,200,3,6,294.75,0,26
SUB100653,2026-02,9.89,188,5,4,365.61,0,27
SUB100833,2026-06,14.0,219,2,16,259.17,0,28
SUB100695,2026-02,1.76,100,4,16,142.04,0,28
SUB102999,2026-02,0.88,125,2,13,268.9,0,26
SUB102597,2026-04,13.21,640,4,15,215.56,0,27
SUB102461,2026-06,8.57,243,3,4,224.84,1,28
SUB100807,2026-05,2.28,418,3,7,160.7,0,27
SUB102738,2026-06,1.73,304,4,4,140.55,0,27
SUB100283,2026-02,5.2,116,2,16,132.82,1,26
SUB100981,2026-03,4.29,65,2,7,232.28,1,30
SUB101854,2026-04,27.51,99,0,13,583.71,0,27
SUB100022,2026-03,5.45,165,2,10,382.67,0,28
SUB102245,2026-02,15.06,393,0,11,262.66,0,28
SUB100373,2026-05,6.99,145,1,3,97.96,0,30
SUB101692,2026-02,1.06,434,0,6,156.74,0,27
SUB100847,2026-03,25.23,253,3,11,447.67,0,28
SUB100167,2026-02,2.86,289,3,6,167.65,0,26
SUB102244,2026-05,13.34,279,1,23,286.84,0,27
SUB101391,2026-02,1.5,131,0,7,175.02,0,26
SUB101099,2026-06,10.3,148,2,16,340.0,0,29
SUB100415,2026-07,6.04,307,4,9,308.78,0,26
SUB100908,2026-06,9.59,50,2,7,292.63,0,28
SUB102109,2026-05,5.73,233,2,20,129.66,0,30
SUB102130,2026-04,2.34,598,0,15,119.91,1,28
SUB101876,2026-07,8.88,259,2,4,316.89,0,27
SUB102209,2026-02,3.04,348,0,8,201.48,0,29
SUB102463,2026-03,19.75,95,2,11,289.48,0,27
SUB100295,2026-06,13.09,141,1,11,388.78,1,27
SUB100563,2026-02,6.81,158,5,9,250.27,2,26
SUB100072,2026-02,2.62,398,1,12,181.36,0,29
SUB101646,2026-03,16.95,206,0,11,337.27,0,26
SUB102666,2026-05,12.02,116,4,12,255.35,0,27
SUB102330,2026-03,7.82,515,1,15,255.94,0,29
SUB101087,2026-05,26.05,304,1,7,484.23,0,29
SUB101106,2026-07,25.75,88,3,14,355.19,0,29
SUB100016,2026-07,5.06,69,1,16,333.7,0,27
SUB102127,2026-06,2.84,257,3,16,185.03,0,29
SUB101342,2026-05,8.76,317,1,21,469.48,0,30
SUB101810,2026-06,35.09,81,0,9,405.05,0,30
SUB100668,2026-07,4.3,142,5,10,139.66,0,28
SUB100171,2026-06,2.02,67,2,17,161.03,0,27
SUB103180,2026-02,9.15,210,1,10,184.2,0,28
SUB100979,2026-04,13.45,372,4,9,278.87,0,28
SUB102650,2026-03,0.46,198,2,9,158.3,0,30
SUB101791,2026-03,13.68,329,1,6,342.07,0,29
SUB101446,2026-02,4.42,497,1,11,175.49,0,29
SUB100919,2026-06,1.2,293,0,17,102.58,0,29
SUB102683,2026-03,2.31,347,1,16,218.6,0,29
SUB101618,2026-07,2.53,80,1,14,232.2,0,29
SUB100900,2026-02,4.45,191,2,9,220.82,0,30
SUB100614,2026-03,6.67,113,1,18,208.16,0,27
SUB100500,2026-06,7.22,213,4,15,212.94,0,27
SUB100614,2026-07,7.09,149,2,13,171.34,0,29
SUB103095,2026-03,6.33,226,1,12,160.49,0,30
SUB101743,2026-03,2.38,381,1,7,80.47,0,29
SUB101695,2026-05,1.93,42,1,9,117.22,0,29
SUB100831,2026-07,0.43,225,3,3,178.0,0,29
SUB100035,2026-06,6.8,58,0,13,158.52,0,28
SUB100405,2026-02,11.42,186,2,11,388.41,1,27
SUB102788,2026-02,29.55,91,3,14,502.76,0,28
SUB100631,2026-06,2.01,155,0,17,167.01,0,30
SUB100495,2026-03,8.55,208,3,9,127.1,0,28
SUB100789,2026-07,4.58,244,2,14,187.19,0,30
SUB102592,2026-05,3.05,39,1,10,136.69,0,29
SUB101966,2026-02,8.61,114,0,14,197.91,0,28
SUB102688,2026-03,0.87,73,1,6,138.32,0,30
SUB100215,2026-02,4.13,41,1,23,153.79,0,28
SUB102393,2026-05,1.69,59,3,10,88.45,0,28
SUB101779,2026-03,6.71,130,1,19,126.31,0,28
SUB101550,2026-03,3.01,261,2,6,212.16,0,26
SUB102713,2026-03,28.89,609,1,9,434.1,0,30
SUB102408,2026-03,4.44,313,2,6,340.16,0,27
SUB100245,2026-03,8.17,483,2,15,358.69,0,28
SUB101496,2026-07,2.41,97,4,13,142.73,0,30
SUB101460,2026-04,4.26,299,2,17,281.47,0,27
SUB100237,2026-02,9.01,72,3,5,105.96,1,29
SUB102451,2026-06,8.12,189,3,8,209.71,1,30
SUB102338,2026-07,1.67,95,2,12,77.24,0,28
SUB101339,2026-05,8.24,184,4,14,328.05,0,27
SUB101864,2026-05,12.93,251,1,9,257.59,0,28
SUB100470,2026-06,21.07,134,0,17,460.11,0,28
SUB101990,2026-02,16.29,56,1,17,383.68,0,27
SUB101790,2026-05,1.35,292,2,12,76.68,0,29
SUB100146,2026-03,8.94,169,1,24,338.14,0,29
SUB102790,2026-02,12.71,250,1,10,280.24,0,26
SUB101894,2026-05,13.68,232,1,10,311.93,0,28
SUB101930,2026-03,13.26,351,2,5,214.67,0,26
SUB101878,2026-05,1.46,140,3,2,158.99,0,27
SUB101588,2026-04,9.47,362,4,10,306.49,1,26
SUB102154,2026-04,5.6,365,1,13,481.37,0,26
SUB101906,2026-04,0.82,51,3,11,88.77,0,29
SUB100469,2026-03,1.85,165,2,8,102.86,0,29
SUB102825,2026-04,4.18,3,1,4,217.68,0,29
SUB102679,2026-07,8.96,265,2,14,322.56,0,26
SUB101533,2026-02,3.11,228,6,7,305.44,0,28
SUB102431,2026-02,1.01,343,1,3,149.39,1,28
SUB100529,2026-03,10.32,942,1,5,208.85,0,29
SUB100701,2026-04,7.23,240,2,16,213.45,0,30
SUB102302,2026-06,8.7,24,3,17,336.05,0,30
SUB103196,2026-03,2.95,398,1,11,208.07,0,28
SUB101700,2026-05,24.2,162,3,16,310.23,0,27
SUB102553,2026-04,5.32,308,0,9,171.55,0,27
SUB102854,2026-07,2.09,540,6,11,152.84,1,27
SUB100529,2026-05,7.42,687,2,15,235.81,0,26
SUB102482,2026-04,1.28,250,3,6,150.35,0,27
SUB102393,2026-04,2.41,66,0,8,84.06,0,30
SUB101433,2026-05,11.91,545,1,10,256.78,0,28
SUB101325,2026-04,16.95,132,1,14,323.31,0,26
SUB100637,2026-02,2.33,255,2,9,92.34,0,26
SUB102030,2026-07,36.69,134,2,11,658.86,0,30
SUB102031,2026-07,6.1,98,2,14,238.15,0,30
SUB100483,2026-07,3.26,266,2,3,141.7,0,28
SUB101495,2026-06,8.33,102,1,18,208.06,0,27
SUB100106,2026-05,5.97,109,0,5,122.54,1,30
SUB102253,2026-02,8.97,80,2,10,370.18,0,28
SUB103023,2026-04,4.29,47,1,6,277.91,0,30
SUB102904,2026-07,1.43,74,2,7,213.16,0,27
SUB100926,2026-03,1.01,60,2,13,182.39,0,29
SUB101098,2026-06,5.78,135,5,17,257.35,0,30
SUB102700,2026-03,7.48,64,3,8,239.23,0,30
SUB100810,2026-02,4.48,201,2,19,194.3,0,27
SUB101527,2026-04,7.34,253,1,5,145.0,0,29
SUB101715,2026-02,9.63,218,4,14,265.36,0,30
SUB102472,2026-03,8.18,65,0,10,182.79,0,28
SUB100843,2026-03,1.24,426,4,7,269.68,0,26
SUB100680,2026-04,1.86,528,0,10,240.19,0,27
SUB101426,2026-07,8.12,64,3,11,354.9,0,26
SUB100969,2026-03,0.88,279,3,7,254.11,0,26
SUB102565,2026-02,3.22,225,0,16,240.62,0,28
SUB101977,2026-04,11.14,78,6,8,270.47,0,28
SUB100633,2026-04,7.06,161,1,7,203.98,0,27
SUB102847,2026-04,10.93,745,4,16,502.56,0,26
SUB100435,2026-04,9.18,181,0,6,274.39,0,28
SUB100030,2026-02,5.38,498,1,9,294.79,1,26
SUB101644,2026-04,8.58,10,2,16,211.62,0,27
SUB101560,2026-07,4.57,28,2,9,270.26,0,26
SUB102110,2026-03,3.7,96,1,7,174.63,0,26
SUB101878,2026-06,1.56,145,2,1,195.09,0,28
SUB100889,2026-07,11.01,250,2,7,237.68,0,29
SUB102907,2026-06,8.54,317,2,9,166.76,0,26
SUB101672,2026-04,0.42,82,2552,11,307.29,0,30
SUB102665,2026-04,19.38,187,3,12,267.85,0,27
SUB101058,2026-02,0.85,292,2,16,218.94,0,30
SUB101960,2026-05,3.38,737,1,15,244.38,1,29
SUB101125,2026-07,3.4,44,3,10,175.0,0,29
SUB102167,2026-03,0.96,334,1,10,84.92,0,27
SUB102463,2026-06,16.12,73,2,14,291.4,0,26
SUB102082,2026-05,8.09,359,5,5,240.6,0,27
SUB102975,2026-06,13.06,396,5,10,329.35,0,30
SUB101735,2026-02,3.72,316,0,9,200.2,0,29
SUB100514,2026-02,4.79,66,2,7,72.71,0,29
SUB100819,2026-07,7.61,46,3,25,287.29,1,30
SUB101283,2026-07,61.17,250,3,14,0.0,2,30
SUB103059,2026-02,2.75,274,3,5,248.22,0,29
SUB100612,2026-02,20.08,282,4,10,302.66,0,30
SUB102461,2026-04,6.56,328,2,4,202.99,0,29
SUB102146,2026-03,13.68,157,1,8,166.12,0,28
SUB102611,2026-02,2.42,474,2,11,311.93,0,29
SUB102464,2026-06,15.62,627,3,15,387.72,1,26
SUB102825,2026-05,6.14,6,2,11,195.32,0,26
SUB100902,2026-05,3.86,38,2,6,203.96,0,27
SUB101480,2026-06,9.83,175,2,7,325.17,0,27
SUB100211,2026-06,13.96,116,2,9,334.3,0,29
SUB101768,2026-05,7.15,223,1,11,300.77,0,26
SUB101460,2026-06,5.15,344,3,20,237.38,0,27
SUB101679,2026-07,3.86,69,2,14,143.72,0,30
SUB101748,2026-07,6.85,951,3,8,318.1,0,29
SUB100328,2026-04,4.77,340,3,10,111.39,0,30
SUB102810,2026-06,4.01,113,2,11,83.53,0,27
SUB100685,2026-04,18.03,405,3,11,418.19,2,27
SUB101358,2026-04,8.48,55,3,13,166.23,0,26
SUB101280,2026-02,13.72,783,0,10,246.59,0,26
SUB101495,2026-07,7.33,201,1,13,236.64,0,26
SUB102746,2026-03,7.67,283,1,2,139.96,0,30
SUB100031,2026-06,17.57,300,3,24,268.6,0,29
SUB101113,2026-06,7.16,176,1,7,234.56,0,28
SUB100421,2026-05,11.91,148,2,6,274.01,0,30
SUB102260,2026-04,17.24,94,1,13,440.14,0,30
SUB100491,2026-03,13.34,668,1,17,415.57,0,26
SUB101412,2026-02,1.04,84,1,7,97.2,1,27
SUB101578,2026-04,12.86,323,2,11,330.36,0,26
SUB102824,2026-07,1.68,177,6,21,169.02,0,26
SUB101525,2026-03,6.07,559,3,13,263.11,0,27
SUB102059,2026-05,15.19,134,1,5,377.6,0,28
SUB101840,2026-05,5.09,283,3,3,354.81,0,29
SUB101925,2026-04,12.0,320,2,14,175.04,0,29
SUB100204,2026-07,11.39,739,0,3,434.07,0,28
SUB100061,2026-02,10.04,190,2,11,219.36,0,27
SUB103004,2026-05,5.94,179,2,17,172.51,0,30
SUB102364,2026-02,1.35,173,1,11,156.95,0,26
SUB101529,2026-05,8.81,325,0,4,346.07,0,27
SUB102583,2026-04,13.03,234,0,11,317.18,0,30
SUB100449,2026-04,3.43,60,1,12,245.62,0,28
SUB101615,2026-05,4.48,511,1,14,219.85,0,27
SUB101288,2026-04,2.9,76,1,10,212.9,0,29
SUB102864,2026-05,16.44,226,1,3,274.56,1,26
SUB100889,2026-02,11.45,226,0,5,260.67,0,27
SUB102226,2026-04,1.32,34,3,9,85.3,0,30
SUB101053,2026-03,11.04,67,0,19,132.88,0,30
SUB101509,2026-03,17.03,101,3,11,304.8,0,30
SUB100853,2026-05,6.97,480,1,9,166.16,0,27
SUB101586,2026-07,1.8,179,1,10,190.51,0,27
SUB101102,2026-04,14.38,62,1,8,372.91,0,27
SUB100439,2026-02,3.92,70,2,11,66.5,0,26
SUB102400,2026-04,13.54,103,2,17,221.9,0,29
SUB100551,2026-04,3.62,743,2,14,225.83,0,26
SUB100096,2026-07,1.21,417,3,11,229.43,0,26
SUB103074,2026-05,9.16,303,2,13,212.04,0,27
SUB102493,2026-03,8.32,69,4,8,111.55,0,26
SUB100746,2026-04,4.95,61,5,8,171.81,0,26
SUB102523,2026-06,6.1,493,3,12,292.15,0,30
SUB100450,2026-03,9.28,162,3,16,296.41,0,27
SUB100027,2026-05,29.26,258,2,18,397.73,0,26
SUB101619,2026-05,1.76,553,0,8,143.49,1,30
SUB101144,2026-02,0.47,21,4275,11,200.29,0,26
SUB100445,2026-03,10.32,79,0,21,133.05,0,29
SUB102303,2026-07,11.05,211,6,11,299.59,0,26
SUB100901,2026-03,6.17,127,1,10,124.48,0,28
SUB102371,2026-04,2.41,115,1,9,163.69,0,26
SUB100032,2026-02,3.45,232,4,8,168.81,1,28
SUB101186,2026-06,9.18,152,1,10,199.07,0,28
SUB100663,2026-05,1.36,440,1,12,,0,26
SUB101999,2026-05,6.29,552,1,10,189.86,0,26
SUB102372,2026-07,14.08,120,1,10,304.64,0,27
SUB101246,2026-07,61.1,63,5,10,0.0,3,27
SUB101503,2026-05,4.88,47,3,11,194.57,0,30
SUB101539,2026-04,4.4,437,2,3,72.84,0,26
SUB101888,2026-02,45.17,407,2,9,606.78,0,29
SUB100266,2026-02,10.73,123,2,7,295.91,0,26
SUB102256,2026-05,8.99,139,3,8,192.31,0,27
SUB103009,2026-07,2.24,214,2,16,225.33,0,30
SUB100314,2026-04,9.09,101,0,6,242.67,0,30
SUB103075,2026-03,6.87,119,3,9,205.72,0,30
SUB100450,2026-02,7.18,172,4,13,292.81,0,29
SUB100328,2026-05,3.82,204,0,5,102.77,0,28
SUB100996,2026-04,2.15,154,1,14,230.03,1,29
SUB102539,2026-03,7.76,148,2,8,150.35,0,28
SUB101691,2026-07,5.27,947,3,4,571.73,1,26
SUB101219,2026-03,11.07,100,1,12,153.38,0,28
SUB100002,2026-02,2.9,253,3,9,169.42,0,28
SUB101929,2026-07,4.92,132,3,10,205.08,0,30
SUB101688,2026-02,2.55,339,2,15,156.98,0,28
SUB100676,2026-03,0.14,27,4726,9,158.84,0,30
SUB101925,2026-03,10.44,240,0,6,157.77,0,29
SUB102140,2026-03,19.68,29,1,10,333.9,0,27
SUB100587,2026-03,6.92,199,4,10,332.66,0,28
SUB101627,2026-07,3.95,130,0,7,156.98,0,30
SUB100966,2026-04,9.58,423,1,12,166.65,0,27
SUB100670,2026-05,14.44,226,0,10,446.09,0,28
SUB102656,2026-05,9.49,137,2,22,258.91,0,26
SUB100447,2026-04,10.34,42,3,11,294.18,0,28
SUB103010,2026-04,8.28,72,1,13,337.14,0,29
SUB102707,2026-06,14.14,63,1,6,412.35,0,29
SUB100880,2026-05,16.76,135,0,13,373.96,0,29
SUB102275,2026-02,6.29,28,2,10,200.36,0,29
SUB100586,2026-04,3.21,154,0,1,149.26,0,29
SUB101456,2026-04,2.35,77,2,14,136.26,0,29
SUB101948,2026-02,5.72,270,1,1,182.81,0,28
SUB101007,2026-03,5.08,895,2,10,236.8,0,26
SUB102233,2026-07,8.19,215,2,7,271.8,0,26
SUB102966,2026-05,11.8,200,2,9,232.55,0,30
SUB100481,2026-05,5.02,183,1,9,127.0,0,29
SUB100301,2026-02,1.77,73,3,9,226.8,0,28
SUB102127,2026-07,3.39,431,1,9,249.62,0,30
SUB100472,2026-07,5.58,104,3,6,302.6,1,29
SUB101083,2026-03,46.82,371,5,16,722.63,0,30
SUB101198,2026-02,2.2,203,3,13,220.37,0,28
SUB101920,2026-07,4.92,416,6,9,218.63,0,28
SUB100440,2026-03,5.18,190,3,16,387.25,0,30
SUB100698,2026-02,5.08,91,4,9,196.41,1,30
SUB102605,2026-03,10.27,221,4,7,387.09,0,30
SUB102895,2026-04,17.06,239,2,9,403.76,0,26
SUB102810,2026-04,2.5,131,3,16,73.02,0,27
SUB101693,2026-04,5.11,180,1,22,275.19,0,27
SUB102505,2026-02,4.98,577,2,13,,0,30
SUB101904,2026-02,7.45,187,3,8,239.36,0,30
SUB102899,2026-06,6.94,55,1,17,160.23,0,30
SUB102224,2026-03,6.74,242,1,5,99.64,0,27
SUB101766,2026-06,1.87,362,1,7,131.89,0,28
SUB100224,2026-07,4.09,146,2,16,78.06,0,26
SUB102325,2026-05,1.39,73,4,5,160.78,1,30
SUB102187,2026-03,10.52,86,5,17,154.82,3,27
SUB101926,2026-03,5.51,240,2,15,334.26,0,26
SUB102961,2026-02,1.48,80,3,17,178.61,0,27
SUB101831,2026-06,0.73,193,1,9,133.39,0,26
SUB103153,2026-04,15.34,140,1,9,327.72,0,28
SUB101214,2026-03,10.06,214,2,16,263.29,0,28
SUB102492,2026-02,1.23,490,1,7,297.59,1,30
SUB100347,2026-07,11.69,327,0,7,235.49,0,28
SUB102693,2026-03,6.26,166,1,7,276.53,2,26
SUB100836,2026-07,17.24,219,2,9,372.1,0,27
SUB102475,2026-04,18.14,194,0,7,481.95,0,30
SUB100541,2026-02,9.85,40,0,11,247.11,0,28
SUB100642,2026-02,26.84,405,1,9,474.46,1,26
SUB100263,2026-03,5.72,279,0,11,158.72,0,29
SUB102761,2026-02,8.18,110,2,9,326.96,0,27
SUB100706,2026-02,2.58,124,4,2,243.23,0,30
SUB100634,2026-03,2.5,454,1,11,270.87,0,28
SUB100863,2026-04,10.07,78,3,17,231.56,0,26
SUB100413,2026-02,13.71,151,0,25,187.57,0,26
SUB101973,2026-06,5.7,25,4,17,291.03,0,26
SUB100996,2026-06,3.9,175,5,9,207.64,0,30
SUB102277,2026-05,6.42,15,1,9,397.76,0,27
SUB101680,2026-05,5.18,82,0,5,191.05,0,26
SUB100696,2026-02,12.12,176,3,5,320.12,0,30
SUB100005,2026-06,12.07,187,2,11,363.22,0,26
SUB100828,2026-05,6.74,115,2,5,270.44,0,28
SUB100344,2026-06,9.32,201,2,17,205.44,0,27
SUB101302,2026-04,5.92,383,3,16,248.34,0,29
SUB103102,2026-07,9.67,325,5,13,310.56,0,28
SUB103127,2026-06,11.38,121,1,11,427.29,0,26
SUB101665,2026-05,11.75,350,3,4,242.95,1,27
SUB100516,2026-05,25.37,114,3,12,488.47,0,27
SUB101845,2026-07,3.59,204,1,14,200.12,0,30
SUB101597,2026-03,5.34,332,2,2,285.47,0,26
SUB102344,2026-02,2.99,300,2,9,96.79,0,26
SUB103092,2026-07,1.69,122,3,6,124.83,0,30
SUB101774,2026-07,14.21,196,2,7,325.66,0,30
SUB100857,2026-03,24.02,169,0,3,282.66,0,28
SUB101540,2026-05,11.5,167,0,12,213.94,0,28
SUB102859,2026-06,3.84,47,2,9,97.01,0,26
SUB103196,2026-06,2.66,300,1,12,196.84,0,27
SUB102717,2026-02,11.75,165,3,12,164.52,0,30
SUB102980,2026-06,10.35,204,4,4,272.2,0,26
SUB101902,2026-07,7.34,79,1,15,240.77,1,29
SUB101318,2026-05,8.72,283,3,9,348.44,0,26
SUB102034,2026-07,6.17,346,1,4,202.94,0,29
SUB100670,2026-03,16.3,200,0,15,461.26,0,29
SUB103198,2026-06,2.14,184,1,11,250.83,0,30
SUB100460,2026-02,7.45,188,1,11,357.43,0,26
SUB102223,2026-07,18.7,435,3,5,396.01,0,26
SUB100441,2026-05,14.32,36,1,9,428.93,0,26
SUB100183,2026-05,1.3,245,5,16,162.83,0,29
SUB102544,2026-07,8.59,620,1,6,154.33,0,28
SUB102623,2026-06,2.87,38,1,10,205.75,0,30
SUB102725,2026-03,8.49,25,0,11,299.62,0,26
SUB101922,2026-04,10.32,113,6,10,190.02,0,28
SUB101377,2026-05,1.74,88,3,7,155.95,1,29
SUB101543,2026-02,1.24,129,5,11,104.96,0,28
SUB102141,2026-05,15.32,172,5,20,166.01,0,29
SUB101660,2026-04,3.78,202,1,11,300.51,0,29
SUB101731,2026-05,13.97,263,1,9,353.92,0,28
SUB100316,2026-02,0.48,141,4,9,227.52,0,27
SUB100641,2026-07,19.97,146,1,12,437.62,0,28
SUB101130,2026-05,21.51,112,1,14,471.43,0,26
SUB102969,2026-06,15.42,260,0,10,430.34,0,28
SUB101627,2026-02,1.91,130,1,6,147.92,0,29
SUB100126,2026-05,14.01,35,5,20,233.46,0,26
SUB100790,2026-02,2.8,313,3,8,145.89,0,28
SUB101565,2026-06,21.06,21,2,19,380.53,0,26
SUB100695,2026-07,2.33,94,2,10,129.01,0,30
SUB100108,2026-03,4.95,430,1,13,237.73,0,27
SUB100065,2026-02,2.51,270,1,8,113.77,0,26
SUB101895,2026-04,13.34,153,2,11,333.1,0,29
SUB102139,2026-04,13.47,141,2,7,383.56,0,27
SUB101551,2026-02,11.46,736,1,11,449.81,0,30
SUB100055,2026-03,23.64,367,1,7,361.83,1,28
SUB102486,2026-04,0.81,70,1,10,223.84,0,26
SUB100987,2026-03,7.74,358,2,13,179.57,0,26
SUB102278,2026-05,6.33,324,1,8,146.46,0,27
SUB100290,2026-05,6.23,361,5,6,283.16,0,28
SUB103175,2026-07,6.07,70,3,21,223.97,0,26
SUB102234,2026-06,4.28,419,0,8,212.08,0,28
SUB100532,2026-07,7.43,28,2,23,143.04,0,29
SUB100048,2026-04,20.38,709,3,3,410.3,0,29
SUB101098,2026-05,4.81,69,2,17,287.57,0,30
SUB102267,2026-07,0.3,59,4220,11,169.85,0,28
SUB102261,2026-07,16.98,108,1,12,429.22,0,27
SUB102149,2026-04,2.32,158,2,10,160.87,0,26
SUB101535,2026-02,5.79,296,2,4,163.25,0,28
SUB101324,2026-07,4.7,158,1,21,174.02,0,28
SUB101110,2026-06,8.7,204,0,4,199.55,0,30
SUB102435,2026-02,6.48,277,1,9,364.64,0,28
SUB100741,2026-05,5.13,95,2,13,167.17,0,26
SUB101438,2026-06,0.75,366,3,8,181.04,0,30
SUB101248,2026-03,21.44,113,1,4,539.59,0,27
SUB100987,2026-06,9.81,409,0,15,185.19,0,29
SUB101144,2026-06,0.12,46,2452,15,315.47,0,30
SUB100331,2026-04,6.88,593,2,22,184.75,0,27
SUB103181,2026-07,5.81,169,1,10,297.28,0,27
SUB101662,2026-07,16.66,612,1,16,425.91,1,29
SUB101820,2026-02,0.54,232,0,4,108.46,0,29
SUB101325,2026-06,12.52,102,1,5,352.74,0,27
SUB100704,2026-03,3.66,88,1,7,209.67,1,27
SUB102360,2026-05,4.53,104,6,11,195.25,0,29
SUB101564,2026-06,6.82,79,0,11,189.26,0,30
SUB102195,2026-04,10.38,276,4,11,270.14,0,28
SUB100415,2026-06,6.04,367,1,18,300.27,0,28
SUB101720,2026-05,6.4,388,1,4,195.58,0,28
SUB102281,2026-06,4.65,111,1,16,227.59,0,27
SUB100151,2026-05,10.43,348,3,14,268.91,0,26
SUB102388,2026-02,1.0,251,3,9,164.88,0,28
SUB102501,2026-06,7.15,131,2,21,193.43,1,30
SUB102242,2026-03,0.97,84,0,5,108.16,0,30
SUB101210,2026-03,7.58,109,0,12,342.77,0,29
SUB102203,2026-06,0.77,745,4,16,275.03,1,27
SUB101457,2026-05,11.22,42,4,8,99.14,0,28
SUB102288,2026-06,9.88,76,5,7,287.0,0,30
SUB102306,2026-02,14.27,92,1,7,298.66,0,28
SUB101188,2026-04,5.56,135,4,9,101.06,0,29
SUB103147,2026-03,1.06,122,2,5,115.34,0,26
SUB102946,2026-07,7.94,243,1,9,234.25,0,28
SUB100611,2026-06,10.39,880,2,19,359.31,0,28
SUB100465,2026-02,5.49,379,3,8,263.68,0,29
SUB102909,2026-05,5.57,743,0,10,299.21,0,26
SUB102449,2026-03,5.89,366,3,7,204.54,1,30
SUB102046,2026-05,57.91,322,0,14,1142.7,0,28
SUB100650,2026-04,18.76,80,3,5,508.28,0,27
SUB101744,2026-05,13.79,454,2,6,288.68,0,26
SUB100305,2026-05,17.0,403,0,1,233.29,0,26
SUB101159,2026-05,1.0,169,5,5,184.76,0,30
SUB102791,2026-07,14.68,40,5,7,269.48,0,27
SUB101816,2026-03,1.0,182,2,17,127.51,0,26
SUB100020,2026-05,5.93,368,2,3,243.86,0,29
SUB102440,2026-04,6.74,262,3,7,226.24,0,30
SUB101564,2026-05,5.67,101,4,17,255.17,1,30
SUB100619,2026-02,2.78,238,4,13,173.15,0,27
SUB100714,2026-07,8.06,150,2,13,201.23,0,29
SUB101416,2026-03,16.18,82,0,6,305.52,0,26
SUB100028,2026-05,0.87,670,2,10,142.81,0,27
SUB102565,2026-05,4.5,246,0,12,250.27,0,27
SUB101070,2026-05,11.26,308,1,5,387.88,0,26
SUB100534,2026-06,5.48,59,2,20,110.44,0,28
SUB100579,2026-03,19.24,329,1,12,276.68,0,30
SUB101792,2026-02,8.1,80,2,14,237.1,0,30
SUB100424,2026-06,14.92,128,0,7,231.92,0,26
SUB102729,2026-03,2.51,262,3,9,184.09,0,26
SUB100244,2026-07,0.88,83,0,6,154.9,0,29
SUB100590,2026-05,2.59,300,2,19,252.56,0,29
SUB102552,2026-04,2.93,88,3,1,78.14,0,27
SUB102044,2026-06,20.0,280,1,9,431.71,0,30
SUB100457,2026-02,13.38,247,3,6,350.3,0,27
SUB102310,2026-04,3.75,87,0,18,278.25,1,30
SUB102576,2026-04,4.09,308,2,18,115.81,0,30
SUB102309,2026-06,5.1,214,0,17,141.05,0,29
SUB101123,2026-05,6.22,478,2,13,275.75,0,26
SUB102822,2026-02,14.51,499,2,16,374.66,0,28
SUB101876,2026-06,10.73,351,0,4,293.65,1,30
SUB101561,2026-05,5.99,559,3,2,178.13,0,26
SUB103191,2026-06,0.85,283,1,11,114.98,0,30
SUB101161,2026-05,12.16,95,3,16,400.02,0,29
SUB102731,2026-05,1.77,215,1,13,141.22,0,30
SUB100582,2026-02,11.17,251,4,12,222.08,0,30
SUB101644,2026-07,8.32,18,2,21,276.65,0,26
SUB101797,2026-07,6.82,231,4,10,298.83,0,27
SUB101219,2026-04,8.0,118,2,12,155.63,0,28
SUB102273,2026-04,6.07,151,0,9,101.85,0,30
SUB100059,2026-02,10.33,199,3,19,256.57,0,26
SUB101405,2026-04,0.49,483,2,13,126.34,0,30
SUB101167,2026-06,6.07,324,4,12,197.19,0,29
SUB102303,2026-02,6.56,187,1,13,307.54,0,28
SUB102253,2026-05,12.79,86,1,9,353.43,0,29
SUB102638,2026-04,11.32,104,2,6,325.24,0,28
SUB102978,2026-04,9.6,191,2,9,143.17,0,30
SUB101263,2026-02,1.08,178,1,15,153.39,0,26
SUB101202,2026-07,4.61,13,1,17,258.02,0,27
SUB102267,2026-06,0.21,87,5770,8,263.4,0,27
SUB100896,2026-07,14.08,66,2,5,361.34,0,28
SUB100799,2026-04,10.11,158,1,13,408.55,0,27
SUB102768,2026-05,7.49,210,0,17,242.6,0,27
SUB101257,2026-04,14.62,386,1,13,324.42,0,28
SUB102289,2026-06,9.04,211,3,9,256.39,0,26
SUB101012,2026-06,7.09,97,2,11,184.71,1,29
SUB101922,2026-07,12.5,75,3,3,215.42,0,29
SUB100604,2026-07,9.67,638,3,9,252.02,0,30
SUB101573,2026-03,1.56,47,1,8,201.08,0,29
SUB101789,2026-04,14.53,100,4,7,396.74,0,30
SUB102678,2026-04,3.09,141,2,8,200.11,0,29
SUB102297,2026-03,2.82,168,1,9,246.98,0,30
SUB103119,2026-07,14.19,422,1,14,629.61,0,26
SUB100669,2026-07,3.18,223,3,6,244.75,0,28
SUB101795,2026-03,8.65,102,2,9,360.55,0,27
SUB102856,2026-06,5.42,359,0,15,231.64,0,30
SUB103056,2026-05,1.32,103,1,13,317.63,0,29
SUB102944,2026-02,1.28,145,2,12,65.14,1,26
SUB101699,2026-06,12.12,307,0,15,335.4,0,30
SUB101016,2026-04,17.2,120,4,11,277.61,0,30
SUB103047,2026-03,11.12,456,1,4,348.37,0,29
SUB100884,2026-02,5.21,389,3,11,129.91,0,26
SUB102348,2026-03,1.35,436,5,12,108.18,0,28
SUB102052,2026-03,9.4,147,0,12,378.95,0,29
SUB101373,2026-07,1.84,136,3,15,113.75,0,26
SUB100752,2026-02,9.64,166,1,12,,0,29
SUB101230,2026-03,0.87,314,1,10,211.45,0,28
SUB101746,2026-07,20.14,118,2,17,233.52,0,27
SUB100966,2026-03,10.4,371,3,12,141.28,0,26
SUB102540,2026-02,4.17,142,4,6,291.13,0,29
SUB103169,2026-06,12.58,330,2,6,408.33,0,28
SUB100368,2026-05,3.31,419,1,10,192.4,0,28
SUB100265,2026-04,1.92,98,1,6,341.51,0,27
SUB101675,2026-05,12.37,173,1,12,165.39,0,27
SUB102345,2026-02,7.0,56,1,9,301.92,0,28
SUB102012,2026-06,6.37,221,1,15,333.31,0,26
SUB100153,2026-02,8.38,90,3,11,150.55,0,30
SUB102459,2026-04,10.9,331,0,12,371.31,0,26
SUB100787,2026-02,16.2,650,1,19,263.99,0,27
SUB100901,2026-05,7.5,285,3,12,122.21,1,26
SUB102177,2026-03,18.98,768,3,11,405.53,0,26
SUB100365,2026-02,5.15,133,3,6,130.86,0,30
SUB100705,2026-05,1.4,360,1,6,121.67,0,30
SUB102227,2026-04,1.94,153,2,9,85.2,0,26
SUB100802,2026-07,5.73,208,0,13,233.08,0,29
SUB102172,2026-06,5.94,475,2,9,182.72,0,27
SUB101992,2026-06,1.75,31,1,7,163.21,0,30
SUB103186,2026-02,11.94,787,1,22,219.19,0,28
SUB103074,2026-04,15.49,442,2,9,158.52,0,26
SUB101425,2026-02,6.52,256,2,13,192.01,0,29
SUB102361,2026-04,5.58,608,1,17,279.03,0,29
SUB100752,2026-03,12.31,116,2,6,327.01,0,29
SUB101942,2026-07,5.4,213,3,10,329.36,0,27
SUB102649,2026-07,4.96,190,3,9,112.86,0,26
SUB101132,2026-02,14.16,539,3,12,317.77,0,26
SUB102499,2026-02,6.29,170,2,8,369.84,0,27
SUB101877,2026-07,1.09,188,0,9,205.89,0,26
SUB100093,2026-04,22.08,405,3,23,283.54,0,30
SUB100408,2026-06,11.08,269,1,11,442.69,1,29
SUB102089,2026-04,16.25,197,1,10,272.52,0,28
SUB101372,2026-03,8.49,197,2,9,229.44,0,26
SUB100016,2026-06,4.53,40,4,9,304.04,0,29
SUB101271,2026-06,12.6,152,5,4,198.92,0,26
SUB101239,2026-05,16.97,140,3,8,264.91,0,29
SUB101818,2026-03,2.32,192,2,5,199.29,0,26
SUB100961,2026-06,10.3,56,2,13,371.5,0,28
SUB101866,2026-02,7.06,85,1,13,192.45,0,26
SUB101699,2026-04,16.98,293,2,9,400.7,1,26
SUB100682,2026-07,2.28,454,2,11,101.55,0,26
SUB103154,2026-07,0.7,16,1,9,243.77,0,29
SUB100988,2026-07,1.6,93,2,10,152.69,0,29
SUB100440,2026-04,10.26,209,2,12,332.37,0,26
SUB100223,2026-05,2.49,85,2,9,119.12,0,29
SUB102652,2026-06,2.34,375,1,8,267.38,0,29
SUB102422,2026-06,27.19,849,3,12,508.3,0,30
SUB101864,2026-03,12.85,319,3,8,296.02,0,30
SUB101892,2026-04,8.9,81,2,14,318.38,0,28
SUB101603,2026-02,5.86,175,3,7,228.78,0,27
SUB101162,2026-05,15.1,66,4,7,299.45,0,27
SUB102128,2026-02,7.77,179,2,13,368.2,0,30
SUB102872,2026-06,8.27,194,0,9,271.83,0,28
SUB102986,2026-07,8.79,794,2,10,336.31,0,28
SUB100255,2026-05,5.59,100,2,11,203.14,0,28
SUB102228,2026-04,4.75,138,5,14,245.63,0,26
SUB100537,2026-06,3.65,604,7,6,207.04,0,28
SUB102638,2026-05,8.22,129,1,3,288.65,1,27
SUB101658,2026-03,7.69,173,0,5,161.95,0,30
SUB100752,2026-07,10.04,292,1,9,290.78,0,28
SUB102365,2026-05,31.18,255,1,8,415.7,0,27
SUB101502,2026-03,2.6,73,1,12,285.99,0,28
SUB102673,2026-02,14.26,228,1,18,193.05,0,27
SUB102133,2026-04,5.16,76,2,11,249.54,0,28
SUB102198,2026-06,2.96,123,1,6,156.83,0,26
SUB102361,2026-02,5.16,359,5,17,265.69,1,26
SUB103128,2026-03,3.92,79,2,12,134.34,0,27
SUB100685,2026-05,17.34,297,1,11,490.77,0,26
SUB100526,2026-06,3.95,12,1,5,262.25,0,30
SUB101083,2026-07,75.42,502,4,10,835.93,0,29
SUB101293,2026-02,4.64,48,1,12,207.48,0,28
SUB101911,2026-05,47.98,99,0,12,517.54,1,27
SUB102546,2026-06,6.78,171,0,13,132.3,0,30
SUB101547,2026-05,6.12,659,0,9,166.31,0,30
SUB102052,2026-06,11.71,157,1,16,393.28,0,26
SUB100651,2026-05,5.4,363,1,7,293.18,0,27
SUB101209,2026-04,10.21,228,1,12,247.22,0,27
SUB101393,2026-03,5.42,204,2,6,255.61,0,27
SUB102706,2026-04,15.7,498,3,8,291.8,0,29
SUB102992,2026-06,5.32,85,3,12,304.39,0,27
SUB100164,2026-07,6.64,335,1,6,209.17,0,28
SUB102530,2026-04,10.12,539,3,9,247.31,0,30
SUB101230,2026-07,0.71,259,3,12,209.95,1,28
SUB100435,2026-07,5.68,171,1,7,243.38,0,29
SUB101272,2026-05,29.28,233,0,13,318.75,0,30
SUB101335,2026-07,11.01,263,1,8,294.72,0,30
SUB102090,2026-06,10.94,196,1,8,118.95,0,27
SUB102049,2026-02,12.97,131,2,13,220.71,0,29
SUB101648,2026-07,3.7,224,0,7,212.28,0,30
SUB102419,2026-03,4.32,102,2,11,182.77,0,28
SUB101772,2026-07,21.31,49,2,2,403.0,0,27
SUB100104,2026-03,12.74,165,1,10,377.3,0,27
SUB102001,2026-02,13.12,137,0,8,375.39,1,30
SUB102233,2026-04,6.59,136,1,7,238.59,0,30
SUB100208,2026-02,1.42,258,2,12,115.97,0,29
SUB102000,2026-04,3.4,229,0,9,160.86,0,28
SUB103180,2026-05,7.36,95,2,22,162.36,0,29
SUB101178,2026-03,13.17,451,3,4,267.73,0,27
SUB100813,2026-07,5.39,50,0,10,169.98,1,27
SUB100086,2026-05,5.62,485,2,13,265.84,0,29
SUB100803,2026-02,3.06,148,2,14,243.73,0,26
SUB102157,2026-05,10.45,67,2,11,305.71,0,27
SUB102383,2026-07,2.93,120,0,16,153.99,0,28
SUB101862,2026-07,17.18,82,1,13,267.27,0,28
SUB100748,2026-05,35.17,280,1,11,506.49,0,27
SUB100296,2026-05,6.76,198,0,6,497.78,0,29
SUB101185,2026-05,7.2,53,1,5,114.29,0,27
SUB100443,2026-06,14.13,138,0,20,297.07,0,27
SUB102697,2026-02,0.82,93,2,12,279.39,0,27
SUB100962,2026-03,6.56,166,3,19,165.08,0,26
SUB100425,2026-06,9.62,25,0,6,289.37,0,28
SUB100278,2026-05,12.42,108,2,10,409.22,0,28
SUB100530,2026-07,5.79,196,2,3,140.72,0,28
SUB101992,2026-05,1.79,15,1,11,162.97,0,30
SUB101138,2026-05,2.58,105,2,10,124.1,0,30
SUB101779,2026-02,5.13,167,1,11,130.78,0,26
SUB100941,2026-06,2.15,343,2,6,271.5,0,27
SUB100730,2026-07,5.85,457,1,9,201.31,0,28
SUB103107,2026-06,8.33,201,0,8,231.51,0,28
SUB101201,2026-03,5.52,90,1,8,223.81,0,28
SUB101483,2026-07,3.26,439,2,11,283.26,0,30
SUB100579,2026-06,21.88,412,4,9,314.59,0,29
SUB101332,2026-05,1.79,170,4,7,137.27,0,28
SUB102284,2026-07,6.34,174,0,15,220.07,0,27
SUB100936,2026-03,4.01,124,5,7,92.62,1,27
SUB101309,2026-03,4.76,33,2,12,292.19,0,28
SUB101787,2026-04,1.94,69,0,9,192.35,0,27
SUB101503,2026-06,6.97,48,0,9,214.83,0,28
SUB100173,2026-05,4.53,481,0,11,114.64,0,29
SUB101205,2026-03,11.36,154,1,12,258.46,0,28
SUB100172,2026-06,1.04,744,3,4,87.88,0,26
SUB100640,2026-07,13.22,256,2,11,264.94,0,30
SUB101605,2026-04,8.44,197,1,11,217.94,0,30
SUB101254,2026-03,20.95,288,3,15,331.47,0,29
SUB100450,2026-07,7.69,180,1,19,311.84,0,28
SUB102346,2026-02,1.65,11,3,14,209.46,0,29
SUB102067,2026-03,13.28,106,1,9,304.05,0,30
SUB102250,2026-03,0.92,376,1,19,185.89,0,28
SUB101031,2026-02,3.82,112,2,7,317.06,0,30
SUB100582,2026-06,4.5,282,1,16,227.82,0,28
SUB102172,2026-05,6.98,681,2,3,260.82,0,26
SUB101694,2026-05,5.38,151,4,10,272.67,0,28
SUB103067,2026-06,1.7,326,2,15,94.89,0,27
SUB100820,2026-02,7.45,723,1,18,223.53,0,28
SUB100845,2026-06,5.76,203,3,7,194.05,0,27
SUB100885,2026-06,16.49,251,1,17,267.3,0,30
SUB102839,2026-04,7.18,317,4,15,290.02,0,26
SUB103042,2026-02,8.29,405,1,12,141.67,0,30
SUB101154,2026-02,8.53,432,0,12,190.34,1,26
SUB102867,2026-07,2.35,134,0,11,143.34,0,27
SUB103079,2026-04,7.53,102,1,4,274.43,0,27
SUB101546,2026-05,5.8,551,1,3,231.42,0,26
SUB102456,2026-04,7.14,54,2,13,154.43,0,29
SUB101894,2026-03,15.44,188,4,13,322.66,0,26
SUB101921,2026-03,0.68,741,1,13,143.61,0,26
SUB102122,2026-04,14.35,46,2,9,454.33,0,26
SUB101448,2026-07,20.41,396,3,8,356.46,0,30
SUB100221,2026-07,4.31,142,1,7,258.52,0,28
SUB100378,2026-03,5.37,224,3,18,303.05,0,28
SUB100031,2026-02,7.83,99,3,16,284.15,0,26
SUB101212,2026-04,15.9,240,3,20,404.73,0,28
SUB100139,2026-03,2.67,140,0,10,104.0,0,26
SUB100289,2026-02,10.45,212,2,15,280.2,0,30
SUB102445,2026-07,9.19,308,2,8,307.45,0,26
SUB100310,2026-04,6.55,401,2,14,170.48,0,29
SUB100468,2026-07,13.86,160,3,5,385.47,0,27
SUB103194,2026-02,18.45,208,1,11,345.87,0,30
SUB102118,2026-04,2.59,265,1,2,136.9,0,27
SUB101875,2026-05,6.67,106,1,14,387.79,0,29
SUB100087,2026-06,11.28,166,4,14,247.05,0,26
SUB100707,2026-03,16.52,85,1,9,303.7,0,26
SUB101678,2026-05,3.97,178,2,9,93.5,0,29
SUB102425,2026-06,27.26,101,1,7,481.67,0,30
SUB101299,2026-07,5.85,149,5,7,249.45,0,29
SUB101557,2026-04,7.32,303,4,11,370.32,0,29
SUB100989,2026-03,6.38,500,2,6,234.25,0,29
SUB101024,2026-04,8.76,121,2,14,201.01,0,29
SUB102508,2026-04,14.34,212,1,10,446.12,0,29
SUB102357,2026-05,7.94,31,4,16,420.06,0,29
SUB100630,2026-04,3.26,516,4,11,167.84,0,28
SUB100516,2026-03,18.78,130,0,5,377.5,0,29
SUB101647,2026-02,6.69,31,0,16,271.93,0,27
SUB101484,2026-04,9.78,434,3,12,149.21,0,30
SUB102207,2026-07,8.48,69,6,9,280.79,0,29
SUB101179,2026-05,6.2,247,3,11,265.16,0,28
SUB100396,2026-05,8.19,459,2,13,441.33,0,30
SUB102813,2026-06,3.55,101,2,8,272.93,0,29
SUB100915,2026-06,3.09,294,1,4,129.1,0,28
SUB101677,2026-02,7.86,153,0,9,203.23,0,30
SUB101012,2026-07,6.0,114,1,15,186.89,0,27
SUB102021,2026-02,0.84,168,1,14,155.72,0,29
SUB101461,2026-07,6.37,171,1,18,323.89,0,30
SUB102740,2026-05,16.18,287,0,20,343.82,0,28
SUB101831,2026-07,0.55,255,2,6,127.47,0,29
SUB101145,2026-06,9.08,460,7,19,209.48,0,28
SUB101596,2026-07,0.9,47,4,13,174.17,1,26
SUB103110,2026-02,8.92,912,6,6,257.96,0,26
SUB100920,2026-02,13.03,536,2,13,370.84,0,29
SUB101822,2026-04,4.0,383,3,10,274.52,0,27
SUB102284,2026-04,4.73,136,2,11,203.48,0,30
SUB101434,2026-05,0.12,27,4284,15,251.93,0,28
SUB101231,2026-05,1.34,130,2,21,160.61,0,26
SUB103090,2026-03,6.19,304,3,11,,0,26
SUB100098,2026-03,4.09,230,1,19,193.72,0,29
SUB101666,2026-06,15.46,156,1,11,324.09,0,28
SUB102745,2026-02,16.68,695,0,10,396.09,0,26
SUB101130,2026-07,17.67,143,3,12,441.04,0,26
SUB100597,2026-07,15.31,219,2,19,382.97,0,30
SUB100113,2026-07,0.04,21,3418,8,278.12,0,29
SUB102034,2026-06,6.54,415,1,3,241.29,0,29
SUB100552,2026-05,13.5,244,3,12,223.19,0,28
SUB102071,2026-04,1.65,117,1,26,82.55,0,28
SUB102681,2026-04,1.15,468,2,11,100.29,0,26
SUB101330,2026-06,4.76,155,3,13,149.02,0,28
SUB101617,2026-05,16.06,65,1,20,361.0,0,29
SUB101831,2026-05,0.67,159,2,9,143.49,0,26
SUB102731,2026-02,2.01,121,4,12,182.46,0,30
SUB101206,2026-04,13.85,93,2,11,282.7,0,26
SUB101137,2026-04,30.23,129,0,7,451.33,1,28
SUB100551,2026-02,7.25,296,3,13,193.28,0,27
SUB100201,2026-06,35.96,306,3,7,517.03,0,30
SUB100927,2026-04,11.75,358,1,10,303.06,0,29
SUB101181,2026-02,5.36,187,5,13,287.84,0,28
SUB102399,2026-06,5.02,471,2,9,138.15,0,29
SUB101630,2026-06,6.27,286,2,12,253.14,0,29
SUB101291,2026-06,9.22,125,2,14,305.69,0,28
SUB101753,2026-07,3.77,845,1,5,140.76,0,30
SUB101478,2026-03,6.21,259,2,13,200.63,0,27
SUB103068,2026-02,13.05,630,2,14,347.89,0,27
SUB102253,2026-04,8.1,74,3,16,292.73,0,27
SUB100573,2026-06,10.62,336,0,12,273.37,0,29
SUB100971,2026-02,13.56,126,1,8,284.15,0,29
SUB103049,2026-06,26.24,137,0,12,405.98,0,26
SUB101825,2026-04,8.62,92,3,16,366.13,0,28
SUB101626,2026-06,0.47,132,2,12,81.58,0,28
SUB103087,2026-07,10.89,115,6,7,227.15,0,28
SUB100696,2026-03,17.73,153,3,8,304.04,0,27
SUB102069,2026-05,5.21,104,2,11,225.67,0,28
SUB102912,2026-05,4.35,170,3,9,131.33,0,26
SUB101849,2026-03,1.73,132,3,6,146.11,0,26
SUB100648,2026-04,4.52,261,1,3,253.51,0,27
SUB101409,2026-06,2.14,521,3,7,120.48,0,30
SUB100124,2026-03,6.63,510,1,13,196.76,0,30
SUB101932,2026-04,6.8,133,3,10,197.68,1,26
SUB102564,2026-05,14.5,233,0,4,358.42,0,27
SUB101440,2026-06,36.0,369,0,12,691.35,0,30
SUB100776,2026-04,1.55,480,3,5,77.45,1,28
SUB100736,2026-02,11.68,67,2,12,245.33,0,30
SUB100796,2026-05,1.96,436,1,18,250.66,0,28
SUB103153,2026-07,17.65,206,2,15,275.97,0,26
SUB103016,2026-04,7.78,204,5,18,163.25,0,26
SUB102103,2026-06,15.79,158,4,14,382.94,0,28
SUB100073,2026-04,16.53,150,3,11,453.73,0,28
SUB100693,2026-02,6.32,150,1,23,326.84,0,26
SUB100964,2026-02,2.15,693,3,10,186.59,1,26
SUB101186,2026-03,9.58,223,1,16,221.57,0,30
SUB101575,2026-02,2.88,234,3,4,211.6,0,28
SUB100239,2026-05,18.32,668,1,12,300.23,0,29
SUB100919,2026-07,1.43,177,4,14,100.7,0,28
SUB102323,2026-06,0.64,627,1,15,142.23,0,28
SUB101665,2026-06,13.12,245,3,6,249.54,0,30
SUB101011,2026-07,6.74,236,0,14,140.57,0,27
SUB101056,2026-07,11.48,190,0,16,244.01,0,29
SUB102524,2026-03,1.98,208,1,8,98.24,0,27
SUB102698,2026-06,11.93,778,2,6,300.77,0,26
SUB102347,2026-06,3.25,234,1,7,,0,26
SUB100514,2026-07,5.74,44,4,11,72.87,0,27
SUB100203,2026-04,0.79,506,4,10,198.87,0,26
SUB101978,2026-02,4.46,290,2,13,151.99,0,29
SUB102106,2026-07,5.98,203,1,8,216.04,0,27
SUB102906,2026-05,4.92,534,2,12,193.86,1,26
SUB101068,2026-06,6.18,397,0,7,295.53,1,26
SUB100854,2026-05,7.04,145,0,10,137.01,0,30
SUB101116,2026-04,6.22,125,2,18,186.54,0,30
SUB100161,2026-03,5.07,292,0,11,188.34,0,29
SUB102216,2026-03,2.22,253,3,5,252.76,0,28
SUB100703,2026-03,5.98,113,4,5,202.51,0,26
SUB100487,2026-02,2.95,165,2,10,268.24,1,29
SUB100506,2026-06,7.66,81,2,21,255.89,0,28
SUB102781,2026-06,15.53,543,2,20,458.72,0,29
SUB102020,2026-03,8.09,23,0,8,183.4,0,29
SUB103172,2026-06,2.62,55,5,15,81.78,0,26
SUB102211,2026-07,9.57,158,5,10,188.01,0,27
SUB100527,2026-07,11.18,48,1,13,271.74,0,26
SUB100175,2026-06,9.18,84,1,11,284.19,0,26
SUB102061,2026-06,5.12,787,3,12,194.45,0,26
SUB100250,2026-05,3.66,174,2,17,310.79,0,26
SUB100703,2026-02,7.68,129,3,11,167.84,0,29
SUB101358,2026-03,5.08,30,3,11,195.41,1,30
SUB101274,2026-05,5.06,60,4,2,271.76,0,27
SUB100079,2026-07,11.14,256,4,19,324.3,0,29
SUB101666,2026-04,18.3,310,2,9,296.37,1,30
SUB102468,2026-07,12.82,238,1,7,325.88,0,28
SUB101323,2026-05,0.62,126,2,4,215.87,0,30
SUB102901,2026-02,16.41,239,3,21,357.5,0,26
SUB101447,2026-05,10.73,76,3,7,170.08,1,28
SUB101481,2026-06,4.94,117,3,2,136.74,1,27
SUB101107,2026-03,2.09,246,3,10,253.1,0,30
SUB101570,2026-06,25.3,125,2,10,635.97,0,30
SUB102606,2026-07,5.51,176,0,10,141.54,0,28
SUB102491,2026-05,11.3,35,2,6,277.38,0,29
SUB103168,2026-07,24.14,30,0,15,503.76,0,28
SUB102711,2026-02,2.42,139,3,19,116.34,0,28
SUB103087,2026-06,9.5,325,0,9,249.76,0,26
SUB102661,2026-03,2.31,104,0,5,143.28,0,27
SUB102516,2026-07,11.5,337,0,5,277.88,0,26
SUB101591,2026-06,0.94,182,1,4,145.8,0,30
SUB102017,2026-05,31.18,322,3,7,401.26,0,27
SUB100290,2026-02,6.3,164,2,5,339.38,0,30
SUB102737,2026-03,14.43,251,1,9,263.24,0,27
SUB101583,2026-04,12.09,337,1,8,230.79,0,27
SUB103162,2026-07,4.23,491,4,12,227.67,1,27
SUB102778,2026-05,7.69,201,2,13,278.4,0,29
SUB102889,2026-05,15.49,76,5,13,310.34,0,29
SUB102644,2026-04,9.76,51,3,6,442.25,0,27
SUB102390,2026-05,28.12,165,3,8,416.69,0,30
SUB102017,2026-07,16.21,400,1,11,406.37,1,30
SUB101041,2026-02,8.77,108,3,9,341.29,0,26
SUB102011,2026-07,5.98,283,1,10,197.02,0,28
SUB101797,2026-03,6.98,819,1,14,239.28,0,28
SUB101433,2026-04,15.32,612,3,11,378.3,0,28
SUB100371,2026-06,6.92,173,6,16,339.1,0,26
SUB102693,2026-07,3.79,145,0,7,279.88,0,28
SUB102503,2026-05,11.31,708,1,17,472.65,0,26
SUB100591,2026-05,10.34,130,1,7,311.27,0,29
SUB100803,2026-05,3.54,247,3,12,245.66,0,27
SUB102573,2026-06,5.75,33,2,6,229.11,0,30
SUB102596,2026-06,1.47,113,5,8,253.18,0,26
SUB103092,2026-06,1.97,98,4,9,126.73,0,28
SUB100401,2026-04,8.27,190,0,12,405.45,0,28
SUB100419,2026-04,4.8,270,3,15,213.39,0,27
SUB100428,2026-05,9.87,38,1,15,470.89,0,29
SUB102369,2026-03,13.35,64,2,5,288.36,0,30
SUB100051,2026-03,12.44,299,1,11,215.16,0,26
SUB101498,2026-03,3.23,629,1,4,146.22,0,28
SUB100182,2026-05,37.6,399,1,13,532.45,0,27
SUB102424,2026-05,1.5,647,5,7,166.19,0,29
SUB100125,2026-03,7.45,155,4,18,214.71,0,26
SUB100401,2026-06,6.69,295,2,10,414.08,0,30
SUB102926,2026-04,5.29,135,3,18,279.97,0,29
SUB100870,2026-03,11.76,81,3,7,269.07,0,29
SUB100543,2026-05,1.39,338,1,4,317.64,0,28
SUB101082,2026-05,22.14,143,1,19,495.44,0,30
SUB102434,2026-02,4.2,310,2,14,100.04,0,27
SUB101147,2026-03,13.49,70,1,14,278.59,0,29
SUB101764,2026-03,2.36,148,2,7,279.91,0,27
SUB102034,2026-02,4.34,330,1,6,224.08,0,28
SUB102258,2026-04,1.21,105,0,17,131.03,1,28
SUB101034,2026-06,3.29,104,4,10,131.58,1,29
SUB101605,2026-05,12.3,187,1,18,183.45,1,26
SUB101217,2026-04,6.03,147,1,10,260.64,0,30
SUB102406,2026-03,1.81,199,4,12,190.75,0,28
SUB101940,2026-03,5.5,405,1,11,195.22,0,28
SUB102108,2026-06,12.02,229,3,23,323.82,0,30
SUB102060,2026-02,22.11,186,2,11,538.38,0,27
SUB100852,2026-02,10.59,316,0,11,200.76,0,27
SUB102022,2026-02,5.76,103,1,12,223.57,0,28
SUB102066,2026-02,1.12,386,1,9,157.31,0,30
SUB102007,2026-05,6.21,330,3,12,150.03,0,26
SUB102991,2026-06,12.21,956,1,13,476.43,0,27
SUB101633,2026-06,7.33,173,1,10,242.37,0,29
SUB103089,2026-06,7.44,147,4,12,204.63,0,28
SUB102343,2026-02,28.65,359,3,8,566.21,0,27
SUB101725,2026-05,7.75,720,1,13,190.79,0,27
SUB100102,2026-05,3.0,453,1,6,241.1,0,30
SUB102731,2026-07,2.13,147,2,13,166.73,0,28
SUB101900,2026-02,15.64,157,2,9,327.72,0,28
SUB102371,2026-06,4.32,352,5,9,169.98,0,26
SUB100011,2026-04,7.59,213,4,20,421.23,0,28
SUB101881,2026-05,8.77,165,2,18,110.79,0,26
SUB100240,2026-07,15.95,127,2,10,381.44,0,26
SUB100095,2026-04,7.49,42,0,13,232.71,0,27
SUB101276,2026-04,4.79,27,3,10,184.22,0,27
SUB101571,2026-05,7.89,94,3,9,265.86,0,29
SUB100161,2026-02,4.42,193,1,17,217.03,0,29
SUB101162,2026-07,12.17,122,1,5,286.19,0,28
SUB100349,2026-02,1.99,71,0,10,190.66,0,26
SUB101231,2026-06,1.31,159,0,13,162.83,0,28
SUB100285,2026-04,7.32,253,0,6,178.67,0,27
SUB101995,2026-06,4.33,206,3,15,109.26,0,27
SUB101043,2026-04,11.37,758,4,16,231.57,0,27
SUB100504,2026-02,5.95,564,2,6,367.89,0,27
SUB101373,2026-02,1.76,177,1,10,100.68,1,29
SUB102940,2026-07,1.91,95,1,8,309.82,1,29
SUB100279,2026-04,1.9,453,3,3,181.17,0,27
SUB100483,2026-02,4.73,169,1,7,156.38,0,26
SUB102455,2026-03,5.63,51,2,8,298.25,0,26
SUB100381,2026-06,20.94,202,2,9,442.86,0,26
SUB100016,2026-05,4.54,74,3,8,333.62,0,29
SUB103187,2026-02,2.06,126,4,5,69.81,1,27
SUB100086,2026-07,5.85,386,3,15,207.75,0,28
SUB100718,2026-04,15.97,226,1,8,378.26,0,29
SUB101259,2026-07,12.33,313,1,20,312.27,0,29
SUB100625,2026-05,8.84,604,1,9,199.06,0,27
SUB100563,2026-07,5.85,133,3,12,262.09,0,28
SUB101975,2026-05,8.44,252,1,5,276.32,0,28
SUB100432,2026-05,12.8,209,1,8,345.06,0,26
SUB101970,2026-07,12.34,754,1,7,300.99,0,28
SUB101837,2026-02,9.97,106,0,7,315.47,0,27
SUB100981,2026-07,3.92,77,2,7,206.54,0,26
SUB102960,2026-07,3.44,376,2,10,240.73,0,26
SUB101654,2026-04,33.45,286,2,12,454.7,0,30
SUB102324,2026-06,1.53,265,4,18,292.84,0,28
SUB101221,2026-05,4.84,320,0,6,352.8,0,28
SUB100452,2026-07,9.81,265,1,6,182.99,0,28
SUB101823,2026-02,6.47,240,4,18,265.37,0,29
SUB102094,2026-03,2.43,342,1,12,147.14,0,27
SUB100186,2026-05,14.34,267,4,9,503.01,0,29
SUB100756,2026-05,1.75,297,3,10,250.61,0,28
SUB101577,2026-04,7.15,29,1,12,277.4,0,30
SUB101511,2026-05,12.77,137,1,6,273.61,0,26
SUB101993,2026-06,29.18,240,2,8,462.0,0,28
SUB101873,2026-03,7.33,342,0,6,139.92,0,26
SUB100575,2026-06,11.41,178,3,4,273.87,0,29
SUB101611,2026-05,8.14,245,1,10,296.92,0,30
SUB101038,2026-02,8.08,244,1,5,202.57,0,29
SUB100270,2026-07,28.3,425,1,12,431.13,0,27
SUB100305,2026-03,18.33,250,4,9,287.33,1,26
SUB102262,2026-02,2.44,92,2,11,175.43,1,27
SUB101593,2026-02,12.65,301,3,4,154.26,0,29
SUB102591,2026-06,24.14,209,0,5,651.16,0,28
SUB100019,2026-03,4.96,42,2,9,214.74,0,27
SUB101829,2026-05,11.27,209,0,6,222.56,0,27
SUB101449,2026-04,1.89,124,2,13,190.22,0,30
SUB101272,2026-03,24.16,163,1,19,290.32,0,30
SUB101228,2026-06,5.78,397,1,10,272.31,0,28
SUB100816,2026-05,9.26,81,6,8,248.65,0,26
SUB100533,2026-03,6.28,141,1,7,224.07,1,30
SUB102594,2026-06,14.35,962,0,7,396.92,0,26
SUB102497,2026-06,1.2,276,1,7,193.09,0,28
SUB102443,2026-02,6.94,257,1,6,205.91,0,28
SUB102597,2026-06,10.62,552,3,16,240.31,0,26
SUB102264,2026-04,9.92,702,2,8,154.49,0,30
SUB102717,2026-05,7.55,194,1,4,188.71,0,28
SUB101192,2026-05,1.13,118,2,15,131.62,0,26
SUB100584,2026-07,60.47,395,2,11,0.0,1,28
SUB103045,2026-07,14.29,224,1,14,420.54,0,26
SUB100344,2026-05,9.48,292,2,9,270.93,0,29
SUB100782,2026-02,3.62,124,2,13,275.49,0,28
SUB100020,2026-03,10.17,272,1,8,237.07,0,26
SUB100800,2026-04,5.69,533,4,16,177.26,0,28
SUB100897,2026-06,6.47,143,4,15,202.81,0,29
SUB103159,2026-07,5.75,363,2,13,147.7,0,27
SUB101272,2026-06,31.55,178,1,19,283.41,0,30
SUB101630,2026-05,5.96,396,1,1,232.12,0,26
SUB102774,2026-05,22.44,189,2,5,318.81,0,26
SUB103053,2026-05,30.66,153,2,7,458.78,1,28
SUB101522,2026-06,1.95,16,4,12,216.95,0,28
SUB103114,2026-03,3.54,523,2,5,141.47,0,28
SUB102831,2026-02,12.05,233,5,3,241.77,0,26
SUB100986,2026-07,7.88,100,1,9,239.24,0,27
SUB101195,2026-02,7.45,133,4,21,306.02,0,30
SUB102828,2026-02,6.34,504,1,9,384.71,0,30
SUB100937,2026-03,17.07,390,3,18,260.22,0,26
SUB100433,2026-02,18.96,112,2,15,395.55,0,30
SUB100554,2026-05,1.77,336,4,8,157.53,0,28
SUB102878,2026-02,16.35,91,1,6,394.82,0,29
SUB103155,2026-05,5.24,122,5,13,212.51,0,30
SUB102124,2026-03,6.81,80,1,21,184.68,0,30
SUB100658,2026-04,5.77,145,1,9,344.39,0,30
SUB100228,2026-05,12.38,171,0,6,332.92,0,29
SUB100655,2026-03,10.12,687,3,8,252.77,0,30
SUB100583,2026-06,6.77,330,3,12,251.05,0,29
SUB100596,2026-02,9.18,120,3,10,414.42,0,27
SUB102806,2026-03,1.33,223,1,5,115.73,0,29
SUB100678,2026-04,9.9,53,0,13,307.73,0,30
SUB102620,2026-03,1.11,79,5,14,119.39,0,29
SUB100074,2026-06,8.56,203,5,13,208.09,0,27
SUB102938,2026-03,7.13,236,1,18,225.06,0,28
SUB101630,2026-04,3.92,448,2,1,212.31,0,26
SUB100003,2026-06,11.65,254,2,16,247.07,0,26
SUB101169,2026-04,27.77,260,1,9,432.89,0,30
SUB100628,2026-03,27.15,44,0,9,497.66,0,30
SUB102171,2026-06,1.98,165,4,16,242.79,1,30
SUB100744,2026-06,10.9,128,2,14,248.57,0,29
SUB101201,2026-07,5.76,96,2,12,227.06,1,26
SUB100726,2026-05,3.57,226,2,11,135.54,0,29
SUB102948,2026-02,9.31,20,2,8,251.56,0,29
SUB102519,2026-03,1.5,155,2,7,238.65,0,30
SUB101468,2026-02,6.16,357,2,12,149.01,0,26
SUB100616,2026-06,3.74,68,3,28,126.71,0,30
SUB100580,2026-03,28.94,765,3,13,544.82,0,28
SUB100629,2026-06,18.45,170,1,8,201.09,0,30
SUB102705,2026-02,6.57,89,3,13,215.56,0,28
SUB101113,2026-03,11.05,124,3,6,255.81,1,28
SUB100801,2026-05,1.32,41,2,6,145.45,0,30
SUB101074,2026-07,1.4,67,0,7,180.66,0,30
SUB101517,2026-04,6.31,128,4,15,194.67,0,26
SUB101943,2026-05,13.77,234,2,10,537.56,0,28
SUB100745,2026-05,0.65,122,1,9,213.77,0,30
SUB100491,2026-02,9.42,384,1,15,450.86,0,27
SUB100546,2026-03,2.18,452,2,7,232.55,0,26
SUB101547,2026-07,5.58,626,1,12,183.7,0,30
SUB100994,2026-05,3.33,335,3,19,170.78,0,29
SUB101913,2026-07,7.19,485,0,4,298.16,0,28
SUB100684,2026-04,15.4,215,0,22,289.0,0,30
SUB102931,2026-04,7.7,63,5,15,310.42,0,27
SUB102847,2026-06,10.03,834,1,11,446.03,0,29
SUB101487,2026-04,7.42,367,4,13,344.69,0,29
SUB100662,2026-05,4.57,620,2,13,222.48,0,28
SUB100168,2026-07,6.99,332,3,22,149.78,0,26
SUB101042,2026-02,1.53,162,0,6,127.29,0,30
SUB102796,2026-07,8.69,134,4,10,113.52,0,26
SUB100924,2026-03,2.25,401,2,6,243.78,0,28
SUB101151,2026-04,11.79,128,1,15,290.41,0,27
SUB102181,2026-03,7.2,110,1,10,276.68,0,26
SUB100821,2026-05,4.74,151,1,17,220.59,0,26
SUB100940,2026-06,16.18,234,6,11,444.53,0,27
SUB101911,2026-02,58.37,118,2,7,585.95,0,29
SUB100744,2026-02,8.99,128,1,12,234.59,0,29
SUB101270,2026-03,14.84,646,1,10,316.36,1,30
SUB101660,2026-05,4.14,183,0,7,310.7,0,28
SUB102551,2026-07,13.14,354,1,16,329.29,0,26
SUB102898,2026-03,5.43,388,3,8,300.26,1,30
SUB102646,2026-04,4.23,154,1,7,312.31,0,30
SUB100755,2026-04,9.57,197,2,10,177.43,0,29
SUB101397,2026-05,8.86,303,0,8,256.27,1,27
SUB100529,2026-04,8.78,460,0,13,322.86,0,29
SUB102322,2026-06,5.8,491,1,10,319.34,0,30
SUB101589,2026-06,16.17,320,1,14,232.36,2,26
SUB101723,2026-04,10.69,126,0,7,452.56,0,30
SUB102953,2026-02,1.19,54,1,15,123.02,0,29
SUB102859,2026-03,6.25,58,1,10,102.58,0,27
SUB100869,2026-06,1.72,555,0,30,180.29,1,29
SUB101353,2026-07,11.66,99,3,15,342.16,0,27
SUB101828,2026-07,8.16,70,3,11,327.86,0,27
SUB100998,2026-05,3.79,328,0,19,186.27,0,28
SUB102570,2026-05,2.78,89,0,10,267.98,0,27
SUB102389,2026-05,17.45,320,4,18,334.0,0,30
SUB101889,2026-07,3.96,70,2,5,278.05,1,26
SUB102447,2026-05,4.33,526,0,10,220.31,0,27
SUB100655,2026-05,11.01,620,3,11,302.3,1,26
SUB102306,2026-04,14.62,94,1,16,369.43,0,29
SUB100813,2026-06,4.89,36,1,21,156.58,0,28
SUB100678,2026-05,12.14,49,3,11,299.06,0,27
SUB102667,2026-07,2.75,284,2,18,213.98,0,28
SUB102978,2026-06,4.94,175,1,11,201.09,0,29
SUB103032,2026-07,8.13,323,3,11,171.14,0,29
SUB103171,2026-03,3.76,27,1,11,134.2,0,30
SUB100163,2026-03,16.41,318,0,12,424.61,0,29
SUB100044,2026-03,20.26,242,6,12,433.78,1,28
SUB101549,2026-02,2.56,145,1,8,152.05,0,27
SUB101953,2026-06,1.85,276,4,11,201.25,0,27
SUB101918,2026-03,2.31,248,2,10,216.64,0,27
SUB102695,2026-04,3.21,194,4,5,300.23,0,29
SUB101549,2026-07,3.45,176,1,4,163.19,1,30
SUB102263,2026-07,11.0,477,3,8,216.99,0,29
SUB102364,2026-06,1.91,209,1,7,150.23,0,28
SUB100933,2026-02,10.24,145,3,14,481.46,0,27
SUB101366,2026-03,5.21,97,2,8,199.43,0,28
SUB101407,2026-06,11.11,344,1,8,382.26,0,30
SUB100255,2026-04,4.67,127,1,3,158.22,0,30
SUB102944,2026-03,0.62,159,5,11,92.36,0,26
SUB103115,2026-07,4.0,113,3,10,273.1,0,26
SUB100836,2026-06,13.03,155,2,7,397.79,0,26
SUB102695,2026-03,4.13,135,3,11,288.75,0,26
SUB101854,2026-02,17.44,75,0,7,573.72,0,30
SUB102306,2026-07,6.61,89,2,15,389.15,0,26
SUB103100,2026-03,24.96,157,1,13,555.18,0,30
SUB101232,2026-06,27.51,212,3,9,437.39,0,26
SUB101327,2026-07,18.63,59,2,10,377.28,0,28
SUB103124,2026-02,9.05,187,0,12,494.57,0,27
SUB100827,2026-03,7.95,140,2,11,276.86,0,29
SUB102849,2026-03,18.42,205,1,7,378.32,0,26
SUB100516,2026-06,16.23,125,0,10,434.46,0,29
SUB102727,2026-06,10.4,167,2,13,330.1,0,28
SUB102346,2026-05,2.8,43,2,9,253.81,0,26
SUB102907,2026-04,11.13,393,2,12,193.97,0,26
SUB102777,2026-02,13.73,82,1,10,211.91,0,26
SUB102146,2026-02,14.02,112,1,8,147.95,0,28
SUB103179,2026-06,3.75,127,3,11,215.82,0,26
SUB101218,2026-06,8.48,353,2,15,237.76,0,27
SUB100679,2026-07,1.91,136,0,17,229.45,1,29
SUB101765,2026-06,3.78,38,0,14,183.08,0,29
SUB103040,2026-05,8.19,248,1,15,351.89,0,28
SUB101946,2026-07,8.12,79,1,9,225.17,0,29
SUB101659,2026-02,11.23,217,0,5,270.3,0,26
SUB103133,2026-02,4.53,662,1,19,183.99,1,26
SUB100545,2026-07,11.42,129,2,20,450.11,0,28
SUB102568,2026-06,22.27,381,1,8,389.75,0,30
SUB103123,2026-02,7.15,161,0,13,159.01,0,29
SUB101728,2026-03,26.57,130,3,11,414.17,0,30
SUB102299,2026-06,1.21,250,4,11,72.4,0,28
SUB101785,2026-05,0.67,110,2,9,149.15,0,29
SUB102789,2026-07,8.54,91,3,19,380.78,0,29
SUB102827,2026-02,32.98,748,3,17,575.46,0,29
SUB100993,2026-03,5.88,181,0,4,266.37,0,27
SUB100665,2026-06,11.75,541,2,8,216.99,0,27
SUB102489,2026-02,4.5,44,2,16,170.75,0,26
SUB102442,2026-02,5.01,216,1,9,163.3,0,26
SUB100603,2026-04,3.76,208,1,14,91.47,0,29
SUB100123,2026-07,8.35,23,4,13,285.59,0,26
SUB101296,2026-06,2.88,14,3,7,245.41,0,28
SUB103127,2026-04,9.13,144,2,4,0.0,0,26
SUB102621,2026-07,7.4,170,2,13,291.29,0,27
SUB102424,2026-03,1.23,527,4,7,208.01,0,27
SUB102511,2026-05,4.51,118,0,14,158.79,0,28
SUB102336,2026-02,19.09,135,2,20,306.17,0,30
SUB100782,2026-03,2.9,98,1,8,240.2,0,26
SUB102837,2026-07,3.39,96,5,14,126.09,0,27
SUB100293,2026-06,7.44,78,3,9,205.8,1,28
SUB102254,2026-07,11.74,315,5,17,378.1,0,30
SUB101635,2026-07,10.66,223,1,5,383.19,0,26
SUB101237,2026-02,22.63,125,0,7,454.42,0,29
SUB100724,2026-04,2.56,56,0,11,184.02,0,27
SUB101661,2026-06,1.3,342,3,12,86.19,0,26
SUB103062,2026-07,3.45,64,4,10,175.8,0,28
SUB102347,2026-07,2.86,430,1,9,140.58,0,30
SUB101286,2026-06,1.41,538,1,4,132.09,0,27
SUB102316,2026-03,3.51,160,5,18,228.66,0,27
SUB100034,2026-06,5.15,123,3,11,98.8,0,26
SUB102454,2026-06,1.7,133,2,15,197.9,0,28
SUB102190,2026-05,8.21,222,2,15,267.69,0,29
SUB101756,2026-05,2.55,95,1,10,74.91,0,26
SUB100940,2026-07,14.17,298,2,9,438.75,0,30
SUB102985,2026-05,3.93,214,2,14,173.53,0,26
SUB101849,2026-06,1.21,120,2,15,127.27,0,29
SUB100499,2026-02,12.17,416,0,8,356.12,0,30
SUB102441,2026-04,3.21,210,2,11,112.32,0,26
SUB100066,2026-03,10.5,139,2,10,319.67,1,27
SUB102462,2026-07,6.46,462,3,15,252.04,0,28
SUB101273,2026-07,0.78,161,1,15,112.34,0,26
SUB100459,2026-06,7.88,529,3,7,237.5,0,27
SUB101187,2026-03,6.5,136,2,17,276.24,1,27
SUB101665,2026-04,9.5,281,0,5,234.12,0,30
SUB100174,2026-03,1.01,239,4,9,126.47,0,29
SUB103093,2026-06,14.21,137,3,11,339.32,0,29
SUB102429,2026-06,11.36,226,1,18,404.75,0,29
SUB100921,2026-06,16.11,34,1,7,237.4,0,28
SUB101879,2026-06,2.47,356,0,10,215.08,0,30
SUB100360,2026-02,11.49,119,1,6,373.51,0,30
SUB100337,2026-02,1.11,290,0,7,153.33,0,28
SUB100861,2026-03,5.04,319,3,14,221.9,0,27
SUB102582,2026-06,17.65,116,5,8,356.24,0,30
SUB102827,2026-06,18.4,1050,0,14,609.13,0,29
SUB100640,2026-04,11.54,294,3,6,299.99,0,27
SUB100513,2026-05,12.35,260,2,22,388.76,0,28
SUB102945,2026-05,4.35,164,4,8,165.17,0,27
SUB103168,2026-02,43.49,53,2,5,492.62,1,27
SUB100442,2026-07,9.56,547,1,12,255.25,0,27
SUB100675,2026-04,3.66,295,1,8,288.54,0,26
SUB102750,2026-05,6.68,297,6,18,182.97,0,28
SUB101655,2026-02,12.99,237,0,19,328.02,1,29
SUB102882,2026-03,12.41,119,4,14,332.33,0,27
SUB100134,2026-06,7.71,275,2,15,391.2,0,27
SUB102099,2026-06,2.12,49,1,19,238.92,0,29
SUB102112,2026-04,11.34,144,3,11,203.08,0,29
SUB101775,2026-05,47.42,120,3,15,678.83,0,30
SUB100682,2026-06,1.98,387,2,7,119.97,1,27
SUB101177,2026-03,7.79,870,1,14,295.64,0,29
SUB102593,2026-07,7.39,190,2,8,389.3,0,30
SUB100505,2026-05,5.95,47,2,11,269.75,0,28
SUB102544,2026-03,5.74,575,2,9,203.19,1,28
SUB100298,2026-06,1.0,483,3,12,177.21,0,27
SUB101982,2026-03,4.18,142,5,18,210.07,0,27
SUB101222,2026-07,8.33,265,4,9,238.57,0,26
SUB102502,2026-05,11.96,253,1,10,291.38,0,29
SUB101205,2026-07,11.0,260,1,12,206.56,0,27
SUB102997,2026-02,2.29,76,1,18,166.63,0,26
SUB101884,2026-03,5.55,155,2,12,285.23,0,26
SUB101303,2026-04,7.46,99,3,5,223.22,0,29
SUB102836,2026-07,15.97,99,2,6,485.76,0,29
SUB100729,2026-05,6.54,101,1,19,308.47,0,26
SUB100053,2026-02,4.34,374,3,11,0.0,0,30
SUB101954,2026-06,11.5,187,2,10,182.34,0,29
SUB102942,2026-06,6.83,302,1,13,155.48,0,26
SUB100283,2026-04,8.67,74,2,12,124.7,0,28
SUB102738,2026-02,1.64,290,2,8,119.65,0,27
SUB100950,2026-03,6.21,134,3,7,234.77,1,28
SUB100773,2026-02,10.63,228,2,8,316.64,0,30
SUB102522,2026-06,5.08,335,2,10,219.71,0,28
SUB102397,2026-03,1.48,54,1,9,72.17,0,27
SUB103146,2026-03,11.02,26,2,2,200.14,1,26
SUB102164,2026-03,3.07,134,3,5,60.94,0,30
SUB100450,2026-06,5.21,174,3,17,327.24,0,29
SUB100106,2026-02,6.03,58,1,6,135.42,0,27
SUB102117,2026-07,7.78,145,1,10,223.89,1,27
SUB102426,2026-07,7.24,319,2,6,176.87,0,28
SUB101936,2026-03,27.5,256,3,10,402.27,0,28
SUB100475,2026-02,37.07,351,0,6,519.98,0,27
SUB100378,2026-04,3.82,157,5,17,376.99,0,30
SUB101492,2026-05,1.02,92,2,10,193.54,1,26
SUB101431,2026-03,13.46,238,2,10,,0,29
SUB100253,2026-04,27.93,23,0,12,303.19,0,28
SUB100508,2026-05,3.43,542,4,9,172.05,0,28
SUB102231,2026-03,8.89,332,3,8,206.4,0,28
SUB102826,2026-02,5.43,415,1,9,207.32,0,28
SUB101548,2026-04,13.28,110,8,16,400.62,0,28
SUB101502,2026-05,2.4,192,6,10,248.56,0,27
SUB103154,2026-02,1.09,21,2,8,178.06,0,26
SUB100432,2026-04,15.43,158,4,9,317.32,0,30
SUB100301,2026-07,2.02,57,1,8,235.28,0,29
SUB102248,2026-04,12.5,258,1,11,308.23,0,29
SUB102543,2026-04,24.19,388,3,10,433.98,0,27
SUB101719,2026-03,18.4,164,0,14,326.45,0,29
SUB102340,2026-06,1.17,188,2,12,117.8,1,26
SUB102788,2026-05,25.46,200,4,11,418.4,0,29
SUB103031,2026-07,3.11,43,0,14,165.28,0,29
SUB101859,2026-05,33.33,106,3,3,522.31,0,29
SUB102064,2026-02,4.62,314,1,15,282.67,0,26
SUB100578,2026-06,14.02,167,2,11,472.09,1,29
SUB101415,2026-05,9.69,267,1,14,225.0,0,27
SUB101914,2026-06,9.83,317,3,16,149.72,0,28
SUB100680,2026-06,2.67,412,2,17,254.55,0,27
SUB100970,2026-03,10.17,71,2,6,305.81,1,27
SUB101562,2026-05,2.21,341,0,6,211.44,0,26
SUB100725,2026-05,14.75,196,3,16,273.22,0,26
SUB100399,2026-05,15.61,131,0,13,327.95,0,30
SUB100672,2026-03,2.53,217,1,8,217.67,0,26
SUB102722,2026-04,13.53,205,1,5,307.46,0,26
SUB101350,2026-04,1.3,183,4,9,125.97,1,26
SUB103104,2026-05,8.0,353,1,13,231.22,0,26
SUB102120,2026-06,14.33,197,0,6,472.03,0,28
SUB102353,2026-05,3.46,227,2,6,394.06,0,26
SUB103162,2026-02,7.13,790,1,16,273.3,0,26
SUB102198,2026-07,3.64,213,3,3,157.94,0,29
SUB103146,2026-07,6.43,20,1,6,187.17,0,26
SUB102642,2026-02,1.59,716,2,14,360.79,0,26
SUB102034,2026-04,4.89,416,2,10,233.65,0,30
SUB102061,2026-04,3.15,427,7,16,199.07,0,28
SUB102191,2026-04,0.87,193,1,12,147.6,1,28
SUB100277,2026-03,1.18,41,0,15,98.68,0,27
SUB100121,2026-04,9.22,191,0,12,291.87,0,26
SUB100063,2026-02,14.82,562,3,13,303.12,1,27
SUB101038,2026-04,6.4,177,2,7,217.56,0,27
SUB102291,2026-02,1.54,158,5,14,168.44,1,28
SUB102171,2026-03,1.33,196,2,11,243.82,0,27
SUB101771,2026-04,9.22,362,0,16,322.63,0,29
SUB101577,2026-07,6.16,28,1,9,362.52,0,27
SUB102691,2026-04,0.53,197,1,11,189.99,0,27
SUB101584,2026-07,40.33,270,5,21,624.57,0,26
SUB101240,2026-02,3.02,433,1,14,328.4,0,29
SUB100353,2026-02,11.72,167,5,5,270.19,0,28
SUB100585,2026-06,5.81,330,3,6,227.59,0,26
SUB102379,2026-04,7.0,778,1,14,330.45,0,30
SUB100313,2026-07,1.23,134,0,12,201.11,1,26
SUB102281,2026-02,5.5,88,0,10,205.01,0,29
SUB101010,2026-07,12.08,211,2,9,339.46,0,27
SUB100651,2026-07,7.89,374,5,7,289.81,0,30
SUB102370,2026-03,4.9,99,1,7,274.17,0,29
SUB101970,2026-02,7.7,615,1,3,358.08,0,28
SUB102064,2026-03,7.86,329,5,3,305.89,0,30
SUB102876,2026-05,7.86,27,4,10,340.85,0,26
SUB102594,2026-02,11.77,544,4,8,379.96,0,28
SUB101379,2026-04,9.72,206,2,15,356.71,0,28
SUB100137,2026-02,13.87,186,1,6,307.6,0,26
SUB100184,2026-06,7.45,126,2,8,197.12,0,26
SUB100971,2026-03,10.15,181,1,19,277.39,0,27
SUB101473,2026-05,5.72,8,2,14,166.17,0,28
SUB101004,2026-05,4.23,229,3,8,175.55,0,29
SUB102577,2026-07,15.17,225,3,16,495.94,0,28
SUB101860,2026-03,7.09,94,1,8,291.7,0,27
SUB100034,2026-05,5.9,111,0,13,98.46,0,26
SUB100069,2026-03,21.59,54,0,8,521.28,0,26
SUB103109,2026-02,2.35,217,3,14,85.65,0,30
SUB102162,2026-02,4.21,649,3,13,262.86,0,30
SUB101473,2026-02,3.81,4,1,21,195.36,0,28
SUB101276,2026-07,6.83,37,2,14,209.04,0,29
SUB100213,2026-03,10.99,223,2,12,439.84,0,30
SUB101552,2026-02,15.72,276,2,18,384.39,0,27
SUB102366,2026-03,20.66,100,3,5,468.43,0,26
SUB100526,2026-07,4.14,31,1,5,270.75,1,30
SUB102321,2026-03,20.35,716,0,14,374.78,0,29
SUB100314,2026-03,11.77,86,2,13,231.74,0,29
SUB101132,2026-05,12.92,351,3,11,339.76,0,28
SUB100830,2026-03,15.23,388,3,8,519.38,0,27
SUB102030,2026-04,35.91,88,5,5,577.7,0,28
SUB102242,2026-05,1.03,66,2,9,124.69,0,30
SUB100801,2026-03,1.28,52,1,9,158.99,0,30
SUB101859,2026-06,40.18,126,2,7,559.03,0,28
SUB100666,2026-02,6.41,149,2,8,247.91,2,26
SUB100257,2026-03,2.32,240,0,8,163.39,0,27
SUB101346,2026-03,7.61,65,0,12,239.69,0,29
SUB102579,2026-03,4.71,889,3,10,222.55,0,29
SUB101689,2026-04,10.52,280,0,11,317.9,0,28
SUB102358,2026-06,11.75,39,3,5,291.88,0,28
SUB101845,2026-06,3.57,243,3,10,216.51,0,30
SUB100132,2026-03,4.97,427,0,14,171.41,0,28
SUB100944,2026-04,7.18,294,0,13,404.91,0,27
SUB102021,2026-06,1.32,338,0,11,143.32,0,30
SUB102895,2026-03,18.41,185,2,9,286.47,0,29
SUB100613,2026-07,0.46,92,1,12,72.21,0,28
SUB102584,2026-02,13.45,302,3,6,170.2,0,27
SUB102668,2026-04,3.28,233,1,17,255.25,0,29
SUB100369,2026-04,13.29,491,1,10,266.84,0,26
SUB102505,2026-04,7.01,368,3,12,286.18,0,30
SUB102175,2026-05,2.34,381,2,18,155.55,0,28
SUB102827,2026-03,13.24,979,0,11,545.65,0,30
SUB102715,2026-07,7.96,108,3,17,377.46,0,30
SUB102566,2026-04,2.31,67,1,20,125.6,0,29
SUB102331,2026-03,1.5,66,2,8,144.49,1,30
SUB100286,2026-04,12.74,352,1,5,240.02,0,28
SUB102931,2026-02,8.47,88,0,14,270.23,0,30
SUB102674,2026-06,7.3,81,2,24,505.28,0,30
SUB101360,2026-07,12.22,192,3,9,417.94,0,28
SUB100774,2026-03,1.49,120,3,9,233.44,0,28
SUB102338,2026-06,2.21,66,1,9,78.42,0,30
SUB102454,2026-05,2.52,176,0,14,166.61,0,27
SUB101303,2026-07,7.58,65,2,8,215.21,0,29
SUB102153,2026-04,11.57,34,6,19,486.68,0,27
SUB100303,2026-02,1.14,131,2,7,184.54,0,27
SUB101051,2026-07,1.59,121,4,8,154.51,0,27
SUB100818,2026-04,7.78,398,2,12,161.35,0,27
SUB101507,2026-04,14.57,436,1,9,377.08,0,30
SUB101140,2026-03,12.46,183,2,12,188.24,0,27
SUB101948,2026-03,6.43,128,1,8,152.62,1,26
SUB101906,2026-05,0.69,37,2,14,83.75,0,26
SUB101686,2026-05,22.18,224,0,11,287.39,1,26
SUB102649,2026-04,4.19,203,0,19,80.98,0,26
SUB100302,2026-06,7.64,136,3,8,252.06,2,26
SUB103083,2026-02,0.32,84,6050,8,302.12,0,26
SUB100821,2026-04,6.84,165,3,20,198.17,0,30
SUB101571,2026-03,4.74,58,0,4,229.66,0,27
SUB102950,2026-03,9.69,258,2,7,255.23,0,27
SUB101935,2026-04,8.44,311,5,10,336.45,0,30
SUB103170,2026-02,1.08,329,0,11,180.2,1,30
SUB101897,2026-07,6.79,264,1,12,372.09,0,26
SUB102061,2026-03,4.65,612,4,14,242.55,0,26
SUB101891,2026-05,5.98,175,2,10,306.84,0,26
SUB103046,2026-04,9.63,638,3,10,352.16,1,27
SUB102407,2026-03,17.34,43,4,22,104.33,0,29
SUB100306,2026-04,14.07,265,2,9,429.56,0,26
SUB101341,2026-02,57.24,706,1,8,604.44,0,27
SUB102317,2026-06,8.38,89,1,17,271.05,0,26
SUB100924,2026-05,3.13,392,0,9,293.12,0,28
SUB100780,2026-05,7.42,377,1,6,253.21,0,28
SUB102812,2026-04,21.36,39,0,13,412.37,0,29
SUB100653,2026-07,20.16,253,5,8,410.06,0,28
SUB100197,2026-04,5.61,220,3,9,275.37,0,30
SUB101928,2026-04,3.74,104,5,7,224.12,0,30
SUB101635,2026-05,19.08,103,6,8,456.99,0,27
SUB101053,2026-02,8.16,48,1,22,119.51,0,26
SUB102065,2026-06,50.06,402,1,7,0.0,2,26
SUB101973,2026-03,8.64,96,2,14,257.95,0,29
SUB101040,2026-04,8.97,200,0,8,361.61,0,27
SUB102427,2026-03,10.65,520,3,2,421.65,0,26
SUB101661,2026-02,1.06,364,1,12,78.94,0,26
SUB100262,2026-06,6.87,61,1,11,179.47,0,28
SUB100970,2026-05,12.96,58,1,5,281.88,0,27
SUB100026,2026-04,1.99,133,2,14,80.53,0,30
SUB102932,2026-07,1.93,340,0,17,84.22,0,30
SUB102582,2026-04,14.36,209,1,11,496.3,0,27
SUB102878,2026-06,13.24,74,1,5,345.13,0,27
SUB101065,2026-05,4.03,526,1,6,166.4,0,30
SUB100478,2026-06,4.89,91,4,8,157.94,0,29
SUB102983,2026-04,3.02,31,4,10,300.82,0,29
SUB100341,2026-04,6.94,136,4,24,136.54,0,27
SUB102903,2026-06,25.45,55,0,16,447.24,0,28
SUB100969,2026-02,1.41,257,0,14,251.9,0,29
SUB101790,2026-06,0.86,292,2,5,75.78,0,27
SUB101876,2026-04,6.66,254,2,8,291.26,0,29
SUB102575,2026-03,7.71,351,2,3,177.32,0,30
SUB102956,2026-05,10.08,100,0,6,231.93,0,26
SUB102580,2026-05,8.38,128,1,15,296.7,0,27
SUB102174,2026-02,4.05,246,0,17,312.24,0,26
SUB102007,2026-07,7.3,311,0,13,173.4,0,26
SUB101890,2026-06,10.3,151,1,12,249.82,0,27
SUB102620,2026-07,1.0,228,1,11,128.56,0,27
SUB103102,2026-02,18.48,393,1,17,327.64,0,26
SUB100988,2026-03,1.36,49,2,11,146.64,0,28
SUB100175,2026-04,10.93,79,1,10,308.24,0,27
SUB103090,2026-02,7.17,189,3,13,180.63,1,27
SUB101569,2026-03,10.94,37,0,5,260.69,0,27
SUB100621,2026-02,6.66,19,3,18,131.54,0,28
SUB100371,2026-07,9.82,203,4,11,281.31,0,30
SUB101315,2026-04,2.89,207,3,28,90.98,0,29
SUB100381,2026-04,15.0,133,1,11,463.53,0,27
SUB101180,2026-05,14.35,103,1,19,220.18,0,27
SUB100804,2026-07,26.47,21,2,5,506.23,0,29
SUB101346,2026-07,13.17,80,2,18,209.17,0,28
SUB102476,2026-07,3.58,82,2,5,136.79,0,26
SUB102563,2026-07,13.7,174,2,16,182.95,0,29
SUB100474,2026-04,0.71,474,2,12,156.75,1,29
SUB101402,2026-05,16.52,281,3,9,269.16,0,28
SUB103078,2026-05,9.16,105,0,15,224.28,0,30
SUB100299,2026-03,5.29,574,1,15,205.86,0,27
SUB102649,2026-02,5.56,179,1,5,155.41,0,26
SUB102914,2026-06,8.41,22,1,5,297.88,0,28
SUB101974,2026-05,5.29,226,3,5,232.22,0,27
SUB103194,2026-03,19.65,222,3,15,362.84,0,29
SUB102096,2026-04,2.74,89,3,10,218.29,0,28
SUB102101,2026-03,13.52,182,1,7,0.0,0,26
SUB100979,2026-03,9.46,405,1,11,268.23,1,26
SUB101118,2026-07,12.59,180,1,8,257.65,0,29
SUB101445,2026-03,8.33,190,1,14,236.42,0,28
SUB103027,2026-06,4.99,54,3,11,98.31,0,29
SUB101390,2026-06,12.07,77,1,13,290.81,0,30
SUB101589,2026-04,15.01,242,5,10,319.54,0,26
SUB103120,2026-07,6.17,310,3,16,171.69,0,30
SUB102945,2026-06,4.17,194,2,11,168.2,0,27
SUB100524,2026-07,5.09,106,4,8,234.12,0,26
SUB102291,2026-07,1.3,94,3,17,191.54,1,30
SUB100813,2026-03,2.74,76,0,12,205.35,1,26
SUB102853,2026-07,7.93,430,6,10,375.64,0,27
SUB100252,2026-05,1.68,69,0,14,134.92,0,30
SUB101660,2026-03,4.56,169,3,13,323.1,0,27
SUB100238,2026-03,11.81,205,4,13,296.7,0,29
SUB100591,2026-06,8.18,124,3,4,279.62,0,26
SUB102206,2026-06,7.69,38,1,15,256.68,0,27
SUB101404,2026-03,22.92,215,2,8,439.43,0,28
SUB101341,2026-03,58.28,525,1,21,651.54,0,29
SUB100505,2026-04,4.33,46,3,16,283.92,0,27
SUB100305,2026-06,8.25,349,5,4,315.67,0,26
SUB101885,2026-05,18.0,255,1,13,285.84,0,29
SUB102041,2026-04,11.36,36,1,7,117.07,0,27
SUB103045,2026-03,10.86,227,1,11,456.59,1,30
SUB100033,2026-07,0.64,115,2,8,133.42,0,29
SUB102668,2026-02,4.39,238,0,10,271.42,0,27
SUB100697,2026-04,6.5,128,3,15,200.63,0,28
SUB101625,2026-02,5.02,272,3,8,215.58,0,28
SUB100951,2026-07,5.99,168,5,5,191.9,0,29
SUB100528,2026-02,9.36,156,1,6,360.88,1,29
SUB100052,2026-03,1.37,168,2,19,234.55,1,30
SUB102057,2026-04,11.06,279,4,10,441.32,0,28
SUB102233,2026-06,9.12,175,1,14,202.9,0,29
SUB102395,2026-07,14.98,362,3,16,266.05,0,26
SUB101886,2026-06,12.86,433,2,1,446.5,1,26
SUB101155,2026-04,1.26,113,1,10,100.8,0,28
SUB101055,2026-04,7.77,94,4,0,236.14,0,28
SUB100123,2026-02,4.19,87,3,13,266.0,0,26
SUB103089,2026-03,6.05,143,4,9,205.04,0,30
SUB102445,2026-03,12.83,199,2,8,302.99,0,27
SUB101179,2026-04,6.19,168,1,13,314.11,0,27
SUB102649,2026-06,4.32,249,1,8,131.57,0,27
SUB101997,2026-02,1.82,59,1,10,106.52,1,28
SUB101512,2026-05,1.71,209,1,14,135.98,2,26
SUB101430,2026-06,11.34,222,2,11,261.99,0,26
SUB102439,2026-07,11.01,106,2,10,194.61,0,28
SUB102767,2026-03,1.03,223,2,12,239.87,0,29
SUB101664,2026-04,7.34,284,2,9,74.36,0,28
SUB101697,2026-03,3.99,150,2,17,233.71,0,29
SUB101526,2026-02,2.8,96,3,18,165.4,1,29
SUB103079,2026-05,7.35,82,3,4,263.62,0,26
SUB102756,2026-04,1.74,200,2,12,194.49,0,28
SUB100439,2026-05,3.38,30,0,11,94.1,0,30
SUB102397,2026-05,1.48,61,0,7,74.93,0,30
SUB101560,2026-04,3.42,29,1,9,272.23,0,28
SUB100522,2026-04,12.89,37,1,13,284.48,0,28
SUB100174,2026-06,1.47,312,5,10,156.31,0,29
SUB102320,2026-07,8.56,265,2,18,262.82,0,26
SUB102443,2026-05,7.34,258,2,10,216.97,1,28
SUB103053,2026-04,22.97,238,4,6,446.74,0,28
SUB100078,2026-04,2.12,243,3,9,167.37,0,26
SUB100216,2026-03,1.62,202,4,5,255.25,0,26
SUB101595,2026-04,1.52,299,1,7,225.77,0,26
SUB100767,2026-07,6.4,127,2,8,284.85,0,27
SUB102088,2026-05,17.12,109,0,9,292.85,0,28
SUB101501,2026-05,0.39,327,2,3,168.04,0,30
SUB100710,2026-03,20.79,104,3,11,281.51,0,30
SUB100631,2026-05,1.12,160,2,10,181.41,0,28
SUB101993,2026-02,17.68,404,4,13,460.13,0,28
SUB103051,2026-06,2.44,109,1,3,192.61,0,28
SUB102282,2026-07,17.62,484,6,8,243.45,0,28
SUB100113,2026-03,0.23,27,3385,10,181.33,0,30
SUB102950,2026-04,8.31,247,1,4,331.19,0,28
SUB100167,2026-05,2.28,407,2,10,187.41,0,28
SUB103068,2026-06,18.89,490,1,21,371.97,0,28
SUB102035,2026-04,1.48,510,0,9,153.5,0,27
SUB100058,2026-03,5.06,239,0,11,181.5,1,29
SUB102043,2026-03,8.24,237,4,15,246.04,0,28
SUB101988,2026-05,0.27,74,6430,5,233.62,0,29
SUB102039,2026-05,10.81,203,4,11,280.31,0,27
SUB101978,2026-04,4.66,387,1,12,167.2,0,28
SUB101747,2026-07,4.7,52,1,15,162.23,0,28
SUB100179,2026-02,27.5,322,2,16,376.77,0,27
SUB100066,2026-07,6.19,142,2,13,300.22,0,30
SUB103176,2026-06,49.89,165,2,17,0.0,1,26
SUB101796,2026-05,20.12,605,4,21,579.53,0,28
SUB100256,2026-02,16.57,400,0,9,332.06,0,29
SUB101217,2026-05,6.04,166,2,17,238.89,0,30
SUB102964,2026-06,17.37,182,1,12,369.36,0,29
SUB100727,2026-03,7.16,748,4,6,272.27,0,30
SUB101402,2026-06,9.13,283,5,11,272.65,0,28
SUB101440,2026-05,20.8,468,2,9,617.52,0,27
SUB100526,2026-05,3.0,18,0,9,286.29,0,30
SUB100839,2026-06,14.45,206,3,10,359.4,0,27
SUB102502,2026-02,16.03,193,2,6,324.09,0,30
SUB102362,2026-06,15.29,241,1,15,321.85,0,29
SUB102168,2026-06,3.13,469,2,14,232.81,0,29
SUB100088,2026-06,18.39,379,2,14,569.56,0,29
SUB100644,2026-05,4.29,414,1,7,179.15,0,30
SUB102705,2026-05,11.4,101,3,11,237.12,0,28
SUB101642,2026-02,10.75,149,2,10,182.43,0,27
SUB102064,2026-07,4.19,380,6,5,286.11,0,28
SUB103005,2026-05,11.02,306,2,4,344.27,0,28
SUB100093,2026-05,23.28,291,1,13,354.1,0,30
SUB101110,2026-03,8.48,158,3,6,195.3,0,26
SUB100929,2026-06,17.17,570,4,14,330.06,0,30
SUB102962,2026-06,24.41,219,1,10,424.83,0,30
SUB102637,2026-02,6.19,172,4,6,289.93,0,30
SUB100496,2026-03,5.55,688,2,10,283.08,0,28
SUB101354,2026-02,18.77,178,5,20,370.43,0,26
SUB100061,2026-05,4.59,177,2,18,211.66,0,27
SUB101500,2026-03,8.4,366,1,13,192.58,0,26
SUB101060,2026-02,7.0,113,1,6,190.77,0,28
SUB102283,2026-04,4.18,331,3,14,241.72,0,28
SUB100536,2026-07,5.75,591,2,14,266.62,0,27
SUB101661,2026-04,1.06,273,0,18,77.95,1,27
SUB102554,2026-05,9.75,210,0,10,177.2,1,29
SUB101607,2026-05,1.8,430,3,10,125.62,0,27
SUB101900,2026-07,12.49,298,1,6,317.97,0,27
SUB101789,2026-05,10.78,121,5,4,364.47,0,27
SUB101923,2026-07,1.29,412,3,11,274.53,0,27
SUB100130,2026-04,17.52,146,3,15,407.2,0,28
SUB103192,2026-07,3.94,318,0,18,79.03,0,29
SUB100232,2026-04,17.57,103,2,13,406.79,0,26
SUB100035,2026-07,7.22,85,1,4,157.66,0,29
SUB100066,2026-06,5.71,128,1,9,322.28,0,27
SUB102023,2026-06,5.06,96,2,9,242.14,0,30
SUB102632,2026-02,5.99,265,0,23,175.72,1,28
SUB103001,2026-05,3.72,145,2,11,274.27,0,29
SUB101077,2026-03,11.37,337,2,14,252.27,1,30
SUB102027,2026-04,5.2,95,2,4,192.57,0,28
SUB100770,2026-02,1.57,59,2,11,87.32,0,27
SUB102025,2026-03,4.59,235,4,10,207.19,0,28
SUB101874,2026-03,1.59,261,5,4,139.48,0,29
SUB100017,2026-02,4.35,63,2,10,107.07,0,26
SUB100763,2026-06,14.83,202,2,9,285.46,0,30
SUB102315,2026-02,2.19,53,2,12,232.13,0,30
SUB102608,2026-06,12.29,569,1,20,189.17,0,29
SUB101815,2026-02,7.41,221,5,16,252.47,0,26
SUB101081,2026-07,3.94,159,3,7,257.35,0,26
SUB102558,2026-03,1.27,153,3,13,250.7,0,29
SUB100657,2026-03,7.04,712,1,10,174.45,0,29
SUB100205,2026-04,8.6,88,1,12,267.44,0,26
SUB102787,2026-03,6.34,226,3,14,231.16,0,27
SUB100045,2026-02,2.21,273,3,9,88.38,0,28
SUB101192,2026-03,1.09,76,4,14,129.35,0,29
SUB102384,2026-04,1.52,104,2,9,134.11,0,26
SUB102111,2026-02,20.23,286,5,9,398.07,0,28
SUB102038,2026-02,19.94,462,5,21,352.42,0,29
SUB102939,2026-03,8.47,103,1,15,167.16,0,27
SUB102570,2026-03,3.29,72,3,16,280.91,0,30
SUB101446,2026-03,3.54,321,3,22,179.04,0,29
SUB101204,2026-07,12.53,220,1,8,154.74,0,28
SUB101410,2026-06,10.32,185,2,12,229.58,0,30
SUB102998,2026-02,3.0,487,4,3,130.94,0,26
SUB101293,2026-04,3.46,36,2,14,243.49,1,29
SUB100470,2026-03,13.45,102,4,19,403.84,0,29
SUB100776,2026-03,1.7,301,2,5,87.85,0,30
SUB101515,2026-07,4.06,15,1,18,294.23,1,26
SUB102335,2026-03,6.0,199,3,10,181.84,0,27
SUB102301,2026-05,1.91,701,0,15,178.54,0,28
SUB100649,2026-04,28.65,342,2,19,382.58,0,29
SUB101597,2026-04,4.88,369,3,5,246.58,0,26
SUB100088,2026-05,19.45,427,5,7,481.42,0,26
SUB102180,2026-05,5.85,547,0,10,258.13,0,27
SUB102075,2026-04,3.99,34,1,8,228.14,0,27
SUB100469,2026-06,2.17,125,5,10,110.16,0,29
SUB100593,2026-04,18.92,268,1,0,490.43,0,28
SUB100828,2026-02,5.37,70,1,10,253.5,0,26
SUB100020,2026-06,7.29,656,1,13,275.77,1,30
SUB101988,2026-07,0.3,69,3819,11,242.98,0,27
SUB100375,2026-04,1.28,156,1,10,157.84,0,27
SUB101398,2026-07,9.34,25,1,11,310.45,0,28
SUB102036,2026-07,18.84,103,4,15,261.27,0,26
SUB100542,2026-03,9.4,33,0,10,215.41,0,27
SUB100083,2026-05,9.79,209,2,8,282.68,0,28
SUB101580,2026-06,1.46,800,2,11,211.27,1,27
SUB102029,2026-04,8.61,49,2,5,185.03,0,29
SUB101284,2026-07,1.73,148,4,11,71.95,0,26
SUB102796,2026-04,9.44,164,2,7,117.36,0,27
SUB101367,2026-05,6.82,390,0,9,243.94,0,26
SUB100023,2026-07,23.56,355,4,6,475.36,0,30
SUB102519,2026-06,1.89,152,0,4,224.29,0,28
SUB102608,2026-03,8.93,408,2,19,190.24,0,27
SUB100925,2026-03,4.37,191,2,13,232.84,0,30
SUB101965,2026-02,1.49,254,5,12,168.46,0,29
SUB100443,2026-05,11.29,83,2,18,296.82,0,29
SUB101655,2026-04,21.34,595,2,18,340.98,0,26
SUB101783,2026-07,6.61,934,0,11,237.27,0,30
SUB100586,2026-07,4.21,120,2,0,167.3,1,26
SUB102642,2026-03,1.19,564,2,8,298.84,0,30
SUB101106,2026-03,23.0,98,2,12,444.13,0,27
SUB102347,2026-03,2.82,491,5,7,145.94,0,30
SUB102085,2026-06,1.71,536,1,21,188.08,0,26
SUB100947,2026-03,7.95,195,2,10,292.98,0,30
SUB101739,2026-06,16.5,485,1,10,333.03,0,30
SUB100133,2026-02,7.01,33,1,8,197.47,0,27
SUB102702,2026-07,11.22,642,2,9,185.2,0,27
SUB102942,2026-04,10.54,446,3,11,147.55,1,29
SUB102707,2026-04,31.59,64,4,14,369.8,0,29
SUB101421,2026-04,2.92,124,4,18,227.61,0,29
SUB102398,2026-04,12.72,48,2,7,385.49,0,28
SUB101137,2026-05,44.07,201,1,7,528.13,0,27
SUB101043,2026-06,7.53,810,1,11,263.97,1,29
SUB101072,2026-07,7.1,157,0,5,242.46,0,28
SUB100400,2026-04,7.82,120,2,5,498.0,0,27
SUB100384,2026-06,8.43,293,2,17,247.7,0,26
SUB100266,2026-07,11.28,62,4,5,318.09,0,29
SUB101307,2026-04,14.15,217,6,10,300.97,0,26
SUB102732,2026-06,2.12,669,2,9,168.16,0,30
SUB100013,2026-06,19.53,201,4,9,346.37,0,29
SUB100483,2026-03,3.73,177,1,8,125.17,0,28
SUB102147,2026-07,25.42,21,2,4,448.46,1,30
SUB102263,2026-03,13.57,279,0,9,193.66,0,29
SUB102024,2026-05,4.5,70,3,8,277.01,1,26
SUB100865,2026-06,12.85,154,1,14,508.97,0,30
SUB102199,2026-05,7.74,179,1,11,217.63,0,27
SUB102182,2026-04,16.66,395,3,20,273.16,0,27
SUB100447,2026-07,10.57,39,5,18,0.0,0,28
SUB102490,2026-05,17.93,234,2,7,238.32,0,30
SUB100740,2026-05,1.81,563,6,15,67.44,0,30
SUB102659,2026-05,5.9,300,2,7,290.61,0,29
SUB101989,2026-04,6.83,301,2,16,169.95,0,30
SUB101680,2026-06,4.54,77,3,4,197.33,0,26
SUB102691,2026-06,0.41,340,1,7,180.57,0,27
SUB101780,2026-07,8.98,452,1,10,239.14,0,28
SUB101603,2026-07,7.36,291,2,3,209.55,0,28
SUB102244,2026-07,12.3,156,3,17,300.89,0,27
SUB102602,2026-03,7.28,122,1,21,253.81,0,28
SUB102135,2026-06,12.87,489,3,5,361.02,0,30
SUB101888,2026-06,42.96,574,0,8,637.08,0,27
SUB101871,2026-06,52.11,328,2,6,651.87,0,30
SUB102789,2026-04,8.37,87,1,18,347.94,0,29
SUB102203,2026-07,1.46,389,2,13,316.98,0,26
SUB101760,2026-03,6.85,595,1,13,219.65,0,26
SUB102267,2026-03,0.46,28,5835,10,260.87,0,27
SUB103106,2026-04,5.6,228,3,7,196.07,0,28
SUB101559,2026-04,1.91,158,1,5,157.3,1,30
SUB102782,2026-05,12.51,544,1,9,284.95,0,30
SUB102776,2026-05,6.05,69,4,12,182.64,0,26
SUB103109,2026-06,1.7,348,0,22,79.75,0,30
SUB102726,2026-04,9.6,554,7,8,258.5,0,26
SUB102232,2026-06,19.2,176,4,5,372.55,0,30
SUB101697,2026-02,4.45,216,2,14,217.15,0,28
SUB100501,2026-05,12.17,86,0,7,189.86,0,29
SUB100393,2026-06,19.2,51,2,24,396.57,0,27
SUB102477,2026-05,0.9,482,3,18,70.04,0,28
SUB100253,2026-02,15.75,25,4,11,363.3,0,28
SUB100640,2026-05,14.41,421,1,8,296.52,0,29
SUB101364,2026-04,3.31,119,2,4,77.03,0,30
SUB100159,2026-03,4.9,82,1,1,154.44,0,26
SUB102899,2026-03,11.58,97,3,13,219.17,0,30
SUB102716,2026-04,7.16,280,6,9,196.79,0,29
SUB100997,2026-03,0.82,500,2,6,128.37,0,27
SUB101534,2026-07,6.72,173,4,11,215.68,0,27
SUB102098,2026-02,13.0,799,2,13,408.63,0,30
SUB102337,2026-07,3.77,357,4,16,217.21,0,28
SUB102633,2026-05,34.3,56,5,11,439.98,0,30
SUB100230,2026-06,19.47,363,1,7,324.56,0,26
SUB102620,2026-02,1.33,211,1,17,114.87,0,26
SUB102739,2026-03,6.95,214,3,19,195.14,0,27
SUB102984,2026-02,7.38,35,1,4,167.62,0,28
SUB101754,2026-03,0.66,68,5,3,227.95,0,26
SUB103038,2026-06,8.44,400,2,6,174.98,1,26
SUB100848,2026-03,11.0,201,2,12,261.6,0,26
SUB101561,2026-07,5.43,516,2,7,157.5,0,29
SUB102905,2026-04,25.65,573,2,13,376.06,0,28
SUB102997,2026-03,1.43,64,2,14,155.17,0,29
SUB101532,2026-03,2.23,131,2,14,169.02,0,28
SUB100680,2026-02,2.51,552,7,16,235.75,0,27
SUB100735,2026-03,10.98,258,2,3,256.86,0,28
SUB100636,2026-03,5.7,157,3,7,216.36,0,26
SUB100762,2026-03,8.62,297,1,8,328.8,0,29
SUB102777,2026-03,13.9,108,5,13,214.94,0,26
SUB102438,2026-03,3.27,230,2,8,199.1,0,28
SUB102095,2026-06,4.37,147,1,16,171.72,0,27
SUB102935,2026-03,6.92,267,1,8,188.1,0,29
SUB100365,2026-03,3.29,99,2,7,151.81,0,29
SUB102611,2026-05,1.28,583,2,8,313.27,0,30
SUB103074,2026-03,11.48,399,2,10,184.17,0,26
SUB101676,2026-05,14.48,259,2,12,234.81,0,30
SUB102879,2026-02,5.0,339,1,7,288.36,0,26
SUB102050,2026-07,8.62,395,0,21,356.0,0,29
SUB101573,2026-04,1.14,45,0,7,223.11,0,28
SUB101288,2026-07,2.34,121,2,7,233.28,0,27
SUB102963,2026-03,8.51,418,2,14,212.77,0,28
SUB101552,2026-03,23.04,222,1,15,320.46,0,29
SUB102685,2026-03,5.06,263,1,15,134.02,0,27
SUB101555,2026-04,5.28,68,3,18,259.24,0,30
SUB101801,2026-07,5.84,230,2,11,376.47,0,29
SUB102303,2026-05,9.47,148,5,20,295.04,0,27
SUB101448,2026-04,21.35,254,4,11,323.99,0,26
SUB102490,2026-06,17.95,398,1,7,248.69,1,27
SUB101662,2026-03,16.27,527,1,9,461.5,0,29
SUB101738,2026-07,3.46,487,3,10,75.63,0,26
SUB101504,2026-04,2.83,272,1,12,121.06,0,27
SUB100366,2026-03,13.33,112,2,17,212.9,0,27
SUB102088,2026-04,13.66,125,0,9,244.89,0,29
SUB100843,2026-04,1.39,703,3,8,217.88,0,29
SUB102223,2026-02,17.06,405,0,4,310.3,0,27
SUB102162,2026-03,2.38,633,3,19,278.12,0,26
SUB101425,2026-04,8.37,237,2,9,187.27,0,27
SUB101862,2026-04,17.5,127,0,13,203.71,0,27
SUB100999,2026-02,1.72,26,2,13,184.46,0,26
SUB102704,2026-04,0.97,415,1,5,181.72,0,30
SUB101604,2026-02,3.59,119,0,13,342.11,0,30
SUB102478,2026-03,10.29,190,2,13,451.66,0,30
SUB102080,2026-04,8.15,167,1,13,101.83,0,28
SUB100250,2026-06,6.05,121,4,12,261.45,0,28
SUB100311,2026-06,9.34,150,5,11,190.45,0,28
SUB103010,2026-06,8.15,129,1,14,282.58,0,26
SUB101449,2026-05,1.92,106,3,15,167.21,0,29
SUB102256,2026-06,5.19,155,4,6,209.98,0,29
SUB103131,2026-07,7.78,102,2,10,268.2,0,30
SUB102824,2026-05,1.19,253,2,15,162.39,0,29
SUB100700,2026-07,12.63,223,4,17,289.2,0,29
SUB100950,2026-05,5.63,128,4,7,234.12,0,29
SUB101671,2026-04,9.57,308,5,11,247.43,0,27
SUB102929,2026-04,0.96,96,1,7,74.16,0,27
SUB102485,2026-05,0.16,87,5101,10,251.71,1,30
SUB100086,2026-04,7.1,330,3,22,225.62,1,30
SUB102614,2026-04,12.6,861,2,18,334.62,0,28
SUB100265,2026-05,3.06,60,2,4,327.23,0,30
SUB100681,2026-04,7.9,337,3,11,190.91,0,30
SUB102797,2026-05,1.82,168,2,15,218.45,0,27
SUB103125,2026-05,7.74,677,2,15,146.68,0,28
SUB102822,2026-04,25.65,324,5,18,341.22,0,28
SUB101302,2026-07,4.17,458,2,16,208.92,0,30
SUB101757,2026-07,0.59,186,1,10,273.47,0,30
SUB102367,2026-07,2.3,806,2,8,227.03,0,26
SUB101148,2026-07,6.25,273,3,12,152.14,0,28
SUB100886,2026-02,9.34,251,3,7,314.38,0,26
SUB100762,2026-02,7.65,246,2,9,376.01,0,27
SUB101375,2026-04,10.24,432,4,14,268.79,0,27
SUB101591,2026-03,0.94,241,0,8,151.36,0,27
SUB102143,2026-07,13.22,40,2,9,365.46,0,30
SUB100712,2026-07,5.75,129,2,9,248.47,0,27
SUB101456,2026-05,2.78,66,3,6,123.78,0,29
SUB100167,2026-06,2.72,441,2,13,161.24,0,28
SUB102951,2026-06,11.17,246,1,9,307.67,0,26
SUB102238,2026-06,29.41,452,4,11,318.51,0,30
SUB100986,2026-06,10.61,81,3,11,253.19,0,27
SUB103117,2026-05,16.82,153,3,25,464.38,0,27
SUB102230,2026-03,1.27,215,4,11,122.17,0,26
SUB100236,2026-06,1.09,368,2,15,84.08,0,29
SUB101845,2026-04,1.47,350,5,21,217.84,0,27
SUB101322,2026-05,23.52,205,3,7,256.38,0,30
SUB102657,2026-03,8.47,177,4,8,194.27,0,30
SUB101143,2026-06,18.52,198,4,7,447.33,0,28
SUB102294,2026-04,0.82,370,4,3,215.26,0,27
SUB100509,2026-02,8.36,1269,3,7,343.84,0,27
SUB100342,2026-05,5.08,121,2,8,147.57,0,26
SUB101261,2026-02,15.05,363,0,13,281.64,0,26
SUB101891,2026-06,6.59,191,0,8,303.94,0,26
SUB101841,2026-03,5.63,243,4,4,99.41,0,29
SUB102194,2026-06,21.67,112,2,11,501.31,0,27
SUB100279,2026-07,1.83,390,3,3,256.67,0,27
SUB100807,2026-04,1.53,350,3,8,127.78,0,30
SUB102206,2026-04,12.95,38,1,16,287.88,0,29
SUB101670,2026-07,5.39,118,6,27,378.43,0,26
SUB101266,2026-07,0.71,8,2,8,82.63,0,30
SUB102752,2026-02,4.38,122,2,8,229.6,0,29
SUB102631,2026-06,10.24,544,6,11,254.32,0,26
SUB100456,2026-04,8.78,165,0,11,236.87,0,26
SUB101329,2026-03,4.46,387,2,9,174.86,0,28
SUB101352,2026-07,3.01,145,1,13,175.56,0,30
SUB101987,2026-02,17.66,103,5,9,410.3,0,26
SUB102101,2026-02,10.51,216,2,10,237.99,0,29
SUB100651,2026-02,9.46,300,3,10,222.43,0,28
SUB100495,2026-05,9.55,278,1,4,105.24,0,30
SUB101637,2026-05,6.36,303,0,10,242.73,0,27
SUB100166,2026-06,5.48,79,1,15,286.02,0,26
SUB102421,2026-03,9.82,227,5,16,253.32,1,30
SUB100350,2026-05,0.81,325,0,3,238.75,1,27
SUB101390,2026-07,17.85,40,2,15,267.07,0,30
SUB100660,2026-05,10.12,101,2,13,239.61,0,29
SUB101764,2026-04,1.91,130,1,11,239.15,0,30
SUB100324,2026-06,15.16,174,0,18,268.49,0,27
SUB100121,2026-06,8.41,294,1,7,299.68,0,28
SUB101764,2026-05,2.38,81,3,7,261.48,0,30
SUB100768,2026-06,14.27,83,2,17,372.31,0,27
SUB102701,2026-06,14.08,473,3,4,398.74,0,26
SUB102486,2026-07,1.68,57,3,5,197.08,1,26
SUB102535,2026-02,8.89,234,4,6,199.95,0,27
SUB102925,2026-03,12.78,239,2,12,395.87,0,26
SUB100452,2026-04,13.73,124,1,12,201.02,0,27
SUB100696,2026-06,17.08,113,2,6,423.27,0,28
SUB100461,2026-06,4.37,239,2,11,258.76,0,29
SUB100410,2026-02,35.94,264,4,17,719.23,0,26
SUB102933,2026-05,5.17,48,1,10,72.55,0,30
SUB101556,2026-05,3.69,242,3,10,257.79,0,30
SUB101853,2026-03,7.97,165,0,10,266.66,0,27
SUB100397,2026-02,8.89,164,0,14,246.19,0,29
SUB100062,2026-06,14.97,254,4,17,345.05,0,28
SUB102916,2026-03,3.7,413,0,4,225.92,0,26
SUB100153,2026-03,8.01,68,1,15,194.77,0,27
SUB100087,2026-02,9.5,124,3,8,280.52,0,30
SUB102416,2026-02,5.46,142,1,7,152.79,0,30
SUB100049,2026-04,4.4,243,3,15,252.86,0,26
SUB103064,2026-02,2.73,389,2,7,117.03,0,26
SUB102991,2026-03,14.54,1426,2,13,397.35,0,28
SUB100928,2026-06,3.33,116,1,9,108.59,0,29
SUB102264,2026-05,8.71,593,2,7,132.45,0,28
SUB102555,2026-07,8.0,261,3,9,273.63,0,28
SUB100579,2026-04,16.48,294,3,13,248.04,1,26
SUB103068,2026-05,14.09,650,4,12,395.93,0,26
SUB102717,2026-04,9.77,157,2,7,193.02,0,30
SUB101011,2026-03,5.95,119,0,11,149.97,0,29
SUB101234,2026-05,2.2,404,1,6,121.47,0,29
SUB100103,2026-02,1.8,61,3,4,186.41,0,29
SUB101613,2026-02,9.05,193,0,7,279.66,1,29
SUB102533,2026-02,20.16,91,0,9,399.3,0,29
SUB102957,2026-03,16.05,208,4,16,312.35,0,28
SUB102466,2026-06,6.0,349,2,15,315.58,0,28
SUB102322,2026-03,9.81,412,0,13,311.24,0,28
SUB101770,2026-02,2.13,265,3,12,271.98,0,27
SUB102318,2026-03,12.99,310,0,11,359.06,1,29
SUB102174,2026-04,4.82,415,3,17,341.78,1,27
SUB101828,2026-05,7.77,94,0,9,255.46,0,28
SUB100085,2026-06,8.34,91,2,17,185.53,0,28
SUB101157,2026-02,9.91,424,0,14,180.51,1,30
SUB101909,2026-03,8.58,525,3,7,208.01,0,30
SUB101908,2026-05,8.28,244,3,11,319.09,0,30
SUB101371,2026-03,10.88,747,0,10,382.33,0,29
SUB102413,2026-04,2.86,377,1,9,315.06,0,29
SUB102132,2026-03,1.21,16,0,13,202.39,0,30
SUB101933,2026-06,11.89,230,2,8,465.25,1,30
SUB100760,2026-07,41.99,340,2,9,628.22,0,27
SUB102304,2026-05,6.81,302,3,13,182.88,0,28
SUB102997,2026-06,2.17,32,4,17,162.24,0,29
SUB100510,2026-02,9.14,161,2,8,239.56,0,29
SUB101704,2026-04,7.46,79,1,19,170.47,0,26
SUB100698,2026-05,6.76,82,4,11,186.56,0,26
SUB101588,2026-05,14.59,130,1,18,336.74,0,27
SUB101756,2026-07,2.86,105,5,13,97.27,0,28
SUB101528,2026-06,3.15,391,2,16,288.72,0,27
SUB101221,2026-03,7.0,899,2,3,324.39,0,26
SUB100210,2026-02,3.09,243,1,7,151.21,0,29
SUB102546,2026-02,5.39,123,2,8,136.72,0,26
SUB100474,2026-06,1.59,414,1,6,168.92,0,29
SUB102158,2026-04,0.88,156,0,8,107.2,0,26
SUB101704,2026-05,8.81,76,3,15,198.16,0,29
SUB102554,2026-06,7.75,174,0,18,175.93,0,28
SUB103197,2026-05,1.17,253,2,16,132.84,0,26
SUB102130,2026-02,2.49,747,2,20,119.18,0,29
SUB102824,2026-06,1.82,275,3,11,159.73,0,30
SUB101608,2026-07,1.98,102,2,8,194.94,0,28
SUB100899,2026-02,5.12,81,1,13,259.87,0,26
SUB100517,2026-06,1.18,237,1,14,141.25,0,29
SUB101393,2026-05,4.92,137,1,7,356.78,0,29
SUB103109,2026-03,1.96,178,0,16,85.75,0,29
SUB100955,2026-07,5.55,217,2,11,249.38,0,27
SUB103032,2026-04,9.93,251,1,9,209.08,0,29
SUB100353,2026-05,5.68,414,0,9,337.39,0,26
SUB101321,2026-07,15.9,141,0,10,369.49,0,29
SUB100231,2026-06,4.39,113,4,18,98.77,0,26
SUB100237,2026-07,9.48,178,4,4,141.46,0,27
SUB101928,2026-02,2.35,151,1,5,231.19,0,27
SUB100849,2026-03,1.4,328,1,13,115.77,0,30
SUB101974,2026-04,3.63,319,1,9,268.9,0,29
SUB102626,2026-06,36.87,210,5,13,401.98,1,28
SUB102803,2026-05,1.28,82,1,14,280.82,0,28
SUB101851,2026-04,0.94,299,2,10,227.29,0,28
SUB102055,2026-07,2.03,186,3,4,97.09,0,29
SUB101790,2026-04,1.39,379,1,7,84.91,0,26
SUB100363,2026-02,8.0,65,0,21,189.66,0,29
SUB100873,2026-02,20.88,69,3,18,420.18,0,29
SUB100402,2026-06,4.94,277,5,9,270.78,0,26
SUB100351,2026-04,4.23,49,1,21,230.29,0,27
SUB102862,2026-03,14.78,239,1,13,474.18,0,29
SUB100496,2026-05,6.12,348,4,8,282.54,1,30
SUB100972,2026-03,3.71,114,1,8,163.99,0,26
SUB102355,2026-06,0.52,44,2,8,236.87,0,26
SUB100140,2026-05,4.95,265,3,13,123.02,0,26
SUB101657,2026-04,23.93,278,2,12,297.56,0,27
SUB101839,2026-06,8.11,86,1,12,288.5,0,26
SUB102163,2026-07,15.05,25,5,6,414.3,1,27
SUB102366,2026-06,12.61,100,3,15,423.58,0,29
SUB102444,2026-07,18.65,348,0,15,390.89,0,27
SUB103104,2026-04,9.97,367,1,12,288.43,0,30
SUB102866,2026-07,5.32,102,1,10,136.34,0,26
SUB101505,2026-02,5.87,32,4,5,341.84,0,28
SUB102671,2026-06,14.66,250,2,4,333.98,0,29
SUB101441,2026-07,4.8,318,2,12,261.58,1,29
SUB102750,2026-07,9.6,258,1,16,142.01,0,30
SUB103018,2026-02,17.21,125,3,11,447.23,0,28
SUB102220,2026-05,9.06,407,2,10,186.05,0,29
SUB100093,2026-02,25.76,314,3,10,380.41,0,30
SUB102446,2026-04,18.54,218,2,12,353.38,0,27
SUB102678,2026-07,2.68,141,2,11,218.08,0,27
SUB103042,2026-04,4.92,248,2,3,121.78,0,28
SUB102994,2026-04,2.35,120,0,12,160.74,0,30
SUB101281,2026-03,3.35,83,0,9,135.34,0,30
SUB102405,2026-03,6.86,120,1,4,294.95,0,27
SUB100386,2026-06,3.43,157,0,5,192.92,0,29
SUB102186,2026-07,6.41,99,4,11,114.62,0,29
SUB100421,2026-06,12.85,122,2,11,283.84,0,26
SUB100364,2026-07,5.03,112,2,9,118.43,0,30
SUB100941,2026-03,1.97,314,2,5,262.49,0,30
SUB100002,2026-04,1.99,111,0,8,163.25,0,30
SUB102225,2026-06,6.15,199,0,11,256.51,0,29
SUB100187,2026-06,0.98,477,3,11,195.82,0,28
SUB101169,2026-07,36.7,314,2,5,450.22,0,30
SUB100500,2026-04,11.13,233,3,5,175.03,0,26
SUB103071,2026-02,6.73,26,5,13,243.26,0,29
SUB103111,2026-05,5.4,346,1,11,269.98,0,30
SUB100266,2026-03,8.84,101,1,4,292.34,0,29
SUB102849,2026-06,16.92,260,0,10,391.68,0,28
SUB101694,2026-06,6.54,142,2,14,332.08,0,27
SUB101980,2026-05,3.67,71,3,11,153.54,0,26
SUB101882,2026-04,4.22,491,2,11,185.54,0,30
SUB100898,2026-06,15.51,372,4,9,398.54,0,30
SUB100807,2026-07,2.01,534,1,13,143.53,0,30
SUB100317,2026-02,5.2,193,2,14,146.39,0,30
SUB100746,2026-03,4.57,93,3,5,177.49,0,29
SUB101704,2026-03,8.11,75,0,12,178.92,1,26
SUB100111,2026-06,6.97,508,3,4,165.09,0,26
SUB102481,2026-02,35.65,138,4,1,428.13,0,28
SUB101458,2026-06,6.07,137,2,9,274.06,0,30
SUB102706,2026-05,11.48,399,0,10,288.35,0,26
SUB101870,2026-02,9.35,353,1,5,231.65,0,30
SUB100093,2026-03,15.94,404,3,11,300.29,0,28
SUB102267,2026-02,0.26,51,3681,14,303.31,0,27
SUB102214,2026-02,2.78,259,2,15,260.58,0,27
SUB103039,2026-04,1.39,382,1,10,144.79,0,29
SUB101184,2026-04,5.61,186,2,6,249.71,1,29
SUB101875,2026-03,7.26,86,1,14,406.0,0,29
SUB101308,2026-02,13.18,66,3,8,190.14,0,30
SUB102804,2026-06,4.02,213,2,14,126.16,0,26
SUB100629,2026-03,14.24,112,0,11,247.65,0,30
SUB102250,2026-06,0.89,216,4,14,163.53,0,28
SUB100364,2026-02,3.08,125,4,11,126.97,0,28
SUB102006,2026-06,4.27,442,0,13,109.41,0,28
SUB100299,2026-05,3.48,693,1,9,180.56,0,30
SUB100312,2026-02,0.54,229,4,5,133.6,0,29
SUB101782,2026-02,2.96,608,3,12,143.72,0,30
SUB101041,2026-03,2.84,64,4,16,429.89,0,29
SUB100485,2026-07,0.56,418,0,22,119.57,0,27
SUB100712,2026-03,7.99,276,2,13,253.47,0,26
SUB100578,2026-02,12.3,208,2,10,342.14,0,26
SUB101525,2026-02,8.08,539,3,4,250.66,0,27
SUB101160,2026-06,6.39,174,2,7,117.75,0,28
SUB101488,2026-03,11.74,315,1,5,333.64,0,26
SUB100857,2026-07,21.15,147,0,13,311.02,0,26
SUB102460,2026-04,5.16,113,0,10,272.18,0,29
SUB102431,2026-03,1.54,403,0,6,157.03,0,30
SUB100935,2026-04,9.28,231,4,8,289.77,0,28
SUB100683,2026-03,6.53,616,1,15,154.1,0,28
SUB102701,2026-05,19.99,653,1,8,344.83,0,26
SUB101647,2026-05,5.8,45,0,6,281.1,0,29
SUB100927,2026-02,11.86,33,0,11,317.41,0,27
SUB102484,2026-02,1.52,199,3,6,69.23,0,28
SUB100074,2026-02,7.25,335,2,10,179.98,1,28
SUB102112,2026-03,12.64,165,5,12,212.14,0,27
SUB103006,2026-06,1.26,33,1,7,90.98,0,30
SUB103006,2026-02,2.19,44,6,8,103.42,0,30
SUB101085,2026-02,4.1,62,4,3,209.52,0,27
SUB102048,2026-03,8.37,147,1,7,170.49,0,26
SUB101060,2026-05,6.14,116,1,11,197.85,0,28
SUB101140,2026-02,10.89,258,3,15,183.38,0,29
SUB101241,2026-04,20.77,202,2,14,492.33,0,28
SUB101035,2026-02,29.17,56,1,15,420.94,0,27
SUB102994,2026-02,2.99,145,4,12,157.79,0,26
SUB102058,2026-03,13.42,35,2,4,298.73,0,28
SUB101403,2026-06,5.63,140,2,11,137.11,0,26
SUB102611,2026-07,1.51,438,4,6,304.44,1,26
SUB102338,2026-03,2.28,81,0,8,75.44,0,30
SUB100935,2026-05,10.65,295,4,10,265.29,0,29
SUB100452,2026-06,10.35,166,3,7,170.13,1,27
SUB103110,2026-04,8.64,733,1,9,295.54,0,29
SUB100343,2026-04,18.91,334,1,11,332.64,0,29
SUB100749,2026-05,0.69,63,3,4,114.65,0,30
SUB101120,2026-05,28.56,19,0,12,339.78,0,29
SUB100386,2026-02,3.5,79,1,7,138.58,0,30
SUB100612,2026-07,12.97,297,3,6,318.63,0,29
SUB101750,2026-04,8.86,195,2,11,167.15,0,30
SUB102821,2026-02,8.78,232,4,17,345.67,0,27
SUB101984,2026-07,5.88,72,3,14,217.23,0,26
SUB102060,2026-03,27.42,183,5,10,575.45,0,27
SUB102948,2026-05,5.96,10,0,9,226.36,0,27
SUB103047,2026-02,5.87,446,2,10,367.49,0,26
SUB103083,2026-07,0.44,27,3169,17,310.71,0,28
SUB101141,2026-05,19.03,510,2,5,421.5,0,26
SUB103122,2026-06,6.01,376,2,20,162.5,0,28
SUB101285,2026-06,8.5,315,1,5,296.05,0,28
SUB101439,2026-07,8.74,221,1,12,292.94,0,28
SUB102469,2026-06,9.31,189,0,13,306.57,0,30
SUB101903,2026-04,2.1,356,3,9,322.93,0,26
SUB101954,2026-03,13.65,98,2,8,225.69,0,27
SUB102259,2026-06,6.36,71,1,3,365.61,0,26
SUB102400,2026-06,11.86,108,2,12,203.23,1,27
SUB101195,2026-07,17.82,176,1,12,290.99,0,27
SUB101638,2026-07,2.59,122,2,17,71.66,0,29
SUB101097,2026-07,11.14,489,2,20,232.67,0,27
SUB101081,2026-02,3.54,382,3,9,213.51,0,27
SUB101879,2026-02,2.06,186,1,13,205.31,0,27
SUB101022,2026-07,10.86,222,4,7,201.16,0,28
SUB100353,2026-03,8.32,292,1,10,290.62,0,27
SUB102089,2026-02,12.67,285,4,6,271.88,0,29
SUB102527,2026-04,17.25,165,5,15,678.34,1,29
SUB102834,2026-07,15.32,305,3,11,339.96,0,30
SUB102411,2026-03,7.84,109,0,7,285.41,0,26
SUB100298,2026-02,1.35,342,0,14,194.58,0,29
SUB101581,2026-03,11.44,91,2,11,357.3,0,28
SUB100942,2026-05,1.46,152,1,7,238.81,1,28
SUB102789,2026-06,9.68,77,5,8,412.21,1,28
SUB101579,2026-05,8.34,72,1,11,240.79,1,28
SUB100729,2026-02,6.55,129,1,14,310.06,0,30
SUB102567,2026-05,0.9,57,1,7,255.85,0,29
SUB100711,2026-03,16.08,235,2,12,270.56,0,29
SUB100906,2026-07,3.01,127,1,11,122.7,0,30
SUB100147,2026-03,3.73,150,3,18,213.03,0,30
SUB101292,2026-02,6.12,337,4,11,166.29,0,27
SUB101919,2026-05,6.51,351,0,17,195.23,0,30
SUB101835,2026-03,11.04,163,0,1,417.67,0,27
SUB102452,2026-07,11.8,441,1,11,155.82,0,30
SUB100300,2026-04,7.85,148,1,13,221.36,1,28
SUB101962,2026-03,12.3,92,4,20,170.4,0,27
SUB100428,2026-02,20.08,54,5,12,533.06,1,26
SUB102651,2026-05,5.89,126,2,9,162.54,0,28
SUB100908,2026-04,9.07,80,2,17,271.82,0,28
SUB101176,2026-06,7.33,386,0,20,371.47,0,28
SUB100937,2026-02,17.73,159,0,7,358.78,0,30
SUB100373,2026-03,5.3,182,2,11,93.39,0,27
SUB101797,2026-06,6.71,518,1,7,274.0,1,26
SUB100685,2026-07,17.09,269,2,8,493.41,0,28
SUB101990,2026-07,25.27,95,0,15,297.23,0,30
SUB102529,2026-03,3.96,128,3,19,105.54,0,28
SUB102255,2026-06,7.36,21,1,8,166.98,0,27
SUB100816,2026-04,7.87,102,1,8,250.33,1,26
SUB101337,2026-07,10.88,141,0,9,343.66,0,26
SUB100109,2026-03,12.92,97,3,18,299.73,1,26
SUB101720,2026-02,4.21,368,1,4,156.5,0,28
SUB101640,2026-06,1.49,465,1,8,169.32,0,27
SUB100632,2026-05,1.21,123,3,10,129.94,0,28
SUB103111,2026-04,7.71,206,4,13,215.07,0,27
SUB102040,2026-02,16.34,656,2,16,472.33,0,30
SUB102654,2026-05,4.45,60,0,19,221.54,0,26
SUB100006,2026-04,5.1,229,1,8,265.37,0,29
SUB102595,2026-03,5.72,418,0,7,217.91,0,27
SUB102450,2026-06,15.24,268,3,17,336.79,0,29
SUB101370,2026-03,6.8,121,2,12,106.48,0,28
SUB100051,2026-02,8.92,300,0,11,224.6,0,28
SUB101396,2026-06,8.68,513,1,5,382.99,0,28
SUB102682,2026-02,10.49,246,2,8,312.05,1,30
SUB101606,2026-05,9.07,44,3,10,278.39,0,29
SUB101606,2026-02,11.83,37,6,4,295.3,0,26
SUB102376,2026-04,12.02,398,1,8,263.58,1,26
SUB102202,2026-06,17.64,256,0,8,270.13,0,28
SUB102366,2026-02,19.49,121,0,5,441.5,0,30
SUB101474,2026-04,1.6,142,2,19,192.45,1,28
SUB101113,2026-02,10.29,104,2,5,210.02,0,26
SUB101978,2026-07,4.64,256,2,11,165.69,0,26
SUB100084,2026-07,1.85,63,1,17,123.03,1,29
SUB102575,2026-05,7.04,392,2,4,202.55,0,26
SUB101781,2026-07,2.08,341,4,19,155.39,2,26
SUB100489,2026-03,3.83,282,0,9,113.41,0,27
SUB101984,2026-03,5.48,55,0,3,260.19,0,26
SUB101401,2026-04,2.44,129,0,11,108.57,0,29
SUB101014,2026-06,0.08,86,4635,10,286.95,0,30
SUB101895,2026-07,15.77,212,2,17,245.65,0,28
SUB102504,2026-05,3.8,412,1,10,364.62,0,29
SUB102036,2026-03,19.82,98,5,13,277.16,1,30
SUB102121,2026-04,32.35,119,3,10,517.98,1,30
SUB102600,2026-03,16.9,79,3,11,354.1,0,28
SUB101039,2026-05,18.48,94,4,13,312.82,0,26
SUB101236,2026-07,9.35,59,4,12,276.33,0,26
SUB102802,2026-04,20.21,220,1,15,377.07,0,29
SUB101970,2026-05,4.55,364,0,11,382.01,0,26
SUB101025,2026-06,15.05,271,0,7,324.69,0,26
SUB103137,2026-06,4.94,163,3,11,194.65,0,29
SUB102351,2026-06,8.61,133,0,11,193.44,0,29
SUB101558,2026-03,11.84,133,0,4,208.91,0,28
SUB101229,2026-06,1.69,116,1,9,78.9,0,29
SUB100164,2026-04,8.09,313,2,5,215.56,0,30
SUB102358,2026-07,17.77,48,1,7,290.09,0,26
SUB102966,2026-04,17.14,151,1,10,251.81,0,27
SUB101291,2026-02,8.76,107,0,11,314.39,0,27
SUB100455,2026-05,13.54,61,4,19,173.41,0,30
SUB101777,2026-02,13.88,353,3,24,394.32,0,26
SUB100145,2026-06,15.32,151,2,13,365.99,1,29
SUB102118,2026-02,2.75,255,1,5,169.95,0,27
SUB100187,2026-05,1.63,446,2,11,137.51,0,29
SUB102105,2026-05,1.95,363,2,11,347.66,0,28
SUB101910,2026-04,47.61,203,2,7,609.49,0,26
SUB100797,2026-02,4.03,215,1,9,125.56,0,27
SUB100668,2026-03,4.6,146,1,7,133.96,0,26
SUB103033,2026-07,13.02,127,1,17,292.79,0,26
SUB100032,2026-07,6.76,237,4,15,210.39,0,30
SUB103106,2026-07,9.14,174,0,18,218.01,0,28
SUB101207,2026-07,5.4,98,2,6,182.32,0,29
SUB101676,2026-04,11.43,206,1,14,281.42,0,29
SUB102752,2026-07,5.09,125,0,7,230.31,0,28
SUB100853,2026-04,5.67,591,0,10,156.27,0,27
SUB101526,2026-06,2.72,69,1,15,145.15,0,27
SUB100824,2026-06,9.62,182,3,10,387.81,0,26
SUB103056,2026-07,0.73,104,1,15,321.64,0,26
SUB100076,2026-07,0.97,62,2,14,96.87,1,30
SUB101631,2026-05,1.1,104,1,3,183.53,0,26
SUB100435,2026-05,7.54,216,2,5,254.75,0,29
SUB101549,2026-03,2.44,166,1,10,152.45,0,26
SUB100428,2026-07,22.21,58,3,15,528.98,0,28
SUB101421,2026-07,5.15,137,2,15,252.1,0,30
SUB100099,2026-04,9.07,44,1,21,149.21,0,27
SUB102101,2026-07,12.87,207,3,8,294.7,1,26
SUB102508,2026-07,24.11,168,2,7,334.42,0,26
SUB100545,2026-06,11.57,121,0,13,410.03,0,26
SUB102412,2026-06,12.91,60,1,16,230.41,0,28
SUB102173,2026-06,2.94,65,2,14,184.29,1,26
SUB101243,2026-07,0.91,221,3,8,127.18,0,29
SUB102113,2026-05,24.01,547,2,11,476.09,0,29
SUB102158,2026-07,0.53,163,2,7,115.21,0,28
SUB102625,2026-03,36.1,159,3,11,401.47,0,30
SUB100921,2026-05,9.82,27,0,9,234.78,0,30
SUB102632,2026-03,4.39,400,0,18,180.53,0,27
SUB102549,2026-07,21.12,477,2,11,576.75,0,30
SUB101115,2026-02,4.37,550,2,10,276.43,0,30
SUB100597,2026-02,11.71,202,4,13,377.34,1,29
SUB101907,2026-05,13.12,526,1,8,450.02,0,29
SUB103129,2026-02,6.2,55,0,5,191.7,0,26
SUB100092,2026-05,1.11,72,0,12,121.22,0,28
SUB100712,2026-06,11.53,196,0,8,257.38,0,29
SUB102357,2026-07,9.09,71,2,15,321.26,0,29
SUB101183,2026-02,5.58,144,2,10,366.29,0,28
SUB101157,2026-04,7.08,546,5,14,147.58,0,28
SUB101619,2026-03,1.81,544,2,8,144.07,0,30
SUB102765,2026-06,6.74,303,3,6,383.0,1,29
SUB101736,2026-06,9.24,375,2,9,379.45,0,30
SUB100691,2026-06,1.22,90,3,2,137.03,0,29
SUB101090,2026-02,9.6,196,3,21,185.08,1,26
SUB100137,2026-03,16.29,237,0,16,280.06,0,28
SUB100910,2026-02,1.19,483,0,20,241.32,0,28
SUB102076,2026-06,4.01,116,1,8,149.76,1,26
SUB102982,2026-05,6.49,653,1,4,312.64,0,26
SUB101590,2026-05,15.68,68,2,14,439.32,0,27
SUB102454,2026-04,2.31,227,4,17,206.1,0,28
SUB102907,2026-05,9.03,487,2,8,211.16,1,30
SUB100687,2026-03,0.35,50,3531,14,282.54,0,26
SUB101799,2026-07,32.77,476,0,16,532.19,0,27
SUB102417,2026-04,29.26,99,2,13,299.35,0,29
SUB101475,2026-04,0.96,602,4,16,274.49,0,30
SUB100824,2026-02,8.35,151,3,11,401.28,0,29
SUB102419,2026-05,4.04,172,1,11,212.33,0,29
SUB101515,2026-06,6.02,63,0,14,265.73,0,27
SUB103175,2026-02,6.41,36,1,13,226.43,0,30
SUB100307,2026-07,12.31,115,2,22,334.15,0,27
SUB102704,2026-03,1.36,436,2,10,184.38,0,29
SUB100043,2026-05,14.25,310,1,14,430.41,0,27
SUB101604,2026-05,8.7,132,1,14,290.62,0,28
SUB102790,2026-05,12.05,216,0,9,376.92,0,26
SUB101346,2026-06,9.47,97,1,9,204.58,0,28
SUB100521,2026-03,5.27,35,3,21,122.07,0,28
SUB100849,2026-06,2.18,304,1,17,109.23,1,28
SUB101247,2026-05,1.13,36,3,6,245.91,0,29
SUB102941,2026-07,6.17,226,3,12,207.78,0,28
SUB103043,2026-04,6.41,204,1,15,135.35,0,28
SUB100321,2026-06,7.45,92,3,12,436.21,0,26
SUB101424,2026-06,9.31,93,0,9,314.73,0,29
SUB102848,2026-07,4.12,316,1,18,233.02,1,27
SUB101089,2026-06,3.09,239,1,17,202.86,0,29
SUB100099,2026-03,5.19,41,4,22,172.0,0,27
SUB103150,2026-05,5.78,96,4,11,217.03,0,28
SUB101905,2026-03,17.93,193,0,9,313.11,0,29
SUB101225,2026-04,0.95,330,1,12,226.19,0,27
SUB100331,2026-07,7.35,438,3,25,183.96,0,27
SUB102255,2026-03,7.49,22,0,13,158.82,0,29
SUB102033,2026-06,23.5,40,6,7,424.1,1,28
SUB101411,2026-03,16.94,402,5,8,383.83,0,27
SUB101912,2026-02,12.99,324,3,14,226.15,0,29
SUB100789,2026-04,6.34,141,1,7,145.87,0,27
SUB101450,2026-07,12.97,259,2,16,316.27,0,29
SUB103173,2026-03,8.47,73,3,6,347.86,0,26
SUB101863,2026-02,7.79,191,0,15,171.89,0,29
SUB101272,2026-04,16.89,171,4,12,275.74,0,28
SUB100743,2026-05,6.85,624,0,16,195.14,0,30
SUB100293,2026-03,5.44,107,1,9,246.95,0,28
SUB101707,2026-07,1.31,629,0,4,148.65,0,27
SUB102519,2026-02,2.06,76,0,7,209.49,0,28
SUB100603,2026-05,3.32,385,2,14,117.17,0,30
SUB101205,2026-05,11.84,187,2,18,248.7,0,26
SUB102793,2026-06,5.96,195,3,3,164.69,0,26
SUB101195,2026-03,14.35,137,1,8,329.77,0,26
SUB101949,2026-07,12.82,191,3,12,409.97,0,27
SUB100749,2026-04,0.53,72,1,4,100.83,0,26
SUB100560,2026-07,8.42,303,3,6,377.04,1,27
SUB101614,2026-06,15.43,90,2,9,379.23,0,27
SUB100057,2026-02,5.1,308,1,15,194.87,0,27
SUB100296,2026-04,8.06,242,2,16,424.17,0,30
SUB100588,2026-02,44.25,408,2,8,824.0,0,26
SUB101541,2026-07,5.6,123,3,8,331.39,0,27
SUB103188,2026-07,6.71,264,1,11,349.42,0,29
SUB101823,2026-06,9.53,258,3,24,215.47,0,27
SUB102765,2026-04,3.38,271,3,8,340.67,0,26
SUB100850,2026-03,4.46,18,5,7,188.76,0,30
SUB102662,2026-07,9.68,129,1,5,339.25,0,29
SUB101410,2026-04,10.12,132,0,13,247.45,1,27
SUB102873,2026-03,11.57,117,0,12,377.35,0,29
SUB100326,2026-05,18.76,146,2,9,304.51,0,28
SUB101178,2026-07,14.67,389,0,12,479.56,0,27
SUB101356,2026-05,6.47,642,1,7,154.13,0,30
SUB103106,2026-02,8.49,162,1,13,209.51,0,27
SUB101378,2026-02,6.23,165,1,8,176.27,0,27
SUB102336,2026-07,18.07,165,3,16,285.77,0,29
SUB101070,2026-06,17.32,196,0,8,390.59,1,30
SUB100780,2026-03,5.88,142,1,4,226.75,0,29
SUB100111,2026-07,6.83,289,3,10,200.9,0,26
SUB100364,2026-06,4.01,180,1,7,116.66,0,29
SUB101203,2026-03,3.56,158,0,9,152.29,0,27
SUB101139,2026-04,7.96,53,3,20,221.59,0,30
SUB102943,2026-03,37.17,231,2,16,598.89,0,29
SUB100757,2026-06,21.55,109,2,5,422.5,0,26
SUB102471,2026-02,5.15,169,1,18,186.55,0,28
SUB102154,2026-03,6.11,326,2,12,439.78,0,27
SUB102639,2026-02,2.36,230,5,14,61.77,1,27
SUB101570,2026-02,25.1,105,2,16,588.79,0,29
SUB101674,2026-05,2.3,108,2,9,159.31,0,27
SUB102837,2026-06,5.0,742,2,14,148.71,1,27
SUB102411,2026-06,15.83,116,3,10,288.06,0,26
SUB103028,2026-07,4.48,504,1,7,250.9,0,26
SUB100531,2026-04,7.0,406,1,13,528.28,1,26
SUB100677,2026-02,0.78,517,1,11,161.64,0,28
SUB103172,2026-02,3.77,38,2,11,88.73,0,26
SUB102636,2026-02,11.23,91,0,6,259.47,0,27
SUB102891,2026-03,6.72,399,1,5,375.77,0,26
SUB100978,2026-07,25.01,289,0,15,442.45,0,29
SUB100652,2026-05,1.97,332,4,12,197.29,0,29
SUB101181,2026-03,3.21,215,3,9,290.79,0,26
SUB100271,2026-06,13.22,99,1,7,310.53,1,26
SUB101577,2026-05,7.28,26,2,14,335.84,0,30
SUB100298,2026-03,1.19,417,0,7,172.37,0,27
SUB102285,2026-04,1.63,63,1,5,338.52,0,27
SUB101507,2026-07,13.63,471,3,8,473.28,0,27
SUB100437,2026-06,7.61,402,2,14,259.72,0,27
SUB100148,2026-03,9.08,70,1,10,397.75,0,29
SUB100324,2026-07,7.91,166,2,16,246.73,1,29
SUB101848,2026-03,10.85,415,0,5,327.66,0,29
SUB102762,2026-07,13.66,114,1,8,301.52,0,28
SUB103155,2026-06,5.4,79,1,6,174.51,0,29
SUB100826,2026-06,11.43,343,0,14,312.65,0,26
SUB100249,2026-02,12.53,108,0,10,456.6,0,30
SUB102749,2026-02,7.12,106,4,11,188.29,0,28
SUB101865,2026-07,3.57,290,2,9,176.6,0,29
SUB101626,2026-04,0.57,293,3,14,69.78,0,27
SUB100142,2026-03,0.98,123,3,22,231.6,0,29
SUB102170,2026-02,2.97,56,5,9,115.91,0,30
SUB101710,2026-05,2.48,383,0,6,272.74,0,26
SUB101435,2026-06,6.34,192,1,17,307.63,0,29
SUB101219,2026-06,8.98,90,1,9,152.49,0,28
SUB101023,2026-02,2.56,154,2,12,176.24,0,28
SUB100671,2026-05,2.68,365,2,7,129.93,0,30
SUB102965,2026-05,8.43,151,3,4,238.63,0,27
SUB101262,2026-05,12.45,101,4,15,232.58,0,28
SUB100583,2026-04,7.45,185,2,11,209.1,1,27
SUB101985,2026-07,7.84,90,0,7,230.81,0,28
SUB100499,2026-03,14.33,239,1,9,343.46,0,27
SUB100844,2026-03,0.66,251,2,13,163.47,0,27
SUB101835,2026-05,14.38,130,2,3,399.02,0,28
SUB100365,2026-05,3.3,177,1,9,160.07,0,29
SUB100308,2026-05,3.98,111,4,13,252.66,1,26
SUB101414,2026-07,14.38,54,1,6,253.14,0,29
SUB101046,2026-03,2.46,232,3,18,96.19,0,27
SUB102357,2026-03,7.75,48,0,16,353.68,1,29
SUB100185,2026-05,13.06,65,0,18,366.56,1,28
SUB101941,2026-03,8.44,133,0,3,257.43,0,30
SUB101360,2026-04,6.28,216,2,6,370.88,0,29
SUB100393,2026-05,17.02,81,2,23,349.18,0,28
SUB100769,2026-03,17.36,217,6,9,479.65,0,29
SUB102070,2026-03,0.8,309,0,14,163.45,0,30
SUB101240,2026-06,2.05,458,1,10,258.68,0,26
SUB102166,2026-02,6.86,599,0,10,160.43,0,27
SUB102188,2026-03,20.32,99,2,5,495.67,0,30
SUB100343,2026-06,25.91,388,3,3,303.62,0,29
SUB102229,2026-04,8.38,598,3,16,253.54,0,28
SUB101502,2026-06,1.95,164,2,8,224.97,0,30
SUB100703,2026-07,15.7,114,3,10,185.1,0,29
SUB100863,2026-05,8.56,70,1,18,230.31,0,28
SUB101621,2026-05,2.06,128,2,14,220.85,0,28
SUB100274,2026-03,2.17,172,1,7,233.45,0,27
SUB101667,2026-04,9.74,185,0,9,361.71,0,30
SUB100162,2026-02,32.53,355,2,4,671.86,0,30
SUB101408,2026-02,6.29,244,2,13,231.13,0,27
SUB101408,2026-03,4.99,309,2,12,207.73,0,26
SUB102565,2026-03,4.57,201,2,13,259.87,0,29
SUB100678,2026-03,7.93,80,1,3,262.81,0,26
SUB100480,2026-02,6.24,286,4,16,209.55,0,29
SUB101463,2026-07,6.04,189,1,14,259.29,0,27
SUB100427,2026-04,22.72,300,1,12,,1,26
SUB100044,2026-02,11.7,268,1,11,427.98,0,27
SUB100946,2026-07,0.98,52,2,13,207.29,0,30
SUB102674,2026-02,24.73,181,2,15,504.16,1,30
SUB100032,2026-05,4.78,306,1,10,174.86,0,28
SUB102002,2026-04,13.48,170,1,16,196.65,0,30
SUB101344,2026-04,23.7,432,3,5,314.23,0,26
SUB102520,2026-06,3.97,98,3,5,215.21,0,26
SUB100974,2026-02,0.69,199,4,12,67.75,0,29
SUB101729,2026-02,4.22,428,0,11,179.36,0,28
SUB100103,2026-04,2.56,88,1,13,160.02,0,30
SUB100494,2026-07,6.91,533,2,17,240.78,0,27
SUB101428,2026-06,5.19,75,1,0,220.06,1,28
SUB102587,2026-02,9.79,445,3,11,135.33,0,26
SUB103166,2026-07,8.88,88,3,5,306.88,0,28
SUB102902,2026-06,13.76,307,1,14,316.62,0,27
SUB102420,2026-04,11.67,352,1,22,255.98,0,28
SUB102617,2026-06,2.61,113,1,9,165.5,0,27
SUB100111,2026-02,9.78,434,1,10,216.74,0,27
SUB103149,2026-03,4.91,285,2,11,193.03,0,27
SUB101754,2026-05,0.97,46,3,3,253.15,0,29
SUB103160,2026-07,7.4,242,1,7,134.2,0,26
SUB103109,2026-04,1.96,223,2,17,93.9,0,27
SUB102842,2026-06,7.68,255,2,18,237.17,0,26
SUB100342,2026-04,4.62,95,1,8,130.58,0,29
SUB101768,2026-04,6.21,176,3,5,266.46,0,26
SUB101850,2026-05,3.52,79,2,13,210.31,0,27
SUB101371,2026-05,11.25,725,0,10,378.94,0,29
SUB100101,2026-04,6.89,297,0,12,296.63,0,28
SUB102634,2026-06,15.14,396,4,7,330.43,0,26
SUB103011,2026-05,12.09,669,2,11,464.72,0,26
SUB100129,2026-03,19.63,175,4,18,360.92,0,30
SUB101626,2026-07,0.52,314,3,16,87.64,0,28
SUB102877,2026-07,7.32,87,2,4,231.63,0,30
SUB100875,2026-05,16.29,418,3,15,355.98,0,26
SUB102837,2026-05,3.87,775,1,10,134.85,1,27
SUB102116,2026-05,5.62,149,2,12,140.9,0,26
SUB100341,2026-07,7.99,111,0,17,164.94,0,29
SUB101947,2026-05,19.85,386,0,14,419.77,0,27
SUB100165,2026-04,21.57,102,1,14,487.53,0,27
SUB100833,2026-07,13.39,244,3,16,296.55,1,26
SUB101018,2026-05,1.37,368,5,10,107.86,0,30
SUB103160,2026-04,4.47,199,3,5,147.88,0,28
SUB100543,2026-04,2.36,225,2,0,278.24,0,26
SUB102625,2026-03,36.1,159,3,11,401.47,0,30
SUB101885,2026-03,17.68,251,2,14,277.35,0,30
SUB100680,2026-05,2.99,326,1,17,198.59,0,26
SUB102239,2026-06,11.32,121,2,7,247.43,0,30
SUB100133,2026-06,4.25,63,2,4,189.1,0,30
SUB100973,2026-05,2.06,108,1,10,196.16,0,30
SUB101806,2026-07,3.81,65,3,12,210.15,0,28
SUB100202,2026-04,4.35,104,2,6,221.26,0,28
SUB101539,2026-05,4.74,476,4,2,70.51,1,26
SUB101949,2026-06,8.92,185,5,9,339.78,0,26
SUB101641,2026-03,22.93,403,3,10,304.64,1,28
SUB103060,2026-03,9.21,166,0,15,311.56,0,28
SUB102656,2026-02,9.15,134,2,17,198.83,0,27
SUB101693,2026-02,4.08,188,1,18,282.17,0,29
SUB101853,2026-05,4.54,113,3,17,294.51,0,29
SUB102959,2026-02,1.22,89,2,9,141.89,0,27
SUB102143,2026-05,13.09,72,1,13,348.09,0,30
SUB100598,2026-06,9.22,396,0,6,397.45,0,29
SUB101705,2026-04,1.55,69,2,11,91.7,0,26
SUB102302,2026-07,11.36,37,1,24,323.64,0,27
SUB101021,2026-06,0.79,387,1,18,166.94,0,26
SUB101592,2026-05,17.63,186,2,14,365.69,1,30
SUB100477,2026-03,8.64,21,0,16,308.95,0,27
SUB100221,2026-06,4.72,142,1,2,246.66,0,29
SUB102797,2026-06,1.99,224,3,15,253.25,0,29
SUB100609,2026-05,17.77,125,0,18,229.28,1,29
SUB101748,2026-06,5.69,892,1,3,285.71,0,28
SUB102007,2026-02,4.9,311,0,10,157.66,0,28
SUB100566,2026-04,11.95,182,5,7,366.66,0,28
SUB102623,2026-02,2.11,41,3,7,203.73,0,27
SUB101950,2026-04,4.87,193,1,17,125.49,0,27
SUB101362,2026-05,2.47,665,0,5,178.96,0,29
SUB100496,2026-06,5.53,322,0,16,304.84,0,26
SUB102138,2026-02,6.6,219,4,11,539.12,0,26
SUB100405,2026-06,8.77,235,2,9,373.19,1,29
SUB100044,2026-06,16.68,169,1,17,462.26,1,29
SUB100273,2026-04,7.21,134,2,11,174.73,0,28
SUB103094,2026-04,7.44,149,3,3,388.96,0,26
SUB101742,2026-02,4.09,639,3,2,234.46,1,27
SUB102513,2026-03,5.07,404,2,9,206.82,0,28
SUB102296,2026-02,16.21,67,4,13,442.3,0,30
SUB101147,2026-04,14.89,43,3,9,291.06,0,26
SUB101116,2026-07,3.85,114,2,11,182.19,0,30
SUB100605,2026-05,13.5,45,1,25,328.56,0,26
SUB102710,2026-02,5.49,137,4,14,183.03,0,29
SUB100525,2026-05,6.2,171,2,5,371.07,0,29
SUB100439,2026-04,4.67,65,2,11,82.33,0,28
SUB100065,2026-03,2.23,265,5,4,106.7,0,30
SUB100428,2026-04,17.75,65,1,14,449.78,0,28
SUB101079,2026-04,2.27,282,2,7,150.21,0,26
SUB101637,2026-06,4.11,264,3,13,232.88,0,28
SUB102161,2026-06,15.06,151,1,3,381.92,0,29
SUB100096,2026-06,1.55,708,1,10,212.54,0,30
SUB100466,2026-05,18.29,159,2,14,269.68,0,30
SUB101360,2026-06,6.13,124,1,12,360.88,0,29
SUB101706,2026-05,5.98,376,3,12,191.92,0,27
SUB100238,2026-05,7.39,227,3,11,263.23,0,30
SUB102130,2026-05,2.22,637,2,7,124.41,0,28
SUB101077,2026-07,10.96,271,1,12,239.71,0,27
SUB102154,2026-02,5.61,294,0,21,445.48,0,26
SUB102911,2026-07,5.62,60,5,11,179.73,0,26
SUB100314,2026-06,7.85,94,4,12,252.4,0,30
SUB102071,2026-05,2.04,75,1,17,107.36,1,26
SUB101476,2026-03,6.83,557,3,5,267.94,0,30
SUB101778,2026-04,13.69,327,0,12,186.57,0,29
SUB101524,2026-06,9.52,296,2,16,315.74,0,28
SUB100589,2026-05,4.57,128,0,16,151.93,0,27
SUB102159,2026-07,6.05,173,3,6,234.39,0,29
SUB101030,2026-07,3.05,311,1,13,170.81,0,26
SUB102532,2026-04,5.52,204,2,11,112.28,0,30
SUB102701,2026-04,21.55,492,0,11,400.37,0,28
SUB102215,2026-03,16.05,320,3,9,393.13,0,27
SUB102037,2026-03,10.92,140,2,6,125.77,0,27
SUB101417,2026-07,1.17,322,1,3,175.01,0,29
SUB100699,2026-06,1.63,125,2,11,223.76,0,30
SUB100220,2026-06,3.19,584,0,15,117.31,0,26
SUB102244,2026-04,14.06,116,0,12,286.41,0,28
SUB100201,2026-03,64.32,355,0,9,573.7,0,30
SUB101825,2026-02,10.79,98,2,11,343.19,0,28
SUB100924,2026-04,3.47,220,2,5,305.75,1,26
SUB101538,2026-03,6.53,905,1,16,185.4,0,28
SUB102090,2026-05,8.63,286,4,4,139.32,0,29
SUB101764,2026-06,2.65,138,2,12,255.35,0,29
SUB100878,2026-03,6.88,59,0,8,241.04,1,29
SUB102577,2026-02,13.2,317,1,18,495.29,0,30
SUB100401,2026-02,5.62,245,2,6,348.0,0,29
SUB101582,2026-03,4.77,300,4,13,147.48,0,30
SUB102186,2026-03,7.05,58,2,11,112.4,0,27
SUB101536,2026-06,17.33,74,1,14,459.15,0,27
SUB101891,2026-07,7.54,128,1,9,311.77,0,26
SUB101570,2026-07,23.95,131,2,6,581.25,0,28
SUB100158,2026-03,10.9,69,0,13,190.6,0,27
SUB100882,2026-04,14.52,496,2,5,269.06,0,28
SUB100925,2026-02,2.98,175,2,10,263.96,0,26
SUB101806,2026-06,7.21,53,2,4,214.59,1,28
SUB102031,2026-02,9.97,133,2,8,205.26,0,26
SUB101782,2026-05,4.81,537,1,14,143.07,0,26
SUB101451,2026-02,5.83,218,5,13,113.92,0,28
SUB102792,2026-03,13.92,211,3,16,356.35,0,26
SUB102218,2026-04,2.34,317,3,15,144.36,0,30
SUB100128,2026-07,4.28,292,1,12,411.99,0,27
SUB100352,2026-02,4.65,307,2,12,332.81,0,30
SUB100157,2026-05,14.11,146,4,12,446.68,0,30
SUB101971,2026-05,0.94,79,4,10,249.68,0,29
SUB102354,2026-05,9.5,208,3,12,441.96,0,26
SUB102136,2026-04,1.73,172,4,5,166.64,0,29
SUB102257,2026-07,3.3,319,1,7,283.45,1,26
SUB102097,2026-02,4.48,75,2,11,293.3,0,29
SUB100581,2026-04,0.97,216,4,11,267.99,0,27
SUB101980,2026-04,4.25,38,1,10,141.69,0,29
SUB101598,2026-02,7.83,209,3,13,350.48,0,30
SUB101686,2026-03,20.7,224,2,7,306.87,0,29
SUB101007,2026-04,7.51,709,5,10,232.65,0,28
SUB100176,2026-03,8.04,265,1,8,266.73,0,28
SUB101355,2026-07,5.82,297,0,7,277.09,0,28
SUB101476,2026-05,7.72,756,2,14,216.71,0,27
SUB100156,2026-02,1.22,222,2,13,151.38,0,28
SUB101050,2026-05,20.2,540,3,10,321.35,0,26
SUB100477,2026-05,8.89,25,2,13,336.23,0,26
SUB100118,2026-03,16.12,199,0,20,324.88,0,27
SUB101322,2026-07,14.98,294,1,9,284.72,0,27
SUB101093,2026-05,11.11,339,2,7,375.17,0,26
SUB101223,2026-07,4.74,687,4,10,240.02,0,30
SUB101567,2026-07,7.29,274,3,12,229.37,0,29
SUB102271,2026-02,4.19,328,1,4,175.05,0,27
SUB102733,2026-02,11.82,64,1,10,531.68,0,28
SUB100170,2026-07,14.54,49,4,12,273.43,0,30
SUB102317,2026-02,9.36,76,1,14,220.53,0,28
SUB102470,2026-06,2.12,214,4,17,203.24,0,27
SUB103150,2026-02,6.18,102,2,6,270.72,0,27
SUB101403,2026-02,3.43,260,1,9,147.28,0,26
SUB101104,2026-03,12.58,257,2,11,334.77,0,28
SUB102420,2026-03,10.11,220,1,20,233.77,1,30
SUB101671,2026-06,8.3,317,3,17,249.62,1,26
SUB102031,2026-03,9.01,140,5,14,219.01,0,29
SUB100863,2026-03,10.26,85,1,17,221.27,0,29
SUB101147,2026-05,9.8,79,1,10,357.89,0,28
SUB101906,2026-02,0.66,55,3,14,81.41,0,26
SUB101635,2026-02,17.56,208,1,8,480.08,0,26
SUB101842,2026-03,1.98,61,3,13,122.99,0,29
SUB101995,2026-05,3.5,191,2,19,114.4,0,27
SUB100122,2026-02,11.0,163,1,3,359.66,0,27
SUB100832,2026-07,7.25,224,4,6,241.35,0,27
SUB102680,2026-02,5.49,184,3,6,232.7,0,29
SUB101189,2026-07,1.58,229,2,6,105.91,0,30
SUB102578,2026-06,1.29,504,1,6,236.38,0,30
SUB102988,2026-02,9.88,20,2,15,232.47,0,30
SUB101857,2026-07,13.49,50,3,6,395.92,0,27
SUB100312,2026-04,1.42,160,3,4,122.01,0,26
SUB100775,2026-03,13.43,359,2,7,322.95,0,28
SUB101004,2026-07,5.9,374,1,18,167.99,0,28
SUB102169,2026-02,11.45,328,3,12,125.39,0,28
SUB101158,2026-02,10.37,388,2,7,344.3,0,27
SUB101951,2026-04,9.27,281,0,8,278.51,0,29
SUB100540,2026-07,0.94,190,0,4,106.33,0,27
SUB103025,2026-03,6.46,206,4,18,219.45,0,28
SUB100459,2026-04,7.7,403,1,10,258.31,0,26
SUB101392,2026-02,52.09,128,1,11,619.85,0,26
SUB100434,2026-04,1.66,55,3,21,280.85,0,27
SUB102892,2026-06,1.65,808,2,7,203.59,0,28
SUB101067,2026-03,3.53,292,1,19,145.27,0,29
SUB102525,2026-03,4.02,612,2,10,178.59,0,30
SUB101022,2026-02,8.12,320,3,7,169.94,0,30
SUB103074,2026-07,10.93,255,3,10,191.38,0,29
SUB101236,2026-03,10.09,52,2,9,221.11,0,30
SUB101840,2026-03,7.55,157,0,3,385.45,0,30
SUB102740,2026-04,13.94,192,1,15,319.48,0,29
SUB100690,2026-02,11.5,136,2,13,303.56,0,29
SUB102281,2026-05,4.37,85,1,13,198.45,0,30
SUB100552,2026-04,7.93,293,3,16,200.78,0,28
SUB102209,2026-05,4.92,356,2,6,228.14,0,30
SUB103132,2026-02,6.37,435,2,6,226.81,0,26
SUB100941,2026-05,2.59,383,1,9,251.35,0,30
SUB100735,2026-07,6.82,114,4,4,248.49,0,30
SUB101756,2026-03,1.95,139,1,7,73.67,1,29
SUB102621,2026-02,10.62,184,2,18,270.59,0,28
SUB101917,2026-04,32.83,158,0,12,603.01,0,30
SUB100123,2026-03,8.78,72,5,9,324.52,0,26
SUB100668,2026-04,4.56,85,2,7,140.93,0,30
SUB102136,2026-02,1.79,294,4,2,194.88,0,29
SUB101176,2026-05,9.71,347,1,15,308.23,0,26
SUB100907,2026-02,7.02,55,1,13,266.77,0,30
SUB101543,2026-04,1.3,83,1,16,117.09,0,26
SUB102995,2026-07,2.04,205,3,7,188.24,0,26
SUB101208,2026-03,0.98,90,2,20,224.19,0,29
SUB102298,2026-07,9.22,56,5,11,131.0,0,30
SUB100110,2026-04,7.35,35,2,14,230.86,1,27
SUB100648,2026-03,4.55,256,1,7,236.87,1,30
SUB100434,2026-03,1.22,98,3,11,268.18,0,28
SUB100760,2026-04,35.14,170,0,11,,0,30
SUB102402,2026-03,12.59,355,3,11,355.54,0,26
SUB100917,2026-05,3.62,314,1,11,181.43,0,26
SUB102273,2026-03,3.13,77,1,5,133.0,0,28
SUB100993,2026-06,4.98,164,0,4,276.03,0,30
SUB100620,2026-07,9.48,180,1,7,289.4,0,28
SUB101856,2026-03,11.31,77,3,5,436.31,0,29
SUB102548,2026-02,1.44,190,5,5,150.71,1,27
SUB102932,2026-06,2.68,289,1,17,88.76,0,30
SUB103026,2026-04,1.99,97,1,6,82.55,0,26
SUB100277,2026-05,1.29,82,3,14,91.67,0,29
SUB100346,2026-06,19.11,65,2,7,408.14,0,29
SUB102501,2026-04,5.35,86,2,20,172.45,0,28
SUB101989,2026-07,4.94,336,1,24,179.81,0,29
SUB102475,2026-07,22.97,138,0,13,465.37,0,27
SUB101791,2026-05,23.37,468,3,7,353.02,0,26
SUB102002,2026-06,10.17,322,3,7,231.46,0,29
SUB102806,2026-04,1.09,184,2,20,129.39,0,26
SUB101763,2026-02,2.34,92,1,3,208.3,0,29
SUB101828,2026-06,6.0,69,2,7,317.02,0,30
SUB100827,2026-05,10.52,128,2,10,368.17,0,30
SUB102355,2026-02,0.81,54,2,6,286.84,0,28
SUB102221,2026-05,1.03,172,0,17,111.64,0,28
SUB100033,2026-05,0.88,86,2,14,127.56,0,29
SUB101148,2026-06,9.0,178,1,16,135.36,0,30
SUB101052,2026-05,2.53,301,2,10,161.75,0,26
SUB102082,2026-06,6.14,165,0,3,183.12,0,30
SUB102312,2026-07,2.17,112,1,11,213.16,0,29
SUB101693,2026-03,4.1,246,1,17,279.48,0,26
SUB100905,2026-07,5.38,399,1,18,212.94,0,27
SUB100498,2026-03,6.39,437,0,9,264.27,1,27
SUB101703,2026-04,8.78,149,3,12,254.97,0,30
SUB101159,2026-07,0.41,223,2,13,155.17,0,29
SUB100223,2026-03,3.04,226,2,10,110.99,1,27
SUB103086,2026-06,1.94,369,1,14,241.49,0,26
SUB101404,2026-05,34.84,128,1,18,347.88,0,26
SUB102936,2026-07,1.8,258,3,12,207.17,0,29
SUB100202,2026-05,8.7,168,0,11,215.08,0,29
SUB101717,2026-03,28.14,256,2,8,435.75,0,27
SUB101455,2026-07,3.73,110,1,7,236.17,0,28
SUB100874,2026-05,7.51,161,2,5,263.78,1,27
SUB100253,2026-05,17.84,20,2,18,358.18,0,30
SUB102566,2026-06,2.78,50,2,16,135.07,0,29
SUB101304,2026-05,23.43,155,2,12,326.71,0,28
SUB101761,2026-05,5.01,390,6,9,165.01,0,27
SUB101992,2026-07,1.59,25,1,13,162.18,0,26
SUB102836,2026-04,22.25,177,6,1,569.25,1,28
SUB101923,2026-04,0.94,442,2,12,199.31,0,27
SUB102114,2026-02,22.58,124,0,11,406.0,0,28
SUB102940,2026-02,2.08,84,2,4,312.16,0,27
SUB100564,2026-05,3.81,218,1,8,145.46,0,27
SUB102818,2026-02,5.64,222,2,9,219.55,0,27
SUB102331,2026-07,1.75,109,5,5,135.81,0,26
SUB102260,2026-02,15.29,75,3,12,427.95,0,29
SUB102783,2026-06,7.47,132,0,10,127.04,0,30
SUB100187,2026-02,1.68,497,2,16,138.93,0,30
SUB100878,2026-07,10.45,56,4,14,214.72,1,27
SUB101525,2026-06,6.36,558,4,3,236.36,0,26
SUB100063,2026-05,11.98,395,1,6,302.73,0,27
SUB101225,2026-03,0.94,485,1,11,229.12,0,26
SUB101683,2026-05,0.92,124,4,9,169.24,0,27
SUB103001,2026-07,4.53,247,2,14,266.75,1,28
SUB102825,2026-02,5.32,6,2,7,170.31,0,27
SUB103066,2026-02,6.1,235,0,13,129.22,0,30
SUB102559,2026-07,1.89,198,1,20,197.24,0,26
SUB103009,2026-03,1.62,149,1,12,215.44,0,27
SUB100875,2026-03,19.06,500,5,10,324.71,0,29
SUB101562,2026-06,2.37,474,2,11,201.06,0,30
SUB101837,2026-07,10.84,72,0,12,289.35,0,27
SUB102123,2026-07,24.81,515,0,5,597.8,0,30
SUB102480,2026-04,11.93,234,4,7,191.32,0,28
SUB101968,2026-06,7.99,64,2,4,204.42,0,30
SUB100758,2026-07,4.73,99,0,6,490.0,0,28
SUB101384,2026-04,2.8,309,2,14,169.11,0,26
SUB100328,2026-02,4.29,284,2,5,97.11,0,30
SUB102876,2026-02,10.58,76,3,8,359.75,0,26
SUB102239,2026-03,10.76,93,0,11,277.76,0,30
SUB100598,2026-02,14.32,429,2,3,412.48,0,30
SUB102882,2026-05,12.71,108,2,18,400.79,0,29
SUB100293,2026-04,7.68,54,3,3,246.6,0,26
SUB102524,2026-07,1.71,161,2,4,111.2,1,30
SUB101767,2026-05,6.1,240,1,11,200.16,0,26
SUB101124,2026-02,10.26,377,1,18,275.51,0,28
SUB102229,2026-03,8.6,374,1,14,279.83,0,30
SUB103173,2026-07,6.47,82,2,7,339.56,0,27
SUB102633,2026-06,25.07,23,3,15,407.64,0,29
SUB101625,2026-06,7.19,521,5,5,255.79,0,30
SUB102848,2026-03,4.99,292,1,11,208.8,0,30
SUB103200,2026-07,9.73,669,3,16,361.36,0,30
SUB100951,2026-06,3.24,178,1,1,230.5,0,27
SUB101422,2026-03,8.96,93,2,5,126.26,0,29
SUB101333,2026-04,11.36,237,3,11,233.81,0,29
SUB101487,2026-02,7.13,260,7,16,359.53,0,26
SUB102272,2026-04,5.66,108,4,6,126.55,0,27
SUB101076,2026-06,32.41,104,1,9,421.74,0,29
SUB101108,2026-07,5.09,84,1,15,188.5,0,30
SUB102745,2026-07,14.86,670,4,13,338.09,0,29
SUB101158,2026-06,9.71,394,0,9,250.77,0,28
SUB100420,2026-06,4.85,238,1,11,279.55,0,27
SUB102076,2026-04,2.62,283,1,6,122.65,0,28
SUB102550,2026-04,3.24,154,2,13,161.5,0,27
SUB101887,2026-04,7.17,294,1,5,290.97,0,27
SUB101643,2026-03,18.32,219,1,16,305.6,0,30
SUB101691,2026-05,8.95,1003,0,1,454.91,0,28
SUB102510,2026-03,4.82,130,2,7,290.34,0,30
SUB100431,2026-02,8.93,185,3,14,250.2,0,27
SUB100461,2026-05,4.3,484,2,5,274.9,0,28
SUB101881,2026-03,8.85,148,1,14,119.16,0,29
SUB100634,2026-04,3.06,461,0,9,239.79,0,29
SUB100210,2026-05,2.92,267,2,7,139.39,0,26
SUB100160,2026-03,10.38,63,2,7,157.08,0,30
SUB100939,2026-05,8.46,183,2,11,183.06,0,29
SUB103170,2026-03,0.93,242,3,16,167.54,0,29
SUB100484,2026-03,4.05,455,2,10,145.96,0,27
SUB100754,2026-04,8.94,44,7,22,292.05,0,30
SUB100559,2026-07,11.96,309,2,16,190.11,0,26
SUB100126,2026-02,13.39,41,2,28,229.55,0,27
SUB102340,2026-02,1.42,191,0,6,133.09,0,27
SUB101677,2026-03,8.65,184,3,14,226.67,0,27
SUB100507,2026-06,6.4,176,3,17,376.22,0,26
SUB101808,2026-07,6.71,31,1,16,113.67,0,27
SUB102990,2026-05,3.35,44,2,13,140.72,0,28
SUB102980,2026-03,15.46,190,1,7,229.18,0,27
SUB100725,2026-03,13.82,207,0,8,243.17,0,29
SUB102528,2026-07,1.96,599,3,12,182.39,0,27
SUB103121,2026-02,5.53,154,1,6,146.63,0,29
SUB102931,2026-06,8.84,58,1,12,313.82,0,29
SUB101805,2026-02,2.44,598,3,15,199.92,0,29
SUB103046,2026-06,4.26,450,2,9,360.56,0,29
SUB101304,2026-04,29.33,276,1,13,423.85,0,28
SUB101722,2026-07,28.0,291,2,6,418.3,0,28
SUB101058,2026-05,0.91,456,1,13,270.56,1,29
SUB100707,2026-06,15.93,69,1,12,363.13,0,27
SUB101009,2026-04,8.25,133,2,7,148.21,0,26
SUB101951,2026-07,6.43,339,3,17,280.14,0,30
SUB101074,2026-05,1.57,66,3,5,140.1,0,30
SUB101121,2026-07,23.33,111,1,2,405.36,0,28
SUB100320,2026-07,5.02,175,1,22,208.66,0,30
SUB101276,2026-05,5.76,40,1,11,215.98,0,30
SUB102513,2026-05,6.71,481,1,4,254.15,0,26
SUB102048,2026-05,8.29,283,0,10,165.45,0,26
SUB101938,2026-07,9.0,199,3,11,260.83,0,26
SUB102875,2026-05,4.25,107,1,9,312.2,0,27
SUB103128,2026-02,4.51,74,4,5,135.08,0,30
SUB102536,2026-07,2.46,433,3,9,227.8,0,26
SUB102252,2026-06,10.44,517,2,7,332.4,0,26
SUB100796,2026-06,7.22,728,1,14,331.83,0,27
SUB101021,2026-03,0.7,432,0,12,177.22,0,26
SUB100508,2026-02,2.91,247,0,18,183.47,0,30
SUB102373,2026-04,10.35,243,0,16,300.65,0,26
SUB101463,2026-05,10.84,139,1,8,294.15,1,27
SUB102230,2026-05,2.64,172,1,21,119.74,0,26
SUB102806,2026-02,0.87,160,1,19,109.09,1,30
SUB102298,2026-05,5.67,35,3,14,149.5,0,26
SUB101327,2026-02,8.58,61,0,7,362.35,0,30
SUB100033,2026-02,0.82,44,1,11,109.15,0,28
SUB102179,2026-06,5.04,170,1,8,163.69,0,27
SUB102956,2026-06,7.56,80,1,2,225.68,0,30
SUB101636,2026-02,2.05,263,1,9,182.92,0,29
SUB100242,2026-02,16.37,185,2,11,283.76,0,28
SUB101998,2026-03,9.67,263,3,5,393.09,0,28
SUB100040,2026-02,8.96,249,0,9,397.77,0,30
SUB102629,2026-07,9.42,290,2,17,224.21,0,30
SUB101442,2026-03,5.19,189,3,14,278.13,0,26
SUB100164,2026-05,7.12,167,3,12,204.24,0,30
SUB101600,2026-05,0.99,347,2,14,150.76,0,28
SUB102782,2026-06,10.5,617,3,11,230.47,0,28
SUB100729,2026-03,8.38,76,2,21,253.08,0,28
SUB103198,2026-05,1.64,136,0,8,260.83,0,29
SUB101819,2026-02,14.33,390,3,8,248.92,0,26
SUB100484,2026-04,4.23,767,1,15,151.78,0,29
SUB102418,2026-07,0.98,25,1,5,245.36,0,26
SUB100710,2026-04,25.91,59,1,14,368.55,0,28
SUB102636,2026-04,12.89,122,2,5,244.72,0,26
SUB102437,2026-04,4.14,254,2,10,233.16,0,30
SUB102435,2026-06,17.08,129,1,8,360.34,0,30
SUB100079,2026-06,18.78,314,3,21,294.58,0,29
SUB102380,2026-02,8.65,139,3,15,215.56,0,30
SUB101773,2026-07,3.13,234,1,11,141.24,0,26
SUB100329,2026-07,3.23,166,5,18,127.1,0,27
SUB102566,2026-05,2.0,48,2,15,136.46,0,29
SUB101408,2026-04,4.28,435,2,14,214.66,0,26
SUB101819,2026-07,13.67,265,2,8,188.26,1,30
SUB101952,2026-02,14.5,414,1,5,487.45,1,28
SUB102278,2026-06,6.02,325,1,14,141.47,0,26
SUB100043,2026-04,17.97,249,1,8,426.43,0,26
SUB100647,2026-04,0.7,411,4,8,141.9,0,26
SUB103124,2026-04,12.68,154,2,9,539.73,0,27
SUB102735,2026-02,1.38,416,3,20,324.66,0,28
SUB102660,2026-06,18.9,178,2,9,346.95,0,27
SUB102409,2026-03,16.37,71,2,2,241.52,0,28
SUB103143,2026-03,6.86,193,0,12,228.19,0,29
SUB102971,2026-07,5.67,187,2,9,153.1,0,29
SUB101901,2026-05,7.93,97,0,9,167.49,0,27
SUB101091,2026-02,6.83,665,4,12,226.51,0,29
SUB101526,2026-03,4.48,73,1,13,128.53,0,28
SUB102759,2026-04,3.71,83,5,7,96.38,0,30
SUB101350,2026-06,1.44,228,0,11,155.81,1,28
SUB100194,2026-04,4.04,361,3,21,339.88,0,29
SUB102828,2026-07,9.27,380,0,21,352.65,0,30
SUB100822,2026-02,10.04,197,4,22,214.51,0,28
SUB100264,2026-03,1.8,340,3,8,220.78,0,30
SUB101167,2026-02,5.25,192,3,8,183.03,0,30
SUB101233,2026-05,2.03,176,3,13,202.28,1,28
SUB100349,2026-07,3.22,173,1,13,201.29,0,29
SUB102651,2026-03,8.23,85,2,14,119.1,0,27
SUB102606,2026-02,3.96,145,3,7,112.21,0,30
SUB100388,2026-05,11.38,293,1,13,243.75,0,26
SUB103011,2026-04,14.45,485,1,8,401.89,0,27
SUB101812,2026-02,11.86,199,2,6,198.33,0,29
SUB100643,2026-05,8.08,708,2,7,230.71,0,28
SUB100474,2026-03,0.88,249,1,5,185.78,0,29
SUB102030,2026-05,27.23,159,1,15,529.28,0,30
SUB100540,2026-03,0.86,155,2,6,112.05,0,26
SUB101510,2026-04,0.61,133,2,23,143.46,1,29
SUB101878,2026-03,1.71,99,2,3,174.43,0,30
SUB101874,2026-06,1.26,378,1,6,112.01,0,27
SUB100243,2026-03,13.17,773,1,9,481.87,0,26
SUB102049,2026-03,9.52,174,6,7,260.17,0,30
SUB102353,2026-07,16.31,208,3,9,357.08,0,29
SUB100566,2026-05,11.56,112,2,11,393.79,0,30
SUB103118,2026-05,7.73,104,0,11,199.7,0,27
SUB100963,2026-05,14.45,125,2,8,329.16,0,29
SUB103101,2026-05,4.69,33,2,4,148.17,0,27
SUB103151,2026-07,0.73,256,3,9,189.22,0,29
SUB102132,2026-02,1.7,8,1,22,173.14,0,30
SUB102850,2026-07,9.64,52,0,11,335.18,0,29
SUB100381,2026-05,22.46,174,3,10,357.97,0,27
SUB101818,2026-05,2.19,350,3,6,180.2,0,30
SUB100404,2026-03,12.3,122,3,5,399.48,0,26
SUB100873,2026-05,21.96,74,3,14,368.62,0,28
SUB101021,2026-05,0.95,280,3,12,171.64,0,26
SUB101057,2026-04,1.39,253,3,8,167.25,0,29
SUB101521,2026-05,1.92,241,3,10,179.88,0,26
SUB101138,2026-02,2.45,162,0,5,99.91,0,27
SUB101781,2026-03,7.43,329,0,13,157.74,0,26
SUB101142,2026-02,10.8,165,1,7,348.06,0,28
SUB101568,2026-02,14.85,284,0,11,249.09,0,26
SUB102691,2026-07,0.74,239,0,8,188.43,0,28
SUB100778,2026-05,1.28,443,0,2,297.73,0,29
SUB101798,2026-02,8.62,454,1,14,323.65,0,28
SUB100382,2026-03,8.5,273,2,3,200.21,0,27
SUB102569,2026-05,3.28,160,1,6,254.81,0,28
SUB102020,2026-05,3.0,74,2,12,149.54,0,26
SUB102779,2026-02,18.51,155,2,12,285.25,0,27
SUB100184,2026-02,18.03,141,4,6,174.85,0,26
SUB102390,2026-04,21.42,220,0,9,444.4,0,29
SUB101370,2026-06,6.47,130,2,8,119.97,0,30
SUB100553,2026-04,19.96,214,1,13,506.89,1,30
SUB102671,2026-05,23.22,154,2,5,321.68,0,28
SUB100452,2026-03,8.54,286,2,12,160.53,1,28
SUB100739,2026-02,5.43,252,2,6,274.96,0,27
SUB102252,2026-04,9.85,792,2,6,295.27,0,26
SUB101768,2026-03,6.2,191,4,10,262.54,0,30
SUB102661,2026-02,1.32,131,4,5,107.8,0,30
SUB103191,2026-03,1.01,221,2,10,132.1,0,26
SUB101738,2026-05,3.15,627,0,13,79.8,0,30
SUB100855,2026-07,1.96,98,1,2,159.05,0,29
SUB101786,2026-03,15.55,114,3,18,344.53,0,29
SUB100386,2026-03,5.07,222,0,6,166.45,0,28
SUB100102,2026-02,2.96,301,2,3,195.26,0,27
SUB103124,2026-03,8.36,109,1,11,444.56,1,27
SUB100028,2026-02,1.33,571,1,5,162.88,0,28
SUB100602,2026-02,10.53,315,1,8,276.48,0,26
SUB100350,2026-02,0.87,236,1,10,224.2,0,29
SUB102346,2026-06,1.73,47,2,5,275.69,1,27
SUB100120,2026-03,6.96,95,3,11,149.54,0,27
SUB102417,2026-07,62.64,205,2,12,0.0,3,28
SUB101609,2026-02,8.35,298,2,11,188.81,0,29
SUB101350,2026-03,1.63,164,4,14,144.06,0,30
SUB102630,2026-05,4.81,171,3,14,402.44,0,28
SUB102126,2026-02,3.09,84,3,16,187.45,0,29
SUB100135,2026-02,6.83,323,3,9,178.42,0,29
SUB100764,2026-04,11.17,46,2,17,273.98,0,27
SUB100341,2026-02,7.29,136,2,12,151.81,0,28
SUB102123,2026-04,22.95,329,1,8,539.82,0,27
SUB102935,2026-06,7.95,253,0,10,188.11,1,27
SUB100952,2026-07,14.14,154,4,4,276.38,0,27
SUB102589,2026-02,10.91,85,1,19,197.49,0,30
SUB102344,2026-03,2.93,305,2,17,121.56,0,26
SUB101717,2026-07,33.08,204,3,5,465.11,0,27
SUB102429,2026-05,21.24,235,2,17,357.41,0,30
SUB101389,2026-05,2.27,208,3,4,188.73,0,29
SUB100153,2026-05,7.47,73,1,10,210.29,0,26
SUB102378,2026-02,7.5,150,2,11,196.78,0,29
SUB101103,2026-02,20.85,213,3,5,394.75,0,30
SUB103142,2026-07,1.82,53,2,4,216.4,0,30
SUB100304,2026-03,0.95,269,4,22,138.41,0,29
SUB102017,2026-06,22.28,225,1,8,336.8,0,30
SUB101763,2026-07,2.31,117,1,2,189.98,0,30
SUB101326,2026-02,8.96,74,4,7,224.15,0,27
SUB102703,2026-07,5.92,212,0,6,230.07,0,30
SUB102302,2026-05,12.61,31,3,12,314.11,0,28
SUB101081,2026-04,2.66,158,3,6,220.15,0,30
SUB102753,2026-02,1.46,141,1,11,91.87,0,28
SUB103087,2026-04,8.0,298,3,9,233.79,0,30
SUB102910,2026-04,19.9,517,3,7,390.53,0,28
SUB103167,2026-03,8.79,283,0,13,220.74,0,27
SUB103005,2026-07,9.33,489,5,7,328.27,0,27
SUB102159,2026-02,4.47,192,2,4,228.88,0,30
SUB101964,2026-03,2.5,215,4,9,151.66,0,30
SUB101533,2026-07,4.33,123,4,4,279.02,0,28
SUB100547,2026-03,11.53,222,0,5,376.43,0,28
SUB101333,2026-03,8.37,127,1,17,246.69,1,28
SUB101750,2026-07,6.44,163,2,11,168.24,0,29
SUB101604,2026-04,7.82,272,0,11,268.11,0,28
SUB102191,2026-05,1.62,252,3,5,144.24,0,26
SUB102771,2026-06,8.16,310,3,13,436.84,0,30
SUB103103,2026-05,17.96,84,2,8,433.05,0,30
SUB102360,2026-07,2.56,104,2,12,182.87,0,30
SUB101462,2026-02,1.7,85,0,6,176.71,0,28
SUB103063,2026-05,4.66,70,1,23,269.11,0,29
SUB102684,2026-04,16.11,144,4,12,362.76,0,28
SUB102251,2026-06,1.71,274,2,6,177.77,0,29
SUB102679,2026-06,7.46,231,0,13,338.23,0,28
SUB101885,2026-07,12.17,163,2,8,272.78,0,27
SUB101438,2026-05,1.61,415,3,14,209.84,1,26
SUB100230,2026-04,16.58,288,3,4,320.89,0,28
SUB102078,2026-05,4.76,371,3,8,,0,30
SUB101872,2026-03,4.64,686,3,19,220.91,0,27
SUB100834,2026-03,1.15,219,1,7,124.97,0,26
SUB100545,2026-04,14.26,206,4,10,426.96,0,28
SUB100143,2026-06,14.41,300,1,4,294.0,0,28
SUB101114,2026-04,1.55,172,1,11,215.62,0,29
SUB102501,2026-05,5.71,116,3,28,161.36,0,28
SUB102394,2026-03,11.32,153,4,16,0.0,0,26
SUB101389,2026-07,1.08,194,1,3,189.24,1,30
SUB101058,2026-07,1.15,404,1,12,258.51,0,26
SUB101239,2026-07,14.22,129,3,6,249.61,0,30
SUB101437,2026-02,12.7,291,1,8,409.77,1,30
SUB102504,2026-07,2.53,252,2,11,334.8,0,28
SUB102188,2026-04,25.19,88,4,1,529.21,0,27
SUB102001,2026-05,9.77,149,1,6,285.43,0,30
SUB100858,2026-07,2.41,236,1,4,110.46,1,28
SUB101493,2026-02,8.35,62,3,8,261.45,0,26
SUB100759,2026-04,4.08,155,2,9,263.2,0,28
SUB102114,2026-04,22.53,109,0,10,494.49,0,28
SUB101930,2026-05,11.22,349,2,7,188.12,0,28
SUB101617,2026-04,15.29,79,2,12,337.99,0,27
SUB100888,2026-05,6.01,376,2,10,264.38,0,29
SUB101114,2026-03,1.22,89,2,14,218.21,0,29
SUB102236,2026-07,13.38,626,3,12,328.76,0,30
SUB100142,2026-05,0.8,167,2,9,175.77,0,26
SUB102699,2026-07,3.22,236,2,9,266.79,0,28
SUB101728,2026-07,29.55,103,1,5,301.33,1,30
SUB100903,2026-05,1.34,203,1,8,126.28,1,28
SUB101489,2026-06,6.44,155,1,13,133.38,1,28
SUB100441,2026-07,10.74,45,2,9,414.82,0,29
SUB100947,2026-07,7.52,229,4,9,253.91,0,27
SUB101677,2026-05,9.85,142,0,15,190.72,1,29
SUB100251,2026-06,10.5,180,1,5,232.41,0,28
SUB101478,2026-04,6.91,244,2,18,172.58,0,27
SUB100486,2026-06,15.1,238,2,5,399.82,0,27
SUB102328,2026-05,16.03,49,4,7,237.41,0,29
SUB100150,2026-04,4.0,71,2,8,194.36,0,27
SUB101927,2026-03,11.46,188,4,28,242.2,1,29
SUB101376,2026-05,7.41,357,1,8,354.89,0,29
SUB100481,2026-04,4.37,277,3,5,126.07,0,29
SUB103050,2026-07,19.57,375,2,5,523.06,0,29
SUB100982,2026-06,5.1,247,0,9,209.8,0,30
SUB100163,2026-05,16.33,217,2,16,406.49,0,26
SUB101538,2026-05,8.46,647,3,8,195.24,0,29
SUB102533,2026-05,21.49,152,2,13,427.96,0,28
SUB101474,2026-06,1.75,393,5,17,187.29,0,30
SUB100242,2026-03,17.19,74,3,15,316.69,0,27
SUB101201,2026-05,6.12,62,3,10,245.41,0,30
SUB100161,2026-04,5.14,374,4,13,188.26,0,30
SUB100413,2026-04,9.98,223,2,12,245.06,1,29
SUB100791,2026-05,3.5,205,4,17,284.4,2,29
SUB100414,2026-06,1.27,430,0,16,114.0,0,30
SUB100080,2026-02,2.87,215,2,11,186.04,1,27
SUB101584,2026-02,51.58,305,3,17,655.8,0,29
SUB103003,2026-05,4.99,550,1,9,195.73,0,28
SUB103184,2026-07,15.55,197,3,12,270.12,1,27
SUB101730,2026-03,2.84,853,2,5,172.77,0,28
SUB100342,2026-03,4.02,58,2,4,146.65,0,29
SUB102002,2026-05,10.83,349,2,9,184.53,0,29
SUB101826,2026-05,10.09,560,3,8,350.0,1,27
SUB102910,2026-02,23.15,501,3,15,383.57,0,27
SUB102117,2026-02,5.68,235,2,17,148.46,0,27
SUB102401,2026-02,5.51,62,1,8,319.47,0,29
SUB102774,2026-04,19.08,318,2,5,363.38,0,27
SUB101664,2026-03,5.98,150,5,4,83.33,0,26
SUB100870,2026-05,12.84,150,1,4,304.86,0,26
SUB100665,2026-02,11.89,985,1,12,252.33,0,26
SUB101334,2026-05,10.23,221,1,5,329.37,0,29
SUB100601,2026-03,5.84,119,1,15,73.26,0,27
SUB102227,2026-06,2.12,142,2,8,103.84,0,27
SUB102261,2026-04,12.04,177,3,10,426.13,0,30
SUB100596,2026-06,10.33,160,2,22,404.16,0,26
SUB102804,2026-04,4.28,162,0,22,128.15,0,29
SUB100086,2026-06,7.45,406,3,15,233.16,0,28
SUB101032,2026-07,9.71,245,2,7,290.37,1,30
SUB101988,2026-02,0.45,23,2697,8,204.73,0,29
SUB101164,2026-02,2.22,108,1,5,129.64,0,30
SUB100041,2026-04,7.34,295,3,14,134.04,0,28
SUB100693,2026-04,6.25,136,0,14,292.16,0,27
SUB102394,2026-07,7.47,162,2,20,362.46,0,30
SUB100049,2026-07,4.23,324,3,13,224.04,0,30
SUB100397,2026-06,7.17,138,4,19,207.63,0,28
SUB100518,2026-04,9.7,76,0,11,248.84,1,28
SUB101541,2026-02,4.74,149,0,13,299.24,0,30
SUB102418,2026-04,1.1,42,2,4,244.03,0,26
SUB102260,2026-05,13.97,102,3,13,461.58,0,29
SUB102505,2026-05,4.61,405,2,10,335.26,0,30
SUB102515,2026-05,5.51,130,2,12,327.62,1,27
SUB102043,2026-02,5.87,157,5,10,240.57,1,27
SUB102716,2026-06,4.05,402,4,5,171.05,0,28
SUB102081,2026-05,11.66,48,3,12,401.32,0,27
SUB101346,2026-02,5.22,102,0,22,233.47,0,26
SUB100058,2026-02,5.76,218,5,15,187.34,0,30
SUB102557,2026-07,10.69,363,4,2,272.59,0,28
SUB101938,2026-06,14.01,321,2,18,208.83,0,29
SUB102377,2026-05,6.13,309,1,4,224.19,0,27
SUB100951,2026-03,6.59,266,3,8,253.0,0,26
SUB101136,2026-07,5.91,1040,3,13,202.4,0,30
SUB100260,2026-06,6.99,511,0,13,239.86,1,29
SUB102362,2026-02,16.48,256,3,11,337.59,0,28
SUB102896,2026-03,0.89,110,1,13,159.45,0,26
SUB102776,2026-06,6.15,107,5,10,207.38,0,26
SUB101207,2026-06,4.23,118,1,8,179.41,1,26
SUB102355,2026-03,0.75,89,1,9,223.23,1,29
SUB101163,2026-04,1.2,254,3,24,199.77,1,26
SUB102914,2026-02,14.51,51,3,11,295.84,0,30
SUB101477,2026-03,12.26,165,3,8,195.75,0,29
SUB101364,2026-02,3.04,132,2,2,100.9,1,28
SUB103058,2026-07,10.07,64,2,12,226.33,0,27
SUB101230,2026-06,1.33,194,5,17,218.4,1,30
SUB102005,2026-05,15.96,135,3,9,428.32,0,28
SUB101355,2026-03,4.24,351,1,12,253.23,1,29
SUB100647,2026-07,0.75,456,3,12,146.46,1,29
SUB100090,2026-02,7.13,219,3,12,279.93,0,30
SUB103001,2026-03,4.4,217,3,5,236.29,0,26
SUB101071,2026-06,11.98,214,0,6,263.12,0,30
SUB103099,2026-02,9.36,419,0,14,249.0,0,28
SUB102899,2026-04,9.0,87,1,16,170.27,0,26
SUB102022,2026-07,6.55,102,2,6,251.63,0,29
SUB101434,2026-06,0.31,59,4877,17,194.13,0,29
SUB101426,2026-06,10.84,62,1,6,411.31,0,27
SUB103152,2026-07,2.75,192,2,17,101.25,0,26
SUB100762,2026-06,6.85,253,0,15,278.18,0,29
SUB102673,2026-04,12.31,172,0,10,186.91,0,30
SUB102882,2026-07,15.8,105,1,23,400.25,2,26
SUB100852,2026-04,11.57,273,2,14,166.45,0,27
SUB102068,2026-06,18.68,200,4,10,488.45,0,26
SUB100046,2026-04,7.23,76,1,7,236.86,0,27
SUB102262,2026-07,1.0,201,4,13,186.99,0,26
SUB100645,2026-02,9.31,124,3,14,396.68,0,29
SUB101256,2026-04,12.21,158,3,12,318.56,0,30
SUB101915,2026-04,7.09,25,2,11,433.44,0,26
SUB101435,2026-05,6.97,369,1,14,298.05,0,26
SUB102029,2026-06,10.22,124,1,12,199.45,0,27
SUB101925,2026-02,12.56,306,2,12,179.18,0,29
SUB102608,2026-02,14.97,445,2,16,196.19,0,27
SUB102047,2026-05,2.3,215,2,14,174.66,0,30
SUB100383,2026-06,6.17,176,2,13,289.45,0,29
SUB101378,2026-03,8.96,223,1,6,126.83,0,29
SUB101052,2026-06,3.74,186,2,12,149.04,0,27
SUB103096,2026-05,17.78,84,2,5,526.51,0,28
SUB102992,2026-02,7.79,162,5,16,316.49,0,30
SUB101991,2026-05,17.4,181,2,24,461.15,0,26
SUB101163,2026-03,1.24,241,3,18,234.26,0,26
SUB102219,2026-02,20.77,348,1,16,439.69,0,28
SUB100585,2026-05,5.57,180,1,3,232.31,0,30
SUB100300,2026-02,7.46,153,4,10,262.47,0,28
SUB100723,2026-07,14.31,297,3,15,164.91,0,27
SUB101675,2026-03,9.09,215,3,9,158.93,0,29
SUB102590,2026-06,0.78,65,2,15,154.63,1,29
SUB102913,2026-07,9.03,792,6,9,310.27,0,28
SUB101308,2026-05,15.37,80,0,8,216.06,0,27
SUB102224,2026-04,6.82,179,3,12,94.38,0,26
SUB102196,2026-07,4.38,167,1,11,215.06,0,29
SUB103038,2026-03,6.62,685,2,9,205.21,0,30
SUB101394,2026-06,17.94,179,4,5,548.4,0,26
SUB100988,2026-04,1.96,94,1,10,146.82,0,28
SUB101102,2026-03,17.91,26,4,6,285.29,0,30
SUB101561,2026-04,5.34,529,1,13,221.9,0,26
SUB100568,2026-04,42.43,153,3,12,346.08,0,27
SUB102523,2026-02,4.71,362,1,7,263.82,0,28
SUB101478,2026-05,6.31,226,3,12,170.44,0,30
SUB101258,2026-02,5.26,402,2,7,231.02,0,26
SUB101425,2026-07,10.33,236,1,11,181.71,0,26
SUB102596,2026-03,1.66,118,1,17,251.37,0,27
SUB100179,2026-05,26.16,372,3,21,396.44,0,29
SUB101789,2026-02,10.98,122,1,7,388.47,0,29
SUB102012,2026-02,5.02,511,2,14,291.24,0,26
SUB100431,2026-04,12.27,129,2,9,266.73,0,29
SUB100159,2026-04,4.97,95,3,4,131.34,0,27
SUB102581,2026-05,1.84,207,3,1,154.22,0,29
SUB102396,2026-07,8.84,148,0,15,366.79,1,28
SUB102572,2026-02,2.99,519,1,14,171.24,0,29
SUB101618,2026-03,2.15,74,0,10,227.09,0,29
SUB100806,2026-03,3.69,81,1,15,245.36,1,29
SUB102760,2026-04,6.47,86,2,13,177.23,0,30
SUB103083,2026-04,0.44,73,6338,15,155.63,0,28
SUB100268,2026-03,12.7,488,1,11,285.36,0,29
SUB101200,2026-05,22.96,279,5,18,602.02,0,28
SUB100860,2026-04,13.31,168,3,9,386.5,0,28
SUB102093,2026-03,6.91,188,0,2,211.71,0,30
SUB100417,2026-07,4.39,550,1,11,180.47,0,27
SUB101118,2026-06,11.07,101,5,12,307.82,0,30
SUB100524,2026-05,3.35,34,0,5,322.99,0,26
SUB100798,2026-03,13.07,100,2,17,306.91,1,27
SUB100340,2026-02,1.24,796,4,10,314.68,0,28
SUB102398,2026-05,20.81,49,0,16,337.13,0,26
SUB100864,2026-04,1.46,102,2,11,174.16,1,29
SUB101587,2026-03,0.17,66,5170,17,239.09,0,26
SUB102987,2026-02,5.82,11,2,9,362.74,0,29
SUB102601,2026-07,20.38,410,1,11,517.11,0,29
SUB100258,2026-03,19.62,249,3,16,488.22,0,27
SUB100683,2026-06,5.86,546,1,11,139.46,0,26
SUB101802,2026-06,1.38,416,1,11,132.48,0,26
SUB101754,2026-06,0.86,110,3,2,244.98,0,30
SUB100225,2026-06,0.84,162,4,14,121.45,0,29
SUB102044,2026-05,25.83,184,2,9,431.12,0,29
SUB101419,2026-02,15.39,316,1,6,447.82,0,26
SUB102889,2026-06,15.37,63,2,9,283.91,0,28
SUB103147,2026-07,1.34,223,2,6,138.3,0,28
SUB101415,2026-07,11.91,386,3,12,300.76,0,28
SUB101289,2026-04,10.12,400,0,8,300.02,0,27
SUB102903,2026-03,17.87,88,1,17,401.44,0,26
SUB102320,2026-04,14.07,360,3,16,260.94,0,30
SUB101239,2026-06,21.85,96,0,10,247.29,0,26
SUB102212,2026-05,5.62,66,1,11,242.02,1,30
SUB101850,2026-04,3.84,171,2,20,254.31,0,30
SUB103034,2026-07,3.21,333,4,15,143.77,0,26
SUB103083,2026-06,0.05,29,3310,9,251.39,0,30
SUB100023,2026-06,34.15,347,2,13,386.32,0,29
SUB100736,2026-03,9.53,41,2,8,210.58,0,27
SUB102729,2026-07,5.93,143,1,10,165.57,0,28
SUB102598,2026-03,14.73,182,2,12,473.93,0,28
SUB102385,2026-06,15.88,49,1,13,356.64,0,26
SUB102400,2026-03,7.5,121,1,6,186.32,0,28
SUB101942,2026-02,3.75,249,2,4,252.33,0,29
SUB100994,2026-03,4.25,829,1,12,156.36,0,26
SUB100071,2026-04,5.95,348,1,21,199.77,0,26
SUB100216,2026-07,2.1,303,3,8,215.48,0,29
SUB100856,2026-03,10.65,348,1,5,344.31,0,30
SUB101842,2026-07,1.9,114,0,17,124.73,0,28
SUB103091,2026-05,21.67,340,0,10,324.95,0,27
SUB101025,2026-03,11.85,197,2,12,323.76,0,30
SUB101245,2026-07,7.44,586,4,11,278.83,0,30
SUB101145,2026-03,4.31,456,7,9,221.03,0,29
SUB101198,2026-05,1.06,269,1,17,199.25,2,26
SUB101656,2026-07,5.84,71,5,9,365.64,0,28
SUB101416,2026-04,15.81,54,0,9,368.69,0,28
SUB102163,2026-05,16.42,17,0,10,361.87,1,27
SUB103131,2026-06,7.38,104,1,9,238.16,0,30
SUB103057,2026-04,7.55,345,2,6,276.59,0,30
SUB100286,2026-03,13.92,176,3,12,237.12,0,27
SUB100858,2026-06,2.11,282,2,11,104.35,0,26
SUB101176,2026-07,10.44,577,4,26,354.28,0,26
SUB102217,2026-07,1.62,132,1,12,132.32,0,28
SUB100101,2026-02,10.19,286,0,10,274.54,0,30
SUB102586,2026-06,8.31,137,1,11,172.62,0,29
SUB101900,2026-05,11.68,308,2,3,310.76,0,28
SUB102135,2026-04,9.46,816,3,11,364.84,0,28
SUB100065,2026-04,2.2,184,5,2,107.63,0,29
SUB100934,2026-04,6.11,73,2,17,146.31,0,28
SUB100292,2026-05,15.52,48,2,14,284.11,0,30
SUB101311,2026-05,21.91,151,2,5,426.26,0,27
SUB102527,2026-07,26.93,222,1,9,544.1,0,30
SUB100139,2026-06,3.22,141,1,9,117.54,0,27
SUB100180,2026-03,5.44,47,0,15,181.55,0,28
SUB101419,2026-07,24.32,312,2,6,479.37,0,30
SUB101860,2026-02,7.12,105,1,4,285.99,0,29
SUB102040,2026-06,18.78,705,5,18,519.55,0,29
SUB102341,2026-06,15.37,122,2,4,252.92,1,30
SUB101488,2026-05,5.84,271,2,6,334.71,0,30
SUB102747,2026-03,12.22,251,1,19,482.45,1,28
SUB101302,2026-05,9.79,395,2,12,217.01,0,29
SUB102245,2026-03,11.09,409,3,12,191.16,0,28
SUB100195,2026-05,11.56,316,2,10,418.9,0,30
SUB100119,2026-07,6.68,17,1,7,110.92,0,27
SUB103141,2026-04,12.76,286,1,8,399.52,1,28
SUB102682,2026-03,6.52,186,2,10,274.11,0,27
SUB100581,2026-05,1.1,331,0,14,226.38,1,30
SUB100419,2026-03,8.12,339,2,11,235.53,0,29
SUB103013,2026-05,11.65,112,0,9,274.23,0,26
SUB100972,2026-02,4.73,108,0,7,186.37,0,29
SUB101526,2026-04,3.94,57,0,14,134.34,1,29
SUB101729,2026-04,6.59,345,0,8,192.62,0,26
SUB102441,2026-05,2.7,329,2,8,125.83,0,28
SUB101930,2026-04,15.24,325,0,14,190.56,0,26
SUB101335,2026-06,12.95,147,1,9,319.09,0,29
SUB102229,2026-05,8.12,464,1,10,209.77,1,30
SUB102698,2026-05,14.33,584,4,12,332.2,0,29
SUB100589,2026-02,6.06,146,1,14,136.84,0,29
SUB102923,2026-06,0.8,110,3,14,221.93,0,28
SUB101782,2026-04,2.86,705,0,15,166.44,0,30
SUB100713,2026-05,5.43,162,1,14,170.42,0,29
SUB100406,2026-03,5.19,253,3,7,195.18,0,28
SUB102548,2026-05,1.49,118,3,4,129.12,0,30
SUB100328,2026-06,2.27,218,4,13,98.75,0,29
SUB102984,2026-05,10.3,41,1,4,175.48,0,29
SUB100687,2026-05,0.1,49,7139,3,243.26,0,27
SUB102820,2026-03,6.99,115,4,11,102.12,0,29
SUB101097,2026-05,4.9,250,2,11,205.79,0,29
SUB100741,2026-07,4.57,120,0,12,129.98,0,29
SUB101433,2026-02,10.3,270,7,12,368.37,0,30
SUB101953,2026-04,2.0,459,1,15,249.2,0,27
SUB101318,2026-04,8.86,210,0,7,398.2,0,30
SUB101564,2026-03,8.29,117,7,11,249.55,0,30
SUB100674,2026-06,5.71,246,2,14,130.61,0,27
SUB102506,2026-02,10.01,137,3,9,211.09,1,30
SUB100912,2026-03,9.82,308,4,8,330.67,0,28
SUB101409,2026-05,2.23,506,4,10,104.22,0,30
SUB100717,2026-05,0.81,37,1,13,71.55,1,30
SUB102337,2026-03,3.63,440,3,11,205.91,0,28
SUB100706,2026-03,4.26,148,2,1,210.14,0,29
SUB100361,2026-07,17.21,156,1,23,359.9,0,29
SUB102707,2026-07,32.8,51,1,7,429.7,0,27
SUB101328,2026-03,7.18,231,2,10,205.51,0,28
SUB102833,2026-04,15.11,353,1,5,397.95,0,26
SUB102924,2026-04,3.19,27,3,11,250.06,0,27
SUB100953,2026-04,2.06,263,4,10,138.58,0,29
SUB100340,2026-04,1.27,524,2,6,302.14,0,28
SUB101518,2026-02,4.71,86,1,9,238.4,1,26
SUB101398,2026-03,9.45,48,3,13,298.49,0,29
SUB100558,2026-05,2.32,48,1,12,254.89,0,26
SUB100892,2026-02,5.15,395,1,14,232.22,0,30
SUB101164,2026-04,2.26,163,1,8,150.09,0,27
SUB101256,2026-03,10.19,299,2,8,321.46,0,26
SUB100984,2026-05,5.81,179,2,10,234.13,0,29
SUB100691,2026-05,1.83,127,2,3,102.08,0,30
SUB102985,2026-03,3.56,340,1,15,132.16,0,28
SUB102436,2026-06,3.17,40,1,19,179.65,0,28
SUB102821,2026-05,8.98,332,3,10,356.09,0,27
SUB100760,2026-03,41.06,240,1,16,592.98,0,29
SUB102837,2026-02,2.82,918,4,14,152.57,0,27
SUB101678,2026-07,4.06,160,4,8,83.69,0,27
SUB101421,2026-02,6.07,78,0,18,236.78,0,29
SUB102555,2026-03,8.01,292,0,15,315.85,0,29
SUB101098,2026-02,7.58,96,0,12,273.76,0,30
SUB101919,2026-04,4.98,421,3,12,231.78,0,29
SUB102032,2026-04,1.28,368,2,7,104.49,0,28
SUB101827,2026-07,1.68,529,0,11,186.58,0,26
SUB102114,2026-07,18.73,109,1,18,471.47,0,29
SUB101480,2026-07,11.52,247,3,15,277.57,0,29
SUB100758,2026-02,4.98,147,2,3,,0,26
SUB101390,2026-02,17.22,52,1,5,318.18,0,27
SUB100325,2026-02,7.05,246,3,8,312.42,1,27
SUB100287,2026-02,1.89,392,0,15,149.35,0,26
SUB100323,2026-04,0.9,48,1,16,105.51,0,28
SUB100169,2026-07,8.97,136,2,3,214.33,0,30
SUB101812,2026-05,11.29,414,2,11,219.51,0,27
SUB102278,2026-04,6.84,319,1,15,175.46,0,27
SUB101268,2026-02,16.04,217,0,23,390.9,0,30
SUB102333,2026-02,3.41,384,2,20,305.81,0,26
SUB101122,2026-05,13.93,158,1,8,280.77,0,26
SUB101056,2026-05,17.63,150,1,15,203.97,0,29
SUB102182,2026-05,13.56,392,2,19,320.06,0,27
SUB101649,2026-02,8.32,263,2,23,160.93,0,27
SUB102018,2026-02,0.68,190,0,7,269.85,0,28
SUB100657,2026-02,11.04,322,3,9,144.27,0,28
SUB100945,2026-06,3.94,164,1,11,268.67,0,27
SUB101248,2026-06,27.01,163,4,4,585.69,0,30
SUB100259,2026-07,11.29,617,2,20,226.78,0,27
SUB102259,2026-07,7.15,109,1,4,325.24,0,27
SUB101207,2026-04,5.78,68,4,11,215.84,1,26
SUB100599,2026-03,4.7,152,1,22,302.07,0,30
SUB100581,2026-06,1.12,456,2,10,261.67,0,30
SUB100094,2026-07,6.79,205,2,7,207.26,0,28
SUB101047,2026-02,4.29,374,2,12,150.79,0,28
SUB101544,2026-07,7.58,634,3,9,120.39,0,26
SUB101293,2026-07,4.87,49,0,4,243.24,0,27
SUB102607,2026-03,6.23,1205,0,16,409.7,0,26
SUB103111,2026-06,4.95,259,3,10,242.1,0,26
SUB102295,2026-04,8.36,110,1,9,277.16,0,27
SUB102245,2026-05,17.95,289,1,9,229.3,0,29
SUB102910,2026-03,17.15,604,2,14,445.59,0,27
SUB102179,2026-07,4.27,198,3,8,181.11,0,30
SUB100981,2026-02,4.6,75,5,7,233.76,0,27
SUB101818,2026-06,1.88,516,1,8,161.14,0,30
SUB100973,2026-03,1.36,88,2,13,176.61,0,30
SUB101711,2026-02,11.63,325,1,12,434.55,0,28
SUB101654,2026-06,24.23,191,4,19,458.27,0,30
SUB100701,2026-07,7.75,238,4,15,209.54,0,26
SUB101909,2026-02,10.88,467,1,9,219.94,0,28
SUB100530,2026-04,5.96,307,1,5,167.7,0,28
SUB100087,2026-05,11.73,118,2,14,321.64,0,30
SUB103184,2026-06,15.17,170,5,16,266.17,0,29
SUB101633,2026-04,8.43,225,5,11,222.74,0,28
SUB102550,2026-02,4.33,140,3,16,149.78,0,28
SUB103002,2026-04,20.31,52,2,8,332.38,0,29
SUB101594,2026-07,18.53,421,5,8,366.4,0,28
SUB101519,2026-03,12.03,334,2,14,290.25,1,29
SUB100620,2026-05,7.51,204,3,8,344.14,0,26
SUB101334,2026-07,6.52,98,1,3,317.94,1,26
SUB102984,2026-07,8.9,50,3,10,173.7,0,29
SUB103149,2026-04,7.76,268,2,14,168.64,0,30
SUB101391,2026-07,1.62,220,1,18,193.68,0,29
SUB102971,2026-04,4.47,287,3,12,194.04,0,28
SUB102921,2026-04,6.6,271,3,15,161.13,0,30
SUB102542,2026-06,5.96,343,2,14,206.81,0,27
SUB100074,2026-04,9.07,157,1,7,175.48,0,27
SUB100545,2026-05,15.28,155,0,13,428.15,0,26
SUB101718,2026-05,2.46,253,2,13,174.48,0,29
SUB101899,2026-05,3.4,312,1,7,160.51,0,29
SUB100930,2026-02,0.76,143,1,15,,0,30
SUB101179,2026-03,6.73,164,1,7,240.76,0,26
SUB101322,2026-06,17.31,308,1,18,334.41,0,26
SUB102926,2026-02,3.98,127,0,16,266.82,0,27
SUB100058,2026-05,5.99,350,2,14,219.38,0,29
SUB102499,2026-03,9.77,182,1,22,303.2,0,27
SUB102300,2026-02,13.75,230,4,22,354.47,0,28
SUB102383,2026-06,3.93,121,1,18,132.21,1,28
SUB101467,2026-05,2.51,64,3,7,215.87,0,27
SUB101937,2026-06,26.89,68,0,13,349.3,0,28
SUB101694,2026-07,4.49,116,0,10,288.25,0,29
SUB102735,2026-04,1.52,515,4,10,300.0,0,29
SUB102100,2026-02,2.17,215,0,13,214.89,0,28
SUB101279,2026-05,3.56,91,0,10,149.03,0,29
SUB100229,2026-07,4.45,61,1,15,184.13,0,29
SUB102111,2026-03,16.22,283,3,17,394.62,0,30
SUB100666,2026-04,3.96,195,1,11,200.66,0,29
SUB102096,2026-06,2.69,93,2,16,217.02,0,29
SUB103029,2026-07,23.91,228,4,13,285.98,0,30
SUB101396,2026-07,8.68,397,3,17,327.06,0,29
SUB100920,2026-05,11.61,425,2,9,421.23,0,27
SUB102522,2026-02,7.78,306,3,6,185.18,0,29
SUB101213,2026-04,12.57,280,1,5,189.41,1,30
SUB100688,2026-06,11.86,120,1,13,181.75,0,27
SUB103195,2026-02,1.44,393,1,8,154.6,0,29
SUB100960,2026-02,2.7,534,0,8,221.55,0,29
SUB101927,2026-02,16.44,138,5,16,233.94,0,27
SUB101338,2026-07,4.39,62,1,6,146.47,0,27
SUB100533,2026-06,4.78,72,1,8,223.32,0,28
SUB102726,2026-02,10.43,298,2,13,238.86,0,26
SUB101755,2026-04,15.74,58,4,4,400.09,1,26
SUB101628,2026-05,12.68,264,0,8,292.5,0,28
SUB102783,2026-04,4.39,169,1,19,114.11,0,26
SUB102651,2026-04,9.39,166,2,14,130.79,0,30
SUB102832,2026-03,13.35,172,2,11,227.77,0,30
SUB100023,2026-05,20.22,457,2,3,431.72,1,26
SUB101713,2026-02,7.3,106,2,8,298.62,0,26
SUB101136,2026-06,5.6,1100,4,17,194.71,0,26
SUB101571,2026-07,5.18,78,0,14,255.8,0,30
SUB101271,2026-07,10.86,138,2,10,231.07,0,29
SUB100182,2026-07,38.86,267,3,10,586.97,0,28
SUB100720,2026-06,15.8,312,4,12,400.18,0,30
SUB102989,2026-03,1.02,385,4,15,156.47,0,27
SUB102502,2026-06,10.07,142,0,4,278.77,0,26
SUB102415,2026-04,1.43,220,1,7,96.58,0,26
SUB102959,2026-07,1.13,70,0,14,144.25,0,28
SUB100134,2026-05,12.76,135,2,10,325.83,0,30
SUB101167,2026-03,8.28,178,3,10,175.14,0,26
SUB100290,2026-07,3.47,227,2,15,311.53,0,27
SUB102723,2026-07,9.26,172,4,12,402.52,0,29
SUB101234,2026-04,2.89,544,4,9,114.0,0,29
SUB100171,2026-03,1.87,85,1,14,139.98,0,29
SUB101170,2026-03,5.26,412,1,6,152.29,0,30
SUB103006,2026-05,3.33,57,2,11,93.04,0,29
SUB102863,2026-02,22.43,1081,0,13,422.96,0,26
SUB100601,2026-04,5.97,140,0,11,83.06,0,27
SUB103130,2026-04,5.37,505,1,5,214.32,0,28
SUB102667,2026-04,1.53,223,3,14,186.42,0,28
SUB100449,2026-05,0.81,48,1,13,183.88,0,28
SUB102672,2026-06,1.82,211,2,9,155.98,0,28
SUB102104,2026-07,4.5,43,2,19,317.03,0,30
SUB100628,2026-07,20.76,43,2,10,417.72,0,28
SUB101135,2026-05,1.62,375,3,16,221.98,0,27
SUB101092,2026-07,29.62,812,2,7,441.59,0,28
SUB101633,2026-07,6.16,200,2,19,219.35,0,28
SUB101123,2026-07,4.42,533,0,15,322.82,0,30
SUB102911,2026-02,8.05,75,3,8,188.96,0,28
SUB102762,2026-05,12.92,143,4,4,281.11,0,29
SUB102811,2026-05,7.76,497,3,8,223.75,0,27
SUB102802,2026-03,22.47,201,2,14,383.27,0,27
SUB100110,2026-06,6.37,58,1,8,303.54,0,30
SUB101386,2026-05,24.0,167,2,10,439.58,0,27
SUB100224,2026-05,4.62,185,1,14,81.22,0,28
SUB103043,2026-07,5.37,381,2,19,142.38,0,26
SUB102609,2026-05,6.7,161,1,22,457.08,0,29
SUB102761,2026-03,6.14,131,2,14,253.22,0,28
SUB102748,2026-03,7.6,67,0,8,156.38,0,29
SUB100212,2026-03,9.08,470,4,14,224.99,0,29
SUB101703,2026-06,7.11,109,2,9,312.11,0,27
SUB100581,2026-02,1.1,175,2,10,247.37,1,30
SUB100555,2026-04,5.96,386,4,5,158.87,0,28
SUB101846,2026-02,3.09,492,3,15,178.39,0,29
SUB100069,2026-07,39.5,53,1,10,489.16,0,29
SUB100867,2026-05,6.47,111,0,22,138.22,0,26
SUB100061,2026-03,7.57,213,1,13,210.15,0,27
SUB100269,2026-06,11.01,158,1,5,203.08,0,30
SUB101758,2026-07,6.59,396,1,10,171.24,0,30
SUB102577,2026-04,15.49,86,0,10,414.34,0,29
SUB100326,2026-03,13.58,106,3,5,357.21,0,27
SUB101457,2026-04,7.94,70,4,12,118.8,0,26
SUB102020,2026-02,5.87,58,2,15,150.36,0,28
SUB102547,2026-05,4.98,98,0,7,93.84,1,28
SUB102912,2026-04,4.21,165,1,10,130.01,0,29
SUB101869,2026-07,11.35,148,6,9,282.33,0,27
SUB100118,2026-06,10.98,143,1,18,342.41,0,30
SUB101871,2026-05,51.27,357,0,7,693.22,0,30
SUB103162,2026-06,5.86,334,1,6,246.99,0,28
SUB100444,2026-05,6.27,178,2,23,292.63,0,28
SUB102552,2026-05,4.44,75,3,2,58.26,0,30
SUB102349,2026-06,3.85,548,1,17,173.96,0,30
SUB101235,2026-05,19.17,522,3,9,591.44,0,28
SUB100861,2026-02,6.76,286,1,20,265.01,0,26
SUB100630,2026-06,3.29,590,2,9,210.84,0,26
SUB100800,2026-07,7.27,741,4,12,179.66,0,30
SUB102582,2026-07,21.44,184,3,8,448.3,0,28
SUB101396,2026-02,5.28,650,3,10,341.4,0,27
SUB101737,2026-03,1.42,206,0,21,159.42,0,26
SUB102044,2026-07,24.67,288,3,18,396.66,0,29
SUB102911,2026-05,4.36,46,0,10,161.1,0,26
SUB102909,2026-06,7.05,881,3,10,308.81,0,27
SUB101024,2026-02,13.22,142,2,11,202.91,0,27
SUB100155,2026-04,5.57,357,0,12,243.15,0,26
SUB102050,2026-06,8.95,345,1,15,396.23,0,29
SUB101151,2026-06,12.67,118,1,15,326.6,0,29
SUB100551,2026-07,8.37,645,2,7,202.49,0,26
SUB100567,2026-02,9.07,282,2,21,315.29,0,28
SUB102449,2026-04,4.83,211,0,8,179.47,0,29
SUB101562,2026-07,4.56,432,1,7,186.21,0,30
SUB101277,2026-06,6.85,201,4,8,202.26,0,26
SUB100174,2026-05,1.27,64,0,3,185.43,1,30
SUB100528,2026-03,10.69,143,1,10,357.71,0,28
SUB100334,2026-06,11.97,486,2,15,250.82,0,26
SUB102290,2026-05,12.62,206,1,13,306.99,0,30
SUB100536,2026-02,5.19,821,3,6,252.4,2,28
SUB103048,2026-04,2.43,203,1,12,162.54,0,26
SUB102218,2026-07,2.37,269,1,13,107.25,0,30
SUB102615,2026-02,1.93,178,5,10,131.09,0,28
SUB102552,2026-02,5.17,55,2,1,84.43,0,28
SUB101527,2026-06,9.44,236,3,15,190.52,0,27
SUB102793,2026-03,5.29,242,0,4,157.71,0,30
SUB101722,2026-04,15.52,320,3,15,414.65,0,26
SUB101268,2026-03,14.19,225,2,14,315.27,0,26
SUB100856,2026-02,13.07,256,2,8,356.47,0,30
SUB102111,2026-04,19.23,207,2,19,347.52,0,26
SUB102863,2026-07,32.31,745,1,13,517.31,0,26
SUB102286,2026-07,7.2,24,0,3,250.03,1,29
SUB101260,2026-04,1.7,325,3,9,191.45,0,28
SUB102002,2026-02,10.88,271,3,14,239.69,0,27
SUB100523,2026-04,18.38,402,2,3,551.32,0,26
SUB100362,2026-06,1.12,331,2,2,247.69,0,27
SUB102473,2026-02,12.67,439,1,16,329.84,0,27
SUB100562,2026-06,12.11,412,0,8,350.7,0,29
SUB101863,2026-04,9.04,308,2,11,157.87,0,29
SUB100974,2026-07,0.53,217,0,15,69.67,0,26
SUB102056,2026-02,6.75,158,1,14,281.45,1,29
SUB101832,2026-02,6.32,224,1,13,147.32,0,30
SUB103140,2026-02,14.47,265,1,12,311.88,0,29
SUB100178,2026-03,22.0,444,2,6,490.59,0,28
SUB102187,2026-04,8.63,85,6,14,195.44,0,27
SUB103193,2026-04,15.15,127,2,17,381.9,0,27
SUB103089,2026-07,6.98,157,3,3,199.58,0,26
SUB100778,2026-06,1.97,482,3,5,279.04,0,27
SUB102293,2026-02,33.47,125,4,5,582.07,0,26
SUB101566,2026-06,9.32,201,1,7,148.58,0,27
SUB100070,2026-02,7.66,164,2,15,193.33,0,28
SUB101619,2026-07,2.02,668,1,9,162.4,0,28
SUB100263,2026-02,4.98,244,3,0,136.74,0,29
SUB100557,2026-07,6.15,91,3,17,356.77,0,28
SUB102458,2026-07,20.0,229,2,15,470.18,0,27
SUB103124,2026-05,12.39,125,1,7,467.05,0,26
SUB101794,2026-02,13.5,149,2,11,244.82,0,30
SUB102155,2026-04,7.64,238,3,12,216.86,0,29
SUB101613,2026-07,8.47,221,3,9,234.12,0,30
SUB102661,2026-07,1.6,116,2,11,113.47,0,28
SUB102235,2026-04,16.37,290,1,5,339.56,0,30
SUB102319,2026-06,1.06,298,3,11,90.26,0,28
SUB102820,2026-06,7.0,246,5,13,102.95,0,29
SUB102858,2026-05,2.31,81,2,9,288.92,0,26
SUB100283,2026-07,6.8,82,0,17,122.89,0,30
SUB101447,2026-04,8.79,58,3,6,176.38,0,27
SUB102798,2026-06,1.86,30,1,8,74.14,0,27
SUB100392,2026-02,5.73,194,2,21,151.42,0,26
SUB100227,2026-03,8.2,280,2,21,171.4,0,27
SUB102647,2026-03,6.77,129,1,3,233.62,0,29
SUB103040,2026-07,6.59,330,1,15,293.36,0,27
SUB101717,2026-02,23.97,132,1,8,527.1,0,27
SUB101518,2026-07,6.29,90,5,13,286.26,1,29
SUB101612,2026-02,4.01,601,2,9,264.83,0,27
SUB101711,2026-03,22.03,262,2,8,348.05,0,28
SUB100198,2026-07,20.54,89,4,13,340.83,0,29
SUB101052,2026-03,3.58,231,1,6,137.43,1,29
SUB102652,2026-05,0.98,464,1,14,224.67,0,26
SUB100613,2026-05,0.44,59,0,12,83.87,0,29
SUB102263,2026-05,14.63,201,7,8,173.09,0,28
SUB101108,2026-06,5.02,64,3,16,235.18,0,26
SUB100005,2026-04,14.56,156,2,12,354.66,0,28
SUB102870,2026-06,2.24,685,2,11,323.31,0,30
SUB102815,2026-05,5.09,435,3,8,270.09,0,27
SUB102394,2026-05,12.31,109,1,17,373.67,0,30
SUB103077,2026-06,2.6,333,4,7,177.69,0,29
SUB100101,2026-03,11.51,376,1,11,281.07,0,29
SUB101637,2026-07,3.89,304,0,13,241.98,0,30
SUB103138,2026-07,16.92,106,2,14,262.53,0,28
SUB103124,2026-07,10.44,95,1,8,473.89,0,30
SUB101727,2026-05,39.58,85,0,13,540.0,0,26
SUB102698,2026-04,20.28,502,3,4,276.42,1,30
SUB101657,2026-03,21.04,207,2,9,340.13,0,29
SUB100871,2026-07,8.11,227,2,13,226.91,0,26
SUB102662,2026-05,9.44,83,3,9,364.76,0,28
SUB102129,2026-03,5.84,157,1,14,125.05,0,28
SUB102025,2026-07,6.09,197,0,15,229.29,0,27
SUB100911,2026-06,17.93,315,2,9,291.86,0,28
SUB101280,2026-05,8.96,823,1,15,300.35,0,29
SUB102068,2026-04,17.76,174,2,18,424.7,0,28
SUB102093,2026-06,6.2,271,1,5,195.84,0,26
SUB102779,2026-06,14.97,176,5,15,374.25,0,27
SUB101803,2026-07,13.38,32,0,8,201.46,0,29
SUB100517,2026-02,1.02,158,1,12,171.15,0,29
SUB102527,2026-02,22.23,263,4,18,509.89,0,30
SUB100310,2026-03,6.09,459,1,18,169.09,0,27
SUB101486,2026-06,6.74,161,5,13,171.22,2,28
SUB100991,2026-05,9.46,139,5,14,282.25,1,28
SUB101313,2026-04,6.14,526,1,14,328.51,0,30
SUB100580,2026-07,33.54,733,2,13,526.64,0,30
SUB101547,2026-03,6.35,598,0,11,189.15,0,28
SUB102576,2026-06,4.9,198,2,12,159.1,0,27
SUB100595,2026-05,5.38,201,2,19,220.54,0,28
SUB100493,2026-07,6.23,171,3,11,218.66,0,30
SUB102320,2026-03,7.08,407,1,13,284.51,0,30
SUB101513,2026-02,3.82,118,2,10,318.67,0,28
SUB101983,2026-05,10.38,61,0,30,301.15,0,30
SUB100259,2026-04,9.58,263,2,20,214.78,0,28
SUB102705,2026-03,10.5,78,1,11,239.0,0,30
SUB101022,2026-05,9.03,195,2,10,155.46,0,30
SUB101282,2026-07,20.55,340,1,12,397.94,0,26
SUB102024,2026-07,2.89,77,2,18,243.51,0,30
SUB100284,2026-06,13.02,95,2,10,358.12,0,29
SUB101269,2026-02,40.38,116,3,8,451.13,1,30
SUB103060,2026-04,16.89,159,0,12,280.3,0,30
SUB101339,2026-06,15.71,271,2,15,290.75,0,28
SUB102576,2026-05,6.46,216,2,13,139.22,2,26
SUB100498,2026-04,8.13,331,1,8,223.81,0,26
SUB100493,2026-03,7.34,153,1,10,225.67,0,28
SUB100492,2026-06,9.91,237,1,15,301.72,0,27
SUB102055,2026-05,1.3,172,2,6,110.4,0,29
SUB102180,2026-03,6.89,744,1,12,263.57,0,27
SUB100470,2026-05,43.09,145,0,18,462.53,0,29
SUB100317,2026-05,3.99,190,1,7,152.2,0,28
SUB100408,2026-05,16.52,322,2,9,411.56,0,28
SUB100181,2026-07,20.66,149,3,11,341.17,1,28
SUB101180,2026-07,13.07,69,0,11,207.71,0,28
SUB101178,2026-06,15.11,594,4,7,414.65,1,27
SUB100376,2026-04,18.12,404,1,11,535.35,0,27
SUB100453,2026-03,18.19,821,3,6,395.03,1,27
SUB103132,2026-03,5.9,518,1,13,169.47,0,28
SUB100633,2026-06,18.94,152,2,8,277.72,0,30
SUB101657,2026-07,20.7,316,3,3,288.83,0,29
SUB100763,2026-02,12.96,278,3,26,260.75,0,27
SUB102889,2026-07,14.38,79,0,12,355.31,0,26
SUB102892,2026-03,1.98,628,1,9,193.58,0,28
SUB101373,2026-06,2.3,164,1,16,107.97,1,28
SUB100417,2026-03,4.34,304,4,7,220.31,0,27
SUB102860,2026-03,1.04,218,2,23,73.88,0,27
SUB102418,2026-02,0.76,28,2,3,253.96,1,29
SUB101402,2026-07,13.9,267,1,14,268.96,0,26
SUB102554,2026-03,8.67,276,0,18,144.65,1,29
SUB100310,2026-06,5.39,426,2,16,166.42,0,27
SUB102999,2026-05,0.87,109,4,15,268.85,1,30
SUB101540,2026-07,8.33,122,2,12,193.18,0,27
SUB101995,2026-04,2.04,223,4,12,104.31,0,28
SUB100155,2026-03,6.66,614,4,9,246.51,0,30
SUB103097,2026-05,7.46,187,2,9,289.26,0,28
SUB101069,2026-05,15.36,642,2,9,367.08,0,29
SUB101244,2026-07,13.47,275,1,19,386.09,0,26
SUB101303,2026-03,10.36,46,4,5,196.2,0,28
SUB102492,2026-03,0.99,374,0,11,254.66,0,28
SUB101563,2026-05,1.71,387,2,7,153.8,1,29
SUB101095,2026-05,1.48,193,1,9,201.19,1,30
SUB103007,2026-04,2.76,173,4,17,178.84,0,27
SUB103089,2026-04,8.48,147,3,6,211.93,0,28
SUB102325,2026-04,1.63,125,1,6,162.54,0,29
SUB100215,2026-04,3.67,31,2,13,150.69,0,29
SUB100115,2026-06,11.57,23,0,20,179.44,0,26
SUB101045,2026-05,1.64,76,3,11,89.04,0,26
SUB101101,2026-05,6.15,114,1,9,398.19,0,27
SUB100408,2026-04,14.51,174,3,8,423.04,0,26
SUB100610,2026-02,6.13,64,3,12,254.67,0,28
SUB101466,2026-04,7.8,417,2,5,362.49,0,27
SUB100820,2026-04,7.91,442,1,9,245.3,0,27
SUB101960,2026-02,3.52,754,2,13,228.33,0,28
SUB102061,2026-05,4.27,871,2,14,174.91,0,28
SUB102215,2026-02,21.68,316,0,11,383.01,1,30
SUB101333,2026-05,7.38,211,1,12,305.84,0,30
SUB100464,2026-03,8.57,306,1,13,394.99,0,29
SUB101488,2026-02,6.09,201,2,6,303.46,0,30
SUB102487,2026-02,23.09,324,1,5,508.41,0,29
SUB102419,2026-02,5.27,136,2,8,203.96,1,26
SUB100083,2026-02,10.02,241,1,11,360.94,0,30
SUB100659,2026-06,21.84,522,3,6,417.3,0,28
SUB100805,2026-04,8.84,194,0,11,246.7,0,28
SUB102574,2026-07,6.51,513,5,5,257.81,0,28
SUB100311,2026-03,7.79,121,1,13,160.74,0,30
SUB102220,2026-07,8.21,172,4,15,197.56,0,26
SUB102215,2026-05,17.62,255,2,16,398.13,0,26
SUB103110,2026-06,8.6,979,4,7,332.27,0,30
SUB100390,2026-05,6.06,62,3,9,211.91,0,29
SUB102894,2026-06,1.18,172,4,23,187.67,0,30
SUB100842,2026-04,3.67,223,1,10,212.92,0,28
SUB101072,2026-06,5.94,211,1,6,218.76,0,29
SUB102558,2026-07,1.7,219,2,8,221.6,0,29
SUB102470,2026-07,1.75,198,1,5,179.9,0,30
SUB103014,2026-05,0.84,163,1,15,155.55,0,28
SUB101006,2026-03,8.92,87,2,9,146.45,0,30
SUB100554,2026-07,0.85,293,1,8,152.38,0,30
SUB101572,2026-06,12.6,72,0,6,365.49,0,26
SUB102634,2026-07,9.28,434,0,8,340.18,0,29
SUB102231,2026-06,9.94,238,2,10,308.77,0,30
SUB101296,2026-07,2.56,28,2,10,206.17,0,27
SUB102534,2026-04,7.83,464,2,5,238.42,1,28
SUB102815,2026-07,4.03,378,3,7,309.34,0,30
SUB100513,2026-03,7.57,370,3,14,366.32,1,26
SUB101013,2026-02,1.4,87,3,4,294.11,1,30
SUB102074,2026-05,1.59,457,1,17,178.56,0,27
SUB100554,2026-04,2.38,168,3,14,145.19,0,26
SUB101634,2026-03,19.71,199,1,10,272.15,0,26
SUB101324,2026-02,8.98,254,0,13,193.6,0,27
SUB100089,2026-05,6.46,107,1,12,173.14,0,29
SUB101558,2026-05,10.35,87,4,6,208.89,0,29
SUB101640,2026-05,1.33,388,4,9,153.45,0,27
SUB101688,2026-03,2.42,240,4,17,158.0,0,26
SUB100743,2026-06,8.44,306,2,27,231.81,0,29
SUB102342,2026-07,5.88,408,1,15,262.09,1,26
SUB102958,2026-04,15.1,167,4,12,425.59,0,28
SUB101222,2026-02,12.77,146,1,10,189.02,0,29
SUB102636,2026-03,11.49,83,2,9,257.33,0,30
SUB102192,2026-02,13.99,122,3,20,189.64,0,30
SUB102877,2026-02,9.86,106,1,11,219.92,0,28
SUB102484,2026-06,0.24,147,4,5,86.58,0,28
SUB102366,2026-07,14.74,117,2,9,475.02,0,28
SUB103131,2026-02,7.35,97,1,10,228.97,0,29
SUB101974,2026-07,6.89,337,2,12,254.31,0,29
SUB100061,2026-07,8.21,232,1,14,211.23,0,27
SUB102187,2026-05,7.4,79,2,16,204.04,0,27
SUB102721,2026-05,5.9,278,5,11,53.16,0,30
SUB100692,2026-04,2.47,544,4,13,177.01,0,27
SUB100334,2026-02,11.42,434,2,13,200.55,0,28
SUB102551,2026-05,6.44,162,4,10,297.92,0,29
SUB102602,2026-02,10.54,124,0,8,245.16,0,29
SUB102954,2026-06,11.9,159,1,9,322.13,0,29
SUB100274,2026-07,1.07,233,3,9,166.93,0,30
SUB102669,2026-03,14.22,522,1,7,350.56,1,27
SUB100567,2026-03,11.48,266,2,11,250.78,0,30
SUB100615,2026-02,14.57,285,4,19,0.0,0,28
SUB101616,2026-05,3.66,513,2,17,310.63,0,29
SUB100095,2026-07,6.28,33,0,10,247.4,0,30
SUB101196,2026-07,7.23,83,1,16,140.11,0,28
SUB100888,2026-06,8.26,394,1,7,317.49,0,26
SUB100099,2026-05,7.55,47,1,19,150.93,0,30
SUB102324,2026-03,1.67,294,1,8,247.24,0,29
SUB102409,2026-04,15.9,67,4,12,249.43,0,29
SUB100785,2026-03,20.21,197,1,11,403.95,0,28
SUB101110,2026-05,7.75,209,2,2,201.18,0,28
SUB100304,2026-06,1.35,416,6,20,138.6,0,28
SUB102518,2026-06,26.06,179,1,11,320.05,0,26
SUB100246,2026-02,16.17,323,0,13,461.85,1,29
SUB100980,2026-04,21.45,60,2,15,370.62,0,29
SUB101989,2026-05,5.9,257,2,23,175.33,0,28
SUB103040,2026-02,5.58,368,2,14,275.05,0,30
SUB100160,2026-06,11.49,73,1,9,142.99,0,28
SUB102098,2026-04,11.22,533,3,14,291.35,1,27
SUB102011,2026-06,8.9,378,2,10,144.29,0,30
SUB103003,2026-02,8.65,371,1,13,195.94,0,30
SUB102226,2026-03,0.95,35,2,13,114.85,0,29
SUB100429,2026-04,13.96,340,3,6,274.72,0,26
SUB100871,2026-04,7.02,116,0,17,181.85,0,28
SUB103121,2026-07,5.32,141,2,10,141.53,1,28
SUB101185,2026-06,5.4,59,1,9,112.58,0,28
SUB103027,2026-07,4.43,61,4,8,96.19,0,29
SUB102823,2026-05,6.0,70,2,9,244.85,0,26
SUB100462,2026-06,2.23,239,4,10,79.2,0,28
SUB101341,2026-06,62.01,500,4,11,598.91,0,28
SUB101157,2026-05,7.89,336,1,7,157.13,0,27
SUB100580,2026-04,39.49,823,3,19,436.76,0,30
SUB100694,2026-07,21.74,217,1,14,410.23,0,29
SUB100859,2026-03,7.75,525,2,15,232.49,0,28
SUB100977,2026-05,13.25,391,3,20,355.98,0,27
SUB101690,2026-05,17.76,199,3,8,319.97,0,28
SUB102368,2026-02,7.93,96,2,7,321.95,0,30
SUB101509,2026-06,13.33,155,1,10,303.99,0,30
SUB101106,2026-05,34.42,127,2,23,425.34,0,28
SUB100309,2026-04,5.0,124,1,13,217.48,0,27
SUB101222,2026-04,11.23,330,3,6,213.93,0,27
SUB102659,2026-03,5.42,364,1,5,261.07,0,26
SUB102661,2026-05,2.09,107,1,9,109.46,0,29
SUB100007,2026-06,3.61,259,2,16,182.5,0,29
SUB101277,2026-07,8.0,145,3,14,188.62,0,29
SUB102253,2026-07,12.33,70,0,20,349.45,0,27
SUB101833,2026-06,7.5,218,0,5,168.1,0,28
SUB101073,2026-02,12.66,113,2,23,208.96,0,26
SUB102214,2026-03,2.29,212,1,16,275.86,0,26
SUB100840,2026-07,0.9,213,2,6,92.27,0,29
SUB102340,2026-05,1.98,140,2,8,133.71,0,28
SUB101749,2026-05,6.71,31,4,5,275.84,0,27
SUB102150,2026-05,4.68,214,0,12,172.56,0,28
SUB100785,2026-02,16.78,307,0,12,430.72,0,29
SUB100656,2026-07,18.01,390,1,14,317.22,0,29
SUB101008,2026-05,3.64,251,3,12,169.31,0,28
SUB101040,2026-02,13.47,139,5,10,436.68,0,28
SUB101240,2026-03,1.84,187,2,5,240.65,0,29
SUB102108,2026-02,9.16,168,2,18,319.72,0,28
SUB100548,2026-02,8.16,77,5,11,263.5,0,28
SUB100837,2026-02,1.43,47,2,2,224.64,0,28
SUB100897,2026-02,7.33,200,1,16,204.64,1,27
SUB102657,2026-02,10.28,205,0,5,163.34,0,29
SUB101219,2026-05,11.37,95,0,16,141.42,0,28
SUB102052,2026-04,17.22,124,1,8,391.77,0,27
SUB102985,2026-07,4.18,296,4,17,172.72,0,30
SUB101849,2026-07,1.62,108,6,10,146.06,0,29
SUB101834,2026-03,8.61,193,1,6,122.25,0,27
SUB100903,2026-03,1.74,245,2,7,162.12,0,30
SUB101972,2026-07,8.53,149,3,13,294.77,0,27
SUB100096,2026-04,1.33,645,2,7,181.43,0,29
SUB100343,2026-03,18.69,337,0,13,344.57,0,26
SUB102382,2026-06,26.61,295,1,8,436.98,0,26
SUB100793,2026-05,9.18,249,4,12,328.0,0,26
SUB101056,2026-02,12.83,262,2,13,237.37,0,30
SUB102820,2026-05,6.25,210,2,9,133.2,0,26
SUB102829,2026-04,18.81,95,1,9,426.95,0,26
SUB101091,2026-06,4.29,427,1,8,293.72,0,27
SUB100658,2026-02,11.7,272,3,10,314.43,0,28
SUB101266,2026-03,0.64,5,1,6,82.85,0,30
SUB101003,2026-06,20.57,244,5,7,471.03,0,26
SUB101869,2026-02,16.72,243,2,12,274.39,0,30
SUB100744,2026-05,10.94,182,3,7,251.61,0,30
SUB102887,2026-02,8.84,61,0,15,176.2,1,26
SUB101775,2026-03,58.92,234,3,14,787.24,0,30
SUB100023,2026-02,21.93,363,3,10,425.44,0,30
SUB102874,2026-06,8.79,132,1,16,233.15,0,28
SUB101172,2026-02,4.48,461,2,12,265.45,0,29
SUB102607,2026-02,8.53,797,2,8,374.13,1,26
SUB102863,2026-05,26.16,1078,0,13,427.61,0,27
SUB102559,2026-03,2.05,210,5,19,229.74,0,28
SUB100116,2026-04,9.11,177,2,11,363.59,0,28
SUB100437,2026-07,11.12,664,2,8,282.14,0,27
SUB101574,2026-03,4.92,385,1,13,151.61,0,30
SUB100830,2026-02,16.08,367,2,5,520.11,0,30
SUB101454,2026-06,9.29,101,4,8,235.83,0,29
SUB100614,2026-06,4.51,296,1,15,181.23,0,26
SUB102344,2026-05,3.19,310,0,9,110.51,0,30
SUB102757,2026-07,14.18,411,0,4,298.68,0,28
SUB101313,2026-06,6.05,581,3,11,331.41,0,30
SUB100288,2026-06,0.92,128,1,13,159.96,0,29
SUB102546,2026-04,4.77,85,4,15,129.9,0,26
SUB101019,2026-04,26.01,153,2,9,430.62,0,30
SUB100208,2026-07,0.93,208,3,8,95.05,0,27
SUB103054,2026-06,11.38,108,2,20,512.34,0,26
SUB100494,2026-05,8.7,443,4,15,380.79,0,28
SUB100091,2026-02,8.45,16,0,2,258.2,0,27
SUB100992,2026-04,20.24,197,0,11,290.38,0,29
SUB102892,2026-02,2.49,792,6,10,213.89,0,29
SUB101926,2026-07,5.02,608,1,25,284.95,1,27
SUB100318,2026-04,17.86,128,3,12,392.65,0,28
SUB101697,2026-06,4.0,266,2,19,255.1,0,29
SUB102399,2026-07,4.25,446,3,11,128.23,0,29
SUB100317,2026-07,4.62,194,1,11,145.33,0,26
SUB102279,2026-07,3.22,350,0,8,106.86,0,26
SUB103051,2026-07,2.71,75,2,2,171.89,0,30
SUB101863,2026-06,7.41,301,0,15,191.12,0,29
SUB102009,2026-02,9.66,187,4,11,119.53,0,29
SUB102807,2026-02,9.32,666,1,6,292.75,0,28
SUB101804,2026-07,8.25,58,1,6,323.1,0,26
SUB102202,2026-02,5.16,381,1,16,264.92,0,30
SUB101030,2026-05,1.84,448,0,20,164.09,0,30
SUB101295,2026-02,9.22,132,3,16,298.36,0,27
SUB101742,2026-05,6.82,527,2,2,244.58,0,27
SUB100826,2026-02,16.85,634,3,9,366.84,0,27
SUB100320,2026-03,4.73,242,2,16,190.1,0,27
SUB103000,2026-03,15.83,598,1,15,506.55,0,29
SUB102509,2026-05,3.95,190,2,11,133.31,0,27
SUB101658,2026-06,9.69,153,3,10,147.7,0,28
SUB101098,2026-04,7.27,139,1,10,232.11,0,30
SUB101746,2026-06,20.07,371,2,19,304.47,0,30
SUB102612,2026-02,18.11,45,0,13,285.85,0,28
SUB101133,2026-07,1.65,98,0,14,180.51,0,30
SUB103139,2026-05,11.24,66,3,5,194.2,0,29
SUB100263,2026-07,4.84,203,2,10,167.37,0,29
SUB102353,2026-03,11.29,256,1,6,286.23,0,29
SUB102662,2026-06,6.96,100,3,11,330.11,0,26
SUB101856,2026-02,16.35,136,1,5,300.77,0,26
SUB103081,2026-02,0.86,410,0,6,97.78,0,27
SUB100534,2026-05,3.15,63,1,17,138.63,0,28
SUB100794,2026-02,7.49,261,1,17,143.31,0,26
SUB102185,2026-06,8.85,163,1,16,495.56,0,29
SUB101249,2026-04,48.6,132,1,8,716.52,0,27
SUB101559,2026-03,2.53,256,2,3,145.9,0,26
SUB102986,2026-04,13.01,424,2,15,287.28,0,26
SUB100217,2026-06,1.72,201,2,14,120.06,0,29
SUB101472,2026-05,1.84,446,1,6,147.5,0,29
SUB102425,2026-04,21.31,100,3,8,541.85,0,26
SUB102432,2026-07,4.94,587,5,17,342.42,0,30
SUB100263,2026-04,3.9,157,0,6,141.32,1,28
SUB100597,2026-04,15.01,303,1,15,356.14,0,26
SUB102568,2026-07,13.69,359,1,5,483.49,1,30
SUB100002,2026-06,2.08,199,1,8,171.86,0,30
SUB101655,2026-06,19.26,587,2,16,346.67,1,28
SUB101104,2026-02,15.08,210,2,5,347.07,0,27
SUB101694,2026-04,5.6,141,0,16,292.93,0,30
SUB102908,2026-07,1.47,205,0,11,235.47,0,26
SUB101560,2026-03,4.13,32,3,8,289.23,0,28
SUB100456,2026-02,12.1,155,1,12,280.19,0,28
SUB100643,2026-06,9.96,417,2,5,242.78,1,27
SUB101600,2026-07,0.97,467,3,15,151.76,0,30
SUB100943,2026-04,24.3,101,3,6,409.12,0,26
SUB100405,2026-04,8.61,124,2,12,368.65,0,30
SUB101097,2026-02,10.45,378,1,6,209.94,0,29
SUB102578,2026-05,0.93,645,0,9,223.91,0,29
SUB102068,2026-03,9.99,128,1,18,440.75,0,28
SUB102647,2026-05,8.68,169,1,7,171.98,0,26
SUB101151,2026-02,10.07,107,5,14,266.86,0,30
SUB100812,2026-06,0.6,98,1,17,248.45,0,26
SUB102358,2026-05,14.7,33,1,19,342.98,0,27
SUB102998,2026-07,3.37,563,1,12,109.03,1,26
SUB102747,2026-04,12.89,341,2,17,498.4,0,26
SUB102917,2026-06,1.1,356,2,8,244.09,0,30
SUB101565,2026-03,28.16,23,0,20,358.94,0,29
SUB100571,2026-05,15.76,107,3,6,142.27,0,30
SUB100388,2026-06,8.67,206,1,15,258.92,0,29
SUB101745,2026-06,6.11,43,2,6,254.48,0,27
SUB100114,2026-05,5.78,86,3,8,172.05,0,30
SUB100687,2026-04,0.45,41,4276,14,198.51,0,28
SUB100804,2026-05,32.58,42,1,8,507.1,0,26
SUB101876,2026-03,8.17,244,1,8,294.49,0,29
SUB103199,2026-04,1.49,200,4,7,242.06,0,30
SUB102896,2026-07,0.94,151,1,13,164.22,0,29
SUB101969,2026-07,6.07,457,5,7,295.49,0,27
SUB102148,2026-07,3.34,58,1,8,215.47,0,29
SUB102790,2026-07,10.07,245,2,11,266.74,0,30
SUB100001,2026-02,7.94,259,2,9,279.72,0,28
SUB100040,2026-05,8.15,354,2,15,364.34,0,26
SUB102340,2026-04,1.71,260,3,6,131.47,1,30
SUB101916,2026-06,10.57,160,0,12,224.63,0,28
SUB100757,2026-04,17.01,135,1,7,470.83,0,27
SUB100319,2026-07,12.68,308,0,10,462.63,0,29
SUB101960,2026-06,1.97,497,1,13,323.65,0,28
SUB101040,2026-07,11.87,215,1,5,388.03,0,30
SUB101362,2026-04,2.57,682,4,8,190.45,0,29
SUB102271,2026-05,2.91,361,2,12,197.47,0,28
SUB103123,2026-04,4.04,234,3,7,178.31,0,28
SUB101354,2026-07,12.87,120,3,16,327.27,0,28
SUB101080,2026-02,10.08,143,4,6,418.34,0,27
SUB101117,2026-05,4.37,447,0,9,279.83,1,28
SUB100778,2026-02,1.59,330,2,5,308.22,0,26
SUB102786,2026-07,16.73,409,3,5,433.59,0,28
SUB102444,2026-04,20.65,394,3,13,404.74,0,28
SUB102613,2026-06,5.38,268,3,12,195.68,0,27
SUB101456,2026-02,2.41,43,3,16,116.53,0,26
SUB101991,2026-03,16.68,221,2,10,365.21,0,28
SUB101715,2026-05,7.73,194,2,12,266.03,0,28
SUB100905,2026-02,4.57,365,1,17,217.98,0,26
SUB102045,2026-07,10.25,52,3,8,374.83,0,27
SUB102683,2026-02,1.89,310,0,11,224.12,0,28
SUB102211,2026-06,12.37,243,1,5,237.7,0,29
SUB100348,2026-03,4.16,121,1,9,138.84,0,27
SUB102356,2026-04,13.48,251,1,7,212.98,0,27
SUB102583,2026-05,9.99,153,2,19,284.75,0,29
SUB101976,2026-05,16.19,58,2,8,353.14,1,30
SUB101844,2026-03,18.07,342,1,8,439.25,0,28
SUB100312,2026-06,0.86,234,1,10,116.17,0,26
SUB102658,2026-07,4.68,256,2,12,169.67,0,29
SUB103190,2026-07,2.69,194,1,11,325.07,0,28
SUB100800,2026-06,7.94,406,1,16,196.83,1,27
SUB102131,2026-07,2.53,214,5,13,161.12,0,27
SUB102795,2026-06,6.3,136,2,12,430.71,0,30
SUB102042,2026-07,15.48,100,1,15,368.67,0,30
SUB100703,2026-06,11.83,131,2,12,198.36,0,29
SUB100345,2026-05,4.52,255,1,13,155.51,0,29
SUB102794,2026-02,10.41,141,0,12,299.11,0,26
SUB100495,2026-06,10.71,216,2,8,146.46,0,30
SUB102565,2026-04,4.98,237,3,9,230.81,1,28
SUB100550,2026-07,4.32,176,2,6,267.08,0,26
SUB100884,2026-06,7.29,571,2,13,122.81,0,26
SUB100089,2026-03,8.29,154,0,8,163.31,1,28
SUB102155,2026-06,7.92,281,4,6,198.84,0,28
SUB100196,2026-06,5.69,280,0,10,340.91,0,27
SUB103139,2026-07,8.92,128,2,9,185.2,0,26
SUB101729,2026-07,6.12,456,6,11,197.14,0,30
SUB103014,2026-07,0.86,139,2,19,151.19,0,29
SUB103136,2026-02,5.6,272,1,11,253.7,0,27
SUB101033,2026-02,2.23,89,3,8,66.49,0,27
SUB101282,2026-05,16.77,255,4,7,442.38,0,26
SUB100060,2026-07,2.09,203,1,5,145.67,0,28
SUB103166,2026-03,10.03,135,5,10,250.62,0,27
SUB102276,2026-04,4.4,420,1,26,204.96,0,29
SUB101649,2026-06,9.25,130,3,17,217.71,0,29
SUB101599,2026-03,6.92,252,1,14,147.3,1,27
SUB102163,2026-04,14.12,25,2,9,439.22,0,30
SUB102713,2026-07,32.11,494,3,8,478.76,0,30
SUB100202,2026-02,7.41,141,2,7,179.45,0,27
SUB100303,2026-07,1.37,163,4,7,157.81,0,26
SUB101268,2026-02,16.04,217,0,23,390.9,0,30
SUB102676,2026-03,4.91,301,2,17,218.31,0,28
SUB102220,2026-03,8.66,360,2,10,219.32,0,26
SUB100169,2026-06,7.04,67,1,4,233.95,0,26
SUB102210,2026-05,3.44,123,1,19,273.37,0,28
SUB100407,2026-07,10.25,236,3,14,167.09,0,27
SUB100122,2026-06,16.78,168,1,7,373.51,0,30
SUB100246,2026-04,11.83,353,3,10,478.83,0,28
SUB101036,2026-02,6.58,399,3,18,152.23,0,29
SUB100613,2026-02,0.42,73,1,10,70.84,0,30
SUB101815,2026-04,10.83,327,3,16,281.59,0,30
SUB101659,2026-05,9.28,170,4,7,315.09,0,27
SUB102328,2026-02,16.47,47,0,8,241.33,0,28
SUB102136,2026-07,0.68,112,3,2,161.73,0,29
SUB100192,2026-05,2.59,81,3,11,116.63,0,28
SUB101222,2026-03,9.35,246,2,6,142.21,0,26
SUB101080,2026-04,16.06,191,2,10,317.21,0,28
SUB100361,2026-04,14.13,337,4,17,360.56,0,28
SUB101532,2026-06,3.86,106,0,29,172.23,0,26
SUB101300,2026-03,1.98,631,5,10,177.16,0,30
SUB101154,2026-04,8.75,441,0,11,195.18,0,29
SUB101303,2026-06,7.57,78,3,5,224.48,0,28
SUB100589,2026-04,4.1,168,0,14,134.76,0,29
SUB100561,2026-07,18.18,83,2,18,414.45,0,28
SUB100376,2026-03,14.8,269,0,11,603.68,0,28
SUB100270,2026-04,29.44,422,2,14,511.21,0,30
SUB102619,2026-06,48.58,200,3,12,0.0,3,28
SUB101577,2026-06,5.97,31,3,14,335.32,0,28
SUB101268,2026-04,19.12,236,2,8,407.82,0,27
SUB102757,2026-05,9.58,497,4,7,299.03,0,28
SUB100335,2026-06,3.78,318,0,6,153.76,0,29
SUB100364,2026-03,5.09,128,2,2,109.31,0,29
SUB102511,2026-03,2.79,115,2,9,134.94,1,27
SUB102076,2026-07,5.54,362,5,6,103.33,0,29
SUB100325,2026-07,7.44,103,3,6,261.94,0,27
SUB102207,2026-04,9.2,123,2,13,272.28,0,28
SUB101886,2026-07,6.13,396,3,3,340.66,0,29
SUB102658,2026-06,4.41,204,2,13,133.46,0,27
SUB100537,2026-04,5.51,606,2,4,171.0,0,30
SUB102695,2026-07,4.72,268,1,18,251.25,0,29
SUB102283,2026-07,2.56,536,0,15,328.54,0,29
SUB100869,2026-04,1.74,547,1,18,176.42,0,29
SUB101809,2026-06,1.82,126,1,10,157.85,0,27
SUB102891,2026-05,11.19,418,2,8,350.75,0,27
SUB101874,2026-04,2.01,348,0,6,112.7,0,29
SUB101702,2026-03,9.09,24,4,12,147.61,0,28
SUB100566,2026-02,16.17,128,3,5,382.31,0,28
SUB100392,2026-04,7.71,356,2,14,188.97,0,30
SUB101428,2026-02,5.23,153,5,7,243.29,0,30
SUB102095,2026-03,2.83,181,3,23,194.64,0,26
SUB100739,2026-06,5.97,439,1,5,238.5,0,26
SUB100371,2026-03,9.02,230,3,13,417.19,0,29
SUB103066,2026-03,3.03,198,0,5,152.88,0,30
SUB102265,2026-06,16.91,69,2,14,531.35,0,26
SUB100198,2026-04,16.6,78,3,12,341.24,1,30
SUB101980,2026-03,5.24,47,1,14,156.8,0,29
SUB100436,2026-05,4.53,189,4,7,218.16,0,29
SUB101870,2026-05,15.71,336,2,5,227.64,0,29
SUB102157,2026-04,8.73,56,1,16,246.3,0,30
SUB101833,2026-04,4.98,215,0,2,190.52,0,29
SUB102830,2026-06,2.4,130,1,10,289.86,0,27
SUB102883,2026-02,6.98,120,1,9,213.57,0,30
SUB100610,2026-03,7.47,60,1,6,246.85,0,27
SUB101450,2026-04,9.99,255,3,12,268.89,0,26
SUB100641,2026-05,17.12,217,3,4,478.97,0,27
SUB100319,2026-06,21.79,294,2,13,392.56,0,26
SUB101480,2026-04,15.08,270,1,13,327.54,0,27
SUB101347,2026-07,31.3,91,2,21,382.87,0,28
SUB100058,2026-07,6.54,236,3,11,151.1,1,29
SUB100839,2026-05,15.45,138,3,11,367.74,0,28
SUB100177,2026-02,8.87,145,4,12,182.96,0,27
SUB102624,2026-05,15.57,277,0,6,269.1,0,27
SUB101539,2026-03,4.17,384,5,7,70.64,0,30
SUB102963,2026-02,9.37,480,3,7,179.97,0,29
SUB102012,2026-05,7.1,497,3,16,311.06,1,26
SUB100182,2026-04,42.4,378,2,11,599.55,0,29
SUB100152,2026-04,5.56,115,0,20,416.88,0,28
SUB100030,2026-03,8.01,436,0,9,259.86,0,30
SUB101851,2026-02,1.79,234,0,17,226.79,0,30
SUB100038,2026-03,18.77,281,0,7,178.54,0,29
SUB100993,2026-04,3.98,190,1,8,288.0,0,28
SUB101034,2026-04,3.17,65,0,8,151.83,1,26
SUB101574,2026-04,4.5,381,3,10,193.99,0,26
SUB100008,2026-04,14.66,90,2,16,448.57,0,27
SUB101911,2026-06,60.33,195,4,18,578.28,0,27
SUB101799,2026-03,29.96,637,1,12,568.9,0,27
SUB102431,2026-04,1.36,609,0,7,157.59,0,27
SUB101748,2026-05,7.49,702,2,7,260.39,0,28
SUB102713,2026-05,26.05,274,0,11,520.57,0,27
SUB100515,2026-06,3.25,53,3,16,309.13,0,28
SUB102791,2026-02,11.06,38,3,7,250.14,0,28
SUB102145,2026-06,2.15,249,2,11,211.28,0,27
SUB100757,2026-02,20.54,114,2,2,457.32,0,28
SUB102616,2026-05,1.35,40,2,14,134.79,0,28
SUB102376,2026-07,10.88,289,0,15,272.3,0,30
SUB102254,2026-06,9.61,280,1,8,390.33,0,26
SUB102533,2026-07,20.09,101,1,12,337.19,0,29
SUB101305,2026-03,8.65,104,1,9,338.99,0,26
SUB100690,2026-03,11.4,159,1,17,308.67,0,27
SUB101341,2026-04,47.66,620,1,9,646.46,0,29
SUB101812,2026-03,11.12,332,0,12,232.59,0,28
SUB102202,2026-04,18.43,321,1,11,266.08,0,27
SUB101901,2026-02,9.03,87,3,9,142.35,0,30
SUB102778,2026-04,18.14,207,3,9,285.89,0,26
SUB101299,2026-06,7.45,249,2,7,215.36,1,30
SUB101956,2026-07,1.04,152,1,9,247.4,0,27
SUB100779,2026-04,6.13,234,1,2,146.14,0,26
SUB100560,2026-05,10.4,284,0,3,357.76,0,26
SUB101761,2026-02,3.88,386,1,12,153.05,0,28
SUB100638,2026-03,6.1,142,1,16,138.33,0,29
SUB100008,2026-07,15.69,168,0,8,446.54,0,27
SUB102488,2026-06,11.8,167,2,4,272.68,0,28
SUB101895,2026-03,13.1,164,1,13,259.43,0,26
SUB100045,2026-06,2.97,201,3,17,79.91,0,26
SUB100676,2026-02,0.47,38,6970,10,246.3,0,26
SUB102026,2026-02,6.05,117,1,9,311.77,0,26
SUB100895,2026-07,3.41,369,0,2,199.73,0,29
SUB102846,2026-02,0.72,86,0,8,74.67,0,29
SUB100828,2026-06,5.88,104,1,8,251.03,0,28
SUB100718,2026-06,21.4,158,3,11,295.34,0,26
SUB100997,2026-06,1.58,533,1,1,147.84,0,29
SUB101533,2026-03,2.54,224,1,12,303.81,0,26
SUB101125,2026-04,3.16,31,3,9,194.36,0,28
SUB101143,2026-05,13.54,166,3,12,516.39,0,29
SUB101437,2026-04,15.66,193,1,14,385.8,0,28
SUB100333,2026-06,10.53,204,0,13,259.01,0,27
SUB100209,2026-02,7.26,54,2,4,142.0,1,30
SUB102016,2026-07,0.77,942,2,16,296.58,0,26
SUB100392,2026-06,9.52,244,3,17,150.24,0,26
SUB100703,2026-05,13.41,56,2,17,166.97,0,30
SUB101919,2026-03,5.74,326,1,15,229.78,0,29
SUB102224,2026-05,4.05,122,2,10,106.95,0,28
SUB101274,2026-03,5.3,48,1,5,259.45,1,29
SUB102343,2026-07,25.95,261,0,10,586.16,0,29
SUB101002,2026-06,8.41,149,0,8,326.95,0,29
SUB100031,2026-07,19.05,195,3,12,278.89,0,29
SUB102369,2026-04,11.77,62,5,9,284.5,0,27
SUB102084,2026-05,2.83,395,3,17,183.7,0,28
SUB101578,2026-07,10.98,179,2,17,310.87,0,28
SUB102238,2026-04,22.44,370,4,23,318.81,1,30
SUB102328,2026-06,13.0,35,2,5,200.35,0,28
SUB101071,2026-05,17.73,165,2,6,254.36,1,30
SUB101137,2026-03,16.73,141,1,8,450.02,0,28
SUB103044,2026-04,7.7,123,0,15,182.21,0,29
SUB102822,2026-03,15.0,329,2,12,360.28,0,30
SUB101031,2026-06,2.58,94,4,5,302.65,0,30
SUB102467,2026-05,5.99,210,4,12,278.21,0,29
SUB101448,2026-03,21.34,226,2,5,359.99,0,28
SUB102544,2026-04,2.94,546,2,13,200.87,0,29
SUB101714,2026-02,9.7,390,0,9,239.99,0,30
SUB101545,2026-06,0.97,752,1,7,229.0,0,27
SUB103177,2026-06,1.56,214,3,22,183.25,0,29
SUB100490,2026-07,38.0,140,0,10,602.98,0,30
SUB101981,2026-06,11.96,236,0,1,371.96,0,29
SUB101460,2026-07,4.68,236,2,13,223.79,1,27
SUB102146,2026-06,17.08,171,3,4,166.39,0,27
SUB101425,2026-05,11.19,240,5,4,203.97,0,26
SUB100798,2026-07,12.72,37,3,8,298.15,0,26
SUB101436,2026-06,3.37,392,2,7,277.32,0,28
SUB102184,2026-06,20.19,293,2,14,399.76,1,27
SUB100207,2026-06,2.07,200,4,16,110.62,0,28
SUB100809,2026-03,5.54,144,3,9,253.1,0,30
SUB102009,2026-07,9.23,179,1,12,169.63,0,26
SUB100016,2026-04,8.59,77,3,15,284.94,0,26
SUB101796,2026-06,23.43,407,2,25,480.21,0,28
SUB101534,2026-05,10.69,190,2,10,231.55,1,30
SUB100147,2026-06,4.24,187,6,13,204.87,0,26
SUB100580,2026-04,39.49,823,3,19,436.76,0,30
SUB102051,2026-05,6.42,91,1,5,201.19,0,29
SUB101861,2026-03,28.91,174,0,9,371.22,0,29
SUB100464,2026-05,8.45,292,1,12,409.56,0,26
SUB102079,2026-06,14.41,217,1,13,169.81,0,27
SUB100818,2026-03,13.03,299,4,9,155.62,0,29
SUB103086,2026-03,2.27,346,3,12,258.03,0,27
SUB102276,2026-03,6.64,370,1,19,212.86,0,26
SUB100854,2026-07,5.23,120,1,6,146.01,1,30
SUB102326,2026-06,1.27,582,1,4,193.54,0,27
SUB101259,2026-02,8.8,100,3,14,327.83,0,30
SUB102816,2026-06,13.36,49,0,8,276.07,0,26
SUB100383,2026-04,3.25,176,3,10,281.76,0,27
SUB103044,2026-05,8.64,102,2,12,180.09,0,28
SUB101936,2026-04,30.79,132,0,13,400.94,0,26
SUB101184,2026-05,7.73,331,3,8,294.23,0,30
SUB101474,2026-05,2.08,246,3,17,168.11,0,28
SUB100261,2026-05,37.83,105,5,6,0.0,2,27
SUB102599,2026-04,9.28,113,1,7,167.64,0,29
SUB101318,2026-02,9.26,222,1,13,395.04,0,30
SUB101987,2026-03,17.02,102,0,9,521.72,1,30
SUB101836,2026-04,11.77,319,0,19,341.42,0,28
SUB101529,2026-06,12.35,292,0,5,368.8,0,26
SUB100225,2026-04,1.18,405,3,9,102.45,0,27
SUB101779,2026-04,8.98,199,3,13,140.48,0,27
SUB102980,2026-05,14.12,186,2,4,309.32,0,29
SUB101699,2026-03,19.22,306,3,8,388.55,0,29
SUB100869,2026-03,2.2,505,2,12,178.16,0,29
SUB101224,2026-04,0.64,69,3,7,251.8,0,29
SUB101797,2026-05,4.84,512,0,12,322.57,0,27
SUB102181,2026-06,6.4,114,3,13,276.84,0,28
SUB101752,2026-05,9.68,25,4,17,289.59,0,27
SUB102643,2026-05,10.44,181,2,9,437.69,0,30
SUB102847,2026-05,10.6,735,2,8,368.63,0,26
SUB102498,2026-03,2.83,302,1,11,220.73,0,29
SUB100245,2026-04,7.94,480,3,12,327.71,0,26
SUB100767,2026-05,9.34,102,3,9,263.36,0,29
SUB102711,2026-04,7.61,195,3,26,141.96,0,30
SUB100709,2026-04,20.09,95,3,9,584.47,0,30
SUB100149,2026-05,10.89,207,0,6,270.99,0,27
SUB101670,2026-06,5.29,164,3,15,234.71,0,26
SUB103066,2026-04,4.99,183,1,8,140.63,0,29
SUB100583,2026-03,8.16,228,5,11,222.23,0,29
SUB100205,2026-05,2.07,125,5,9,260.78,0,28
SUB100719,2026-04,2.67,91,4,7,100.43,0,27
SUB102403,2026-06,5.14,148,2,17,276.85,0,27
SUB101265,2026-04,19.6,192,5,8,418.41,0,28
SUB101720,2026-03,4.62,454,0,6,188.11,0,28
SUB101984,2026-06,6.73,85,2,10,192.49,0,28
SUB103001,2026-06,3.98,194,3,7,270.06,0,29
SUB102051,2026-02,5.22,185,2,5,164.38,0,30
SUB101325,2026-07,19.38,81,1,8,361.99,0,29
SUB103045,2026-06,14.01,196,5,11,485.13,0,27
SUB101481,2026-03,4.48,125,0,6,154.22,0,30
SUB101937,2026-03,16.77,69,1,13,409.63,0,26
SUB103194,2026-04,13.4,221,2,9,331.39,0,28
SUB101372,2026-04,10.09,163,1,7,192.06,0,30
SUB103015,2026-07,9.94,194,3,6,307.85,0,28
SUB100043,2026-06,28.44,368,2,7,411.39,0,27
SUB101400,2026-07,3.47,81,2,11,207.69,0,27
SUB101236,2026-02,13.13,72,5,12,247.22,0,30
SUB101100,2026-04,0.06,73,4161,18,200.48,0,28
SUB101871,2026-03,51.77,360,1,10,711.65,1,26
SUB100048,2026-05,21.06,354,0,10,458.0,0,27
SUB103082,2026-04,23.39,211,2,19,342.05,0,27
SUB100788,2026-04,2.29,170,5,8,134.53,0,26
SUB101041,2026-04,5.32,56,2,17,287.68,0,27
SUB102392,2026-07,18.34,61,1,12,328.65,0,29
SUB102870,2026-04,1.69,513,1,15,299.92,0,26
SUB101732,2026-02,9.08,197,1,15,386.82,0,29
SUB100568,2026-07,30.52,141,2,18,380.38,1,27
SUB103017,2026-02,21.03,615,1,14,490.59,0,30
SUB100576,2026-02,5.02,884,1,9,246.7,0,30
SUB100795,2026-05,6.84,198,4,5,262.02,0,28
SUB102300,2026-05,11.44,164,1,15,335.3,0,28
SUB100945,2026-05,4.65,158,1,11,253.34,1,30
SUB101718,2026-04,1.09,145,0,18,145.55,0,29
SUB101879,2026-03,1.67,287,3,11,241.36,0,27
SUB101706,2026-03,10.36,290,3,11,182.55,0,28
SUB100759,2026-03,5.27,124,2,18,317.59,0,30
SUB100129,2026-06,26.86,148,2,12,337.22,0,26
SUB102422,2026-05,19.94,534,0,14,369.42,0,26
SUB102519,2026-04,2.47,140,1,10,217.11,0,28
SUB102321,2026-06,14.64,705,5,17,395.87,0,27
SUB100879,2026-05,3.71,198,2,1,233.85,0,29
SUB102723,2026-02,4.96,389,2,16,410.44,0,27
SUB101191,2026-04,2.39,154,1,10,143.28,0,27
SUB101421,2026-03,4.84,185,1,14,229.68,0,29
SUB102982,2026-03,5.5,527,1,11,292.92,0,30
SUB100083,2026-04,9.03,149,2,19,369.82,0,30
SUB102947,2026-07,5.65,247,2,10,356.91,0,29
SUB100379,2026-03,7.19,272,2,16,345.01,0,29
SUB101929,2026-03,3.81,84,2,12,246.59,0,27
SUB100844,2026-02,1.06,253,1,14,168.47,0,28
SUB102942,2026-07,11.0,294,3,17,157.27,0,28
SUB102013,2026-03,5.33,333,2,9,249.74,0,26
SUB102996,2026-03,6.62,496,1,8,130.59,0,26
SUB102255,2026-04,6.24,18,2,4,170.76,0,28
SUB102126,2026-07,3.65,117,2,9,230.25,0,26
SUB103071,2026-03,7.72,34,1,11,226.45,1,28
SUB101470,2026-02,14.72,63,2,17,272.18,0,29
SUB102232,2026-04,20.89,119,1,12,401.77,0,29
SUB102210,2026-06,4.81,122,1,14,260.24,0,30
SUB101590,2026-07,12.16,85,0,14,0.0,0,27
SUB102217,2026-06,1.07,160,1,12,142.7,0,26
SUB100971,2026-07,8.99,152,4,17,291.39,0,29
SUB102489,2026-05,5.11,52,1,10,164.13,0,29
SUB102360,2026-03,2.79,110,4,12,177.69,0,30
SUB101184,2026-06,8.05,174,3,11,280.42,0,26
SUB100390,2026-06,15.49,100,1,4,232.2,0,28
SUB100606,2026-06,4.84,469,3,8,153.6,1,28
SUB103178,2026-07,7.28,397,0,13,275.97,0,26
SUB102049,2026-06,8.13,108,1,11,250.71,0,27
SUB101643,2026-07,11.2,281,2,20,333.2,0,29
SUB102397,2026-07,1.27,30,3,10,76.68,0,26
SUB102141,2026-06,13.28,191,5,11,181.11,0,30
SUB101316,2026-07,5.96,64,3,7,183.21,0,28
SUB100005,2026-05,13.16,178,7,13,355.29,0,30
SUB100767,2026-04,7.4,94,4,6,263.7,0,29
SUB100661,2026-05,4.85,45,1,3,125.67,0,27
SUB103035,2026-05,12.55,215,3,8,212.82,1,30
SUB101710,2026-02,3.32,578,2,13,265.94,0,26
SUB102153,2026-06,13.98,42,2,13,361.42,0,29
SUB101060,2026-03,7.18,101,3,6,201.75,0,27
SUB101955,2026-05,4.09,165,3,10,221.43,0,30
SUB102840,2026-03,4.16,93,1,4,178.43,0,28
SUB103088,2026-02,8.91,234,1,17,165.72,0,27
SUB102056,2026-04,7.05,83,1,12,231.11,0,27
SUB100376,2026-02,14.61,306,5,9,517.19,0,30
SUB100726,2026-07,5.89,166,5,14,114.32,0,26
SUB103160,2026-06,7.34,269,0,7,140.15,0,28
SUB101554,2026-04,8.0,61,2,12,131.84,0,27
SUB102645,2026-05,2.67,198,2,9,153.03,0,27
SUB102788,2026-04,28.93,165,0,15,472.88,0,30
SUB100990,2026-06,4.57,251,2,11,171.01,0,27
SUB101959,2026-06,0.91,164,1,8,123.27,0,30
SUB102084,2026-03,2.16,516,3,16,228.6,0,26
SUB100530,2026-02,10.07,226,1,7,167.02,0,29
SUB102581,2026-02,2.41,160,1,2,131.22,0,29
SUB100509,2026-06,7.43,979,5,12,323.91,0,28
SUB101594,2026-05,16.9,428,1,5,385.16,0,27
SUB101592,2026-07,24.93,353,2,8,472.14,0,29
SUB100367,2026-05,7.03,171,1,10,110.64,0,26
SUB100374,2026-03,7.0,177,3,6,230.18,0,26
SUB100596,2026-04,12.16,123,1,17,419.51,0,30
SUB100819,2026-02,8.24,84,3,18,300.59,0,27
SUB100636,2026-04,4.77,216,1,9,209.08,0,30
SUB102815,2026-02,3.41,265,3,5,279.3,0,29
SUB100919,2026-03,1.11,297,2,14,116.42,0,27
SUB101701,2026-02,9.04,199,1,5,175.96,0,29
SUB102924,2026-05,3.11,112,2,7,242.87,0,28
SUB102383,2026-03,5.17,105,2,12,156.54,0,28
SUB102946,2026-03,9.99,215,2,6,231.35,0,28
SUB101595,2026-05,0.97,286,1,10,185.64,1,30
SUB102747,2026-06,8.5,320,3,25,594.96,0,28
SUB100568,2026-05,19.76,133,3,23,370.95,0,29
SUB100370,2026-06,5.21,292,4,10,353.15,0,29
SUB102758,2026-07,1.61,157,3,16,173.96,0,30
SUB103061,2026-05,1.05,149,1,9,126.36,0,29
SUB100460,2026-05,13.49,258,4,11,281.01,0,27
SUB100060,2026-06,2.57,217,2,9,137.44,0,26
SUB101591,2026-04,0.82,182,1,6,205.05,0,28
SUB100495,2026-07,8.76,203,1,9,144.55,0,27
SUB102322,2026-07,8.03,506,1,10,268.86,0,29
SUB103187,2026-03,2.09,78,2,3,74.89,0,29
SUB101434,2026-02,0.34,38,2494,29,274.59,0,27
SUB101021,2026-07,0.8,323,1,7,153.14,0,27
SUB101175,2026-06,3.33,427,3,22,249.09,0,29
SUB102300,2026-07,19.03,173,3,18,346.77,0,26
SUB100271,2026-04,10.01,202,0,9,377.42,0,28
SUB101530,2026-06,3.57,214,2,6,156.41,0,29
SUB100644,2026-04,4.44,404,4,8,178.97,0,30
SUB102864,2026-02,10.9,433,2,9,250.83,0,30
SUB102556,2026-04,8.72,214,2,9,185.16,0,27
SUB102249,2026-04,1.36,154,1,15,260.11,0,27
SUB101442,2026-06,7.44,174,0,17,285.56,0,27
SUB103053,2026-03,36.29,274,2,7,442.56,0,29
SUB100818,2026-02,11.64,331,3,10,152.81,0,28
SUB102183,2026-04,19.43,302,3,13,309.74,0,30
SUB100754,2026-07,12.16,44,1,25,328.18,0,26
SUB100197,2026-03,7.22,212,2,12,294.4,0,29
SUB102735,2026-07,1.29,262,1,13,323.34,0,26
SUB100134,2026-02,12.71,219,2,10,372.58,0,27
SUB100006,2026-06,4.88,193,0,4,308.25,1,30
SUB101986,2026-04,1.53,400,2,8,104.16,0,26
SUB100930,2026-05,0.76,218,1,17,109.01,0,29
SUB101773,2026-06,2.16,203,3,19,152.91,0,27
SUB102263,2026-06,10.83,371,2,9,197.34,0,28
SUB102137,2026-06,13.38,223,2,16,335.56,0,29
SUB100147,2026-04,4.46,219,0,17,247.11,2,28
SUB100257,2026-07,2.25,285,1,11,186.25,0,27
SUB100786,2026-02,6.21,45,2,7,241.95,0,27
SUB100146,2026-06,7.03,83,3,13,411.44,0,29
SUB100957,2026-05,6.46,269,2,1,247.11,0,29
SUB102081,2026-06,13.17,78,3,6,460.11,0,30
SUB102001,2026-07,8.58,95,0,6,326.97,0,27
SUB102387,2026-06,0.81,105,1,4,172.26,0,26
SUB102654,2026-02,6.1,72,1,12,220.66,1,27
SUB102110,2026-07,4.1,148,2,11,146.97,0,27
SUB101612,2026-06,3.88,708,0,5,255.81,0,28
SUB100704,2026-02,2.29,131,4,6,174.23,0,26
SUB101482,2026-02,2.65,314,1,6,158.58,0,26
SUB102463,2026-05,15.2,76,3,10,278.88,0,27
SUB102640,2026-03,7.07,73,2,5,257.98,1,27
SUB101943,2026-03,32.21,319,1,9,566.42,0,27
SUB102300,2026-03,14.19,199,2,7,327.33,0,26
SUB102239,2026-05,11.22,104,2,11,309.82,0,30
SUB102432,2026-05,8.9,731,0,13,401.18,0,30
SUB100670,2026-04,11.85,318,1,14,435.3,0,26
SUB101466,2026-02,11.01,404,1,6,337.0,0,26
SUB102541,2026-06,9.88,445,3,19,201.38,0,30
SUB103140,2026-06,7.46,308,2,10,400.42,0,28
SUB103193,2026-02,13.33,130,1,8,397.53,0,26
SUB100192,2026-06,1.19,109,1,8,138.37,0,29
SUB102943,2026-06,36.16,313,5,9,574.74,0,27
SUB101235,2026-04,23.2,647,0,11,601.59,0,30
SUB100632,2026-02,1.29,63,1,12,134.09,1,28
SUB102205,2026-04,1.91,365,1,13,231.96,0,27
SUB100997,2026-05,0.95,505,4,6,149.33,0,30
SUB102946,2026-06,11.91,263,2,8,245.6,0,30
SUB102500,2026-04,14.22,178,3,14,378.28,0,26
SUB101181,2026-06,3.78,211,1,3,267.57,0,27
SUB100559,2026-04,6.25,248,2,10,241.23,0,30
SUB100257,2026-02,2.47,276,0,5,169.09,1,28
SUB101975,2026-07,11.55,384,6,10,246.9,0,29
SUB101637,2026-02,6.24,280,1,11,208.29,0,30
SUB101531,2026-03,5.4,376,2,12,352.09,0,30
SUB100145,2026-03,13.78,125,1,16,351.96,0,26
SUB101141,2026-02,20.25,244,1,4,405.89,1,28
SUB100664,2026-03,12.0,121,2,11,480.86,0,28
SUB100558,2026-02,2.08,36,2,10,226.65,0,30
SUB101628,2026-07,12.9,343,1,8,270.96,1,30
SUB100651,2026-03,9.99,194,2,19,280.01,0,26
SUB100560,2026-03,9.28,324,1,4,415.65,1,26
SUB102512,2026-06,8.07,480,3,7,257.94,0,27
SUB100172,2026-07,1.02,862,4,4,89.62,0,29
SUB101136,2026-05,7.44,1191,1,18,187.76,0,29
SUB101518,2026-03,7.08,114,2,15,236.47,0,29
SUB101934,2026-06,8.14,98,4,17,239.56,0,26
SUB102823,2026-02,5.58,56,1,9,281.2,0,29
SUB102847,2026-03,12.12,731,1,8,338.07,0,27
SUB102935,2026-05,4.85,177,1,14,200.47,0,28
SUB100850,2026-06,7.49,93,1,13,151.82,0,30
SUB100243,2026-06,13.7,487,4,12,516.5,0,27
SUB102095,2026-05,3.37,193,2,24,199.7,0,26
SUB102967,2026-07,9.62,353,2,2,265.37,1,28
SUB100993,2026-05,1.11,91,3,5,283.28,0,28
SUB100880,2026-04,14.54,153,1,13,389.99,1,29
SUB100837,2026-03,1.19,57,4,3,218.96,0,26
SUB101044,2026-06,9.6,110,5,19,180.17,0,28
SUB102521,2026-03,0.72,356,2,12,303.88,0,26
SUB102042,2026-04,18.52,216,0,17,369.0,0,26
SUB100891,2026-07,10.86,511,3,11,419.98,0,30
SUB103018,2026-07,17.18,177,0,3,309.86,0,27
SUB100375,2026-03,1.06,135,4,7,178.07,0,30
SUB102083,2026-07,6.78,160,4,9,201.72,0,29
SUB101281,2026-07,4.89,148,2,11,133.99,0,29
SUB101258,2026-03,5.82,313,3,11,217.94,0,29
SUB100717,2026-06,0.53,44,1,15,69.77,0,29
SUB102151,2026-06,1.1,275,1,18,131.84,0,26
SUB102369,2026-02,11.34,59,1,14,242.28,0,26
SUB101494,2026-04,4.92,261,0,11,240.46,0,27
SUB102937,2026-04,8.78,105,0,8,347.68,0,30
SUB102287,2026-07,1.23,141,3,15,113.57,0,26
SUB101964,2026-07,2.68,399,2,10,140.46,0,29
SUB101584,2026-04,44.33,293,2,11,567.02,0,27
SUB100277,2026-02,1.3,57,4,10,91.68,0,26
SUB101699,2026-07,16.6,330,2,6,364.26,0,28
SUB100148,2026-07,8.17,15,2,7,271.09,0,27
SUB100628,2026-02,13.49,38,4,10,485.19,0,27
SUB101294,2026-02,1.1,325,3,12,268.82,0,27
SUB102696,2026-05,4.23,100,2,10,263.2,0,26
SUB102107,2026-05,1.48,394,2,8,135.56,0,26
SUB101424,2026-04,16.74,131,1,11,381.0,0,27
SUB101938,2026-04,10.28,235,4,7,265.0,1,27
SUB102922,2026-06,6.35,258,1,5,152.78,0,26
SUB102011,2026-05,8.41,383,2,4,160.63,0,27
SUB102676,2026-02,3.23,279,4,17,177.77,0,30
SUB100249,2026-03,10.25,151,2,12,494.23,1,30
SUB102408,2026-04,5.36,292,1,3,344.62,0,29
SUB100912,2026-02,7.24,283,3,6,289.72,0,26
SUB100214,2026-03,4.31,70,2,16,154.22,0,29
SUB102620,2026-04,1.51,122,3,15,128.28,0,30
SUB102186,2026-06,5.52,122,0,10,140.7,0,27
SUB100291,2026-04,17.42,78,4,8,506.74,0,30
SUB102987,2026-04,15.57,50,2,8,358.77,0,30
SUB101514,2026-07,16.34,78,4,9,473.89,0,27
SUB100617,2026-05,9.47,457,1,10,376.22,0,30
SUB101253,2026-06,13.7,179,2,11,287.89,0,27
SUB101777,2026-06,19.16,306,0,17,323.41,0,27
SUB102694,2026-05,13.71,324,4,12,391.82,0,28
SUB103078,2026-07,5.9,183,2,13,209.88,0,27
SUB100251,2026-04,9.8,172,2,10,336.42,0,30
SUB100306,2026-07,15.97,215,2,12,341.37,0,29
SUB100959,2026-06,19.85,632,3,3,380.71,0,27
SUB101625,2026-07,7.86,403,2,5,266.06,0,27
SUB101726,2026-07,5.99,171,2,16,164.03,1,26
SUB101850,2026-07,2.92,188,3,13,216.2,1,26
SUB103109,2026-07,1.84,287,1,17,72.12,0,27
SUB100438,2026-04,3.46,429,1,7,,0,29
SUB100968,2026-03,6.57,407,1,12,299.32,0,29
SUB100172,2026-03,1.17,898,2,9,87.48,0,30
SUB100590,2026-07,2.95,544,2,18,288.65,0,29
SUB101561,2026-06,6.9,438,4,11,143.64,0,28
SUB100728,2026-02,0.34,40,2787,20,156.39,0,30
SUB102141,2026-03,10.16,249,2,11,198.9,0,27
SUB101123,2026-06,5.92,429,2,14,281.86,0,29
SUB102268,2026-04,11.9,391,4,9,218.61,0,29
SUB101384,2026-05,5.39,319,0,12,136.43,0,28
SUB102568,2026-05,17.27,328,3,5,436.83,0,29
SUB101431,2026-02,22.65,183,2,11,374.76,1,28
SUB102995,2026-06,0.99,252,0,10,168.18,0,30
SUB101888,2026-03,47.39,389,3,10,616.81,0,28
SUB102059,2026-03,19.07,84,0,3,295.75,0,29
SUB100445,2026-07,3.94,94,2,16,124.46,0,30
SUB101212,2026-02,17.63,247,1,15,344.19,0,27
SUB102989,2026-06,1.85,380,4,16,177.65,1,27
SUB102307,2026-06,2.09,269,3,11,93.4,0,26
SUB100329,2026-04,2.21,238,4,12,127.22,0,30
SUB100509,2026-05,8.36,752,3,12,319.79,0,26
SUB102448,2026-07,6.9,513,2,11,342.18,0,27
SUB102699,2026-06,4.9,89,2,10,292.68,0,30
SUB101987,2026-04,17.91,111,4,8,536.18,0,29
SUB102606,2026-06,4.82,92,1,11,166.26,0,29
SUB101405,2026-05,0.57,286,1,9,104.15,0,26
SUB102096,2026-07,2.78,80,0,17,183.1,0,30
SUB102651,2026-06,6.84,138,3,14,108.72,0,28
SUB101671,2026-05,7.61,273,1,17,248.64,0,27
SUB101172,2026-06,2.99,381,2,10,313.87,0,30
SUB101937,2026-05,22.98,57,3,12,354.15,0,30
SUB100146,2026-04,7.89,199,2,27,383.96,0,30
SUB101864,2026-04,11.8,138,3,7,266.4,0,29
SUB102057,2026-07,15.71,139,2,5,402.21,0,26
SUB100737,2026-02,0.91,159,2,13,71.41,0,30
SUB101958,2026-02,11.64,358,0,9,315.15,1,29
SUB102593,2026-04,5.22,269,1,6,332.51,0,26
SUB100905,2026-06,6.56,351,1,19,211.09,0,28
SUB102786,2026-02,21.4,326,2,8,446.91,0,26
SUB103130,2026-06,4.45,471,2,6,181.51,0,26
SUB100130,2026-03,12.31,304,1,15,411.55,0,28
SUB100389,2026-03,5.65,402,1,2,223.97,0,29
SUB101591,2026-02,0.94,133,1,7,192.01,0,26
SUB101676,2026-06,11.18,248,4,16,355.82,0,27
SUB101487,2026-05,6.63,196,1,12,285.79,0,27
SUB102166,2026-06,5.52,763,1,14,160.05,0,27
SUB100625,2026-04,4.64,579,6,7,220.56,1,28
SUB102339,2026-04,8.78,247,3,6,200.57,0,30
SUB101825,2026-03,11.38,98,2,11,380.65,0,28
SUB102438,2026-04,4.17,382,3,6,173.5,0,29
SUB100168,2026-06,5.21,237,2,15,150.46,0,30
SUB101554,2026-06,7.69,52,0,6,136.55,0,27
SUB102144,2026-07,13.97,255,3,4,340.53,0,26
SUB100760,2026-05,33.85,415,2,13,587.27,1,27
SUB102728,2026-04,3.66,113,2,11,83.92,0,30
SUB100521,2026-06,4.89,28,3,12,105.67,1,28
SUB101091,2026-07,4.99,699,1,10,224.85,0,28
SUB100708,2026-04,25.31,338,3,3,467.42,0,28
SUB100454,2026-05,15.02,400,3,7,198.3,0,26
SUB100937,2026-07,10.12,265,3,11,308.41,0,30
SUB100119,2026-02,5.8,20,3,13,130.0,0,26
SUB102128,2026-06,5.95,463,3,13,356.5,0,29
SUB101887,2026-02,7.41,223,1,12,234.03,2,27
SUB100141,2026-06,4.4,220,4,6,302.95,0,28
SUB101894,2026-06,26.21,295,2,12,257.46,0,28
SUB102332,2026-02,23.83,246,1,10,378.96,0,27
SUB101066,2026-06,18.27,213,0,14,275.47,0,29
SUB100036,2026-07,2.49,38,2,11,106.32,0,27
SUB101150,2026-03,11.4,620,0,4,298.6,0,29
SUB100421,2026-07,13.51,68,2,12,267.38,0,26
SUB102785,2026-05,5.69,114,3,7,250.69,0,29
SUB100014,2026-05,1.05,355,4,17,298.22,0,29
SUB101806,2026-02,6.47,73,0,3,212.59,0,27
SUB100931,2026-02,5.74,17,4,15,172.14,0,30
SUB100822,2026-07,7.42,223,0,11,222.0,0,26
SUB103173,2026-04,6.72,76,1,14,309.76,0,29
SUB102379,2026-05,5.98,543,4,7,0.0,0,26
SUB102685,2026-06,4.18,234,2,11,116.9,1,28
SUB100275,2026-07,1.47,601,4,12,147.52,0,27
SUB100883,2026-05,0.93,233,3,17,191.81,0,26
SUB102172,2026-04,8.38,551,4,5,210.03,0,30
SUB100318,2026-06,20.88,191,5,11,312.56,2,26
SUB101675,2026-07,9.19,167,2,13,177.1,0,29
SUB101622,2026-03,6.12,236,3,16,193.86,0,27
SUB102348,2026-02,1.57,311,0,19,124.99,0,30
SUB100007,2026-05,4.72,122,2,9,214.46,0,30
SUB103185,2026-06,8.06,36,1,8,235.54,0,26
SUB101723,2026-02,14.88,100,5,8,334.5,0,28
SUB100573,2026-02,10.39,249,2,6,267.4,0,29
SUB100471,2026-02,18.38,71,3,5,313.68,0,26
SUB101462,2026-07,1.69,139,2,9,212.78,1,26
SUB100637,2026-03,2.23,319,2,7,84.5,0,27
SUB101961,2026-06,12.89,12,2,9,269.93,0,27
SUB103196,2026-07,2.69,236,1,6,212.17,0,27
SUB102803,2026-03,1.12,78,4,4,296.38,0,28
SUB100017,2026-07,6.71,52,1,8,101.74,0,26
SUB100756,2026-06,2.45,425,1,5,264.59,0,28
SUB101390,2026-05,17.3,50,3,14,312.94,0,26
SUB101691,2026-02,6.59,1322,2,3,560.1,0,29
SUB103045,2026-02,10.08,277,1,8,422.9,0,29
SUB100979,2026-07,9.53,345,0,3,252.55,0,27
SUB100293,2026-05,5.8,92,2,6,218.55,0,26
SUB101302,2026-03,7.96,487,0,13,225.65,0,26
SUB100102,2026-03,4.49,284,2,5,191.35,0,27
SUB100130,2026-05,12.49,266,3,13,470.98,1,30
SUB102665,2026-07,20.72,203,2,17,365.92,0,26
SUB102217,2026-04,1.65,101,2,17,140.1,0,28
SUB100339,2026-07,14.96,394,1,6,473.29,0,28
SUB102350,2026-02,0.08,46,3561,9,259.59,0,27
SUB102230,2026-07,1.68,210,2,12,129.56,0,28
SUB102316,2026-04,2.74,177,2,21,228.98,0,29
SUB101162,2026-06,10.75,53,1,6,290.7,0,28
SUB102342,2026-03,5.61,344,2,6,218.11,0,27
SUB100789,2026-05,7.17,144,1,9,178.31,0,27
SUB102422,2026-03,26.65,555,3,17,434.9,2,27
SUB100661,2026-06,3.69,182,6,4,138.11,0,27
SUB100846,2026-03,6.61,117,4,6,177.89,0,28
SUB101131,2026-05,1.6,65,3,7,190.44,0,28
SUB102570,2026-07,3.68,85,4,12,289.05,0,30
SUB100998,2026-02,8.36,357,3,7,216.0,0,28
SUB100467,2026-07,5.56,230,3,8,237.43,0,30
SUB100008,2026-05,19.23,113,3,13,425.64,0,28
SUB100576,2026-07,4.67,772,2,7,221.75,0,30
SUB102531,2026-07,2.84,218,1,9,157.25,1,27
SUB100113,2026-02,0.26,35,6269,9,235.8,0,30
SUB102742,2026-02,7.34,429,2,11,325.12,0,29
SUB101280,2026-04,11.33,914,4,16,281.69,0,29
SUB100429,2026-03,14.02,286,2,10,345.63,0,29
SUB100144,2026-05,6.5,354,4,7,282.25,0,28
SUB102562,2026-06,3.24,121,0,8,225.19,0,28
SUB101119,2026-05,1.69,500,5,7,73.37,1,26
SUB102106,2026-04,9.05,280,1,10,249.03,0,28
SUB100825,2026-03,6.91,467,1,6,169.78,0,27
SUB103091,2026-04,25.55,349,1,4,373.77,1,30
SUB103142,2026-05,1.49,39,3,3,244.74,0,30
SUB101509,2026-04,19.22,283,0,12,234.74,0,30
SUB102237,2026-05,15.03,288,2,6,312.14,0,30
SUB103099,2026-06,6.13,121,1,12,185.39,0,27
SUB101100,2026-06,0.2,51,4994,13,280.15,0,27
SUB100137,2026-06,10.63,177,3,9,305.6,0,30
SUB100935,2026-07,11.98,153,3,15,272.43,0,26
SUB103056,2026-06,1.13,107,3,5,298.14,1,30
SUB101478,2026-06,7.78,153,4,15,156.72,0,26
SUB100460,2026-07,13.32,280,3,12,333.99,0,29
SUB102203,2026-02,1.04,873,1,8,308.47,0,29
SUB101767,2026-06,6.01,320,3,17,191.13,0,27
SUB103089,2026-05,4.13,167,2,9,177.13,0,30
SUB101615,2026-04,4.67,486,3,19,220.26,0,30
SUB101574,2026-06,5.47,314,2,13,187.7,0,29
SUB100746,2026-07,4.76,108,5,5,162.89,0,27
SUB102374,2026-05,4.79,269,6,10,299.17,0,30
SUB100189,2026-07,9.0,152,1,11,230.31,1,30
SUB102703,2026-02,5.88,160,2,12,229.76,0,30
SUB100987,2026-07,13.18,437,2,14,187.6,0,29
SUB102141,2026-04,10.83,177,2,16,168.76,0,29
SUB100228,2026-02,19.01,185,2,6,356.46,0,27
SUB102440,2026-05,8.84,417,3,9,187.34,0,28
SUB102251,2026-07,1.71,354,1,14,191.0,0,27
SUB102362,2026-04,13.96,283,0,6,335.23,0,30
SUB100489,2026-02,3.69,192,1,3,115.2,0,26
SUB103169,2026-04,11.84,362,1,5,412.48,0,30
SUB103030,2026-03,6.6,205,1,6,325.5,0,26
SUB101613,2026-05,14.78,211,4,14,243.2,0,30
SUB100750,2026-06,7.02,364,2,9,281.3,0,27
SUB101875,2026-02,18.57,103,3,13,392.21,0,30
SUB101843,2026-05,5.18,87,2,10,183.21,0,29
SUB100348,2026-05,5.0,151,3,14,163.29,0,29
SUB100983,2026-02,6.11,234,6,9,244.9,0,26
SUB101816,2026-04,1.93,336,0,10,111.94,0,27
SUB103018,2026-05,24.67,191,0,9,399.46,0,26
SUB100125,2026-07,5.6,145,2,10,227.12,0,26
SUB102916,2026-07,5.26,718,4,11,199.92,0,30
SUB100442,2026-05,10.18,633,0,14,250.34,0,27
SUB102449,2026-02,1.75,457,1,5,178.03,0,29
SUB100592,2026-04,3.89,234,4,8,423.3,0,30
SUB102305,2026-06,1.16,400,1,14,96.42,0,30
SUB100303,2026-03,1.29,198,2,7,173.31,0,30
SUB102925,2026-02,14.57,310,3,10,344.76,0,26
SUB101733,2026-03,0.85,129,1,13,187.34,0,28
SUB100790,2026-03,1.6,425,4,9,186.1,1,29
SUB100324,2026-02,13.48,163,2,13,287.08,0,30
SUB100918,2026-04,29.36,29,2,9,531.33,0,26
SUB100238,2026-07,8.21,217,1,9,266.08,0,29
SUB100969,2026-07,1.75,244,2,10,270.84,0,26
SUB101972,2026-02,10.01,101,0,4,403.66,0,30
SUB100067,2026-07,7.55,263,4,10,220.1,0,28
SUB101093,2026-04,17.79,305,2,4,394.71,0,26
SUB102493,2026-02,7.94,75,2,11,104.47,0,28
SUB100234,2026-05,11.57,48,3,13,185.3,0,30
SUB102545,2026-02,12.23,93,1,19,228.25,0,30
SUB100527,2026-04,8.79,72,1,5,242.22,0,30
SUB102208,2026-03,10.6,113,1,17,263.5,0,28
SUB101686,2026-02,17.44,188,3,4,324.28,1,28
SUB100038,2026-06,18.55,293,0,8,157.35,0,28
SUB100886,2026-05,9.4,235,0,12,324.7,0,27
SUB102002,2026-07,6.83,280,1,28,213.18,0,27
SUB100409,2026-04,5.45,311,2,3,362.2,0,29
SUB101698,2026-06,27.2,162,2,2,386.46,0,30
SUB102405,2026-06,6.2,96,3,5,357.03,0,29
SUB101609,2026-07,11.4,93,0,9,206.09,0,27
SUB100447,2026-06,11.8,50,2,18,339.74,0,27
SUB100482,2026-03,4.93,221,1,11,141.24,0,28
SUB102221,2026-04,1.04,232,1,13,108.9,0,29
SUB102336,2026-05,19.12,209,1,16,309.33,0,28
SUB102279,2026-05,3.23,583,3,21,143.87,0,27
SUB101197,2026-04,2.23,116,1,12,253.26,1,29
SUB102099,2026-04,1.81,51,2,6,167.22,1,29
SUB101062,2026-05,5.94,170,5,3,209.34,1,28
SUB100007,2026-04,4.54,335,3,12,162.41,0,27
SUB100745,2026-04,1.04,132,2,18,192.94,0,29
SUB103186,2026-03,11.56,1209,1,8,260.01,0,29
SUB102674,2026-03,18.84,150,2,20,531.27,0,30
SUB101627,2026-03,5.79,119,2,9,148.01,1,28
SUB100185,2026-02,11.94,68,5,13,360.33,0,27
SUB102354,2026-07,22.02,195,0,5,365.94,1,26
SUB100785,2026-04,19.55,250,1,11,473.61,0,28
SUB101429,2026-03,8.37,116,4,11,201.76,0,28
SUB101268,2026-06,14.27,349,1,17,352.84,1,27
SUB101181,2026-05,2.9,155,3,6,290.19,0,30
SUB102635,2026-04,5.56,525,2,8,184.46,0,29
SUB101869,2026-06,17.8,179,3,13,,0,28
SUB100363,2026-06,6.15,73,1,11,150.87,0,30
SUB100218,2026-07,1.86,187,1,11,230.66,0,30
SUB101158,2026-04,7.7,618,4,6,248.48,0,27
SUB101092,2026-03,25.57,894,3,8,356.88,0,27
SUB100707,2026-05,13.97,94,1,5,,0,26
SUB100584,2026-06,50.84,400,1,16,0.0,2,30
SUB100544,2026-02,12.22,328,1,18,388.02,1,28
SUB101737,2026-05,1.1,180,1,21,162.6,0,29
SUB101025,2026-02,8.7,226,2,6,307.29,0,29
SUB102922,2026-05,5.84,130,0,9,150.63,1,29
SUB100321,2026-04,7.26,192,4,14,0.0,0,27
SUB103119,2026-06,19.91,344,3,20,415.02,0,29
SUB101608,2026-06,1.67,150,1,11,143.52,0,27
SUB101409,2026-04,2.8,707,1,8,121.26,0,30
SUB100361,2026-06,19.49,280,2,14,386.23,0,30
SUB100737,2026-05,0.99,286,0,10,64.92,0,27
SUB103051,2026-05,2.47,59,2,6,201.45,0,27
SUB102993,2026-02,1.13,382,5,10,83.52,0,26
SUB102110,2026-02,3.83,139,2,6,173.04,0,30
SUB101968,2026-04,9.74,139,3,8,190.69,0,29
SUB102994,2026-06,2.0,140,0,18,176.4,0,28
SUB100553,2026-06,16.27,101,2,13,375.3,0,27
SUB101391,2026-06,1.28,156,2,6,168.71,0,28
SUB100268,2026-04,13.2,492,0,9,344.92,0,30
SUB100431,2026-06,9.55,191,5,14,247.34,0,29
SUB101188,2026-06,4.46,98,6,7,97.28,0,30
SUB102700,2026-05,6.8,58,1,10,273.77,0,30
SUB101528,2026-02,3.32,346,3,8,246.13,0,26
SUB101229,2026-07,1.55,114,4,4,65.33,0,28
SUB101435,2026-04,5.59,284,1,23,292.56,0,27
SUB102885,2026-02,12.22,514,1,7,219.68,0,28
SUB100302,2026-05,6.74,139,0,9,234.03,0,27
SUB102811,2026-04,6.39,364,2,7,248.16,1,28
SUB102423,2026-04,8.91,109,0,16,167.63,0,30
SUB100399,2026-04,14.22,118,6,10,421.6,0,30
SUB103115,2026-04,2.5,148,0,10,256.37,0,27
SUB101934,2026-07,8.05,194,4,18,265.07,0,28
SUB101430,2026-04,12.12,142,2,14,259.16,0,28
SUB101333,2026-02,7.6,238,2,16,285.65,0,28
SUB100181,2026-06,12.61,153,2,14,351.86,0,29
SUB101858,2026-02,2.05,7,2,4,110.78,0,27
SUB101495,2026-04,7.82,203,5,20,185.71,1,30
SUB101271,2026-04,8.46,112,1,8,232.06,0,26
SUB100255,2026-06,5.66,175,1,7,179.22,0,29
SUB102105,2026-04,1.17,317,4,13,284.91,0,26
SUB100176,2026-06,11.12,295,4,5,229.43,0,27
SUB102722,2026-02,12.71,130,2,13,309.74,0,29
SUB103152,2026-06,2.23,194,1,18,103.97,0,26
SUB100406,2026-02,5.8,358,1,4,234.81,1,29
SUB101792,2026-07,8.17,148,1,12,261.65,0,27
SUB102131,2026-06,2.74,232,4,15,178.91,0,26
SUB101134,2026-02,5.3,52,3,9,214.92,0,30
SUB101997,2026-04,2.11,81,1,11,93.47,0,28
SUB101044,2026-03,11.93,87,3,13,206.06,0,27
SUB102313,2026-05,0.86,245,3,6,130.3,0,26
SUB100206,2026-07,5.31,64,0,9,236.42,0,27
SUB102090,2026-07,9.77,323,3,3,112.72,0,28
SUB101105,2026-07,4.41,184,2,17,111.51,0,26
SUB101015,2026-07,2.35,168,4,14,120.48,0,26
SUB101985,2026-06,5.35,100,2,9,204.92,0,26
SUB101719,2026-06,23.83,186,0,11,391.79,0,27
SUB100137,2026-04,16.42,139,1,6,267.75,0,30
SUB100352,2026-05,7.4,297,3,14,330.87,0,28
SUB102120,2026-02,12.22,176,4,4,553.55,0,30
SUB103141,2026-06,12.52,285,2,11,337.29,1,27
SUB100897,2026-05,6.31,298,1,9,172.98,0,30
SUB101382,2026-02,1.78,223,2,7,157.55,0,26
SUB101903,2026-07,2.24,487,1,10,287.51,0,30
SUB100875,2026-02,16.45,422,3,13,325.62,0,26
SUB100254,2026-06,0.82,135,1,16,162.56,1,28
SUB100980,2026-06,15.62,92,1,20,377.83,1,26
SUB100780,2026-02,4.78,187,2,3,228.89,0,30
SUB100945,2026-03,3.48,138,3,13,233.88,0,29
SUB102645,2026-02,1.37,226,2,8,135.53,0,28
SUB102004,2026-05,25.3,366,1,7,428.59,1,28
SUB102834,2026-04,12.01,315,4,10,342.92,0,30
SUB103029,2026-03,18.36,250,1,18,254.82,0,27
SUB101054,2026-02,4.52,160,0,18,182.57,0,29
SUB101532,2026-02,3.45,153,4,17,152.68,0,28
SUB102072,2026-02,27.19,74,1,4,352.54,0,29
SUB100766,2026-06,11.93,504,1,11,390.76,0,28
SUB100788,2026-06,2.51,223,1,5,109.48,0,30
SUB100601,2026-06,5.05,193,1,9,65.25,0,30
SUB100201,2026-07,50.68,193,4,16,612.92,0,28
SUB100599,2026-02,5.24,159,0,13,257.43,0,30
SUB100445,2026-06,7.97,95,2,17,139.89,0,27
SUB102257,2026-06,6.34,377,1,13,315.85,0,28
SUB100350,2026-07,0.82,376,4,6,198.15,0,28
SUB101622,2026-04,3.89,251,0,14,219.11,0,27
SUB100333,2026-07,14.35,285,1,19,340.36,0,29
SUB103107,2026-07,6.22,227,2,6,216.05,0,29
SUB102719,2026-02,3.77,349,1,13,175.39,0,30
SUB102761,2026-04,6.75,140,1,12,245.25,0,28
SUB101593,2026-04,10.93,125,1,8,168.63,0,29
SUB100981,2026-06,4.51,106,2,4,196.27,0,27
SUB100013,2026-04,21.61,223,3,11,385.0,0,27
SUB102104,2026-06,6.08,65,2,11,,1,28
SUB102040,2026-05,15.08,730,2,12,510.57,0,30
SUB103025,2026-04,11.47,303,4,16,239.27,0,27
SUB102398,2026-07,9.77,70,2,9,340.31,0,30
SUB101652,2026-02,7.11,196,2,8,250.46,0,26
SUB102320,2026-05,13.74,343,5,11,234.0,0,29
SUB100346,2026-02,16.3,42,0,9,394.17,0,30
SUB103137,2026-05,5.16,96,1,16,217.38,0,27
SUB101896,2026-05,12.65,291,1,12,245.9,0,29
SUB101319,2026-05,8.47,741,1,7,388.27,0,27
SUB101859,2026-04,28.95,93,4,5,600.28,1,26
SUB102996,2026-02,8.99,308,0,13,152.14,0,30
SUB102223,2026-03,28.56,292,1,13,367.05,0,27
SUB103083,2026-05,0.17,20,4856,7,198.45,0,30
SUB100673,2026-03,6.08,700,4,9,144.38,0,26
SUB102610,2026-02,7.28,196,5,12,294.63,1,27
SUB102833,2026-07,12.85,341,2,12,391.26,0,26
SUB102678,2026-02,3.45,177,1,10,206.53,1,29
SUB102954,2026-02,11.47,118,0,7,314.44,0,30
SUB101688,2026-07,2.8,368,2,14,164.5,0,30
SUB101075,2026-04,9.52,76,0,17,274.49,0,26
SUB100896,2026-02,10.98,96,5,11,290.36,0,26
SUB101892,2026-07,6.87,169,3,8,300.41,0,27
SUB100986,2026-05,7.06,123,0,10,257.15,1,30
SUB101593,2026-03,8.89,269,3,10,172.66,0,26
SUB100115,2026-04,10.33,18,1,17,185.42,0,29
SUB102696,2026-03,4.65,194,5,14,270.31,0,27
SUB102518,2026-07,21.42,580,4,14,344.32,0,29
SUB102916,2026-05,3.65,402,2,5,217.74,0,29
SUB100377,2026-03,11.19,114,2,5,396.54,0,27
SUB101091,2026-03,5.5,371,3,13,235.98,0,28
SUB102375,2026-04,3.11,1030,2,10,231.63,1,30
SUB102814,2026-03,12.37,137,3,14,416.76,0,29
SUB102091,2026-05,9.62,178,1,1,353.66,0,27
SUB102346,2026-03,2.05,28,2,7,276.53,0,29
SUB100408,2026-02,14.83,123,1,10,409.85,0,28
SUB102225,2026-07,7.37,136,1,17,226.94,0,29
SUB101862,2026-06,16.66,219,1,13,232.08,0,27
SUB101003,2026-05,33.04,118,1,14,415.2,0,26
SUB103185,2026-04,15.47,35,4,3,264.19,0,28
SUB102464,2026-05,16.27,265,2,11,414.78,0,30
SUB101940,2026-04,4.43,316,1,7,176.92,0,29
SUB101399,2026-04,4.2,132,1,19,92.34,0,27
SUB102833,2026-02,11.39,354,1,13,394.16,1,27
SUB101534,2026-02,11.19,99,0,5,224.17,0,28
SUB102690,2026-03,10.66,900,3,10,266.18,0,28
SUB100779,2026-07,3.77,85,0,10,158.97,0,28
SUB101673,2026-04,12.52,236,4,16,179.89,0,28
SUB101133,2026-04,1.59,112,3,7,169.22,0,30
SUB100459,2026-03,5.74,352,1,5,256.39,0,27
SUB102282,2026-06,13.89,415,0,13,278.93,0,28
SUB102542,2026-04,5.47,377,2,17,196.17,0,30
SUB101201,2026-04,4.44,77,3,7,245.47,0,29
SUB101941,2026-07,6.47,178,3,6,274.46,0,26
SUB101065,2026-06,5.1,191,2,3,175.89,0,26
SUB102531,2026-04,3.11,131,0,8,206.07,0,30
SUB100793,2026-07,13.96,357,1,15,432.9,0,29
SUB102483,2026-05,5.02,85,0,25,289.58,0,30
SUB100860,2026-06,31.6,252,1,10,506.76,0,28
SUB102781,2026-05,16.82,413,2,10,422.07,0,29
SUB102071,2026-02,1.95,83,0,28,96.88,0,28
SUB101793,2026-04,2.24,108,0,9,171.48,0,29
SUB100445,2026-02,9.54,116,1,12,154.52,0,29
SUB101443,2026-07,9.8,118,3,21,325.66,0,26
SUB100039,2026-02,35.14,704,0,9,427.96,0,27
SUB100274,2026-06,0.82,136,1,13,262.48,0,26
SUB100564,2026-06,3.56,375,1,11,138.99,0,29
SUB101115,2026-05,6.01,363,0,4,303.74,1,29
SUB100470,2026-07,25.96,134,1,16,406.39,0,27
SUB100879,2026-07,5.33,159,2,12,267.23,0,28
SUB101372,2026-07,10.3,255,3,11,227.08,0,26
SUB101422,2026-07,5.68,132,1,10,154.91,0,27
SUB101497,2026-07,28.27,222,3,10,364.51,0,27
SUB100403,2026-02,3.81,201,1,18,271.66,0,26
SUB101617,2026-06,13.35,67,2,12,318.12,0,28
SUB102211,2026-05,8.36,214,1,7,234.88,0,27
SUB101185,2026-04,9.73,65,2,4,142.97,0,27
SUB101188,2026-07,3.65,176,0,3,106.74,0,26
SUB103131,2026-03,6.85,91,2,8,239.39,1,28
SUB100805,2026-07,6.41,270,4,8,250.21,0,30
SUB101105,2026-02,3.77,200,1,9,130.01,0,30
SUB101288,2026-06,3.23,95,1,12,233.36,0,30
SUB102926,2026-05,4.6,96,1,16,241.55,0,26
SUB100507,2026-04,5.91,151,3,18,411.38,0,28
SUB102351,2026-07,9.83,132,3,20,167.18,0,30
SUB101692,2026-06,0.75,383,2,7,138.74,0,26
SUB100068,2026-05,4.62,102,0,5,287.2,0,29
SUB101732,2026-04,7.87,290,1,9,406.45,0,30
SUB100922,2026-05,6.08,187,2,6,174.61,0,27
SUB101171,2026-05,19.3,105,3,8,418.43,0,26
SUB100488,2026-05,6.43,538,2,5,288.05,0,30
SUB101216,2026-02,48.66,580,0,8,615.61,0,29
SUB102168,2026-05,3.08,390,2,14,208.28,0,28
SUB101684,2026-02,4.39,78,2,12,322.23,0,28
SUB100653,2026-03,20.2,223,5,5,388.34,1,26
SUB103101,2026-04,2.47,33,3,5,138.33,0,28
SUB102802,2026-06,27.54,116,2,15,335.77,0,29
SUB103172,2026-04,4.23,55,1,12,81.35,0,30
SUB100856,2026-06,12.39,276,1,8,295.17,0,27
SUB101571,2026-02,6.65,60,0,7,197.52,0,30
SUB100843,2026-02,1.81,952,4,9,302.32,0,26
SUB100378,2026-07,2.43,210,1,11,346.82,0,29
SUB101902,2026-06,6.7,216,0,9,252.42,0,26
SUB100606,2026-02,6.83,323,0,7,217.69,0,27
SUB100178,2026-06,31.92,332,1,10,529.79,1,30
SUB100975,2026-04,1.84,393,2,10,202.99,0,27
SUB101564,2026-04,5.54,107,1,9,279.76,0,30
SUB102342,2026-02,6.44,559,1,9,204.85,0,26
SUB102184,2026-02,20.64,440,1,13,468.55,0,30
SUB100247,2026-07,6.68,208,1,7,153.21,0,30
SUB101301,2026-07,3.96,131,2,4,369.1,0,28
SUB102455,2026-05,4.94,52,2,11,250.6,0,29
SUB101119,2026-07,0.9,547,1,8,92.98,0,27
SUB102948,2026-06,5.36,13,1,9,244.66,0,26
SUB102635,2026-02,8.59,635,1,8,221.38,0,30
SUB100549,2026-04,14.37,127,1,10,371.9,0,26
SUB100930,2026-07,0.54,171,0,15,100.52,0,28
SUB101026,2026-04,1.33,165,1,12,80.62,0,30
SUB101362,2026-07,2.52,607,5,3,159.34,0,27
SUB100351,2026-02,8.16,72,2,14,220.79,0,30
SUB101523,2026-05,3.24,90,2,11,224.54,0,30
SUB101985,2026-02,5.91,89,1,11,197.74,1,28
SUB100835,2026-07,7.83,332,2,11,294.18,0,29
SUB100121,2026-02,10.19,233,2,10,300.14,0,27
SUB103002,2026-03,12.37,67,4,12,326.03,0,28
SUB100907,2026-03,10.31,214,3,18,329.13,0,28
SUB100696,2026-07,19.09,212,3,10,346.12,0,29
SUB102403,2026-05,5.53,192,2,8,280.71,0,27
SUB102880,2026-04,7.41,123,4,10,433.38,0,30
SUB101724,2026-02,5.36,510,2,11,154.27,0,29
SUB100622,2026-04,12.58,44,3,9,253.94,0,30
SUB102924,2026-06,2.72,88,2,15,222.55,0,26
SUB100138,2026-04,22.59,185,1,17,,0,30
SUB101209,2026-06,8.76,230,3,7,319.4,0,30
SUB102425,2026-03,36.96,119,1,12,440.5,1,26
SUB101790,2026-02,1.38,390,3,10,93.16,0,30
SUB102507,2026-05,22.13,593,1,10,508.35,0,26
SUB101058,2026-04,1.04,328,4,16,284.54,0,27
SUB100652,2026-07,1.42,354,2,13,179.85,0,28
SUB100339,2026-06,18.27,203,0,6,405.82,0,26
SUB102210,2026-04,3.36,143,2,19,235.31,0,28
SUB100826,2026-07,16.24,443,1,8,355.37,0,28
SUB101496,2026-06,1.91,81,2,15,110.86,0,28
SUB100876,2026-04,11.89,558,3,6,338.55,0,29
SUB102176,2026-02,7.64,343,3,4,378.25,0,29
SUB102930,2026-07,0.65,134,4,11,198.79,0,29
SUB102122,2026-06,15.59,107,1,11,523.37,0,27
SUB100664,2026-06,15.47,109,0,10,425.33,0,27
SUB102266,2026-02,6.31,415,3,7,128.68,0,28
SUB100410,2026-06,46.23,378,1,12,778.44,1,28
SUB101247,2026-07,1.03,34,2,7,235.87,2,26
SUB102991,2026-07,17.5,874,2,12,437.48,0,28
SUB102677,2026-02,6.75,98,2,14,200.06,0,29
SUB101962,2026-02,10.03,130,1,5,137.46,0,27
SUB100598,2026-07,9.66,356,4,5,345.38,0,27
SUB101566,2026-02,7.72,129,2,12,136.87,0,30
SUB101497,2026-06,24.12,223,1,6,271.87,0,28
SUB101931,2026-05,10.11,808,1,12,338.47,0,27
SUB101770,2026-04,1.28,186,2,14,273.32,0,30
SUB101835,2026-06,8.15,174,2,5,478.89,0,27
SUB101166,2026-02,1.46,222,3,9,181.75,0,26
SUB101742,2026-03,5.13,655,3,2,203.92,0,29
SUB100798,2026-02,15.32,99,4,13,268.23,1,30
SUB101621,2026-06,2.11,113,1,15,202.58,0,26
SUB102160,2026-04,1.24,524,1,17,92.22,0,26
SUB103054,2026-04,10.07,312,2,15,483.36,0,28
SUB102877,2026-05,7.08,72,2,6,220.87,0,27
SUB101383,2026-02,5.79,68,2,9,178.54,0,29
SUB100475,2026-07,19.63,337,5,7,518.55,0,29
SUB101292,2026-03,7.62,279,1,8,180.45,0,27
SUB102333,2026-04,4.91,286,1,12,371.34,0,30
SUB101825,2026-05,9.5,80,2,9,367.97,0,28
SUB100568,2026-03,23.3,84,1,9,360.5,0,30
SUB101279,2026-02,3.22,174,1,11,143.76,0,27
SUB102027,2026-05,6.52,81,4,5,192.8,0,26
SUB102263,2026-04,12.48,255,2,11,178.3,0,28
SUB101837,2026-05,10.71,108,0,11,324.74,0,28
SUB101152,2026-04,1.74,279,1,11,279.11,0,27
SUB101481,2026-07,6.31,98,1,2,147.24,0,29
SUB100051,2026-07,11.37,247,4,7,212.59,0,29
SUB100883,2026-03,0.98,191,0,14,168.83,0,30
SUB102221,2026-03,0.75,209,2,21,120.73,0,27
SUB101497,2026-02,20.49,222,6,10,287.37,0,27
SUB101599,2026-06,5.94,499,1,15,156.43,1,30
SUB103136,2026-05,3.71,532,1,5,187.27,0,26
SUB101533,2026-05,3.13,199,4,13,284.88,0,28
SUB101838,2026-04,0.81,120,1,6,143.72,0,26
SUB100398,2026-03,13.49,710,1,9,205.58,0,29
SUB102755,2026-04,1.68,85,1,10,246.01,0,29
SUB100944,2026-07,5.72,368,1,6,445.14,1,29
SUB102367,2026-04,1.8,639,1,12,214.34,0,28
SUB101551,2026-05,14.54,1106,2,12,431.5,0,28
SUB100362,2026-05,1.61,281,1,2,251.69,0,26
SUB100114,2026-03,4.81,81,3,10,191.33,0,28
SUB102692,2026-03,2.03,65,1,4,198.47,0,29
SUB101225,2026-07,0.67,442,0,14,187.18,0,28
SUB100443,2026-02,8.14,261,0,11,324.62,0,28
SUB103154,2026-05,0.66,23,2,10,261.6,0,29
SUB101714,2026-06,12.85,414,1,1,236.27,0,26
SUB102243,2026-02,1.72,177,4,11,255.77,0,30
SUB101754,2026-02,0.96,109,3,8,253.49,0,27
SUB101674,2026-06,1.53,135,2,6,171.71,0,30
SUB100060,2026-03,3.51,193,2,7,146.71,0,29
SUB101365,2026-02,16.46,288,4,10,335.13,0,28
SUB102961,2026-04,1.3,303,5,10,170.07,1,29
SUB101433,2026-07,14.16,413,1,11,354.25,0,30
SUB101300,2026-05,2.87,377,2,7,153.82,0,28
SUB103000,2026-05,17.17,488,2,18,619.23,0,27
SUB100225,2026-02,1.06,373,4,6,123.97,0,26
SUB100844,2026-04,0.88,298,4,17,178.64,0,29
SUB102192,2026-03,13.49,101,3,13,207.93,0,28
SUB100272,2026-03,6.47,187,2,8,262.67,0,28
SUB100867,2026-04,4.43,135,4,13,137.55,0,30
SUB102278,2026-02,4.94,321,1,11,173.23,0,27
SUB101619,2026-02,1.76,526,0,4,167.42,0,30
SUB102364,2026-07,2.0,177,1,10,199.21,0,28
SUB102838,2026-06,0.93,250,1,23,83.17,0,26
SUB102892,2026-07,2.33,534,3,15,196.11,0,28
SUB100686,2026-07,13.1,218,2,14,387.32,0,28
SUB102138,2026-07,5.66,229,2,14,572.44,0,30
SUB101287,2026-02,8.95,181,2,11,270.07,0,30
SUB102749,2026-03,9.66,96,0,14,185.6,0,27
SUB100558,2026-07,1.19,54,3,8,246.48,0,29
SUB101079,2026-05,3.27,342,5,9,156.67,0,29
SUB102424,2026-07,1.31,283,2,5,213.98,0,29
SUB100402,2026-05,6.84,351,2,14,284.89,0,29
SUB100904,2026-04,16.73,374,1,9,344.08,0,30
SUB100191,2026-03,21.52,166,4,13,379.66,0,30
SUB102692,2026-02,1.79,87,0,6,207.24,0,26
SUB103070,2026-07,2.48,136,2,13,223.28,0,29
SUB102466,2026-07,6.59,339,3,14,349.35,0,27
SUB101005,2026-03,3.92,151,0,3,214.2,0,29
SUB102421,2026-06,7.52,239,1,8,288.25,0,28
SUB102846,2026-07,1.44,109,1,14,75.01,0,26
SUB101646,2026-07,14.05,236,0,11,372.59,0,30
SUB101003,2026-03,46.3,180,0,9,468.47,0,27
SUB102455,2026-07,7.73,62,3,11,243.21,0,28
SUB102797,2026-02,1.06,126,4,11,228.28,0,30
SUB101836,2026-07,12.93,227,0,14,443.13,0,29
SUB100311,2026-02,7.55,189,0,15,183.56,0,27
SUB102542,2026-03,7.82,270,6,18,220.34,0,27
SUB101281,2026-06,7.12,118,2,10,153.67,0,29
SUB102140,2026-02,21.93,53,1,8,342.12,0,27
SUB102558,2026-05,3.16,134,2,17,240.19,0,30
SUB101127,2026-05,3.06,285,2,17,261.06,0,30
SUB100552,2026-02,7.74,297,1,18,179.6,0,28
SUB101214,2026-06,10.51,191,2,14,249.88,0,30
SUB103149,2026-07,6.31,307,0,10,170.29,0,29
SUB102784,2026-04,22.17,203,1,10,461.54,0,27
SUB100423,2026-07,8.03,170,2,7,277.32,0,26
SUB103155,2026-03,6.11,118,0,16,206.9,0,28
SUB101083,2026-05,60.09,314,2,9,833.54,0,30
SUB102058,2026-05,8.95,53,2,3,302.65,0,30
SUB101950,2026-03,4.7,239,1,10,111.31,0,26
SUB101542,2026-02,0.86,244,2,12,128.56,0,28
SUB100684,2026-07,9.86,204,3,24,277.84,0,30
SUB100047,2026-03,5.86,713,3,15,224.51,0,28
SUB100750,2026-02,13.9,300,3,2,310.61,0,27
SUB100422,2026-06,4.43,270,4,21,153.46,0,29
SUB100138,2026-06,18.85,144,2,17,377.15,0,26
SUB102602,2026-04,7.75,63,1,12,254.94,0,27
SUB102451,2026-04,7.66,155,1,12,258.98,0,28
SUB100487,2026-03,4.93,131,6,12,244.28,0,29
SUB102814,2026-02,16.41,172,2,18,382.88,0,26
SUB101297,2026-07,9.72,282,4,16,199.58,0,28
SUB102039,2026-04,4.22,129,2,16,280.29,0,27
SUB100441,2026-02,14.14,46,4,12,486.12,0,30
SUB102782,2026-07,5.6,318,1,12,264.42,0,28
SUB101036,2026-06,6.66,308,2,11,225.71,0,27
SUB101005,2026-04,8.09,137,2,6,299.18,0,30
SUB102344,2026-04,1.85,294,4,9,107.61,0,27
SUB102939,2026-02,7.24,35,3,18,208.32,0,29
SUB100556,2026-02,13.51,66,3,10,350.18,0,29
SUB100267,2026-03,7.38,59,3,5,351.34,0,28
SUB101839,2026-04,5.11,174,3,5,306.73,0,27
SUB102282,2026-02,11.59,408,2,14,260.29,0,26
SUB101183,2026-04,10.45,169,1,15,393.95,0,27
SUB100777,2026-05,6.44,97,5,3,171.1,0,30
SUB100913,2026-03,0.79,210,3,9,176.82,0,27
SUB103067,2026-03,1.25,440,2,12,93.45,0,26
SUB101769,2026-05,4.64,137,1,11,239.01,2,30
SUB100128,2026-03,11.05,243,3,8,348.72,0,30
SUB101256,2026-06,15.78,212,4,13,350.31,0,30
SUB101690,2026-03,19.83,157,3,9,344.63,0,29
SUB102461,2026-02,6.47,329,0,12,0.0,0,29
SUB100047,2026-05,6.81,425,2,8,265.91,1,27
SUB103167,2026-07,8.19,246,3,11,241.12,0,29
SUB103190,2026-04,3.42,166,1,4,286.3,0,29
SUB100626,2026-03,0.98,112,2,14,232.64,0,29
SUB101149,2026-06,7.51,169,1,4,378.34,0,28
SUB101542,2026-04,1.24,289,0,12,129.9,0,27
SUB101134,2026-04,4.59,76,2,7,248.55,0,26
SUB101900,2026-03,18.6,320,1,7,302.72,0,28
SUB100633,2026-07,11.49,170,1,15,244.81,0,29
SUB102993,2026-07,1.32,366,5,15,81.93,0,30
SUB102179,2026-05,6.17,180,1,7,137.79,0,27
SUB101798,2026-07,9.11,530,0,9,359.97,0,28
SUB101711,2026-07,21.65,223,2,9,410.95,0,29
SUB100721,2026-06,18.95,220,4,5,504.99,0,29
SUB100941,2026-07,1.13,504,0,12,266.96,0,27
SUB102302,2026-03,19.63,26,2,11,275.15,0,29
SUB100691,2026-03,1.53,109,5,3,115.9,1,28
SUB100358,2026-02,7.27,146,3,7,368.32,1,26
SUB100116,2026-05,12.78,194,2,15,340.88,0,27
SUB100444,2026-03,11.93,210,5,12,265.76,0,28
SUB103021,2026-02,6.28,153,2,18,214.55,0,26
SUB102860,2026-06,1.29,190,2,24,58.36,0,29
SUB101805,2026-03,2.66,387,0,8,210.47,0,26
SUB102810,2026-02,4.18,198,3,13,0.0,0,29
SUB101578,2026-03,6.7,202,0,9,349.12,0,27
SUB100933,2026-04,14.47,181,2,9,424.71,0,29
SUB102495,2026-04,1.48,45,3,7,108.28,0,27
SUB103028,2026-03,5.38,414,1,8,277.46,0,28
SUB101261,2026-07,16.85,387,3,12,243.71,0,26
SUB102300,2026-04,12.4,318,0,21,390.32,2,26
SUB102261,2026-03,17.14,137,2,14,401.18,0,30
SUB100517,2026-04,1.4,125,3,10,149.46,0,29
SUB101752,2026-03,11.47,28,4,20,288.25,0,27
SUB101454,2026-05,9.97,161,2,8,215.0,0,30
SUB101196,2026-05,5.97,109,2,9,147.43,0,28
SUB101701,2026-07,9.47,148,1,6,155.32,0,27
SUB101623,2026-07,1.96,152,0,7,164.83,0,26
SUB103147,2026-05,1.14,350,1,8,144.22,1,29
SUB100260,2026-04,6.82,371,4,6,243.68,0,27
SUB102624,2026-07,11.69,208,4,7,243.7,0,26
SUB100625,2026-07,8.64,711,2,10,237.46,0,26
SUB101869,2026-05,13.72,222,1,13,334.84,0,30
SUB102406,2026-05,2.73,225,4,12,155.25,0,28
SUB102290,2026-03,11.16,183,2,15,243.51,0,29
SUB103117,2026-03,14.95,229,2,14,514.27,1,29
SUB102250,2026-05,0.53,278,3,9,190.49,0,26
SUB100667,2026-04,2.23,87,2,11,238.5,0,28
SUB101054,2026-05,5.73,196,1,11,175.42,0,27
SUB102530,2026-02,8.49,361,0,6,257.51,0,27
SUB102944,2026-07,1.21,79,1,11,70.62,0,26
SUB101544,2026-02,6.15,563,2,10,171.3,0,26
SUB102313,2026-06,0.86,218,3,5,118.11,0,26
SUB100126,2026-06,12.53,36,1,14,243.22,0,26
SUB100793,2026-06,8.89,381,1,13,441.01,0,27
SUB101343,2026-05,10.32,401,1,12,286.39,0,26
SUB103052,2026-06,11.1,288,2,19,362.16,0,26
SUB101907,2026-03,11.51,323,2,13,374.04,0,26
SUB101439,2026-02,8.54,307,2,5,318.69,0,27
SUB100765,2026-07,8.95,282,6,15,172.34,0,27
SUB101205,2026-02,13.62,160,2,11,241.31,0,30
SUB101434,2026-04,0.47,37,4074,20,253.92,1,27
SUB101520,2026-07,1.4,60,2,9,145.97,0,27
SUB100291,2026-02,31.3,62,2,12,548.74,0,29
SUB102291,2026-05,1.21,117,0,26,167.8,0,27
SUB102989,2026-07,1.45,488,1,18,162.11,1,30
SUB101791,2026-02,11.23,452,2,5,400.36,0,29
SUB101527,2026-02,6.64,192,2,10,158.89,0,30
SUB100935,2026-06,12.5,275,1,8,289.68,0,28
SUB100995,2026-06,1.19,485,2,13,240.96,0,26
SUB102328,2026-03,17.08,58,1,11,278.21,0,27
SUB101847,2026-06,0.79,232,3,15,126.42,0,27
SUB101423,2026-04,1.62,329,2,13,192.39,0,26
SUB101474,2026-02,1.84,298,1,10,178.54,0,29
SUB100844,2026-06,0.42,449,2,14,169.51,0,27
SUB100128,2026-02,9.86,353,0,10,288.58,0,29
SUB101287,2026-04,9.1,123,3,15,336.49,0,26
SUB102321,2026-04,21.93,685,1,18,337.62,0,29
SUB101231,2026-07,1.18,168,3,26,129.16,0,26
SUB102888,2026-02,11.48,130,1,15,157.0,1,30
SUB101414,2026-04,7.55,112,3,9,260.96,0,28
SUB100313,2026-06,1.23,145,2,17,196.97,0,26
SUB101645,2026-03,13.62,403,1,12,272.61,0,26
SUB101491,2026-04,6.19,81,2,9,288.09,1,28
SUB101103,2026-07,11.94,149,0,11,288.32,0,27
SUB102462,2026-06,8.78,384,0,7,232.24,0,26
SUB101946,2026-05,14.29,59,2,5,239.66,0,26
SUB102912,2026-06,5.08,94,2,9,113.46,0,28
SUB102662,2026-02,3.87,131,2,10,268.36,0,26
SUB101681,2026-04,9.44,576,2,19,285.91,0,30
SUB101193,2026-04,19.38,331,0,7,389.99,0,30
SUB100840,2026-06,1.18,338,1,8,94.26,0,28
SUB101745,2026-04,5.33,28,2,17,242.45,0,30
SUB100246,2026-07,19.02,262,2,7,409.26,0,30
SUB101608,2026-02,1.15,164,0,9,149.81,0,30
SUB100066,2026-04,8.87,142,2,7,354.44,0,30
SUB100772,2026-03,8.07,83,4,11,187.34,0,30
SUB103107,2026-04,7.71,107,2,11,231.09,0,28
SUB102758,2026-02,1.35,262,2,12,196.22,0,26
SUB101702,2026-04,10.59,20,1,13,152.9,0,30
SUB101567,2026-06,6.05,196,3,11,194.64,0,29
SUB102521,2026-07,0.77,351,2,12,321.23,0,30
SUB100354,2026-04,0.79,425,0,10,188.35,0,28
SUB101750,2026-02,8.19,167,0,7,154.16,0,26
SUB100231,2026-02,4.03,84,2,18,117.72,0,26
SUB103004,2026-07,5.78,136,3,13,145.67,0,29
SUB101462,2026-03,1.36,139,2,5,194.28,0,29
SUB100828,2026-03,5.07,89,0,13,232.7,0,26
SUB100198,2026-05,12.55,95,0,11,293.83,0,28
SUB100085,2026-05,7.84,193,3,14,193.0,0,26
SUB101338,2026-04,3.9,101,1,11,147.65,0,29
SUB100922,2026-04,4.72,178,2,6,178.01,0,27
SUB101784,2026-02,3.83,104,3,5,83.84,0,27
SUB100455,2026-02,11.55,217,2,28,204.84,0,26
SUB102098,2026-05,9.04,553,1,9,352.9,0,30
SUB100109,2026-02,15.83,60,1,7,314.66,0,26
SUB102850,2026-04,11.83,92,1,6,315.66,0,26
SUB100231,2026-05,4.55,123,1,12,111.51,0,29
SUB102184,2026-07,22.09,422,1,16,384.08,0,26
SUB100458,2026-06,7.75,47,4,15,202.39,0,27
SUB103035,2026-04,10.4,282,0,11,168.86,0,29
SUB101829,2026-03,12.58,162,3,14,171.87,0,27
SUB102908,2026-04,2.18,210,4,11,216.51,0,26
SUB100962,2026-04,7.96,210,3,16,183.38,0,27
SUB101807,2026-07,5.34,289,1,11,257.73,1,29
SUB102689,2026-03,11.87,64,3,9,290.62,0,30
SUB103133,2026-05,2.52,743,0,16,168.16,0,26
SUB100782,2026-04,3.18,132,2,22,270.57,0,30
SUB103141,2026-05,14.84,354,2,10,342.89,0,28
SUB100775,2026-07,12.43,270,3,12,325.8,0,26
SUB101454,2026-07,7.32,116,3,5,228.3,0,28
SUB102984,2026-06,9.27,57,2,0,202.02,0,27
SUB100232,2026-07,12.04,73,3,12,332.91,0,26
SUB101992,2026-03,0.55,26,5,11,206.93,0,29
SUB100315,2026-04,21.95,434,2,11,399.64,1,27
SUB101339,2026-07,19.78,242,3,14,298.61,0,27
SUB100357,2026-07,10.34,105,1,8,362.53,0,26
SUB100573,2026-04,6.73,389,4,8,,1,27
SUB101843,2026-07,5.47,137,3,10,170.92,0,30
SUB100436,2026-03,6.36,171,2,8,212.45,0,26
SUB101237,2026-04,19.32,188,0,6,470.1,0,27
SUB100018,2026-04,6.06,606,1,8,294.81,0,29
SUB103135,2026-03,1.33,147,3,3,105.45,0,27
SUB100233,2026-04,5.94,206,1,12,177.9,0,30
SUB100072,2026-07,1.94,598,1,9,246.61,1,26
SUB101856,2026-07,14.01,79,1,6,365.3,0,27
SUB102959,2026-06,1.25,95,1,13,166.08,0,26
SUB101216,2026-07,31.96,451,2,15,541.79,0,26
SUB102436,2026-02,4.77,39,3,24,146.14,0,30
SUB101868,2026-07,5.53,156,0,6,333.6,0,26
SUB101912,2026-04,10.5,272,2,8,171.5,0,29
SUB101852,2026-02,8.01,275,1,13,282.38,0,27
SUB102472,2026-04,8.76,192,4,7,202.92,0,28
SUB100799,2026-06,7.87,212,1,12,418.99,0,30
SUB101705,2026-03,1.0,111,4,9,79.12,1,28
SUB101599,2026-04,5.88,407,1,12,150.56,1,28
SUB101567,2026-03,5.51,195,0,13,183.55,0,29
SUB102937,2026-06,12.42,102,1,8,389.04,0,29
SUB101589,2026-07,10.94,266,2,10,285.25,0,27
SUB101305,2026-07,4.63,100,3,7,324.37,0,28
SUB101386,2026-02,26.15,175,3,7,441.89,0,28
SUB101745,2026-03,7.0,38,1,12,247.36,0,29
SUB102765,2026-03,5.14,242,3,6,298.71,0,26
SUB100100,2026-02,21.43,87,1,18,487.65,0,30
SUB101931,2026-03,9.03,625,0,5,258.1,0,30
SUB103016,2026-05,5.35,159,3,25,194.13,0,27
SUB100790,2026-05,1.17,299,0,8,180.37,0,28
SUB102612,2026-06,17.7,39,2,24,269.53,0,29
SUB101643,2026-02,12.89,216,0,14,295.78,0,27
SUB102468,2026-04,10.29,140,1,9,393.4,0,26
SUB100258,2026-02,22.45,511,1,23,486.5,1,27
SUB100653,2026-04,17.44,222,3,9,411.24,0,27
SUB101475,2026-05,1.08,386,2,12,260.1,0,27
SUB102312,2026-03,2.11,101,3,8,228.95,0,27
SUB102562,2026-05,4.41,87,1,6,259.67,0,30
SUB102729,2026-02,4.67,125,0,11,169.88,1,27
SUB102590,2026-05,1.0,101,4,6,173.86,0,30
SUB100166,2026-07,5.29,73,5,15,288.75,0,27
SUB100536,2026-03,6.91,586,5,15,296.89,0,29
SUB102395,2026-04,10.08,461,2,8,259.76,0,30
SUB103093,2026-02,9.1,134,1,17,439.02,0,29
SUB100180,2026-06,8.01,51,0,15,165.55,0,28
SUB102818,2026-04,6.82,298,2,8,240.77,0,29
SUB102249,2026-06,1.23,113,2,16,188.57,0,27
SUB102722,2026-03,14.53,347,6,7,333.06,0,29
SUB100160,2026-04,10.62,89,1,6,160.81,0,27
SUB101348,2026-02,22.11,282,2,12,450.11,0,30
SUB100765,2026-04,5.79,197,1,12,153.37,0,29
SUB101696,2026-06,17.43,170,5,18,311.3,0,29
SUB101199,2026-07,12.55,215,1,11,316.57,0,28
SUB101228,2026-07,4.48,252,1,13,259.42,0,27
SUB103107,2026-05,8.87,195,5,9,230.84,0,28
SUB101568,2026-06,17.45,335,3,7,233.48,0,28
SUB100118,2026-04,17.11,208,1,13,362.22,0,26
SUB100279,2026-06,1.85,327,0,1,195.09,0,28
SUB100240,2026-06,24.73,70,1,8,490.2,0,28
SUB102689,2026-06,8.96,35,2,11,259.81,0,28
SUB101719,2026-07,17.34,195,2,12,361.34,0,27
SUB102277,2026-06,7.39,25,1,19,349.66,1,26
SUB102687,2026-05,20.06,93,1,8,459.07,0,30
SUB101722,2026-02,14.1,337,3,22,503.0,0,29
SUB100996,2026-05,4.76,199,0,14,214.45,0,26
SUB102551,2026-04,15.02,228,1,8,291.02,0,28
SUB102534,2026-07,5.52,400,1,4,239.47,0,29
SUB101986,2026-03,2.63,489,1,20,98.12,0,30
SUB101059,2026-02,7.05,101,3,7,416.3,1,28
SUB100050,2026-07,7.0,279,0,17,301.17,0,28
SUB101807,2026-02,4.69,160,2,6,236.44,0,29
SUB101914,2026-02,7.19,303,5,20,199.4,1,26
SUB102775,2026-05,10.8,342,4,9,256.71,0,29
SUB101275,2026-07,16.41,241,3,7,430.25,0,28
SUB100106,2026-04,6.52,88,0,6,169.03,0,26
SUB103174,2026-03,1.63,127,3,9,175.67,0,27
SUB100862,2026-06,7.33,330,2,10,217.25,0,28
SUB101569,2026-02,10.17,95,2,7,252.45,0,26
SUB101324,2026-06,5.28,236,1,16,203.63,0,28
SUB100062,2026-03,10.24,236,1,8,281.37,0,30
SUB101251,2026-04,11.86,456,3,12,266.22,0,30
SUB102885,2026-03,9.52,674,1,4,236.47,0,27
SUB102057,2026-06,8.98,190,1,7,376.49,0,30
SUB102614,2026-06,12.02,1139,4,26,306.48,0,27
SUB102550,2026-06,4.08,109,1,20,187.61,0,27
SUB102267,2026-05,0.13,39,4551,12,254.05,0,28
SUB101221,2026-06,7.33,1283,2,7,306.5,0,27
SUB100787,2026-04,16.82,374,3,6,270.56,0,28
SUB100824,2026-07,8.05,145,1,12,496.61,0,29
SUB101605,2026-02,9.49,192,0,16,234.81,0,30
SUB100263,2026-05,5.27,288,5,10,148.81,0,30
SUB100372,2026-06,6.92,553,3,9,378.8,0,26
SUB100108,2026-06,10.06,831,2,10,176.31,0,26
SUB100190,2026-05,3.16,268,1,5,164.05,0,30
SUB101407,2026-02,9.97,227,4,9,423.71,0,27
SUB101832,2026-04,3.34,296,1,14,178.24,0,28
SUB100814,2026-02,13.07,344,4,9,340.67,0,30
SUB102102,2026-03,9.92,80,1,11,290.97,0,28
SUB102082,2026-04,7.01,139,4,12,210.25,1,26
SUB102349,2026-04,3.99,462,2,9,167.14,0,28
SUB101653,2026-04,14.32,293,1,7,243.9,0,26
SUB100673,2026-04,5.56,655,5,8,124.37,0,29
SUB100510,2026-07,9.38,135,2,12,230.56,0,26
SUB100199,2026-07,15.36,201,1,10,239.13,0,26
SUB102007,2026-06,5.35,114,3,14,141.86,0,27
SUB102773,2026-06,11.6,124,3,15,195.95,0,28
SUB102649,2026-05,4.52,244,0,11,134.62,0,26
SUB102785,2026-07,4.97,103,4,7,196.63,0,30
SUB101974,2026-06,4.2,259,2,11,222.46,0,28
SUB101419,2026-06,14.25,250,2,8,434.9,0,29
SUB100750,2026-07,11.06,244,6,7,306.4,0,30
SUB100875,2026-07,15.41,359,2,18,394.92,0,26
SUB101962,2026-07,14.67,101,1,9,167.65,0,29
SUB101748,2026-03,4.9,712,0,10,316.61,0,27
SUB101505,2026-03,6.11,45,3,10,392.05,0,28
SUB100463,2026-05,15.89,624,2,16,512.89,1,28
SUB102835,2026-07,2.79,189,0,18,164.05,0,28
SUB101118,2026-02,8.6,150,3,8,239.72,0,30
SUB101077,2026-05,10.23,209,0,16,260.92,0,26
SUB101965,2026-06,2.01,188,1,6,156.29,0,30
SUB101406,2026-04,1.59,78,4,12,79.91,0,26
SUB101828,2026-04,4.99,76,2,4,308.48,0,27
SUB100147,2026-02,5.05,195,2,17,225.78,0,30
SUB100535,2026-03,13.16,481,2,6,309.29,0,27
SUB101610,2026-03,2.57,182,1,1,163.47,0,28
SUB102123,2026-03,22.82,350,2,10,566.48,0,27
SUB102095,2026-02,4.63,114,1,18,182.69,0,30
SUB102477,2026-04,0.76,258,2,18,71.15,1,28
SUB101010,2026-02,10.1,261,1,9,281.08,0,29
SUB101471,2026-02,18.62,358,2,9,276.57,0,27
SUB102754,2026-05,10.2,25,1,15,275.23,1,30
SUB102812,2026-05,18.04,32,3,8,478.68,0,26
SUB102855,2026-05,20.57,197,1,24,491.53,0,27
SUB102188,2026-05,19.04,140,5,4,474.62,0,27
SUB101382,2026-04,1.18,279,3,6,195.83,0,26
SUB102897,2026-04,20.79,465,2,10,332.67,0,30
SUB100284,2026-04,10.07,143,3,7,261.49,0,30
SUB102287,2026-06,1.37,97,2,13,101.6,0,26
SUB100671,2026-03,2.4,398,2,12,114.88,0,29
SUB101744,2026-06,13.29,308,4,6,286.47,0,29
SUB100177,2026-07,3.58,81,2,7,193.37,0,27
SUB100391,2026-02,10.42,30,4,12,344.83,0,28
SUB102102,2026-02,11.0,105,0,8,270.95,0,29
SUB102977,2026-02,1.81,147,0,5,101.13,1,30
SUB101729,2026-06,7.34,475,0,12,182.78,0,27
SUB102666,2026-04,9.12,190,1,18,266.69,0,29
SUB100343,2026-05,19.99,150,0,12,382.73,0,27
SUB101001,2026-04,17.95,495,2,12,432.38,0,27
SUB102467,2026-03,6.48,139,2,14,251.78,0,30
SUB102934,2026-04,1.89,59,2,8,119.2,0,28
SUB100336,2026-07,6.34,216,3,13,225.24,0,27
SUB102195,2026-06,10.31,385,4,16,257.6,0,29
SUB100823,2026-03,5.81,326,1,11,146.55,0,29
SUB100057,2026-06,4.47,428,2,17,212.08,1,30
SUB100031,2026-05,13.04,126,4,9,266.06,0,27
SUB100738,2026-03,19.22,191,1,11,340.15,0,27
SUB100025,2026-05,1.74,503,2,4,246.18,0,30
SUB102208,2026-02,16.75,80,0,14,280.92,0,26
SUB102035,2026-07,2.22,792,3,7,169.54,0,29
SUB100658,2026-07,16.31,240,2,3,302.93,0,28
SUB102143,2026-04,17.62,48,2,10,370.17,0,26
SUB100268,2026-06,10.5,390,4,16,337.68,0,27
SUB101927,2026-07,14.61,248,4,20,272.45,0,28
SUB101771,2026-07,16.98,401,2,11,252.62,0,28
SUB100734,2026-03,19.01,101,3,17,414.91,0,30
SUB100764,2026-02,14.65,86,4,11,237.68,0,28
SUB100890,2026-03,6.3,276,2,4,280.08,0,29
SUB102265,2026-05,14.83,80,2,10,533.6,0,28
SUB102050,2026-05,8.13,557,2,13,396.0,0,29
SUB102212,2026-07,5.46,81,1,9,282.63,0,29
SUB100850,2026-05,5.12,169,3,14,154.29,0,29
SUB102715,2026-04,8.11,51,1,9,379.19,0,29
SUB100970,2026-04,10.31,67,2,6,330.92,0,27
SUB102566,2026-03,3.14,69,1,21,141.18,0,27
SUB100248,2026-05,4.46,355,2,23,169.47,0,27
SUB102077,2026-06,44.0,417,0,12,549.79,0,30
SUB103081,2026-07,1.4,226,3,10,93.54,0,27
SUB101269,2026-07,37.67,212,3,16,473.22,0,28
SUB100771,2026-03,6.08,31,1,11,89.66,0,30
SUB100822,2026-06,8.05,307,1,7,210.06,0,29
SUB102006,2026-07,4.85,366,2,24,124.35,0,28
SUB101438,2026-04,1.52,627,2,9,209.96,0,29
SUB101326,2026-03,10.4,77,2,9,327.04,0,30
SUB101189,2026-05,1.21,169,3,10,,0,28
SUB102617,2026-04,1.83,138,1,5,163.93,0,30
SUB101324,2026-03,6.27,214,4,18,146.38,0,30
SUB101559,2026-05,2.5,184,2,7,176.62,0,29
SUB103081,2026-04,1.3,344,1,10,102.72,1,30
SUB102812,2026-06,19.05,57,2,11,490.79,0,27
SUB101032,2026-06,6.17,303,2,9,238.09,0,26
SUB102894,2026-04,1.15,179,0,15,141.67,0,29
SUB102898,2026-02,4.59,366,1,8,287.26,0,26
SUB101327,2026-04,20.39,67,3,6,413.46,0,28
SUB100727,2026-04,8.44,683,2,12,258.04,0,29
SUB102981,2026-03,1.07,312,3,14,288.58,0,28
SUB100496,2026-04,4.01,560,1,14,272.19,0,27
SUB100064,2026-05,1.86,199,1,21,112.21,0,27
SUB100330,2026-04,9.71,519,1,10,282.69,0,26
SUB102832,2026-05,14.07,169,2,8,256.06,0,27
SUB103053,2026-02,35.01,303,5,4,416.0,0,28
SUB102274,2026-04,2.04,302,4,8,203.53,0,30
SUB101987,2026-07,17.07,75,4,4,578.4,0,30
SUB100977,2026-07,9.28,219,1,9,306.49,0,27
SUB100457,2026-06,13.35,380,3,8,342.52,0,28
SUB102916,2026-02,3.73,442,3,10,230.22,0,29
SUB100655,2026-06,6.35,535,4,7,314.29,0,30
SUB101099,2026-02,8.69,184,0,11,311.2,0,27
SUB102719,2026-04,6.95,120,6,11,203.2,0,30
SUB101889,2026-03,2.35,59,2,12,313.44,0,26
SUB102765,2026-07,5.84,253,3,7,306.97,0,29
SUB102801,2026-02,24.41,184,2,19,556.43,0,26
SUB101290,2026-05,0.88,148,3,11,122.72,0,26
SUB102483,2026-03,6.81,139,1,18,269.08,0,26
SUB101328,2026-05,5.15,198,2,13,207.4,0,26
SUB100609,2026-02,15.26,162,4,14,191.72,0,28
SUB100929,2026-03,14.31,345,3,11,256.38,0,29
SUB102574,2026-04,6.07,876,5,6,291.13,0,27
SUB100767,2026-02,10.11,124,1,6,273.74,1,26
SUB102561,2026-07,10.17,166,4,19,218.94,0,29
SUB100488,2026-02,9.77,280,3,9,324.05,0,29
SUB101934,2026-05,6.64,120,2,21,211.74,0,28
SUB100101,2026-05,11.69,308,3,15,316.65,0,27
SUB101157,2026-07,13.8,461,2,11,165.34,0,27
SUB102391,2026-04,0.87,45,2,5,112.2,1,26
SUB101310,2026-03,8.16,72,0,18,190.99,0,28
SUB100841,2026-03,2.43,443,2,15,158.55,0,29
SUB102425,2026-02,25.21,89,6,9,473.43,0,27
SUB102664,2026-05,28.23,198,2,9,328.44,1,27
SUB100373,2026-02,7.32,134,2,4,94.54,0,27
SUB101916,2026-03,9.05,222,2,14,195.31,0,28
SUB100594,2026-06,4.75,99,6,5,180.44,0,28
SUB102919,2026-04,1.39,47,2,14,220.26,1,28
SUB101848,2026-05,16.4,395,2,7,372.37,0,27
SUB100552,2026-03,8.13,222,5,12,,0,30
SUB101211,2026-03,9.5,181,1,16,238.16,0,30
SUB102956,2026-07,5.43,70,2,5,208.01,0,28
SUB102867,2026-04,1.97,108,5,14,133.74,0,26
SUB102679,2026-05,5.87,169,0,28,335.53,1,27
SUB102044,2026-03,26.51,226,2,7,434.68,1,26
SUB102307,2026-05,2.97,173,0,20,82.34,0,28
SUB102359,2026-04,10.32,299,2,7,286.12,0,30
SUB100713,2026-06,4.02,178,4,13,157.87,0,27
SUB102424,2026-06,2.07,648,2,5,191.84,0,30
SUB103064,2026-05,1.97,160,2,7,125.83,0,28
SUB100342,2026-06,4.59,66,2,8,144.19,0,26
SUB101725,2026-02,4.79,524,3,19,200.2,0,29
SUB101405,2026-02,0.63,492,1,13,125.85,0,29
SUB100036,2026-04,2.45,98,3,10,116.28,0,27
SUB101939,2026-06,14.87,147,0,11,270.82,0,28
SUB101379,2026-02,8.22,209,5,12,325.81,0,27
SUB100293,2026-02,3.16,83,1,6,203.3,0,28
SUB101578,2026-05,12.22,214,2,14,312.43,0,27
SUB101261,2026-03,6.91,378,3,13,245.7,0,28
SUB100336,2026-06,6.54,195,2,13,252.06,0,27
SUB100154,2026-02,2.02,289,3,7,291.71,0,30
SUB100300,2026-07,5.87,158,3,12,199.96,0,29
SUB100711,2026-05,9.05,218,1,15,270.35,0,27
SUB102571,2026-03,1.09,180,0,25,218.09,0,29
SUB100795,2026-03,5.99,190,4,6,249.2,0,29
SUB101638,2026-05,2.5,229,3,11,78.71,0,27
SUB101283,2026-05,38.74,263,2,6,0.0,1,28
SUB103038,2026-04,8.7,306,2,7,191.66,0,30
SUB101713,2026-07,4.08,109,2,11,302.32,0,26
SUB100079,2026-04,13.43,263,4,19,331.19,0,28
SUB102305,2026-04,0.71,376,1,7,95.61,0,27
SUB100970,2026-07,10.06,85,1,5,319.84,0,27
SUB100209,2026-05,5.65,78,1,9,165.91,0,27
SUB101108,2026-03,3.07,98,4,10,194.35,0,26
SUB101133,2026-06,1.96,94,5,12,212.85,0,30
SUB101844,2026-07,23.63,252,1,7,492.66,0,29
SUB101521,2026-02,1.73,165,5,8,173.31,0,28
SUB102314,2026-02,14.15,226,1,6,286.69,0,30
SUB101917,2026-06,28.09,115,1,14,704.21,1,26
SUB102501,2026-03,4.36,189,2,22,192.19,0,27
SUB102031,2026-06,3.46,118,0,17,197.08,0,30
SUB102504,2026-06,3.65,345,2,11,272.94,0,29
SUB102802,2026-05,21.11,169,4,16,407.49,0,27
SUB102351,2026-03,8.61,138,4,9,184.81,0,29
SUB101834,2026-05,7.22,199,1,10,134.89,1,28
SUB102414,2026-04,5.06,299,2,16,339.7,0,29
SUB102270,2026-05,15.88,148,2,9,308.5,0,30
SUB101540,2026-06,9.45,131,0,12,212.32,0,29
SUB100215,2026-05,4.59,103,2,10,158.12,0,29
SUB101677,2026-04,6.29,125,4,7,221.03,0,30
SUB100165,2026-02,19.28,75,2,13,409.53,0,30
SUB101821,2026-07,34.03,47,0,15,437.73,0,28
SUB101122,2026-02,12.24,177,2,12,284.6,0,28
SUB100571,2026-03,16.1,118,2,10,180.93,0,30
SUB100021,2026-03,9.24,327,5,14,191.42,0,30
SUB100347,2026-02,13.62,312,3,13,256.5,0,30
SUB102043,2026-06,6.68,105,0,11,235.65,0,26
SUB101169,2026-03,37.22,263,0,9,550.26,0,27
SUB100328,2026-03,4.45,231,4,10,96.82,0,27
SUB101580,2026-02,1.93,1054,3,15,243.55,0,29
SUB101602,2026-02,3.34,540,2,21,212.06,0,30
SUB101238,2026-07,16.91,780,2,14,534.49,0,29
SUB101107,2026-05,2.31,405,2,14,265.75,0,29
SUB100989,2026-05,5.78,356,1,3,214.09,0,26
SUB100089,2026-02,4.88,117,2,7,166.81,0,26
SUB100913,2026-04,0.89,244,1,7,279.05,0,29
SUB102934,2026-07,1.45,54,4,18,152.0,0,26
SUB101344,2026-02,19.55,531,0,9,335.64,0,29
SUB102146,2026-07,9.98,106,2,3,171.26,0,28
SUB102255,2026-07,5.89,30,2,11,162.0,0,30
SUB101173,2026-06,12.1,263,3,8,337.85,0,29
SUB101298,2026-06,9.47,106,3,10,,0,27
SUB101821,2026-06,41.15,98,3,9,433.82,0,26
SUB102501,2026-07,7.51,146,1,25,200.62,0,27
SUB100959,2026-07,10.23,503,1,8,385.89,0,29
SUB102476,2026-04,3.57,546,1,10,173.1,0,30
SUB102595,2026-07,5.44,76,2,6,193.33,0,26
SUB101647,2026-03,6.85,27,3,18,293.46,0,28
SUB102039,2026-02,5.82,131,4,10,235.52,0,28
SUB100162,2026-03,37.02,434,2,6,604.93,0,29
SUB101775,2026-04,48.31,157,3,19,788.01,1,27
SUB102709,2026-05,3.12,102,2,18,316.66,0,28
SUB101079,2026-02,2.5,243,3,8,134.06,0,26
SUB101598,2026-06,12.61,113,2,7,313.86,0,29
SUB100884,2026-07,8.57,417,3,10,120.24,0,27
SUB101906,2026-07,0.77,58,3,19,94.08,0,30
SUB100908,2026-03,10.41,74,2,6,247.07,1,30
SUB102824,2026-02,2.44,102,3,6,174.21,0,30
SUB103171,2026-06,2.77,18,4,15,115.72,0,26
SUB101214,2026-07,12.7,222,2,12,257.43,0,28
SUB103007,2026-06,2.02,162,1,13,191.69,0,28
SUB103176,2026-03,17.5,199,1,14,95.42,0,27
SUB100544,2026-07,10.36,291,1,11,473.18,0,30
SUB100496,2026-07,5.84,455,2,13,304.37,0,29
SUB101061,2026-07,20.73,80,4,9,522.9,0,28
SUB101440,2026-03,39.96,354,3,7,596.21,1,26
SUB102299,2026-02,1.1,396,1,14,87.71,0,29
SUB101450,2026-05,11.86,189,1,9,284.42,0,29
SUB102307,2026-04,1.51,157,0,13,100.98,0,29
SUB101174,2026-07,40.97,365,0,15,611.19,0,28
SUB102890,2026-06,1.81,128,3,14,101.28,0,27
SUB100704,2026-04,3.32,127,3,16,202.66,0,28
SUB100831,2026-02,0.71,271,2,8,157.73,0,26
SUB102888,2026-05,9.86,145,1,12,170.53,0,30
SUB100141,2026-05,8.78,254,2,11,267.53,0,30
SUB102347,2026-02,3.2,444,1,5,154.7,0,27
SUB100077,2026-07,19.22,73,1,8,184.59,0,27
SUB100089,2026-07,8.3,135,1,10,183.56,0,26
SUB102598,2026-05,18.54,256,2,12,435.3,0,26
SUB100534,2026-04,5.43,59,2,19,100.06,0,28
SUB100410,2026-04,42.61,296,0,9,745.75,1,30
SUB102776,2026-04,6.72,78,2,23,187.85,0,26
SUB101685,2026-06,12.97,372,1,17,438.27,0,26
SUB100700,2026-05,11.53,143,1,12,352.1,0,30
SUB101413,2026-06,5.95,255,1,13,172.23,0,30
SUB100761,2026-04,9.75,185,1,5,212.77,0,28
SUB102296,2026-03,16.54,87,2,9,372.97,0,28
SUB100135,2026-03,9.69,494,2,16,223.17,1,26
SUB102025,2026-05,3.47,280,1,9,265.51,0,26
SUB102169,2026-06,9.63,166,2,12,154.42,0,29
SUB100409,2026-06,5.95,681,3,6,321.29,0,30
SUB102273,2026-05,4.21,87,2,13,134.94,0,26
SUB100543,2026-07,2.44,282,2,3,237.68,0,30
SUB103057,2026-05,17.81,318,1,8,283.68,0,29
SUB100731,2026-04,24.29,36,3,6,435.77,0,29
SUB102148,2026-03,3.31,74,4,15,233.53,0,29
SUB102452,2026-06,9.07,745,2,10,179.72,0,26
SUB100853,2026-06,4.16,443,3,10,182.1,0,27
SUB101050,2026-07,15.93,468,1,9,397.86,0,29
SUB101562,2026-03,3.42,382,1,13,190.1,0,30
SUB102247,2026-03,8.38,151,1,9,277.21,0,27
SUB102702,2026-04,9.01,560,3,5,152.56,0,29
SUB103182,2026-05,6.91,282,3,10,128.33,0,27
SUB101556,2026-03,4.4,180,1,11,263.85,0,29
SUB102377,2026-04,9.06,357,3,4,236.82,0,27
SUB101994,2026-03,16.28,403,0,6,332.94,0,27
SUB100382,2026-07,9.8,215,3,7,164.35,0,28
SUB100984,2026-06,5.09,254,1,5,379.31,0,30
SUB100096,2026-05,1.41,681,5,12,217.82,0,28
SUB102981,2026-06,1.12,191,4,9,252.83,1,27
SUB100280,2026-07,8.38,159,0,12,378.21,0,29
SUB100498,2026-07,10.92,505,1,12,218.79,0,28
SUB101300,2026-06,3.53,506,2,10,151.81,0,28
SUB101712,2026-05,6.12,345,0,12,333.14,0,29
SUB101133,2026-05,1.98,95,4,7,164.37,0,26
SUB101349,2026-05,4.44,342,2,8,379.91,0,27
SUB100679,2026-02,1.2,266,3,10,202.88,0,26
SUB100926,2026-05,0.73,67,1,11,180.15,0,26
SUB103150,2026-07,6.95,97,2,11,174.49,0,27
SUB100151,2026-03,10.08,387,1,14,251.95,1,30
SUB102863,2026-03,33.3,764,3,14,536.8,1,26
SUB103187,2026-04,2.58,64,1,3,86.56,0,29
SUB100659,2026-05,28.7,607,1,6,445.25,0,26
SUB101075,2026-03,11.82,90,3,18,353.64,0,29
SUB101993,2026-05,27.21,421,1,14,432.63,0,26
SUB102476,2026-05,3.71,633,2,4,164.64,0,27
SUB100744,2026-07,9.98,135,2,11,285.61,0,28
SUB101422,2026-05,6.27,115,1,11,135.12,0,28
SUB101857,2026-02,10.76,48,3,7,299.41,0,30
SUB101029,2026-02,1.76,280,4,13,107.05,0,26
SUB100285,2026-06,7.69,357,3,16,163.54,0,30
SUB101477,2026-02,11.33,302,3,16,215.12,0,27
SUB101766,2026-02,1.39,367,1,5,141.87,0,27
SUB101144,2026-03,0.3,43,2918,27,280.04,0,30
SUB103077,2026-05,4.1,299,0,7,158.66,0,28
SUB101211,2026-07,10.06,156,4,17,306.44,0,28
SUB102467,2026-04,6.4,149,2,20,194.11,1,26
SUB103164,2026-05,7.31,51,2,7,224.32,0,29
SUB100191,2026-07,20.35,223,2,21,344.48,0,28
SUB100745,2026-06,0.73,212,0,10,247.64,0,30
SUB102091,2026-06,5.65,209,0,11,318.79,0,30
SUB100003,2026-04,8.9,222,2,9,233.99,0,28
SUB102010,2026-05,4.84,30,2,3,187.0,0,29
SUB102305,2026-07,1.21,428,3,16,102.56,0,29
SUB101204,2026-02,10.43,223,3,7,196.7,0,30
SUB100246,2026-03,9.71,177,0,17,498.32,1,26
SUB102822,2026-07,16.52,281,2,13,397.99,0,27
SUB100443,2026-03,11.77,166,1,13,363.47,1,27
SUB101360,2026-02,6.62,220,3,14,429.61,0,29
SUB102066,2026-05,0.85,201,2,11,152.43,0,28
SUB101124,2026-03,13.67,519,3,14,289.0,0,26
SUB103012,2026-05,6.85,240,2,13,150.56,0,30
SUB102743,2026-02,6.29,225,1,9,335.79,0,29
SUB101335,2026-02,10.87,198,1,14,318.56,0,30
SUB102759,2026-02,3.29,78,1,10,106.11,0,28
SUB100174,2026-04,1.55,265,2,12,148.59,0,26
SUB100041,2026-05,8.23,249,3,13,127.47,0,27
SUB100349,2026-03,3.68,147,0,4,228.5,0,28
SUB102610,2026-03,4.84,334,4,14,275.4,0,27
SUB102072,2026-05,27.62,76,5,6,356.0,0,30
SUB102510,2026-06,11.45,216,2,13,322.11,0,26
SUB102103,2026-03,17.8,144,3,9,376.96,0,29
SUB102690,2026-04,6.96,877,2,6,258.51,1,26
SUB102199,2026-02,5.92,80,2,12,208.26,0,28
SUB101066,2026-02,17.27,188,0,3,284.87,0,27
SUB102041,2026-07,6.98,45,1,10,130.67,0,30
SUB102664,2026-04,17.84,233,4,8,391.43,0,30
SUB102316,2026-07,2.27,199,0,16,213.89,0,28
SUB100332,2026-05,8.14,331,2,9,228.44,0,26
SUB101021,2026-04,0.64,162,1,8,146.07,0,26
SUB100157,2026-03,14.85,195,1,8,411.1,0,30
SUB101160,2026-05,5.63,113,0,7,0.0,1,29
SUB100553,2026-07,20.15,168,2,14,437.85,0,27
SUB101725,2026-07,7.03,717,2,14,176.39,0,30
SUB100254,2026-07,0.97,165,0,13,132.36,0,30
SUB100075,2026-03,1.21,160,2,14,174.27,0,26
SUB100888,2026-07,7.72,510,1,12,251.9,0,27
SUB101651,2026-04,6.19,514,2,2,268.02,1,27
SUB101673,2026-07,15.4,315,0,12,241.2,0,28
SUB102523,2026-05,5.58,446,0,10,267.72,0,29
SUB102105,2026-06,1.61,309,2,11,232.43,0,30
SUB103041,2026-04,8.26,231,1,11,259.26,0,26
SUB101443,2026-03,9.43,156,2,14,299.27,0,27
SUB101641,2026-07,28.23,324,3,21,279.29,0,27
SUB101728,2026-06,34.63,109,0,5,338.66,0,26
SUB101561,2026-02,6.09,451,1,12,208.05,1,29
SUB100718,2026-03,20.75,119,0,19,355.59,0,27
SUB101030,2026-06,2.52,337,5,25,187.06,0,29
SUB100004,2026-04,19.49,131,3,8,333.84,0,26
SUB100046,2026-03,5.6,128,1,5,250.74,1,26
SUB100376,2026-07,12.03,234,2,3,580.84,0,26
SUB101817,2026-04,6.49,399,2,5,247.53,0,26
SUB100910,2026-04,1.46,429,1,15,239.46,0,30
SUB101136,2026-04,6.7,977,1,16,226.13,0,30
SUB102238,2026-03,22.11,227,3,24,352.21,0,29
SUB102236,2026-06,14.27,734,2,4,356.52,0,30
SUB102334,2026-06,4.47,421,3,14,193.44,0,28
SUB100105,2026-05,2.96,106,4,7,266.26,0,26
SUB101564,2026-02,6.54,214,1,5,261.78,0,28
SUB100022,2026-05,5.07,123,2,11,243.54,0,26
SUB101904,2026-05,6.77,302,3,6,316.61,0,27
SUB101479,2026-05,1.45,72,0,6,72.26,0,30
SUB101832,2026-06,8.3,37,2,10,157.97,0,27
SUB101714,2026-05,12.49,281,0,3,226.09,0,30
SUB100319,2026-04,20.86,183,1,4,500.8,0,26
SUB101452,2026-04,2.35,222,2,13,293.76,0,28
SUB100615,2026-06,9.14,280,5,14,289.92,0,30
SUB103120,2026-04,8.56,282,1,10,149.25,0,30
SUB100881,2026-04,5.57,19,3,7,222.25,1,30
SUB100628,2026-06,31.69,38,3,11,525.02,1,26
SUB102504,2026-02,2.61,308,3,8,315.94,0,28
SUB101608,2026-03,2.01,147,1,5,122.76,0,26
SUB102054,2026-05,13.2,151,0,14,304.62,0,29
SUB103141,2026-03,17.86,365,3,9,351.92,0,26
SUB101499,2026-04,5.64,419,0,13,138.33,0,29
SUB100686,2026-04,7.64,272,2,7,391.07,1,28
SUB100021,2026-05,8.16,235,2,10,166.84,0,26
SUB102392,2026-04,15.47,56,3,10,374.03,0,28
SUB101501,2026-04,0.74,149,2,11,206.02,0,28
SUB101925,2026-06,9.46,222,3,13,207.68,0,26
SUB102173,2026-02,1.98,49,1,11,180.04,0,26
SUB102869,2026-04,19.22,43,0,6,390.62,0,29
SUB102467,2026-06,4.76,161,4,12,276.68,0,29
SUB103044,2026-03,5.47,123,3,12,196.84,0,29
SUB102045,2026-06,12.73,65,2,13,356.66,0,29
SUB102411,2026-02,13.45,102,0,12,329.52,0,29
SUB101998,2026-04,6.38,277,2,9,448.83,1,30
SUB102845,2026-07,4.53,156,2,5,89.34,0,29
SUB101461,2026-05,7.82,322,3,15,294.18,0,29
SUB101817,2026-03,7.42,289,1,2,197.8,0,28
SUB100523,2026-02,18.88,452,1,7,478.94,0,28
SUB103151,2026-03,1.74,210,4,12,198.33,0,28
SUB101145,2026-05,5.97,668,1,12,247.37,0,28
SUB101463,2026-02,10.16,158,3,15,263.3,0,30
SUB103047,2026-04,13.61,540,0,7,381.19,0,28
SUB101275,2026-03,16.77,256,1,9,440.44,1,28
SUB101815,2026-07,8.96,354,2,13,246.82,2,29
SUB100468,2026-02,12.04,225,0,9,443.75,0,28
SUB101250,2026-03,1.48,172,3,11,114.86,0,30
SUB101819,2026-03,12.86,287,5,7,201.47,0,30
SUB101735,2026-07,4.86,257,2,6,200.21,1,26
SUB102518,2026-03,22.79,542,2,8,350.17,0,26
SUB101296,2026-05,3.81,14,2,10,227.72,0,27
SUB103013,2026-07,11.3,149,2,19,340.73,0,29
SUB100455,2026-03,3.79,91,5,13,194.62,0,27
SUB102559,2026-02,2.45,280,0,14,204.98,0,30
SUB101422,2026-02,6.25,136,0,7,158.59,0,28
SUB101120,2026-03,27.43,187,1,7,435.19,0,28
SUB101922,2026-03,12.54,137,0,9,199.26,0,29
SUB102246,2026-02,4.94,174,1,10,294.58,0,30
SUB101878,2026-02,1.13,120,0,6,183.31,0,30
SUB100336,2026-04,5.18,194,1,16,241.58,0,28
SUB101001,2026-02,15.4,427,2,15,404.4,0,28
SUB102773,2026-07,11.0,195,1,19,269.29,0,30
SUB102181,2026-07,3.28,111,2,17,345.87,0,29
SUB100272,2026-06,12.29,185,2,11,293.1,0,26
SUB100722,2026-03,9.41,492,2,21,227.51,0,28
SUB102865,2026-07,3.39,244,0,21,131.6,0,29
SUB100307,2026-02,13.72,114,4,25,342.39,0,26
SUB100358,2026-05,7.21,275,1,9,332.26,0,30
SUB101718,2026-06,1.64,606,2,12,156.56,0,28
SUB102679,2026-04,7.42,317,2,17,368.82,0,30
SUB100601,2026-07,4.35,181,4,15,70.92,0,26
SUB101789,2026-03,17.4,130,1,13,343.17,0,29
SUB100151,2026-07,9.5,392,1,8,249.6,0,27
SUB102688,2026-02,2.18,199,0,9,124.65,0,27
SUB101120,2026-07,16.56,219,2,10,462.21,0,29
SUB101051,2026-02,0.92,87,3,12,156.67,0,26
SUB100863,2026-06,8.07,54,4,11,237.93,0,28
SUB102744,2026-04,1.93,319,0,9,98.14,0,30
SUB101302,2026-02,8.36,215,2,22,230.4,0,27
SUB100196,2026-07,4.94,251,1,3,403.97,0,30
SUB100250,2026-03,5.27,145,2,18,261.22,1,28
SUB101948,2026-04,9.28,260,4,4,154.63,0,29
SUB102481,2026-04,28.32,145,3,2,475.03,0,28
SUB102078,2026-07,6.12,419,0,4,446.07,0,30
SUB101373,2026-03,1.14,149,1,11,91.65,0,29
SUB101149,2026-02,7.94,263,1,7,403.39,1,30
SUB103059,2026-04,2.58,374,1,5,293.9,0,28
SUB101834,2026-06,9.78,252,1,17,142.16,0,28
SUB100630,2026-03,5.44,499,2,14,212.88,0,29
SUB102273,2026-07,4.64,124,0,17,119.07,0,28
SUB101338,2026-06,3.57,85,1,8,184.39,0,27
SUB102918,2026-04,0.99,46,0,2,164.75,0,27
SUB101252,2026-02,3.27,173,3,11,235.43,0,27
SUB103052,2026-07,17.36,271,0,23,449.85,0,26
SUB100825,2026-05,6.37,540,1,9,132.34,0,30
SUB103198,2026-02,1.82,77,1,15,269.19,0,26
SUB100535,2026-04,15.72,277,1,10,296.05,0,29
SUB102216,2026-07,1.57,229,2,4,223.44,0,27
SUB100738,2026-07,23.6,270,4,12,407.34,0,27
SUB103130,2026-05,8.88,898,2,9,238.78,0,26
SUB100051,2026-05,9.34,286,1,19,248.47,0,29
SUB100136,2026-02,1.75,266,2,15,268.85,0,27
SUB102998,2026-03,4.27,489,1,7,143.96,0,27
SUB102545,2026-04,11.99,48,1,9,239.62,0,28
SUB100194,2026-03,3.67,310,1,17,247.86,0,27
SUB101215,2026-02,10.58,123,1,12,146.87,0,26
SUB103161,2026-03,0.8,80,1,15,116.99,0,30
SUB102507,2026-06,23.82,505,3,15,511.9,0,30
SUB101223,2026-06,3.0,393,1,12,268.57,0,29
SUB101498,2026-02,2.86,632,0,7,130.62,0,27
SUB101506,2026-04,6.29,50,2,9,199.11,0,30
SUB100972,2026-04,6.45,104,3,6,178.64,0,26
SUB101673,2026-06,14.07,119,1,13,202.06,0,26
SUB102134,2026-07,4.08,118,5,15,184.87,0,26
SUB100901,2026-04,5.1,288,3,15,136.93,0,27
SUB101009,2026-07,6.53,104,2,8,138.07,0,29
SUB101458,2026-02,5.04,114,4,6,256.61,0,28
SUB101726,2026-02,5.7,210,2,13,276.08,0,28
SUB100235,2026-07,2.69,236,2,14,162.56,0,26
SUB101565,2026-05,27.01,25,2,13,297.96,0,26
SUB100824,2026-05,6.15,88,1,6,423.71,0,27
SUB101340,2026-05,9.7,184,3,17,330.28,0,28
SUB101308,2026-04,21.83,71,1,7,276.22,0,29
SUB102332,2026-07,17.47,338,1,11,379.2,0,28
SUB102122,2026-02,11.5,113,3,9,478.81,0,27
SUB103169,2026-03,11.7,307,1,4,357.04,0,28
SUB102308,2026-02,6.78,154,0,10,216.34,0,30
SUB103080,2026-03,13.74,435,1,17,379.01,0,27
SUB103020,2026-07,1.53,279,4,14,246.51,0,30
SUB100783,2026-07,5.62,371,1,13,203.62,0,29
SUB102965,2026-07,8.98,83,1,8,205.09,0,30
SUB100226,2026-04,7.35,140,3,8,243.17,0,27
SUB102465,2026-03,2.85,295,0,16,214.02,0,29
SUB102311,2026-03,17.88,248,3,9,346.17,0,30
SUB100170,2026-02,9.76,142,2,9,284.26,0,30
SUB101855,2026-02,1.52,72,4,6,306.21,0,26
SUB102917,2026-03,1.01,705,3,13,238.22,1,27
SUB102502,2026-03,16.92,215,2,11,328.89,0,27
SUB101524,2026-07,10.09,554,0,16,279.46,0,28
SUB100613,2026-03,0.48,70,1,7,69.08,0,26
SUB102759,2026-07,4.17,64,2,17,73.74,0,28
SUB101851,2026-03,1.65,181,2,13,273.06,0,26
SUB102839,2026-06,4.56,184,1,16,319.91,0,27
SUB101384,2026-03,5.98,260,2,13,137.74,0,26
SUB102880,2026-07,7.19,52,1,10,456.67,0,27
SUB101340,2026-04,9.44,136,1,19,327.58,0,26
SUB101209,2026-02,7.42,250,3,5,279.98,0,26
SUB103139,2026-02,4.34,92,2,9,179.65,0,27
SUB102258,2026-03,1.02,165,4,14,119.58,0,30
SUB102996,2026-07,7.55,421,0,10,161.24,0,26
SUB101277,2026-04,7.5,121,0,8,183.47,0,28
SUB101119,2026-03,2.29,439,4,6,82.96,0,29
SUB102906,2026-04,4.4,302,0,9,194.58,0,30
SUB101400,2026-04,2.29,63,1,11,204.11,0,29
SUB103033,2026-05,13.67,136,3,4,342.16,0,28
SUB101568,2026-05,13.82,179,5,8,278.67,0,27
SUB101451,2026-04,4.86,231,2,19,118.05,0,28
SUB101780,2026-05,9.23,339,0,11,202.31,1,27
SUB102713,2026-02,35.84,241,4,6,472.44,0,29
SUB101927,2026-06,13.57,197,3,25,215.22,0,26
SUB102378,2026-05,3.36,159,2,16,0.0,0,27
SUB102240,2026-06,0.65,79,5,8,128.41,1,28
SUB100077,2026-02,20.28,152,3,4,204.46,0,28
SUB102043,2026-04,6.57,131,1,13,232.05,0,29
SUB101537,2026-07,5.2,470,3,6,221.75,0,28
SUB100478,2026-04,5.44,68,1,14,185.75,0,30
SUB100497,2026-02,4.4,94,5,12,128.4,1,29
SUB102174,2026-05,5.17,291,1,16,336.07,0,27
SUB102115,2026-03,0.61,175,1,7,119.84,0,30
SUB102078,2026-06,7.49,302,2,5,430.5,0,26
SUB101071,2026-07,8.84,248,4,6,295.84,0,26
SUB102673,2026-05,9.79,320,0,22,195.96,0,30
SUB100059,2026-05,11.42,206,3,18,276.72,1,30
SUB100732,2026-04,4.8,108,1,13,246.88,0,30
SUB102805,2026-05,15.04,121,2,8,314.34,0,28
SUB100074,2026-05,6.89,237,4,12,227.22,0,26
SUB100137,2026-05,16.18,296,1,8,279.22,0,27
SUB100256,2026-06,6.47,382,4,11,330.52,0,28
SUB101157,2026-06,11.78,333,2,10,134.88,1,30
SUB100030,2026-06,7.38,427,1,8,326.57,0,30
SUB100833,2026-04,10.42,219,2,20,351.18,0,26
SUB102244,2026-02,9.2,271,2,10,329.85,0,29
SUB100335,2026-04,3.59,297,0,9,144.62,0,26
SUB101721,2026-07,7.23,123,3,8,257.72,1,28
SUB102483,2026-07,5.86,136,1,23,247.51,0,27
SUB101307,2026-06,13.76,25,1,2,375.64,0,28
SUB100254,2026-02,1.31,143,4,9,147.49,0,29
SUB102622,2026-06,6.13,392,0,7,233.14,0,30
SUB101096,2026-02,7.1,35,2,13,270.3,0,28
SUB101337,2026-03,13.37,207,3,14,359.79,0,28
SUB101253,2026-03,9.42,141,3,9,156.97,0,29
SUB100280,2026-02,13.67,139,2,13,378.77,0,30
SUB101626,2026-02,0.5,355,1,14,74.73,0,28
SUB102269,2026-02,0.75,548,4,17,236.32,1,26
SUB100477,2026-06,7.64,32,5,11,303.75,0,27
SUB101792,2026-04,9.2,173,4,23,270.83,0,26
SUB100526,2026-03,7.49,20,2,11,288.77,0,27
SUB101187,2026-04,5.03,212,1,14,256.32,0,27
SUB102969,2026-05,30.46,112,1,13,413.04,0,27
SUB102518,2026-02,22.1,499,4,10,413.64,0,26
SUB102333,2026-07,3.77,314,1,10,385.1,0,27
SUB102741,2026-05,28.51,146,8,11,355.78,1,30
SUB101358,2026-02,7.11,41,3,13,176.93,0,27
SUB102468,2026-06,15.26,254,1,10,317.58,0,28
SUB100595,2026-02,3.88,192,4,11,210.78,0,29
SUB100272,2026-07,6.55,256,0,18,215.99,0,30
SUB100664,2026-07,15.58,107,2,9,492.15,0,28
SUB101544,2026-03,10.55,430,1,7,134.88,0,29
SUB102627,2026-04,7.87,177,3,11,223.04,0,26
SUB100424,2026-03,12.37,201,1,15,288.74,0,28
SUB102893,2026-07,1.29,209,3,8,113.74,0,30
SUB101767,2026-07,8.18,289,0,15,189.57,0,26
SUB100203,2026-06,1.3,193,2,6,201.11,0,30
SUB101090,2026-03,11.99,204,2,13,202.13,0,30
SUB101315,2026-06,2.0,115,3,16,79.88,0,28
SUB100274,2026-04,2.28,227,2,13,223.9,0,27
SUB102597,2026-07,8.25,562,4,19,216.63,0,29
SUB102480,2026-05,8.43,266,1,5,204.51,0,28
SUB100281,2026-03,4.92,270,3,10,299.41,1,30
SUB100175,2026-07,8.72,77,1,10,277.19,0,28
SUB101028,2026-07,5.75,500,3,5,209.69,0,28
SUB102219,2026-04,27.25,272,5,10,526.8,0,28
SUB102742,2026-03,9.48,398,1,11,365.33,0,30
SUB102881,2026-07,8.04,127,2,13,371.03,0,26
SUB100940,2026-04,14.6,165,0,6,327.09,0,30
SUB102719,2026-05,7.0,214,3,12,191.3,0,30
SUB100819,2026-03,6.87,96,1,14,279.55,0,27
SUB100262,2026-03,9.95,86,2,14,196.18,0,26
SUB101941,2026-04,6.77,122,0,4,241.0,0,30
SUB100118,2026-05,19.68,234,1,23,342.13,0,29
SUB102622,2026-02,7.28,435,0,11,195.34,0,26
SUB102570,2026-02,3.22,70,1,9,293.73,0,26
SUB100402,2026-07,8.56,389,1,8,239.1,0,30
SUB101470,2026-04,10.42,58,4,11,243.52,0,30
SUB101483,2026-02,4.18,320,1,10,322.13,0,27
SUB103034,2026-04,3.83,104,2,6,161.93,0,26
SUB100168,2026-03,4.88,240,2,13,143.44,0,29
SUB102443,2026-03,7.36,261,2,9,267.54,1,30
SUB100264,2026-06,2.95,209,2,9,204.32,0,27
SUB101683,2026-03,0.8,156,0,9,158.13,0,28
SUB100327,2026-03,14.88,177,1,10,318.09,0,26
SUB101187,2026-06,6.31,285,2,9,228.85,0,30
SUB102735,2026-05,1.24,452,1,12,277.42,0,28
SUB101766,2026-05,1.11,403,2,7,125.47,0,27
SUB100419,2026-02,9.57,332,2,19,247.02,0,29
SUB101057,2026-07,1.47,437,2,15,180.93,0,27
SUB102026,2026-05,7.32,139,1,11,314.29,1,28
SUB102319,2026-04,0.59,408,2,22,83.8,1,27
SUB101265,2026-07,25.77,205,3,8,596.62,0,29
SUB102579,2026-04,4.7,735,2,6,188.36,0,29
SUB100533,2026-07,4.03,97,1,4,274.57,0,26
SUB102330,2026-07,6.81,760,0,16,276.23,0,26
SUB101450,2026-06,15.56,321,0,10,301.83,0,27
SUB102325,2026-03,1.03,88,2,5,183.55,0,30
SUB101786,2026-05,14.82,201,0,12,361.54,0,30
SUB101898,2026-05,1.82,42,1,19,148.27,0,30
SUB102986,2026-06,10.41,470,3,8,376.49,0,28
SUB101491,2026-03,6.58,109,0,21,318.0,0,29
SUB102599,2026-05,6.45,98,2,6,179.24,0,26
SUB102241,2026-02,1.72,452,1,9,162.62,0,28
SUB101055,2026-05,9.03,125,0,0,233.51,0,27
SUB103062,2026-02,1.99,53,4,8,168.7,0,28
SUB102470,2026-03,2.67,226,2,16,168.56,0,28
SUB101146,2026-03,4.85,565,1,6,194.55,0,29
SUB101485,2026-04,2.64,72,3,13,103.55,1,27
SUB101364,2026-06,3.07,127,1,2,73.86,0,30
SUB100618,2026-03,8.72,75,1,17,402.83,0,28
SUB101510,2026-05,0.65,208,4,17,121.64,0,30
SUB101600,2026-06,0.8,306,1,10,150.98,0,26
SUB100225,2026-03,0.92,157,2,10,111.84,0,30
SUB100529,2026-07,8.78,770,2,13,278.35,0,26
SUB100815,2026-04,14.99,373,3,7,430.92,0,27
SUB102430,2026-04,3.25,162,0,7,198.34,0,26
SUB101553,2026-06,21.36,383,1,17,458.53,0,28
SUB101589,2026-02,17.76,132,4,11,319.92,0,28
SUB102336,2026-03,18.96,84,3,21,293.1,0,26
SUB101404,2026-07,24.96,221,4,13,353.02,0,27
SUB100222,2026-06,50.72,148,1,6,0.0,3,30
SUB101847,2026-05,1.09,342,1,13,159.25,0,26
SUB103164,2026-06,8.56,127,3,11,226.19,1,29
SUB101734,2026-02,1.45,338,3,16,176.22,0,29
SUB101144,2026-05,0.39,84,4153,13,230.6,0,30
SUB102597,2026-02,7.52,460,2,16,208.81,0,30
SUB101137,2026-02,21.89,141,0,13,469.35,0,29
SUB101191,2026-05,1.29,121,2,7,132.13,0,30
SUB102104,2026-02,5.85,27,3,19,336.78,0,28
SUB100535,2026-05,14.13,360,1,7,319.84,0,30
SUB102363,2026-05,2.18,98,2,10,176.0,0,26
SUB101955,2026-02,5.74,164,1,19,239.96,0,28
SUB102186,2026-02,6.21,69,4,7,106.78,0,29
SUB100431,2026-07,9.35,199,2,9,264.1,0,26
SUB102681,2026-03,0.52,467,2,15,106.62,0,30
SUB100801,2026-06,1.09,67,2,10,143.16,0,30
SUB102225,2026-03,6.41,129,1,14,229.13,0,30
SUB102391,2026-06,0.83,61,3,6,154.55,0,28
SUB102088,2026-06,13.58,106,0,17,289.59,0,27
SUB100453,2026-04,14.03,605,2,8,364.93,0,29
SUB101944,2026-04,6.93,264,2,13,184.23,0,28
SUB101763,2026-05,2.52,79,2,4,235.52,0,30
SUB101413,2026-04,4.6,158,3,14,168.92,0,27
SUB103034,2026-06,4.08,237,1,9,190.43,0,28
SUB101023,2026-06,1.77,165,0,11,170.21,1,28
SUB102809,2026-04,0.62,341,2,14,172.04,0,26
SUB102634,2026-03,12.01,130,4,4,357.2,0,30
SUB101611,2026-07,11.49,432,3,10,254.19,1,27
SUB102257,2026-02,5.19,299,2,3,269.96,0,27
SUB101393,2026-06,2.97,147,1,10,267.22,0,30
SUB101080,2026-07,14.29,72,7,8,356.58,0,29
SUB101868,2026-04,5.85,68,1,16,311.03,0,28
SUB101430,2026-03,8.02,129,0,14,313.58,0,28
SUB102251,2026-04,1.04,321,2,14,170.22,0,30
SUB100403,2026-03,4.53,98,0,12,218.85,0,27
SUB101420,2026-02,18.79,129,1,6,370.02,0,27
SUB100543,2026-06,1.66,266,2,3,328.53,0,28
SUB102426,2026-04,3.36,222,4,7,158.74,0,27
SUB102218,2026-02,2.09,391,3,14,137.96,1,29
SUB101436,2026-03,2.33,303,1,7,319.01,0,30
SUB102348,2026-04,1.26,304,2,23,131.16,0,26
SUB103150,2026-03,6.32,55,6,17,287.75,0,28
SUB102675,2026-03,4.7,486,2,6,105.57,1,29
SUB101109,2026-06,5.35,153,4,18,152.71,0,30
SUB100347,2026-05,11.5,339,4,16,239.11,0,30
SUB100951,2026-02,4.43,215,1,7,213.64,0,30
SUB101190,2026-06,11.26,256,4,14,186.01,0,29
SUB102466,2026-04,4.51,251,1,10,343.91,1,30
SUB102084,2026-02,2.74,447,2,12,210.69,0,30
SUB102700,2026-06,7.89,74,2,13,242.13,0,27
SUB102475,2026-03,38.42,185,3,11,457.96,0,26
SUB103178,2026-06,4.91,391,4,5,271.76,0,28
SUB103126,2026-04,14.17,369,4,16,362.16,0,29
SUB100968,2026-05,7.06,364,4,11,250.67,0,29
SUB103105,2026-02,1.84,497,2,7,345.26,0,26
SUB101902,2026-03,5.78,116,1,16,243.45,0,30
SUB102703,2026-06,5.87,176,0,6,271.58,0,29
SUB101228,2026-03,2.97,313,2,7,247.92,0,26
SUB102606,2026-03,4.51,198,2,14,156.08,0,26
SUB102657,2026-07,7.47,184,0,9,186.68,1,28
SUB101710,2026-06,2.63,480,1,4,274.48,0,29
SUB101475,2026-03,1.42,209,2,14,275.99,0,26
SUB101019,2026-07,23.69,190,3,16,385.69,0,26
SUB102450,2026-05,9.75,238,0,20,430.03,0,28
SUB100095,2026-05,9.2,60,2,11,232.06,0,26
SUB100086,2026-03,5.69,383,2,13,285.45,0,30
SUB102579,2026-07,3.55,800,1,5,209.86,0,27
SUB102968,2026-03,3.48,80,1,9,102.58,0,26
SUB101576,2026-06,2.15,1085,1,13,313.71,0,26
SUB102198,2026-03,3.04,309,1,9,150.12,0,29
SUB100322,2026-04,21.49,136,3,14,377.24,1,27
SUB102237,2026-04,14.75,247,2,2,309.4,0,27
SUB101782,2026-06,2.92,476,0,8,168.94,0,27
SUB102082,2026-02,5.24,366,3,12,193.62,0,26
SUB102033,2026-04,15.44,37,2,6,515.91,0,30
SUB101711,2026-06,21.17,293,0,8,397.73,0,30
SUB102727,2026-02,7.72,217,2,15,382.48,0,29
SUB100895,2026-05,2.22,346,1,9,176.62,0,28
SUB100083,2026-03,7.89,233,2,11,331.9,0,28
SUB101121,2026-06,13.03,230,0,7,332.82,0,30
SUB102925,2026-05,17.2,249,0,6,376.81,0,27
SUB101305,2026-06,4.62,114,3,3,410.06,0,26
SUB100779,2026-03,4.4,181,1,6,124.86,0,26
SUB103106,2026-05,4.94,200,0,10,214.58,0,28
SUB102931,2026-05,11.57,32,1,12,253.36,0,28
SUB102218,2026-05,2.61,333,0,20,138.73,0,27
SUB101347,2026-05,23.45,222,3,15,443.58,0,27
SUB100365,2026-04,4.95,123,0,4,132.17,0,29
SUB101594,2026-02,19.38,377,1,11,361.06,0,28
SUB102044,2026-02,25.72,218,2,9,413.08,0,30
SUB101468,2026-05,4.64,251,2,10,176.73,0,29
SUB100300,2026-03,7.62,203,1,9,232.47,0,28
SUB102648,2026-05,2.5,281,3,11,156.71,0,26
SUB100751,2026-04,6.26,190,0,14,134.41,0,27
SUB100879,2026-06,5.62,251,2,2,226.65,0,28
SUB102775,2026-07,9.78,435,1,12,225.96,0,28
SUB102954,2026-04,7.52,103,3,10,353.96,0,29
SUB102136,2026-06,1.0,137,3,4,208.68,0,26
SUB102122,2026-03,8.39,60,1,10,412.82,0,30
SUB102511,2026-07,3.15,136,2,16,154.89,1,28
SUB103038,2026-02,8.72,503,1,9,225.36,0,28
SUB102919,2026-03,1.44,46,2,12,222.13,0,26
SUB102635,2026-06,7.82,505,2,14,237.14,1,27
SUB101019,2026-05,19.6,200,2,14,414.41,0,28
SUB101618,2026-05,2.65,91,2,14,229.93,1,28
SUB103121,2026-04,5.73,171,3,5,130.0,0,26
SUB102019,2026-05,2.49,98,0,5,69.62,0,26
SUB102904,2026-02,1.23,125,4,3,231.43,1,28
SUB102247,2026-07,6.89,141,2,11,341.65,0,28
SUB102451,2026-07,11.48,220,3,16,230.71,0,28
SUB102800,2026-02,2.91,207,3,10,219.0,0,27
SUB102755,2026-05,2.13,65,3,10,311.9,0,28
SUB100741,2026-06,4.14,143,2,10,155.94,0,27
SUB103137,2026-02,4.79,222,0,8,228.47,0,26
SUB103094,2026-05,8.08,228,1,0,332.78,0,26
SUB102326,2026-03,0.83,719,4,7,231.31,0,30
SUB102580,2026-02,10.08,168,5,6,216.85,0,29
SUB101145,2026-07,4.88,392,3,14,270.36,0,30
SUB103069,2026-06,7.05,226,2,11,449.55,0,27
SUB102662,2026-03,9.23,92,2,13,318.13,0,27
SUB102993,2026-03,1.35,281,0,12,89.48,0,29
SUB101741,2026-03,1.21,326,3,13,207.11,0,29
SUB102227,2026-02,2.06,172,2,10,80.1,0,26
SUB101146,2026-05,5.44,648,1,11,202.87,0,30
SUB100690,2026-04,12.88,121,2,9,276.49,0,26
SUB101692,2026-07,1.06,419,1,4,182.4,1,27
SUB102549,2026-02,15.96,496,1,7,476.67,0,26
SUB102969,2026-07,18.41,224,3,9,403.62,0,29
SUB102631,2026-07,13.28,504,0,8,255.76,0,28
SUB101826,2026-03,10.57,348,0,24,344.66,0,26
SUB101629,2026-07,19.36,203,3,9,240.15,0,27
SUB100067,2026-03,7.93,371,3,12,291.55,0,29
SUB101730,2026-05,3.43,725,1,6,210.54,0,26
SUB102191,2026-07,1.91,258,1,7,130.96,1,30
SUB100119,2026-03,3.72,10,0,9,128.53,0,27
SUB100825,2026-02,10.46,336,2,5,181.37,0,30
SUB101916,2026-04,7.81,253,1,13,212.83,0,28
SUB100488,2026-06,9.64,484,3,2,312.55,0,27
SUB100810,2026-06,6.77,457,7,12,128.04,0,29
SUB101454,2026-04,8.25,155,0,18,247.13,0,29
SUB100695,2026-04,2.0,116,4,7,150.12,0,29
SUB100300,2026-06,4.93,125,1,9,246.14,0,29
SUB102334,2026-03,4.29,461,4,11,210.18,0,30
SUB101090,2026-06,9.35,443,2,15,194.63,0,30
SUB102018,2026-03,0.99,117,2,14,195.18,0,26
SUB102640,2026-04,6.82,40,1,13,212.02,0,28
SUB102663,2026-04,9.28,243,2,14,281.41,1,27
SUB101663,2026-02,3.86,178,1,7,156.73,0,30
SUB102640,2026-02,10.78,46,0,5,213.54,0,27
SUB101376,2026-03,10.5,341,3,8,403.02,0,29
SUB101569,2026-05,13.1,57,2,7,239.62,0,30
SUB100416,2026-05,6.28,145,2,9,172.9,0,27
SUB101604,2026-07,8.28,253,1,13,300.9,0,28
SUB100857,2026-06,25.1,208,3,15,320.67,0,26
SUB102843,2026-02,13.08,536,1,14,443.26,0,27
SUB101129,2026-04,1.13,369,3,2,150.61,0,27
SUB100992,2026-05,21.77,277,3,11,336.88,0,28
SUB101550,2026-04,5.9,251,1,7,216.76,0,28
SUB100042,2026-06,25.31,97,3,7,423.52,0,29
SUB101353,2026-03,11.19,116,2,7,349.99,0,27
SUB102680,2026-05,3.32,255,1,8,276.29,0,28
SUB103050,2026-03,17.17,476,6,7,408.67,0,27
SUB101499,2026-06,7.33,164,2,10,174.45,0,30
SUB100169,2026-05,3.45,61,2,6,192.39,0,30
SUB102853,2026-03,17.02,592,2,15,404.88,0,27
SUB102889,2026-02,18.05,56,2,12,328.84,0,26
SUB102433,2026-05,2.31,208,2,5,259.45,0,28
SUB102621,2026-03,6.95,280,4,11,354.03,0,28
SUB102690,2026-06,11.26,542,2,6,249.63,0,28
SUB102052,2026-02,12.55,157,1,7,403.71,1,30
SUB100943,2026-05,34.15,71,0,7,408.52,0,27
SUB102685,2026-02,5.14,194,1,24,140.04,0,26
SUB103105,2026-06,2.48,164,2,13,380.34,0,30
SUB101357,2026-02,0.83,262,0,10,80.84,0,29
SUB102433,2026-02,2.21,237,0,5,280.93,0,30
SUB103118,2026-04,9.75,77,1,18,221.86,0,30
SUB100968,2026-07,4.94,525,0,17,228.84,0,26
SUB102348,2026-06,1.5,492,2,22,136.48,0,30
SUB102776,2026-07,6.0,83,3,11,202.47,0,27
SUB100677,2026-05,0.98,513,0,11,166.39,0,30
SUB101500,2026-02,7.47,269,3,11,159.24,1,27
SUB100597,2026-05,16.13,193,2,10,327.39,0,30
SUB103195,2026-04,1.94,408,3,5,133.84,0,26
SUB101506,2026-05,10.97,69,0,16,233.92,0,27
SUB100126,2026-07,11.99,39,2,15,226.4,0,27
SUB100023,2026-04,22.18,433,5,9,420.28,1,29
SUB100084,2026-05,1.77,52,0,19,116.34,0,28
SUB100012,2026-04,15.8,97,3,2,294.56,0,29
SUB100864,2026-07,1.12,131,2,9,196.89,0,28
SUB100516,2026-04,31.71,150,0,16,426.98,0,27
SUB100221,2026-04,6.36,217,4,9,192.23,0,27
SUB100504,2026-06,5.53,294,3,11,424.44,0,30
SUB101800,2026-06,21.42,241,2,16,523.23,0,28
SUB100627,2026-06,12.9,796,1,9,342.4,0,27
SUB101900,2026-06,17.28,271,2,2,262.14,0,28
SUB101778,2026-03,8.7,363,2,10,167.96,0,29
SUB102688,2026-07,1.65,164,3,4,164.44,1,30
SUB100971,2026-06,12.79,109,7,11,230.12,0,30
SUB100054,2026-05,8.79,408,4,8,430.46,0,29
SUB101956,2026-03,1.13,71,5,14,232.61,0,30
SUB101184,2026-03,7.34,339,1,2,260.28,0,29
SUB102372,2026-02,11.3,86,4,9,328.76,0,30
SUB102036,2026-05,22.45,112,2,9,323.32,0,30
SUB100814,2026-07,13.5,223,2,7,315.51,0,28
SUB100478,2026-07,4.23,114,5,9,147.49,0,27
SUB100661,2026-04,3.14,100,1,6,153.2,0,30
SUB102015,2026-02,9.32,163,1,11,91.87,1,28
SUB102495,2026-03,1.96,101,2,7,115.86,0,26
SUB102915,2026-07,1.13,254,1,12,180.03,0,29
SUB102639,2026-07,2.14,261,1,17,82.04,0,30
SUB101423,2026-05,0.99,495,4,14,150.26,0,27
SUB103095,2026-05,6.11,349,2,6,219.95,0,27
SUB102213,2026-03,3.51,289,4,5,141.3,0,30
SUB102474,2026-03,10.8,314,4,9,318.84,1,28
SUB100749,2026-06,0.26,53,2,8,104.09,0,27
SUB101817,2026-07,5.38,442,1,5,244.87,0,27
SUB101524,2026-03,6.66,453,4,15,305.19,0,27
SUB101582,2026-05,5.92,390,1,11,154.93,0,26
SUB101697,2026-05,6.36,321,0,18,192.97,0,27
SUB101781,2026-05,7.43,361,1,13,140.18,0,28
SUB100203,2026-03,1.07,417,3,7,216.37,0,28
SUB100155,2026-07,6.48,355,3,16,229.96,0,29
SUB100275,2026-03,2.92,378,0,12,131.05,0,29
SUB100637,2026-04,2.48,247,1,5,91.25,0,26
SUB100953,2026-03,1.72,380,1,7,152.79,0,26
SUB101481,2026-02,4.43,105,3,3,124.23,0,29
SUB101206,2026-03,16.93,97,0,14,304.29,0,27
SUB103026,2026-06,3.1,93,2,11,81.99,0,28
SUB101273,2026-06,0.71,139,1,10,110.66,0,29
SUB100479,2026-03,1.06,117,2,14,189.78,0,30
SUB100835,2026-04,4.19,368,4,5,256.45,0,29
SUB100842,2026-02,3.44,185,2,11,216.24,0,28
SUB101520,2026-06,1.43,91,5,12,147.86,0,27
SUB101100,2026-07,0.44,51,6800,15,184.03,0,27
SUB102564,2026-02,18.16,184,0,4,321.8,0,26
SUB100447,2026-03,7.24,43,2,21,290.7,0,27
SUB100627,2026-03,14.09,1214,0,7,365.24,0,26
SUB101551,2026-07,15.94,902,3,14,498.29,0,30
SUB100876,2026-02,6.41,494,0,3,334.76,0,29
SUB102269,2026-05,0.43,779,2,11,248.29,0,26
SUB101348,2026-03,26.81,232,2,6,365.78,0,27
SUB100007,2026-07,4.48,416,1,25,216.87,0,30
SUB101456,2026-03,1.44,78,2,14,133.27,0,27
SUB102378,2026-06,7.95,155,2,17,170.63,0,28
SUB102563,2026-03,7.83,128,2,10,157.17,0,30
SUB101500,2026-07,3.78,252,2,3,229.74,0,27
SUB101445,2026-07,6.51,96,2,15,214.49,0,26
SUB101284,2026-06,2.47,209,3,17,93.27,0,26
SUB100312,2026-05,0.79,165,0,5,108.04,0,30
SUB102567,2026-03,1.21,53,0,13,232.62,0,28
SUB101736,2026-02,7.54,467,2,4,386.74,0,30
SUB102304,2026-07,6.86,340,2,10,175.79,0,26
SUB101561,2026-03,5.03,484,0,12,178.49,0,28
SUB100925,2026-06,3.25,221,1,15,314.34,0,27
SUB101813,2026-04,0.86,1200,3,12,165.24,0,30
SUB101381,2026-03,9.93,46,2,16,283.77,1,29
SUB101497,2026-05,24.14,299,1,5,352.69,0,30
SUB100655,2026-07,7.13,500,5,7,272.86,0,30
SUB101917,2026-07,55.11,151,3,6,561.33,0,27
SUB103157,2026-07,6.48,222,2,8,200.04,0,27
SUB102348,2026-07,0.94,550,2,9,137.32,0,26
SUB101356,2026-06,4.45,634,0,8,161.04,0,30
SUB102376,2026-06,13.97,353,0,13,258.59,1,30
SUB102437,2026-05,5.86,306,1,12,228.47,0,26
SUB101078,2026-04,0.94,276,1,13,88.17,0,29
SUB102480,2026-03,13.76,203,1,12,221.54,0,26
SUB100317,2026-04,4.65,182,4,8,138.37,0,30
SUB100327,2026-07,13.82,160,2,11,247.02,0,26
SUB101587,2026-04,0.31,56,4054,13,199.37,0,29
SUB103144,2026-03,4.34,173,4,9,121.55,0,30
SUB101555,2026-05,7.91,61,1,9,235.95,0,27
SUB101928,2026-05,3.07,68,2,8,258.11,0,28
SUB100215,2026-06,4.72,126,1,12,141.54,0,28
SUB101053,2026-04,10.35,94,2,20,130.02,0,28
SUB102839,2026-07,9.49,392,1,11,332.74,0,26
SUB101856,2026-04,10.6,95,5,10,357.71,0,30
SUB101969,2026-04,8.89,401,0,6,339.34,0,27
SUB101815,2026-05,9.98,253,1,13,221.07,0,29
SUB100552,2026-07,12.66,237,3,9,201.54,0,29
SUB100895,2026-03,2.49,224,2,10,184.44,0,30
SUB101316,2026-06,7.26,63,5,6,164.83,0,27
SUB100138,2026-07,21.35,345,0,14,,0,30
SUB101426,2026-02,5.58,83,3,5,320.42,0,28
SUB101164,2026-06,1.75,148,4,9,120.64,1,26
SUB102388,2026-05,1.02,171,5,6,217.92,0,30
SUB100798,2026-06,13.43,111,1,18,258.54,0,26
SUB100891,2026-05,8.43,358,1,15,374.44,0,28
SUB103041,2026-03,5.88,310,3,5,290.27,0,30
SUB102902,2026-03,18.88,335,1,20,362.51,0,30
SUB100358,2026-03,6.75,261,3,7,324.64,0,27
SUB102876,2026-07,9.37,30,2,10,312.75,1,30
SUB101322,2026-04,17.14,248,0,5,205.19,0,26
SUB102851,2026-07,10.2,40,2,5,224.42,1,26
SUB103144,2026-04,2.62,227,2,4,122.7,0,29
SUB100518,2026-02,11.29,163,0,14,297.29,0,29
SUB100689,2026-07,14.3,142,2,4,321.66,0,29
SUB102326,2026-05,0.84,390,4,5,238.45,0,28
SUB100674,2026-02,4.36,267,1,14,127.48,0,27
SUB100099,2026-06,5.75,45,4,11,170.95,0,28
SUB102854,2026-05,1.94,625,3,14,163.95,0,30
SUB100777,2026-02,4.4,139,2,8,151.99,0,27
SUB102235,2026-07,21.72,329,0,5,409.34,0,30
SUB101271,2026-03,12.53,84,1,9,0.0,0,30
SUB100177,2026-05,7.78,36,1,11,195.6,0,28
SUB100458,2026-07,7.57,82,3,12,217.24,0,30
SUB102156,2026-07,6.28,167,2,14,167.98,0,28
SUB100665,2026-05,12.13,602,2,7,200.31,0,29
SUB102876,2026-06,8.36,53,0,9,344.65,0,30
SUB101953,2026-03,2.21,515,4,13,274.26,0,28
SUB101814,2026-04,4.52,129,1,12,312.9,0,30
SUB102879,2026-04,5.48,355,3,2,254.44,0,26
SUB101398,2026-05,5.83,30,0,7,312.96,0,28
SUB100405,2026-03,6.42,174,0,9,321.43,0,30
SUB102972,2026-02,9.76,136,7,14,395.57,0,26
SUB102711,2026-05,3.91,212,1,16,126.78,0,28
SUB100851,2026-02,1.05,19,2,12,235.26,0,28
SUB102957,2026-06,11.34,232,2,20,480.25,0,26
SUB102084,2026-04,3.19,622,3,12,231.05,0,28
SUB101927,2026-05,12.67,252,7,24,254.71,0,29
SUB101109,2026-07,6.81,249,0,23,141.2,0,29
SUB101947,2026-04,21.03,329,0,12,345.1,0,28
SUB100518,2026-05,9.47,192,0,14,229.09,0,28
SUB102404,2026-02,10.34,746,3,12,306.87,1,28
SUB101786,2026-07,9.68,228,1,19,399.82,0,30
SUB101345,2026-03,2.61,81,1,13,148.91,0,30
SUB100465,2026-05,5.58,380,1,13,253.34,0,29
SUB101462,2026-04,1.25,143,2,9,185.46,0,27
SUB101160,2026-02,4.13,166,1,7,102.64,0,27
SUB100087,2026-03,11.1,179,1,9,274.5,0,29
SUB101635,2026-06,16.5,185,0,7,449.27,0,30
SUB101918,2026-05,1.76,122,3,9,229.09,0,27
SUB102026,2026-04,9.59,140,3,7,268.39,0,27
SUB101766,2026-03,1.76,289,3,8,123.17,0,26
SUB100734,2026-02,12.81,87,5,20,398.85,0,28
SUB103003,2026-03,4.09,799,2,9,184.2,0,27
SUB102669,2026-04,13.41,392,3,10,369.29,0,29
SUB102453,2026-03,1.19,357,1,18,115.15,0,26
SUB102439,2026-06,7.61,80,1,18,273.46,0,29
SUB102094,2026-02,2.42,404,4,10,168.51,0,30
SUB102699,2026-05,5.32,205,2,10,289.69,0,27
SUB102154,2026-06,5.11,266,0,8,432.09,0,27
SUB100365,2026-07,3.6,77,4,4,132.69,0,30
SUB102496,2026-07,3.17,337,3,17,289.45,0,27
SUB102933,2026-02,5.27,45,3,12,87.32,0,28
SUB100151,2026-04,11.38,559,2,6,260.59,1,27
SUB103167,2026-06,7.62,500,1,13,248.23,0,28
SUB102173,2026-07,1.57,67,3,13,209.89,0,28
SUB101705,2026-06,0.99,118,3,12,84.89,0,30
SUB103027,2026-02,3.15,67,2,18,94.57,0,29
SUB102690,2026-02,11.74,772,2,5,280.37,0,30
SUB100619,2026-04,4.03,215,5,19,160.2,0,28
SUB100900,2026-06,2.01,220,1,9,284.89,0,27
SUB102152,2026-06,8.65,75,0,9,296.74,0,27
SUB102663,2026-05,11.96,250,2,8,287.78,0,29
SUB102462,2026-03,5.87,687,1,7,244.11,0,28
SUB102176,2026-06,5.04,351,2,5,346.66,0,26
SUB100040,2026-06,8.76,239,1,17,371.99,0,30
SUB101028,2026-02,5.23,456,2,9,231.66,0,28
SUB100838,2026-02,5.38,150,2,17,125.53,0,30
SUB102453,2026-04,0.66,654,2,17,126.24,0,30
SUB102020,2026-06,7.43,67,5,13,139.67,0,26
SUB101140,2026-05,10.09,176,0,16,175.95,0,28
SUB100919,2026-05,1.43,281,1,17,130.55,0,27
SUB102745,2026-05,8.03,672,1,25,379.51,0,28
SUB100669,2026-02,4.84,273,3,6,258.37,0,29
SUB102554,2026-02,11.53,280,2,14,184.71,0,26
SUB101445,2026-06,6.95,156,4,7,193.22,0,28
SUB101513,2026-03,5.59,101,3,10,290.82,0,26
SUB102264,2026-06,7.45,694,1,12,132.82,0,26
SUB102585,2026-02,8.03,179,4,9,249.51,0,28
SUB102254,2026-04,11.0,280,1,12,370.42,0,29
SUB101338,2026-02,2.82,71,3,11,162.37,0,26
SUB101405,2026-07,0.57,567,3,11,111.13,0,26
SUB100878,2026-05,8.09,43,2,11,236.43,0,27
SUB100490,2026-03,50.95,156,1,9,607.72,0,26
SUB102494,2026-07,2.26,337,2,12,162.97,0,29
SUB101961,2026-04,15.22,25,0,15,345.98,0,26
SUB100393,2026-02,13.07,126,2,22,345.05,0,30
SUB102311,2026-06,14.04,208,3,13,277.35,0,27
SUB102972,2026-06,10.68,77,2,19,453.08,0,29
SUB101961,2026-02,18.8,17,1,10,288.19,0,29
SUB101698,2026-02,28.56,125,1,20,397.53,0,30
SUB100735,2026-05,8.41,172,2,6,264.14,0,29
SUB102433,2026-06,2.16,320,1,2,252.83,0,30
SUB101238,2026-06,13.06,935,2,12,408.02,0,30
SUB102147,2026-04,16.95,15,4,5,415.31,0,26
SUB100980,2026-03,14.67,79,3,10,369.43,0,27
SUB102464,2026-03,15.23,501,4,20,306.71,0,28
SUB100388,2026-03,10.89,277,0,11,280.88,0,29
SUB100396,2026-03,8.39,498,2,16,466.87,0,27
SUB101660,2026-02,3.67,182,3,9,296.33,0,28
SUB101331,2026-02,1.03,266,1,4,244.99,0,29
SUB100527,2026-05,9.96,86,1,8,287.43,0,28
SUB101108,2026-05,3.43,99,2,16,179.37,1,28
SUB103042,2026-06,5.33,354,5,7,156.01,1,30
SUB101267,2026-06,4.38,175,0,14,279.63,0,26
SUB100746,2026-06,4.77,91,0,5,156.82,1,29
SUB101751,2026-04,6.62,70,1,13,320.13,2,28
SUB100965,2026-04,2.47,48,1,16,128.95,0,28
SUB102957,2026-04,13.38,191,2,23,407.25,0,28
SUB100417,2026-05,4.31,594,1,13,184.32,0,30
SUB102710,2026-07,4.53,247,2,6,186.07,0,30
SUB100808,2026-02,9.0,361,1,4,374.63,1,28
SUB100790,2026-06,2.0,452,1,10,164.83,1,28
SUB100672,2026-04,1.51,187,2,7,202.75,0,30
SUB100681,2026-07,5.08,228,2,13,248.0,0,30
SUB102927,2026-04,5.84,224,1,5,153.99,0,30
SUB102767,2026-06,1.2,177,2,8,221.17,0,29
SUB103032,2026-02,9.51,311,3,13,175.35,1,26
SUB100198,2026-03,14.56,99,0,15,336.43,0,28
SUB100835,2026-05,7.83,463,1,14,288.35,0,28
SUB103080,2026-02,10.39,541,2,12,368.12,0,27
SUB102654,2026-07,6.78,37,1,10,204.2,0,26
SUB101962,2026-04,12.54,103,2,16,148.62,1,27
SUB103055,2026-05,6.99,234,3,3,360.25,0,30
SUB100268,2026-05,18.3,388,2,16,344.5,0,27
SUB102382,2026-03,24.5,336,1,9,535.03,0,29
SUB101105,2026-06,4.01,299,3,8,123.82,0,29
SUB100010,2026-03,1.27,85,2,13,236.4,0,29
SUB101211,2026-06,7.2,158,1,17,276.53,0,28
SUB102644,2026-06,12.43,66,4,11,413.61,0,28
SUB102124,2026-05,4.74,190,1,14,225.0,0,30
SUB100963,2026-06,12.89,150,1,11,302.55,0,26
SUB100862,2026-05,7.18,348,2,6,181.71,0,30
SUB101926,2026-05,9.53,511,3,18,364.25,0,29
SUB102405,2026-07,8.95,137,0,3,287.84,0,26
SUB101187,2026-02,4.21,197,3,13,264.34,0,28
SUB100103,2026-07,2.9,89,2,6,135.53,0,30
SUB100841,2026-05,2.82,398,0,10,172.64,0,29
SUB101139,2026-05,2.66,34,4,11,174.99,0,26
SUB101521,2026-03,2.05,107,2,10,151.02,0,30
SUB100317,2026-03,5.28,209,4,8,126.45,0,30
SUB100112,2026-05,13.47,291,1,9,202.63,0,26
SUB102132,2026-06,0.96,15,1,17,206.52,0,27
SUB100633,2026-03,12.25,193,2,10,254.68,0,29
SUB101000,2026-06,10.76,374,0,14,261.96,0,28
SUB100896,2026-04,13.12,75,3,12,331.67,0,29
SUB100541,2026-05,13.22,27,3,7,213.28,0,29
SUB100895,2026-02,2.6,323,1,12,190.4,0,30
SUB100845,2026-03,6.49,130,1,6,169.32,0,27
SUB102256,2026-04,6.84,55,4,11,239.96,0,27
SUB102583,2026-02,16.7,317,2,10,308.73,1,26
SUB100617,2026-02,6.91,398,0,8,410.47,0,26
SUB100540,2026-06,0.72,221,1,3,109.39,1,29
SUB101068,2026-04,8.68,462,0,9,287.35,0,27
SUB103147,2026-04,1.22,197,3,5,145.43,0,30
SUB102223,2026-05,18.45,145,2,4,299.19,0,30
SUB101964,2026-02,2.84,223,4,7,145.76,0,30
SUB102216,2026-04,2.53,219,2,7,230.67,0,26
SUB100270,2026-02,25.47,306,3,8,406.31,0,29
SUB101806,2026-03,5.73,55,0,12,232.09,0,28
SUB101793,2026-05,3.12,187,3,11,133.18,0,26
SUB101738,2026-02,3.02,398,2,10,80.3,0,28
SUB101683,2026-02,0.69,160,2,8,151.12,0,30
SUB101241,2026-06,13.42,355,2,8,414.23,0,29
SUB102724,2026-04,23.27,93,1,9,356.44,0,28
SUB102816,2026-04,9.47,39,1,6,285.84,0,28
SUB100712,2026-02,12.12,283,0,11,268.13,0,26
SUB102205,2026-06,2.05,317,1,14,248.22,0,27
SUB102491,2026-03,10.33,47,1,6,276.99,1,27
SUB100845,2026-05,6.37,181,1,10,186.42,0,28
SUB100029,2026-05,10.46,39,2,14,411.5,0,30
SUB101227,2026-03,9.33,60,1,9,293.93,0,28
SUB101228,2026-05,5.5,255,4,12,232.61,0,28
SUB102555,2026-06,8.51,95,2,11,377.26,0,26
SUB101523,2026-03,3.8,127,2,10,190.58,0,30
SUB101460,2026-03,3.4,297,0,17,281.29,0,28
SUB101516,2026-06,12.16,137,0,18,336.82,0,26
SUB102644,2026-02,12.2,31,1,8,454.03,0,29
SUB100067,2026-02,7.83,248,4,10,244.13,0,30
SUB102571,2026-05,1.61,206,1,17,277.55,0,30
SUB102429,2026-04,22.19,214,0,10,341.53,0,30
SUB100208,2026-04,1.52,163,3,16,115.73,0,26
SUB102760,2026-03,5.7,128,0,12,148.59,0,27
SUB100613,2026-06,0.4,104,1,17,71.04,0,30
SUB100541,2026-06,11.07,37,2,6,243.39,0,27
SUB101350,2026-02,1.46,139,1,17,141.85,0,28
SUB103061,2026-04,1.48,191,1,10,150.53,0,29
SUB100248,2026-04,5.68,480,3,15,182.68,1,26
SUB102841,2026-04,12.53,242,3,19,182.7,0,26
SUB101772,2026-03,19.94,407,0,5,415.63,0,26
SUB100222,2026-03,17.01,555,2,9,210.37,0,30
SUB102072,2026-07,25.2,69,1,2,373.42,0,27
SUB102017,2026-02,16.74,314,2,7,391.7,0,28
SUB102862,2026-04,12.73,288,2,12,391.62,0,28
SUB102051,2026-03,8.26,201,1,5,179.39,0,30
SUB102000,2026-02,4.16,262,3,8,133.0,0,29
SUB100540,2026-04,0.99,243,1,9,90.74,0,27
SUB101885,2026-06,11.84,330,2,9,266.06,0,30
SUB100245,2026-07,9.42,473,4,19,316.27,0,29
SUB102305,2026-05,0.9,389,3,8,87.34,0,30
SUB100490,2026-05,47.83,151,1,10,564.94,0,26
SUB102987,2026-03,10.57,38,4,14,299.03,0,27
SUB102074,2026-03,2.82,214,0,11,224.35,1,30
SUB100195,2026-03,13.33,363,1,5,339.4,0,29
SUB102542,2026-02,6.66,286,2,7,196.07,0,29
SUB102989,2026-04,1.32,408,3,13,176.81,0,28
SUB102350,2026-03,0.48,87,3165,10,292.78,0,26
SUB102404,2026-03,9.4,612,3,13,275.93,0,26
SUB100155,2026-06,8.05,363,0,12,218.82,0,26
SUB100972,2026-05,5.68,110,0,7,203.9,0,26
SUB101774,2026-04,18.11,129,1,10,346.01,0,28
SUB101406,2026-03,1.51,61,0,12,84.07,0,26
SUB101983,2026-04,16.9,116,1,13,369.53,0,28
SUB101279,2026-04,3.09,110,0,11,148.75,0,26
SUB101033,2026-07,1.75,117,1,5,68.24,0,27
SUB100383,2026-07,6.24,233,1,13,256.66,0,30
SUB101240,2026-04,1.73,429,5,7,211.33,0,30
SUB101348,2026-05,25.4,207,0,13,465.16,0,27
SUB101041,2026-05,10.1,91,1,7,320.1,0,26
SUB102832,2026-06,18.09,211,3,11,203.02,0,26
SUB101779,2026-07,9.8,66,3,17,113.06,0,30
SUB101739,2026-04,10.43,345,0,12,355.36,0,26
SUB102045,2026-04,9.9,43,3,14,399.06,0,30
SUB101301,2026-02,6.16,125,5,10,402.8,0,27
SUB102990,2026-03,2.92,48,1,12,146.83,0,29
SUB101194,2026-05,17.21,222,1,5,458.67,0,30
SUB100621,2026-04,3.96,18,0,14,151.89,0,28
SUB100831,2026-06,0.59,299,2,6,163.1,0,26
SUB102650,2026-07,0.99,131,2,10,164.89,0,26
SUB102148,2026-02,3.88,57,0,9,200.27,0,26
SUB101584,2026-05,48.7,124,1,18,0.0,0,28
SUB102048,2026-07,6.26,209,4,6,188.82,0,29
SUB102515,2026-02,6.32,68,3,12,302.9,0,29
SUB100505,2026-03,9.96,45,3,14,263.2,0,29
SUB103004,2026-02,8.21,299,2,10,130.62,0,29
SUB100753,2026-02,16.06,201,1,11,224.7,0,29
SUB101166,2026-05,1.86,156,0,6,191.22,0,29
SUB102289,2026-07,12.0,149,1,12,230.2,0,26
SUB100127,2026-04,17.39,472,1,15,442.31,0,30
SUB100855,2026-06,2.38,130,1,4,176.9,1,29
SUB100523,2026-06,11.35,457,1,7,546.45,0,30
SUB102210,2026-07,3.08,106,1,17,271.4,0,27
SUB102040,2026-07,20.17,692,4,13,371.48,0,28
SUB102490,2026-04,5.74,244,3,10,258.14,0,30
SUB101170,2026-02,4.7,415,1,18,132.5,0,27
SUB102655,2026-06,2.08,532,4,18,371.26,1,30
SUB100497,2026-05,5.58,105,1,8,159.2,0,27
SUB102991,2026-05,12.44,812,3,18,422.53,0,26
SUB101237,2026-07,19.77,124,2,12,379.06,0,26
SUB102736,2026-03,2.95,158,2,8,156.68,1,30
SUB102449,2026-05,5.2,341,2,7,201.54,0,30
SUB100295,2026-02,11.52,170,2,11,396.06,0,28
SUB101990,2026-05,17.11,123,0,16,325.7,0,27
SUB102005,2026-02,19.84,122,2,10,372.81,0,29
SUB101523,2026-04,4.82,99,0,11,224.66,0,27
SUB102600,2026-02,27.26,177,2,7,376.53,0,29
SUB100643,2026-03,7.97,427,1,8,196.94,0,30
SUB101846,2026-04,3.77,601,4,16,168.63,0,30
SUB100186,2026-06,13.79,394,2,7,534.95,0,26
SUB100130,2026-02,8.85,292,4,10,392.98,0,26
SUB102855,2026-04,16.24,322,4,9,507.68,0,29
SUB101086,2026-06,7.62,478,1,9,324.14,0,30
SUB102426,2026-05,5.09,180,1,6,167.42,0,30
SUB102457,2026-02,7.29,235,4,14,168.52,0,30
SUB100943,2026-06,22.87,83,0,8,392.78,0,28
SUB102840,2026-05,4.38,87,1,8,161.72,0,26
SUB101597,2026-07,5.97,399,3,3,270.37,0,28
SUB102587,2026-07,5.74,129,2,12,159.9,1,28
SUB102966,2026-03,26.52,195,0,18,305.26,0,28
SUB102370,2026-04,4.66,112,1,6,314.77,0,26
SUB100820,2026-07,4.85,505,1,14,196.76,0,30
SUB100750,2026-03,14.55,369,1,6,305.03,0,30
SUB103071,2026-06,8.42,31,1,5,239.53,0,28
SUB102645,2026-06,2.42,233,1,11,164.05,0,30
SUB103174,2026-06,1.38,110,2,14,171.46,0,26
SUB100656,2026-02,17.6,374,4,4,369.3,0,27
SUB101455,2026-03,11.44,187,4,13,295.13,0,30
SUB102374,2026-07,8.45,391,1,10,294.1,0,28
SUB103176,2026-04,25.53,142,1,10,111.86,0,28
SUB100491,2026-04,17.4,371,1,10,370.07,0,30
SUB100354,2026-06,0.51,801,1,12,176.81,1,28
SUB101819,2026-06,11.07,402,2,5,243.86,0,29
SUB100587,2026-04,7.61,256,2,15,302.96,0,29
SUB100615,2026-05,8.65,260,3,18,235.79,0,30
SUB100929,2026-07,18.88,354,1,15,388.48,0,26
SUB102512,2026-05,6.84,914,3,9,292.55,0,30
SUB100282,2026-04,5.84,89,0,2,200.04,0,27
SUB101012,2026-02,4.97,104,0,16,188.05,0,30
SUB100819,2026-06,5.82,93,2,19,284.83,0,29
SUB100435,2026-06,5.33,174,4,11,248.55,0,29
SUB101166,2026-06,1.65,163,2,11,166.88,0,26
SUB102035,2026-05,1.68,570,0,4,136.6,1,28
SUB100983,2026-04,6.7,315,2,10,209.72,0,27
SUB100837,2026-06,1.87,105,2,5,227.5,1,28
SUB102380,2026-04,7.12,217,2,16,298.92,0,27
SUB101402,2026-02,16.66,220,0,8,250.76,0,30
SUB103197,2026-07,1.14,206,2,16,163.99,0,28
SUB100511,2026-04,4.65,154,1,7,253.81,0,29
SUB101023,2026-07,2.29,134,2,13,172.71,0,30
SUB102548,2026-06,1.87,131,2,8,119.95,0,26
SUB102253,2026-06,7.23,56,0,12,331.18,0,28
SUB100985,2026-05,10.37,292,2,2,263.37,1,27
SUB100522,2026-05,14.63,57,0,17,288.91,0,26
SUB102110,2026-05,4.14,109,2,7,160.96,0,30
SUB101726,2026-06,7.62,203,4,13,228.55,0,30
SUB100412,2026-04,33.99,17,1,10,683.09,0,27
SUB101902,2026-05,5.46,196,3,12,223.98,0,28
SUB102004,2026-07,21.95,314,4,8,369.21,0,26
SUB102005,2026-03,20.6,152,1,7,374.68,0,30
SUB102634,2026-02,13.48,477,2,10,336.36,0,30
SUB101098,2026-07,5.82,156,2,8,274.66,0,29
SUB101783,2026-06,10.93,804,3,3,215.22,0,30
SUB103085,2026-04,6.77,537,1,6,209.76,0,28
SUB101877,2026-05,1.07,241,2,12,182.01,0,30
SUB101279,2026-06,2.95,141,4,11,154.11,0,27
SUB102979,2026-03,23.2,286,3,23,592.86,1,27
SUB100519,2026-05,6.53,205,0,12,121.05,0,28
SUB102665,2026-06,7.89,158,5,15,349.02,0,30
SUB102222,2026-04,1.71,231,2,12,153.02,0,26
SUB100030,2026-07,6.45,250,0,10,270.94,0,28
SUB102189,2026-02,5.56,145,6,6,116.22,0,30
SUB100886,2026-04,12.06,281,1,8,328.87,0,30
SUB102909,2026-02,6.93,988,1,3,286.1,0,26
SUB101811,2026-06,4.72,415,0,11,154.64,0,27
SUB100936,2026-05,4.2,63,2,4,86.75,0,28
SUB101037,2026-05,0.76,249,2,18,278.13,0,28
SUB100818,2026-06,12.58,355,4,11,162.92,0,28
SUB101608,2026-05,2.12,174,3,11,175.1,0,26
SUB102905,2026-05,20.16,355,1,15,453.89,0,27
SUB100233,2026-07,5.95,225,2,10,209.21,0,26
SUB101284,2026-04,1.44,153,1,13,70.46,0,29
SUB102294,2026-05,1.51,259,3,11,187.65,1,30
SUB100514,2026-06,6.16,56,1,3,84.18,1,28
SUB102086,2026-06,1.34,148,2,16,242.75,0,28
SUB103185,2026-05,13.03,36,1,5,232.96,0,30
SUB102778,2026-03,10.11,138,3,12,285.2,0,26
SUB102637,2026-05,8.02,97,1,5,237.77,0,29
SUB100719,2026-07,2.1,78,1,8,192.58,0,27
SUB102072,2026-06,31.91,59,2,8,331.06,0,28
SUB102797,2026-04,1.3,169,1,11,297.7,0,29
SUB103060,2026-06,16.38,191,0,19,299.13,0,26
SUB101304,2026-02,22.13,233,1,5,320.42,0,29
SUB100658,2026-05,9.19,185,2,8,350.36,0,28
SUB102406,2026-06,1.95,199,2,14,205.83,0,26
SUB102973,2026-02,13.52,127,6,13,257.73,0,29
SUB101386,2026-07,24.43,171,0,9,441.5,0,28
SUB102631,2026-05,11.86,518,0,6,215.1,0,28
SUB101095,2026-03,1.49,113,4,10,213.63,0,26
SUB100988,2026-06,1.51,77,3,11,173.96,0,26
SUB101620,2026-02,2.6,119,1,8,280.9,0,26
SUB101679,2026-04,5.82,63,2,11,158.49,0,29
SUB101410,2026-02,13.08,204,3,11,225.38,0,27
SUB100968,2026-06,4.8,386,1,10,261.46,0,30
SUB100892,2026-04,4.13,398,1,10,162.94,0,27
SUB100264,2026-02,2.06,267,2,8,205.92,0,28
SUB102884,2026-04,1.15,620,4,13,120.03,0,29
SUB100762,2026-05,7.84,210,0,5,271.24,0,29
SUB100713,2026-03,4.12,143,2,9,175.91,0,26
SUB101300,2026-07,2.22,494,2,9,123.43,0,28
SUB100939,2026-07,6.55,286,3,6,217.89,0,30
SUB103193,2026-07,13.49,81,2,15,405.51,0,29
SUB100702,2026-04,14.58,70,3,4,617.34,1,26
SUB100189,2026-06,6.5,147,1,8,244.12,0,28
SUB100796,2026-02,10.04,500,5,12,241.73,0,28
SUB100813,2026-05,4.19,53,2,16,165.82,0,29
SUB100163,2026-07,21.7,259,2,11,508.18,0,29
SUB103029,2026-05,15.51,132,0,15,246.97,0,26
SUB100387,2026-06,11.32,402,2,15,235.88,0,27
SUB102280,2026-07,35.68,339,3,12,409.92,0,26
SUB102808,2026-02,2.87,249,3,15,143.25,0,30
SUB102320,2026-02,11.58,296,1,9,270.18,0,27
SUB102329,2026-05,4.92,113,0,12,154.22,0,27
SUB100269,2026-05,9.21,146,3,7,162.19,1,26
SUB100750,2026-04,14.26,454,0,5,315.76,0,26
SUB102935,2026-02,8.37,223,2,18,195.41,0,28
SUB101811,2026-07,4.64,455,2,7,128.58,0,28
SUB103159,2026-05,7.97,78,4,13,168.19,0,30
SUB100454,2026-03,12.43,521,2,11,219.6,0,29
SUB103090,2026-06,7.19,343,1,15,271.44,1,26
SUB101087,2026-03,25.44,232,2,10,408.33,0,26
SUB102949,2026-02,5.64,32,1,13,252.83,0,26
SUB100802,2026-06,4.7,133,4,15,298.48,0,30
SUB101280,2026-06,11.98,610,1,15,267.0,0,29
SUB101094,2026-06,12.78,257,3,12,420.57,0,27
SUB102117,2026-03,5.62,250,0,17,204.46,0,27
SUB100094,2026-03,8.82,111,5,10,,0,27
SUB101792,2026-03,14.1,119,2,10,281.24,0,29
SUB100247,2026-03,8.84,229,0,8,164.75,0,26
SUB102966,2026-07,19.99,180,4,16,229.63,0,28
SUB102196,2026-04,4.58,180,1,10,252.13,0,29
SUB101514,2026-06,16.94,113,0,10,431.47,0,30
SUB102370,2026-05,3.91,122,0,9,270.07,0,30
SUB100511,2026-03,3.78,52,1,4,275.11,0,30
SUB100907,2026-07,12.31,144,1,15,306.88,0,28
SUB100657,2026-05,10.08,561,2,16,131.41,0,30
SUB102184,2026-04,19.44,229,2,8,332.97,0,30
SUB101537,2026-06,6.78,258,4,4,192.45,0,27
SUB100304,2026-05,1.21,518,2,18,171.43,0,28
SUB103143,2026-04,5.78,146,5,14,234.42,0,27
SUB101311,2026-07,26.11,169,1,2,373.14,0,26
SUB100617,2026-04,9.76,501,1,13,418.79,0,27
SUB100285,2026-05,8.85,327,1,12,205.38,0,26
SUB102481,2026-05,39.08,161,5,5,410.94,0,28
SUB101057,2026-05,1.35,336,2,8,161.29,0,29
SUB101991,2026-04,12.13,140,6,11,424.95,0,30
SUB101931,2026-02,7.76,855,4,5,295.86,0,28
SUB102039,2026-03,7.19,120,2,10,287.61,0,27
SUB100809,2026-05,5.64,50,1,14,236.17,0,26
SUB101770,2026-05,2.65,215,1,12,267.28,0,27
SUB102308,2026-07,4.94,175,3,11,199.27,0,27
SUB100330,2026-07,8.7,507,2,9,301.45,0,26
SUB101545,2026-07,1.13,680,1,8,267.28,0,29
SUB100902,2026-03,3.81,39,0,12,203.78,0,26
SUB100412,2026-05,39.21,18,1,11,560.89,0,26
SUB102266,2026-05,4.22,296,1,9,134.05,0,26
SUB101786,2026-06,13.49,202,0,17,438.01,0,28
SUB101069,2026-04,14.31,1028,1,7,405.86,0,26
SUB101425,2026-06,8.36,230,3,13,183.69,0,27
SUB100022,2026-06,7.48,84,2,15,362.3,0,30
SUB101739,2026-05,17.74,436,2,14,355.67,1,26
SUB100064,2026-03,1.26,174,2,10,128.78,0,29
SUB101645,2026-05,10.22,466,1,12,258.55,0,27
SUB102706,2026-03,13.01,397,1,11,260.74,1,30
SUB101732,2026-03,10.36,200,2,10,296.01,0,26
SUB101266,2026-04,0.6,7,2,2,89.56,0,26
SUB102523,2026-03,5.57,187,2,9,241.33,0,30
SUB102458,2026-02,18.6,198,3,14,414.26,0,28
SUB102049,2026-05,9.91,104,0,12,233.9,0,30
SUB102833,2026-03,12.34,397,3,13,482.76,0,29
SUB101203,2026-05,3.35,207,2,14,123.86,0,28
SUB101844,2026-05,13.47,195,1,2,525.76,0,29
SUB101582,2026-06,4.92,401,3,11,149.81,0,28
SUB102852,2026-04,7.54,57,2,8,225.8,0,30
SUB101201,2026-02,5.8,114,3,6,223.76,0,29
SUB100152,2026-02,8.32,343,1,15,344.23,0,29
SUB102334,2026-07,2.48,439,0,14,227.29,1,27
SUB103164,2026-03,6.61,133,3,7,223.59,0,26
SUB100756,2026-04,1.54,258,5,9,241.27,0,27
SUB100923,2026-04,5.98,291,1,10,321.26,0,29
SUB102694,2026-06,10.51,396,1,12,385.2,0,30
SUB100316,2026-06,0.82,155,0,11,269.26,0,28
SUB100733,2026-06,9.4,379,1,10,215.54,0,28
SUB101419,2026-05,16.48,252,2,8,517.0,0,28
SUB103138,2026-02,13.28,115,2,15,306.74,0,30
SUB100092,2026-04,1.96,72,1,11,102.58,0,26
SUB102995,2026-04,1.59,297,2,9,161.91,0,26
SUB100187,2026-07,0.94,312,1,13,144.11,2,27
SUB101537,2026-04,6.41,568,1,3,224.41,0,29
SUB102895,2026-06,15.54,202,1,10,355.23,0,29
SUB100909,2026-06,3.49,273,3,9,239.82,0,30
SUB102875,2026-03,4.72,117,1,9,310.47,1,26
SUB101308,2026-07,27.61,87,2,9,254.61,0,29
SUB103143,2026-02,6.73,259,5,16,189.94,0,29
SUB101324,2026-05,3.29,168,1,10,216.98,0,26
SUB102789,2026-03,9.31,111,2,16,376.59,0,30
SUB101389,2026-06,1.43,252,1,5,228.49,0,27
SUB102836,2026-03,19.76,129,3,6,355.3,0,26
SUB103192,2026-02,3.95,427,3,10,109.26,0,29
SUB103084,2026-06,4.3,132,3,18,226.81,0,26
SUB100222,2026-02,6.91,505,2,9,267.59,0,28
SUB102481,2026-03,21.25,156,3,4,507.51,0,29
SUB100091,2026-03,14.86,16,2,12,253.15,0,29
SUB100957,2026-06,5.67,316,1,7,191.02,0,30
SUB102164,2026-02,2.33,147,4,11,75.09,0,29
SUB102016,2026-02,0.87,705,4,13,351.55,0,26
SUB100896,2026-03,6.45,81,5,10,295.29,0,26
SUB102427,2026-02,8.83,544,3,4,379.4,0,28
SUB102770,2026-05,6.8,271,2,10,349.85,0,29
SUB103163,2026-05,4.36,954,1,16,165.22,0,30
SUB103079,2026-03,8.4,69,0,6,243.39,0,29
SUB100048,2026-06,22.77,272,0,17,422.19,0,27
SUB101596,2026-05,0.89,88,0,10,191.22,0,28
SUB100954,2026-07,1.3,439,2,16,135.97,0,30
SUB100374,2026-06,7.7,195,3,7,265.78,0,29
SUB100401,2026-05,7.98,367,4,9,367.42,0,26
SUB102618,2026-04,1.93,103,3,13,261.64,0,29
SUB102894,2026-07,1.21,161,1,19,168.62,0,29
SUB102501,2026-02,6.01,216,4,15,189.23,0,28
SUB100153,2026-04,6.95,55,1,17,183.51,0,29
SUB100956,2026-05,16.07,138,5,9,401.38,0,28
SUB101320,2026-02,9.59,40,2,11,299.33,0,30
SUB100572,2026-04,2.64,73,2,15,236.47,0,28
SUB100206,2026-03,8.6,154,1,6,249.54,0,30
SUB102693,2026-05,8.0,129,0,5,323.3,1,27
SUB101824,2026-07,13.28,347,1,12,360.3,0,29
SUB100486,2026-07,15.77,133,3,5,524.03,0,26
SUB101050,2026-04,12.68,257,4,19,304.9,1,29
SUB101416,2026-07,15.33,98,2,2,300.14,0,30
SUB100002,2026-05,2.23,114,1,7,181.47,0,30
SUB102549,2026-04,12.09,335,1,9,493.24,0,28
SUB102154,2026-05,6.55,426,2,15,473.37,0,28
SUB101513,2026-07,4.67,84,4,9,249.56,0,27
SUB101651,2026-07,4.36,497,3,3,235.74,0,30
SUB102652,2026-04,1.41,384,2,11,189.3,0,26
SUB101033,2026-03,1.83,86,0,6,84.49,0,26
SUB101241,2026-05,12.26,287,0,13,368.96,0,28
SUB102615,2026-04,2.26,195,3,15,138.96,0,28
SUB100211,2026-04,15.42,406,5,9,376.67,0,26
SUB100601,2026-05,4.89,118,0,4,70.76,0,29
SUB100457,2026-03,7.24,282,3,14,318.99,0,29
SUB102973,2026-04,12.51,187,3,7,263.56,1,26
SUB100531,2026-03,13.2,469,3,7,408.75,0,27
SUB100224,2026-06,2.36,172,3,14,94.76,0,28
SUB101248,2026-02,25.18,206,2,0,554.57,1,29
SUB100182,2026-06,34.82,266,1,3,518.63,0,29
SUB102818,2026-06,5.45,218,1,13,241.12,0,29
SUB101140,2026-04,10.68,246,1,12,179.67,0,26
SUB103138,2026-04,11.57,129,1,14,254.74,0,28
SUB102134,2026-05,3.82,121,3,7,226.8,0,30
SUB102553,2026-03,4.6,581,1,23,138.7,0,29
SUB100521,2026-04,3.22,41,0,21,110.26,0,29
SUB102133,2026-07,3.82,131,3,13,254.06,0,28
SUB100226,2026-03,10.19,113,0,10,239.88,0,27
SUB100014,2026-04,1.0,262,4,19,254.17,0,28
SUB102289,2026-04,5.49,181,1,8,221.96,1,29
SUB101389,2026-04,2.5,213,1,8,172.33,0,28
SUB102615,2026-03,2.51,124,0,17,163.23,0,26
SUB100040,2026-03,7.57,229,2,11,328.59,0,29
SUB103103,2026-07,12.15,98,4,8,423.45,0,29
SUB101704,2026-06,5.68,41,1,14,191.94,0,26
SUB101875,2026-07,13.54,123,8,18,397.69,0,29
SUB102607,2026-06,5.68,1022,1,10,384.25,0,26
SUB100830,2026-07,19.98,351,2,3,446.83,0,30
SUB100706,2026-06,2.75,161,5,4,256.92,0,29
SUB101191,2026-03,2.02,131,2,11,125.64,0,30
SUB100944,2026-02,8.58,416,3,5,499.55,0,30
SUB100188,2026-04,2.54,490,2,7,208.86,0,29
SUB100354,2026-05,0.45,1078,1,10,180.9,0,30
SUB101462,2026-06,1.24,156,0,7,168.64,0,26
SUB100324,2026-04,9.78,100,2,20,255.98,0,27
SUB102959,2026-03,1.45,103,0,17,,0,26
SUB102498,2026-02,2.8,217,0,10,284.26,0,30
SUB100692,2026-05,1.62,535,4,11,159.27,0,28
SUB100136,2026-06,2.75,404,1,11,272.6,0,27
SUB101845,2026-02,3.13,439,3,14,188.32,0,30
SUB100282,2026-06,5.74,80,0,2,158.45,0,26
SUB102534,2026-05,9.9,335,1,8,222.86,0,27
SUB102151,2026-07,1.32,160,0,22,116.04,0,28
SUB103140,2026-04,14.17,445,1,2,426.52,0,29
SUB101044,2026-02,9.81,139,2,12,198.26,1,26
SUB102680,2026-07,5.9,287,4,9,275.92,0,29
SUB100565,2026-06,6.46,326,1,8,354.01,0,26
SUB102423,2026-05,8.83,92,1,14,251.8,0,26
SUB100241,2026-04,7.53,189,1,15,154.52,0,29
SUB101898,2026-02,3.38,38,3,18,130.23,0,30
SUB100842,2026-06,6.07,148,1,9,215.48,0,29
SUB101504,2026-03,5.28,278,2,15,150.71,0,29
SUB101009,2026-06,5.26,207,3,9,194.94,0,28
SUB102618,2026-06,0.92,96,2,9,227.59,0,27
SUB101387,2026-05,6.37,37,1,5,108.35,0,28
SUB101376,2026-02,9.48,283,2,11,359.35,0,26
SUB102746,2026-04,6.06,277,1,4,133.69,0,27
SUB100388,2026-07,7.72,340,2,17,263.09,0,30
SUB101632,2026-05,2.56,255,1,8,198.73,0,29
SUB101512,2026-04,1.88,226,3,11,143.74,0,26
SUB100390,2026-03,16.57,105,1,9,223.33,0,28
SUB100708,2026-06,23.1,366,0,7,419.95,0,30
SUB100734,2026-06,9.87,66,0,20,377.4,0,28
SUB102183,2026-02,16.41,181,3,4,302.64,0,27
SUB100654,2026-03,13.01,85,0,4,268.6,0,27
SUB100520,2026-06,10.14,127,3,3,409.51,0,30
SUB101093,2026-07,13.54,416,1,11,440.21,0,29
SUB101652,2026-05,4.31,248,0,8,210.42,0,26
SUB100134,2026-04,12.52,280,2,15,363.61,0,29
SUB102920,2026-07,12.04,162,4,12,278.79,0,27
SUB100842,2026-03,3.35,193,0,6,254.92,0,29
SUB101721,2026-06,2.78,109,0,15,234.22,0,27
SUB100173,2026-04,3.77,611,1,6,102.27,1,28
SUB101456,2026-07,1.23,63,1,10,126.77,0,26
SUB100114,2026-04,5.95,79,2,12,174.13,0,26
SUB100962,2026-07,8.12,154,1,28,195.98,0,27
SUB103113,2026-05,0.58,490,0,9,,0,27
SUB102059,2026-07,17.54,153,2,9,313.16,0,28
SUB100695,2026-06,1.82,80,4,13,111.86,0,26
SUB101955,2026-06,4.66,156,2,15,237.47,0,29
SUB101345,2026-05,3.16,49,2,9,130.74,0,28
SUB100078,2026-07,2.01,215,2,18,165.41,0,28
SUB102382,2026-02,32.92,378,1,8,375.47,0,29
SUB100506,2026-02,8.76,82,2,8,235.5,0,28
SUB100509,2026-03,11.94,554,0,13,359.96,0,30
SUB102948,2026-03,7.19,14,1,13,240.8,1,27
SUB100120,2026-06,4.21,73,2,14,0.0,0,30
SUB100691,2026-07,1.34,158,2,4,96.79,0,30
SUB101020,2026-04,2.11,215,0,10,300.63,0,26
SUB101847,2026-03,0.89,226,4,15,156.96,0,30
SUB100476,2026-04,2.11,175,1,8,188.1,0,26
SUB100301,2026-05,1.93,82,1,12,192.32,0,27
SUB102919,2026-05,1.81,58,2,5,207.28,0,27
SUB103036,2026-07,2.65,221,2,27,96.05,0,28
SUB100168,2026-05,5.15,147,2,17,160.52,0,27
SUB101531,2026-04,5.43,407,2,9,327.94,0,27
SUB101321,2026-02,20.39,142,1,7,394.14,1,30
SUB101505,2026-07,5.61,60,0,7,300.41,1,30
SUB101208,2026-04,1.38,81,1,12,210.45,0,26
SUB102370,2026-02,7.42,94,2,8,246.6,0,29
SUB101134,2026-05,4.86,26,1,17,199.72,0,29
SUB101483,2026-06,3.89,246,0,6,270.21,0,27
SUB102839,2026-05,6.26,168,3,13,322.18,0,28
SUB102345,2026-07,9.59,48,3,6,332.79,1,27
SUB103176,2026-05,39.5,123,1,11,0.0,3,29
SUB103122,2026-05,7.71,495,1,19,222.18,0,28
SUB100371,2026-02,8.2,348,1,20,352.12,0,30
SUB101841,2026-04,6.49,222,3,7,148.43,0,30
SUB102047,2026-04,1.58,276,2,17,208.67,0,27
SUB102737,2026-02,13.39,292,4,15,289.96,0,30
SUB101754,2026-07,1.25,101,2,5,275.98,0,29
SUB102170,2026-07,3.36,65,5,4,119.41,0,26
SUB101934,2026-04,6.34,133,3,14,245.43,0,26
SUB102164,2026-05,2.55,100,2,11,68.47,0,30
SUB101273,2026-05,0.72,168,4,10,136.59,0,28
SUB102742,2026-04,10.57,531,3,6,474.69,0,27
SUB102536,2026-04,1.71,679,2,2,217.14,0,30
SUB100584,2026-04,30.43,473,0,18,165.78,1,26
SUB101451,2026-06,4.18,221,2,17,109.98,1,27
SUB100930,2026-04,0.61,192,2,15,122.02,0,26
SUB100804,2026-03,23.59,35,2,7,453.3,0,30
SUB101512,2026-02,1.63,331,5,7,130.69,0,27
SUB102028,2026-04,2.3,626,1,8,164.26,0,28
SUB102827,2026-04,40.64,753,2,18,526.37,0,29
SUB100662,2026-03,4.04,863,2,9,253.21,0,27
SUB102402,2026-06,18.19,306,1,10,267.95,0,30
SUB102386,2026-03,9.08,22,4,10,104.69,0,27
SUB102523,2026-04,6.16,248,2,10,263.93,0,29
SUB101776,2026-02,4.6,179,2,4,160.49,0,30
SUB102353,2026-04,14.92,99,3,7,282.3,0,30
SUB100893,2026-02,13.46,499,1,10,318.0,0,26
SUB100817,2026-05,22.79,204,2,6,372.5,0,26
SUB100453,2026-07,20.4,574,1,11,473.03,0,30
SUB100004,2026-05,25.41,223,1,6,324.93,0,28
SUB102161,2026-02,10.94,136,1,6,388.93,0,29
SUB102964,2026-05,7.71,142,3,16,384.69,0,28
SUB100393,2026-07,16.56,55,2,37,468.16,0,26
SUB100323,2026-05,1.29,39,4,18,110.02,0,30
SUB102053,2026-02,6.68,198,2,21,118.6,0,28
SUB102624,2026-04,11.82,148,3,6,235.72,0,30
SUB101431,2026-04,21.69,312,0,7,411.87,0,29
SUB102852,2026-07,7.88,96,0,11,261.99,0,29
SUB101944,2026-02,4.51,325,2,15,168.35,0,26
SUB102357,2026-02,6.01,65,1,19,383.88,0,29
SUB101737,2026-06,0.65,180,1,18,174.89,1,29
SUB101340,2026-03,10.37,148,3,13,313.46,0,27
SUB100012,2026-02,10.3,83,2,8,321.71,0,27
SUB101999,2026-02,8.79,372,2,6,206.73,0,28
SUB100338,2026-06,1.55,241,4,9,102.34,0,28
SUB101424,2026-05,13.13,75,2,20,407.0,0,30
SUB101910,2026-07,51.15,520,2,13,609.61,1,27
SUB100327,2026-06,10.88,138,1,13,326.31,0,27
SUB100004,2026-06,24.98,181,2,8,334.85,0,27
SUB100356,2026-06,18.76,174,5,9,503.59,1,26
SUB102461,2026-05,9.32,245,2,8,247.83,0,29
SUB101514,2026-04,21.32,97,3,17,450.13,1,29
SUB100946,2026-03,1.7,49,1,5,228.31,0,26
SUB101650,2026-02,8.05,42,3,13,317.2,1,30
SUB101069,2026-06,13.59,612,4,6,379.74,0,28
SUB100653,2026-06,19.73,95,2,5,395.85,1,29
SUB101770,2026-07,2.16,224,3,17,263.29,0,28
SUB100296,2026-06,6.96,177,4,5,482.15,0,27
SUB102686,2026-04,11.1,180,3,5,248.07,1,27
SUB100728,2026-06,0.41,41,3945,22,241.16,0,28
SUB100283,2026-03,7.79,90,0,4,155.8,0,27
SUB103022,2026-02,11.57,492,3,4,275.58,0,27
SUB101696,2026-02,16.4,220,2,11,337.54,0,30
SUB100569,2026-07,8.27,233,1,11,184.57,0,27
SUB102311,2026-02,23.21,42,0,23,289.62,0,30
SUB101944,2026-05,5.6,411,0,18,198.82,0,28
SUB102402,2026-04,19.28,449,1,18,337.34,0,30
SUB100082,2026-07,10.31,437,4,27,176.55,0,28
SUB100658,2026-06,8.85,161,1,1,282.6,0,26
SUB101222,2026-06,12.1,293,3,8,192.29,0,29
SUB103196,2026-04,3.11,447,0,8,225.44,0,29
SUB100375,2026-06,1.06,139,2,4,167.28,0,29
SUB100617,2026-03,7.66,454,4,6,353.78,0,29
SUB101153,2026-04,5.23,151,1,11,415.99,0,30
SUB101745,2026-05,4.49,37,2,9,0.0,0,30
SUB101131,2026-06,1.57,85,1,8,152.06,0,29
SUB102555,2026-05,11.05,182,0,10,323.94,0,30
SUB100256,2026-03,9.2,265,1,8,307.82,0,26
SUB101282,2026-04,23.03,301,2,5,352.45,0,27
SUB101496,2026-04,2.69,55,1,12,148.94,0,30
SUB102511,2026-06,2.95,91,3,14,159.26,0,26
SUB101015,2026-02,2.17,292,1,14,126.66,0,29
SUB101211,2026-05,4.98,91,4,14,267.11,0,30
SUB100808,2026-04,9.32,277,0,11,396.66,0,27
SUB101656,2026-03,5.17,70,3,5,349.94,0,29
SUB101729,2026-03,8.03,569,0,9,0.0,0,29
SUB101592,2026-03,22.18,270,1,12,407.77,0,27
SUB101150,2026-04,7.43,728,2,6,268.03,0,26
SUB100104,2026-05,20.1,109,2,9,366.36,0,29
SUB101165,2026-07,8.81,235,4,8,193.25,0,27
SUB102829,2026-07,19.93,93,4,12,469.73,0,26
SUB101154,2026-06,9.29,449,4,9,204.25,0,29
SUB101956,2026-05,0.84,117,1,22,255.65,0,30
SUB101506,2026-06,9.43,57,3,16,241.77,1,27
SUB100037,2026-05,7.34,158,3,17,334.62,0,28
SUB101830,2026-02,4.85,79,2,5,204.66,0,26
SUB101996,2026-02,1.23,161,3,7,118.82,0,26
SUB103097,2026-02,10.06,92,2,14,276.14,0,26
SUB101889,2026-02,3.98,76,2,10,333.25,0,28
SUB103074,2026-06,10.94,266,3,10,215.05,0,26
SUB101834,2026-04,6.99,244,3,21,116.88,0,29
SUB102579,2026-05,3.55,761,0,7,215.76,0,27
SUB101556,2026-02,3.78,139,1,18,235.5,0,26
SUB100044,2026-05,16.63,297,1,13,378.37,0,27
SUB102975,2026-07,11.78,962,3,7,434.77,0,28
SUB102208,2026-07,10.33,57,0,24,294.69,0,26
SUB101522,2026-02,1.64,27,2,14,245.94,0,28
SUB100912,2026-06,9.06,250,0,7,250.14,0,26
SUB102882,2026-06,17.94,103,1,22,,0,27
SUB102925,2026-07,16.36,216,2,12,386.11,0,30
SUB100134,2026-03,7.73,256,1,10,340.73,0,30
SUB102147,2026-02,17.67,21,2,6,486.3,0,27
SUB102310,2026-05,6.24,61,1,9,263.7,0,27
SUB100332,2026-06,3.85,500,0,7,197.18,0,29
SUB102248,2026-07,14.64,335,1,7,320.18,0,29
SUB100055,2026-04,23.57,524,3,13,383.97,0,27
SUB101842,2026-02,2.71,190,1,12,135.16,0,28
SUB101554,2026-07,9.0,61,4,6,118.72,0,26
SUB101992,2026-04,1.21,20,2,6,201.88,0,29
SUB103119,2026-04,11.99,371,2,13,531.63,0,27
SUB100927,2026-05,16.42,213,4,8,292.62,0,29
SUB102836,2026-05,9.32,81,2,4,436.01,0,26
SUB103174,2026-07,1.08,127,1,8,153.29,0,26
SUB100853,2026-03,4.22,513,2,6,155.85,1,28
SUB101830,2026-05,5.54,56,2,4,213.53,0,30
SUB102739,2026-04,5.51,162,0,13,209.68,0,27
SUB101722,2026-03,21.49,197,4,16,399.36,1,26
SUB102330,2026-05,6.06,618,2,21,272.69,0,29
SUB103161,2026-04,0.92,125,2,9,122.89,0,29
SUB100848,2026-07,13.86,130,3,10,268.84,0,27
SUB101107,2026-04,2.74,444,4,13,269.93,0,28
SUB102178,2026-02,3.79,83,3,9,132.5,1,30
SUB102615,2026-07,2.84,175,1,11,133.11,1,28
SUB102770,2026-02,4.65,287,1,12,336.78,0,28
SUB100840,2026-02,0.92,210,1,3,90.8,0,28
SUB101160,2026-03,9.2,175,3,6,108.58,0,28
SUB100609,2026-04,9.37,154,2,5,197.59,0,27
SUB101639,2026-02,25.66,231,3,15,401.15,0,30
SUB102721,2026-07,6.59,222,1,10,74.78,0,30
SUB101911,2026-07,41.31,160,0,16,468.13,0,28
SUB100270,2026-05,26.07,283,1,13,436.31,0,27
SUB101410,2026-03,10.77,145,2,12,216.45,0,28
SUB100121,2026-07,9.2,112,0,12,277.55,0,27
SUB102053,2026-04,8.69,129,3,12,132.03,0,27
SUB101275,2026-04,16.92,227,0,10,353.17,0,27
SUB101294,2026-07,1.06,366,2,16,228.97,0,26
SUB100483,2026-05,5.83,135,2,5,135.22,0,28
SUB100287,2026-04,1.13,405,6,9,143.14,0,30
SUB100923,2026-02,10.63,292,1,6,318.9,0,27
SUB100503,2026-05,11.51,639,1,13,232.95,0,29
SUB100973,2026-02,1.99,135,5,9,171.84,0,28
SUB102437,2026-06,5.56,207,2,3,269.03,0,29
SUB101466,2026-07,9.72,327,1,5,372.29,0,30
SUB101090,2026-05,12.15,440,2,15,297.02,0,26
SUB101664,2026-06,7.06,188,1,8,83.78,0,27
SUB100043,2026-03,15.09,232,2,9,421.98,0,26
SUB101814,2026-05,6.71,234,6,9,340.87,1,28
SUB100347,2026-03,9.0,495,2,15,241.22,0,28
SUB100880,2026-07,18.31,181,3,16,381.9,0,26
SUB100090,2026-06,5.11,217,1,2,355.8,0,28
SUB100045,2026-07,1.9,266,1,10,81.43,0,27
SUB102412,2026-07,14.04,80,0,12,301.61,0,26
SUB102841,2026-05,14.86,230,3,24,237.93,0,26
SUB100213,2026-04,7.81,171,3,2,376.06,0,28
SUB100433,2026-04,24.43,143,3,11,480.4,0,28
SUB100976,2026-03,9.55,183,1,13,284.25,0,26
SUB102362,2026-07,16.02,189,3,11,297.9,1,29
SUB103055,2026-02,5.39,198,3,4,300.92,0,29
SUB102172,2026-02,8.02,433,5,4,182.95,0,30
SUB100235,2026-02,1.78,463,1,7,164.96,0,26
SUB100721,2026-02,27.98,188,4,3,368.43,0,30
SUB100723,2026-06,12.45,262,4,12,158.42,0,26
SUB101092,2026-06,20.43,806,3,7,395.81,1,28
SUB101178,2026-02,16.87,429,3,9,424.23,0,30
SUB100605,2026-04,10.62,61,2,25,296.44,0,26
SUB101152,2026-06,2.54,285,2,11,277.04,0,26
SUB102898,2026-05,9.65,686,4,13,304.12,0,28
SUB101106,2026-04,26.17,145,4,19,343.15,1,29
SUB103191,2026-07,1.09,517,1,18,124.7,0,29
SUB100674,2026-05,3.25,312,2,14,145.96,0,27
SUB101673,2026-02,13.72,262,2,10,202.24,0,30
SUB101025,2026-04,11.32,318,0,3,322.17,0,30
SUB101432,2026-05,3.7,327,4,7,367.23,0,27
SUB100871,2026-06,7.21,140,0,16,187.34,0,29
SUB103200,2026-05,8.35,787,2,15,392.94,0,29
SUB101144,2026-07,0.25,37,3815,20,295.67,0,29
SUB102798,2026-04,1.95,30,3,5,66.48,1,30
SUB101642,2026-05,11.89,123,4,5,169.25,0,30
SUB102106,2026-02,8.89,216,4,15,194.09,0,26
SUB102254,2026-02,7.92,317,1,15,365.82,0,26
SUB100962,2026-05,11.19,190,2,23,182.77,0,28
SUB102196,2026-02,3.94,194,0,6,212.31,0,27
SUB100291,2026-06,21.1,73,2,7,580.41,0,30
SUB100146,2026-02,7.01,136,0,21,333.84,0,28
SUB102354,2026-04,10.39,74,1,8,411.01,0,27
SUB102847,2026-02,8.63,445,2,10,421.43,0,30
SUB100144,2026-06,6.29,523,3,10,286.83,1,28
SUB102709,2026-03,5.03,137,1,7,246.04,1,26
SUB102864,2026-04,14.01,263,2,6,195.39,0,29
SUB101355,2026-04,3.63,329,2,11,274.09,0,27
SUB102677,2026-06,7.89,77,3,19,239.93,1,28
SUB102537,2026-04,0.64,60,1,15,211.72,0,27
SUB103179,2026-04,4.24,107,1,12,210.41,0,27
SUB101325,2026-02,14.56,112,0,7,365.73,0,27
SUB102923,2026-07,1.22,83,1,13,224.42,0,26
SUB100354,2026-07,0.64,579,2,7,197.61,0,30
SUB102314,2026-05,14.33,428,1,10,349.67,1,26
SUB101231,2026-02,1.89,166,5,18,152.82,0,29
SUB100249,2026-06,10.05,109,2,12,384.29,0,27
SUB102358,2026-03,7.08,18,3,12,319.72,0,27
SUB100132,2026-06,6.19,430,1,13,168.93,0,30
SUB102479,2026-04,11.06,22,4,7,211.58,0,28
SUB102584,2026-04,14.29,295,4,6,183.41,0,30
SUB102589,2026-06,11.75,97,1,12,153.0,0,27
SUB102538,2026-04,3.72,123,1,17,271.59,0,26
SUB102424,2026-02,1.99,614,1,9,231.11,0,29
SUB101752,2026-04,13.94,29,4,12,255.06,0,28
SUB102616,2026-02,1.44,43,2,26,106.65,0,30
SUB100838,2026-05,5.48,156,1,12,148.54,1,26
SUB102888,2026-04,9.93,159,1,12,166.71,0,26
SUB100811,2026-03,14.28,112,2,23,343.82,0,26
SUB100690,2026-06,12.95,130,2,14,310.45,0,30
SUB101479,2026-04,2.39,74,4,11,72.63,0,28
SUB100934,2026-02,6.5,70,1,19,161.79,0,26
SUB102156,2026-06,4.74,298,2,7,160.13,0,27
SUB100448,2026-06,40.12,423,1,15,543.63,0,28
SUB101498,2026-04,2.06,564,2,8,141.16,0,27
SUB100564,2026-04,6.22,354,2,18,167.57,0,27
SUB103080,2026-07,9.62,303,2,15,406.61,0,28
SUB102213,2026-07,3.66,149,0,7,147.22,0,28
SUB101465,2026-03,12.71,52,3,16,215.11,0,26
SUB100299,2026-02,4.89,349,2,11,163.28,0,29
SUB101153,2026-03,8.47,185,4,6,385.47,0,28
SUB101639,2026-06,29.89,211,5,16,413.33,0,28
SUB100123,2026-04,7.41,75,3,7,260.04,0,29
SUB101536,2026-04,12.61,186,2,20,482.62,0,28
SUB103065,2026-03,3.63,73,0,11,155.33,0,27
SUB103145,2026-02,11.77,151,5,14,281.98,1,26
SUB100241,2026-06,8.9,118,2,7,164.1,0,27
SUB103171,2026-07,3.91,31,4,12,145.12,0,30
SUB101473,2026-03,6.2,7,1,23,150.14,0,27
SUB101258,2026-06,5.78,203,1,7,199.18,1,26
SUB102198,2026-04,2.7,377,2,5,153.91,1,28
SUB100966,2026-06,7.32,286,4,7,159.83,0,28
SUB102982,2026-06,5.99,711,1,5,278.46,0,29
SUB102200,2026-04,4.19,219,3,12,174.35,0,30
SUB101644,2026-06,8.64,22,3,16,229.88,0,30
SUB100661,2026-02,4.35,177,4,6,146.05,0,28
SUB100278,2026-07,9.85,115,2,14,366.67,0,27
SUB103169,2026-03,11.7,307,1,4,357.04,0,28
SUB100573,2026-03,11.31,319,0,13,233.3,1,29
SUB100442,2026-06,9.22,515,4,20,236.34,0,28
SUB102055,2026-04,2.08,143,3,3,111.83,0,28
SUB101662,2026-06,15.36,740,2,13,343.76,0,26
SUB100203,2026-02,0.75,546,2,15,203.0,0,29
SUB102379,2026-02,4.8,544,2,10,425.75,0,29
SUB101556,2026-04,3.76,206,0,15,276.0,0,30
SUB101343,2026-07,6.77,369,2,13,268.3,1,27
SUB101944,2026-03,6.79,334,1,10,243.99,0,29
SUB101084,2026-06,2.13,234,0,4,243.63,0,30
SUB102432,2026-06,7.0,650,1,11,402.02,0,28
SUB100503,2026-02,11.09,668,2,15,257.58,1,30
SUB103120,2026-05,6.07,221,1,23,179.95,1,26
SUB101735,2026-03,5.13,493,1,3,208.0,0,30
SUB100015,2026-03,18.94,106,1,10,380.2,0,26
SUB103171,2026-04,5.26,35,3,9,128.25,0,30
SUB102792,2026-07,12.28,358,1,8,312.61,0,28
SUB100770,2026-04,1.21,100,3,7,97.56,0,30
SUB102293,2026-07,48.05,175,2,5,548.5,0,26
SUB102395,2026-05,13.19,553,3,16,277.7,1,29
SUB100932,2026-04,6.99,582,2,20,325.87,0,28
SUB102895,2026-05,14.26,144,3,12,339.69,0,30
SUB101223,2026-04,4.72,782,2,9,198.32,0,26
SUB101006,2026-06,7.05,164,1,18,180.38,0,28
SUB101377,2026-06,1.83,106,2,12,162.41,0,28
SUB100554,2026-06,2.21,355,3,13,165.64,0,26
SUB102968,2026-07,2.47,261,2,2,90.17,0,26
SUB100660,2026-03,10.52,122,0,3,212.53,0,29
SUB102222,2026-02,2.27,325,1,10,180.7,0,29
SUB101293,2026-05,3.81,47,1,6,225.77,0,26
SUB100420,2026-07,10.2,188,6,18,247.83,0,29
SUB103188,2026-04,7.7,126,1,15,346.33,0,26
SUB102812,2026-03,23.5,47,1,13,537.4,0,27
SUB101367,2026-07,7.04,367,0,5,225.77,0,27
SUB101570,2026-04,22.41,110,2,15,559.94,0,29
SUB100624,2026-02,7.24,211,2,4,232.4,0,27
SUB100100,2026-04,15.02,48,3,21,437.49,0,27
SUB100399,2026-02,13.17,140,1,9,343.96,0,27
SUB102485,2026-06,0.36,62,4742,6,219.53,0,28
SUB100141,2026-07,5.2,172,1,10,241.55,0,26
SUB102625,2026-02,18.23,183,0,9,487.13,0,28
SUB102898,2026-06,6.5,454,0,8,286.5,0,30
SUB101437,2026-05,14.49,168,4,12,414.99,0,28
SUB100028,2026-03,1.21,741,1,8,170.9,0,26
SUB101979,2026-02,12.68,345,0,17,356.23,0,28
SUB101854,2026-05,30.46,86,1,8,555.42,0,26
SUB100451,2026-06,4.77,152,2,8,158.12,0,30
SUB101129,2026-06,0.8,413,2,0,163.59,0,27
SUB101156,2026-03,11.76,269,3,9,270.58,0,28
SUB101097,2026-06,11.45,227,2,9,237.75,0,27
SUB102716,2026-02,5.14,353,2,11,148.04,1,27
SUB101089,2026-04,2.26,210,3,13,217.24,0,28
SUB101219,2026-07,12.94,83,2,17,147.59,0,27
SUB100385,2026-02,16.38,390,1,16,369.34,0,30
SUB102987,2026-05,19.95,49,1,9,343.23,0,28
SUB101228,2026-04,4.84,384,0,10,246.45,0,28
SUB101842,2026-04,2.99,120,3,7,129.15,0,28
SUB101175,2026-04,4.26,309,4,17,235.51,0,30
SUB102927,2026-05,4.6,96,2,5,177.17,0,28
SUB102358,2026-04,5.94,47,0,16,286.03,0,30
SUB101618,2026-06,2.75,79,3,14,206.26,0,30
SUB102059,2026-06,15.88,132,1,8,311.45,0,28
SUB102241,2026-03,1.71,599,0,12,159.44,0,28
SUB100039,2026-06,25.52,1039,3,10,525.08,0,30
SUB101700,2026-06,17.61,241,1,14,332.11,0,27
SUB100843,2026-05,1.54,574,6,9,272.6,0,28
SUB102133,2026-05,4.93,78,2,14,260.14,0,29
SUB102763,2026-03,3.0,602,2,12,257.61,0,29
SUB101557,2026-05,8.22,493,3,15,375.3,0,29
SUB100157,2026-06,11.47,103,0,12,427.43,0,26
SUB100265,2026-06,5.56,124,2,5,364.74,0,28
SUB100294,2026-07,13.64,148,0,8,140.95,0,29
SUB101326,2026-07,6.85,74,2,8,231.33,0,27
SUB101056,2026-03,11.87,232,2,13,253.34,0,28
SUB102967,2026-04,6.12,192,2,5,307.89,0,29
SUB101850,2026-03,3.73,166,2,9,194.51,0,29
SUB101295,2026-07,10.93,157,0,9,263.78,0,27
SUB100733,2026-07,6.23,270,2,6,227.61,0,30
SUB102738,2026-05,0.96,340,0,6,122.97,1,28
SUB101986,2026-06,1.88,303,4,10,97.74,0,29
SUB102355,2026-04,0.72,91,2,7,280.19,0,26
SUB101785,2026-06,0.68,91,0,10,127.5,0,30
SUB100702,2026-03,21.14,66,3,8,626.34,2,29
SUB101765,2026-03,3.73,254,2,11,165.61,0,29
SUB100160,2026-07,7.17,80,4,10,160.29,0,27
SUB102753,2026-05,2.21,171,1,16,109.7,0,27
SUB102999,2026-06,1.01,161,3,7,200.31,0,29
SUB100544,2026-06,7.06,167,1,8,346.1,0,28
SUB100769,2026-05,23.51,208,0,15,535.27,0,26
SUB103196,2026-05,3.57,478,3,10,225.59,0,26
SUB101555,2026-03,6.43,50,4,10,242.3,0,30
SUB102605,2026-05,10.43,454,2,11,467.02,1,27
SUB101242,2026-05,13.5,736,1,9,327.83,0,30
SUB100242,2026-07,15.44,109,0,8,306.5,0,28
SUB102573,2026-04,4.27,48,2,4,230.18,0,29
SUB102603,2026-03,10.06,229,1,15,449.92,0,29
SUB101061,2026-05,16.05,184,0,13,517.3,0,26
SUB101064,2026-02,7.96,91,1,10,253.99,0,29
SUB102808,2026-03,2.77,238,0,12,110.51,0,28
SUB100094,2026-06,6.89,168,2,8,210.08,0,29
SUB102223,2026-04,22.17,254,0,4,334.69,0,30
SUB101706,2026-06,6.73,379,2,7,189.56,0,29
SUB102830,2026-04,3.1,71,0,19,302.7,0,28
SUB101623,2026-04,1.05,59,2,7,191.0,0,26
SUB100714,2026-03,5.03,149,2,17,186.3,1,27
SUB101026,2026-02,0.56,128,2,7,83.3,0,29
SUB100798,2026-05,11.98,93,3,20,296.85,0,29
SUB102600,2026-05,20.56,184,0,7,317.29,0,29
SUB100505,2026-02,4.37,35,3,5,252.3,0,28
SUB100787,2026-03,10.65,443,1,13,306.07,0,27
SUB102220,2026-04,5.7,194,0,3,186.96,0,29
SUB101488,2026-07,7.04,280,2,3,302.95,0,29
SUB103191,2026-04,0.84,243,2,17,110.79,0,28
SUB100385,2026-07,12.2,461,1,23,356.79,0,27
SUB102748,2026-06,6.29,77,1,8,134.0,0,26
SUB102657,2026-05,7.37,236,2,6,173.44,1,30
SUB102733,2026-03,23.71,126,5,11,462.35,0,28
SUB101822,2026-03,4.17,237,2,7,285.06,0,28
SUB100904,2026-03,20.54,437,1,12,351.16,0,30
SUB101262,2026-04,7.29,188,1,3,227.98,0,26
SUB102075,2026-06,3.46,48,2,8,179.9,0,27
SUB102481,2026-07,36.05,109,3,4,485.49,0,29
SUB102469,2026-02,11.52,196,1,10,290.03,0,26
SUB100219,2026-05,1.94,59,1,13,131.85,0,26
SUB100938,2026-07,10.12,150,2,18,521.85,0,28
SUB100990,2026-05,4.06,239,0,15,143.56,0,26
SUB102581,2026-04,1.92,101,4,4,125.99,0,27
SUB100329,2026-06,2.28,190,2,16,116.35,0,30
SUB102892,2026-04,2.4,484,3,6,174.88,0,29
SUB102784,2026-05,34.98,529,0,21,422.54,0,27
SUB102593,2026-06,5.97,418,2,11,409.32,0,30
SUB102868,2026-07,10.14,257,5,7,354.59,0,28
SUB102012,2026-03,3.7,498,2,12,353.31,0,29
SUB100569,2026-04,6.63,290,2,5,155.95,0,28
SUB100947,2026-05,6.61,315,1,12,239.26,0,28
SUB103144,2026-06,2.34,279,3,13,120.44,0,30
SUB101698,2026-04,24.63,80,2,5,318.18,0,30
SUB102868,2026-04,8.0,362,2,9,341.02,1,26
SUB101545,2026-04,0.69,282,3,13,300.92,0,26
SUB101940,2026-05,5.47,350,5,4,200.56,1,30
SUB101482,2026-03,4.32,287,1,10,167.03,0,27
SUB102707,2026-03,21.44,55,2,10,450.11,0,26
SUB102401,2026-07,10.33,56,4,12,316.72,0,28
SUB100248,2026-03,2.61,301,4,12,168.57,0,28
SUB102168,2026-07,2.35,602,1,15,240.3,0,30
SUB102115,2026-02,0.9,177,1,12,140.85,0,26
SUB101397,2026-07,11.54,409,0,9,312.3,0,30
SUB102334,2026-05,3.87,400,4,10,289.42,0,26
SUB100948,2026-03,4.32,331,2,20,197.59,0,27
SUB101725,2026-06,3.78,515,2,8,198.37,0,27
SUB100995,2026-07,1.24,475,0,12,197.94,0,27
SUB101101,2026-03,5.76,129,2,10,428.49,0,28
SUB101441,2026-06,7.49,286,2,19,264.03,0,28
SUB102674,2026-05,23.92,127,2,20,551.66,0,30
SUB101221,2026-07,6.14,1109,3,12,329.32,0,29
SUB101002,2026-04,6.97,138,2,8,304.26,0,29
SUB101590,2026-04,10.57,63,7,17,470.35,0,27
SUB100987,2026-05,10.55,324,4,14,200.45,1,27
SUB100960,2026-06,4.92,438,1,10,234.17,0,26
SUB100339,2026-03,13.43,285,1,8,421.34,0,27
SUB100997,2026-07,1.05,521,0,3,160.6,1,28
SUB101885,2026-04,15.71,323,0,15,305.41,0,30
SUB101747,2026-03,3.47,49,4,20,146.05,0,28
SUB103101,2026-03,5.51,28,1,11,136.88,0,30
SUB102991,2026-02,9.34,887,0,19,507.94,0,27
SUB100232,2026-05,13.02,148,3,16,386.42,0,29
SUB101951,2026-03,7.07,205,4,5,300.14,0,30
SUB100100,2026-05,19.49,64,1,14,458.13,0,26
SUB102739,2026-06,6.05,147,1,21,225.33,0,27
SUB103078,2026-02,9.72,198,6,11,214.47,0,28
SUB103022,2026-04,17.23,542,4,3,305.26,0,26
SUB101363,2026-06,1.35,131,2,11,132.09,0,26
SUB100665,2026-07,11.44,1035,2,5,256.45,0,29
SUB102779,2026-03,14.0,97,0,15,323.9,0,26
SUB101309,2026-02,5.12,23,2,15,258.19,0,27
SUB101962,2026-05,9.76,112,1,15,119.15,0,30
SUB101046,2026-05,3.92,164,4,12,106.9,0,29
SUB103177,2026-04,3.17,223,1,27,210.25,0,29
SUB100188,2026-06,4.26,103,3,10,303.93,1,30
SUB103068,2026-04,7.18,993,4,7,405.87,0,26
SUB101177,2026-07,5.25,524,4,21,355.35,0,30
SUB103150,2026-04,5.97,87,1,11,231.88,0,30
SUB101039,2026-06,25.81,141,1,9,280.7,1,29
SUB102875,2026-04,5.77,105,2,8,277.92,0,28
SUB101218,2026-07,11.75,448,4,10,205.02,0,29
SUB101726,2026-03,8.63,152,1,12,225.66,0,26
SUB102737,2026-04,15.12,378,3,4,226.13,0,29
SUB102293,2026-06,35.64,53,1,10,551.78,1,30
SUB101260,2026-03,1.95,253,0,11,168.65,0,26
SUB101798,2026-03,6.35,297,4,11,287.82,0,29
SUB100456,2026-06,10.46,113,1,17,273.24,0,27
SUB102109,2026-06,7.85,280,2,15,134.43,0,27
SUB102644,2026-05,6.97,74,3,2,420.33,0,27
SUB102043,2026-07,6.66,126,0,15,198.26,0,27
SUB100640,2026-02,12.09,445,2,9,266.65,0,29
SUB100615,2026-04,12.41,255,0,19,231.25,0,28
SUB103131,2026-04,9.16,112,2,7,217.74,0,29
SUB102841,2026-03,14.22,209,1,10,208.18,0,27
SUB101318,2026-06,7.31,199,1,9,381.74,0,28
SUB102574,2026-05,5.1,412,1,9,276.96,0,28
SUB101330,2026-03,4.72,158,3,11,143.63,1,28
SUB102289,2026-05,12.96,274,1,19,272.74,0,30
SUB101341,2026-07,56.72,545,1,8,755.49,0,27
SUB100325,2026-03,6.25,215,1,11,281.87,0,30
SUB101142,2026-07,15.45,212,1,5,307.7,1,29
SUB101547,2026-02,8.48,524,4,16,168.67,0,30
SUB101395,2026-05,7.03,74,5,13,172.3,0,30
SUB101015,2026-06,1.84,177,1,15,130.99,0,27
SUB101135,2026-06,1.14,407,0,12,274.79,2,26
SUB100350,2026-06,0.74,383,2,7,218.25,0,26
SUB101054,2026-06,5.13,256,2,12,162.81,0,28
SUB100619,2026-07,0.98,229,0,18,188.97,0,26
SUB101075,2026-02,14.12,125,2,17,327.99,0,30
SUB102156,2026-05,9.21,333,1,12,162.62,0,29
SUB102102,2026-06,10.25,103,1,7,347.73,0,29
SUB100046,2026-02,6.41,27,3,12,270.98,0,29
SUB100345,2026-06,6.66,92,4,9,154.36,0,26
SUB101064,2026-05,4.16,90,0,10,256.87,0,28
SUB100950,2026-06,4.56,159,2,6,205.12,0,27
SUB100232,2026-02,11.23,136,4,16,412.03,0,29
SUB102312,2026-04,3.21,80,2,7,227.64,0,26
SUB100234,2026-04,10.45,50,1,16,183.88,1,30
SUB101541,2026-03,5.96,193,5,11,335.09,0,30
SUB102020,2026-04,6.84,57,2,17,171.37,0,26
SUB101117,2026-04,8.35,357,2,13,327.47,0,30
SUB102789,2026-02,11.35,69,3,22,295.25,0,28
SUB102520,2026-07,7.3,101,1,4,239.31,0,29
SUB100272,2026-05,7.79,163,2,12,277.77,2,30
SUB101617,2026-07,17.87,89,0,9,314.24,0,29
SUB100288,2026-07,1.41,66,2,13,136.14,1,29
SUB102691,2026-05,0.67,218,2,10,194.61,0,29
SUB101736,2026-05,12.63,228,1,7,357.24,0,30
SUB100883,2026-02,1.05,240,2,17,183.45,1,28
SUB101550,2026-02,6.4,318,0,6,213.46,0,29
SUB102224,2026-07,5.24,151,3,7,100.33,0,26
SUB102444,2026-02,16.29,383,0,14,367.13,0,30
SUB100621,2026-03,4.37,21,0,9,119.26,0,27
SUB100887,2026-07,4.97,174,2,8,187.21,0,28
SUB102142,2026-05,7.8,151,3,16,336.79,0,26
SUB100753,2026-04,14.61,130,2,5,233.91,0,29
SUB102761,2026-05,6.71,41,1,9,233.22,0,28
SUB101651,2026-02,5.34,707,1,2,250.47,0,29
SUB103109,2026-05,2.71,276,3,20,86.05,1,26
SUB100961,2026-02,12.61,51,3,5,369.76,0,27
SUB100439,2026-07,3.32,69,1,5,73.82,0,30
SUB100872,2026-04,11.31,230,6,9,374.91,0,28
SUB100892,2026-03,4.76,317,4,15,211.93,1,30
SUB101349,2026-03,3.11,419,3,12,377.15,0,26
SUB103088,2026-03,8.58,224,2,21,153.11,0,28
SUB102906,2026-03,5.53,464,0,22,223.59,0,26
SUB100701,2026-03,3.99,283,2,13,297.37,0,29
SUB103075,2026-02,11.8,38,1,13,201.94,0,28
SUB102697,2026-06,1.06,96,3,13,266.46,0,30
SUB102976,2026-02,6.85,374,1,4,208.21,0,29
SUB102646,2026-06,6.93,326,1,12,250.79,0,28
SUB102402,2026-02,10.31,469,2,12,334.98,0,30
SUB103003,2026-06,8.01,542,1,9,258.08,0,27
SUB102157,2026-06,7.55,79,2,8,347.86,0,26
SUB102080,2026-02,6.48,121,5,15,92.48,0,27
SUB101340,2026-02,9.54,294,3,21,312.25,0,26
SUB100814,2026-05,8.91,354,3,12,387.8,0,26
SUB100315,2026-07,18.83,323,2,10,444.74,0,27
SUB102145,2026-05,1.51,292,4,16,200.54,0,30
SUB102795,2026-07,9.09,77,5,7,389.35,1,30
SUB102872,2026-02,9.83,177,1,8,254.5,0,29
SUB101085,2026-04,10.16,45,2,5,161.29,0,30
SUB100112,2026-07,15.16,495,2,14,222.86,0,26
SUB102096,2026-05,3.3,57,2,11,226.89,1,27
SUB102440,2026-02,7.95,341,1,4,222.45,0,30
SUB100465,2026-06,6.03,500,4,12,222.41,0,26
SUB100099,2026-02,7.27,33,7,10,141.19,0,27
SUB100764,2026-07,13.41,72,3,13,282.28,0,29
SUB101646,2026-04,12.13,239,1,15,328.91,1,30
SUB101997,2026-07,1.72,58,3,8,82.9,0,27
SUB101299,2026-05,9.34,304,5,8,237.04,0,29
SUB100224,2026-02,2.71,150,1,10,95.71,0,30
SUB102804,2026-03,3.56,387,3,24,167.5,0,29
SUB101197,2026-02,2.63,206,0,16,253.49,1,26
SUB100761,2026-07,11.19,192,0,12,208.8,0,28
SUB101020,2026-06,2.07,68,1,8,236.07,1,26
SUB100183,2026-02,1.76,370,3,10,188.79,0,29
SUB102482,2026-06,0.63,140,2,20,163.65,0,28
SUB103181,2026-05,6.53,188,1,12,194.55,0,27
SUB101623,2026-02,1.81,102,2,6,188.67,0,29
SUB101417,2026-04,1.65,520,2,4,169.72,0,30
SUB101890,2026-07,9.65,133,1,13,269.5,0,26
SUB102536,2026-03,2.88,1446,1,10,192.61,0,27
SUB101552,2026-07,12.02,354,1,10,335.71,0,27
SUB103042,2026-03,6.29,277,0,1,121.92,0,26
SUB100186,2026-03,21.06,467,1,8,494.19,0,27
SUB100292,2026-06,6.1,53,2,5,283.89,0,26
SUB101457,2026-03,5.22,68,0,8,100.6,0,28
SUB103164,2026-02,7.4,68,1,11,237.71,0,27
SUB103134,2026-06,5.96,115,0,9,128.67,0,28
SUB102558,2026-04,2.01,96,4,7,197.18,0,29
SUB102142,2026-02,11.78,103,3,19,247.94,0,26
SUB102986,2026-03,12.46,574,3,11,335.75,0,29
SUB102604,2026-03,1.9,206,4,23,300.6,0,30
SUB101980,2026-06,5.24,53,3,12,150.98,0,29
SUB100524,2026-02,3.51,63,3,6,276.77,0,28
SUB101672,2026-06,0.03,47,3078,6,200.23,0,28
SUB100981,2026-04,3.69,112,2,3,223.87,0,28
SUB101066,2026-04,8.29,183,1,9,297.3,0,26
SUB102167,2026-04,1.05,266,2,10,67.43,0,29
SUB100710,2026-06,16.23,65,0,13,496.28,0,26
SUB101311,2026-02,29.04,179,3,5,399.62,0,28
SUB102763,2026-06,2.07,328,2,11,295.54,0,29
SUB103014,2026-06,0.42,138,5,21,141.81,0,28
SUB102717,2026-06,7.23,196,1,4,0.0,0,29
SUB102583,2026-03,13.89,312,2,9,338.45,0,27
SUB101638,2026-02,2.87,238,0,14,98.35,0,29
SUB101949,2026-03,11.76,168,4,13,479.73,0,28
SUB102905,2026-02,21.93,434,2,13,467.08,0,29
SUB101722,2026-05,18.96,311,2,12,430.36,0,30
SUB101929,2026-06,5.74,57,0,5,225.15,0,30
SUB101439,2026-04,8.21,179,3,9,309.84,0,26
SUB100546,2026-06,1.72,155,3,6,265.44,0,30
SUB101307,2026-02,14.1,245,3,4,366.96,0,27
SUB102412,2026-02,12.86,76,2,23,284.64,0,28
SUB102193,2026-04,1.25,170,2,9,144.96,0,29
SUB102822,2026-05,17.68,389,3,12,438.77,0,29
SUB102191,2026-03,1.73,339,2,10,126.43,0,30
SUB100124,2026-02,3.71,423,0,13,203.62,0,30
SUB100996,2026-02,4.82,164,2,11,210.55,0,29
SUB100934,2026-06,6.84,69,2,11,118.4,0,27
SUB102618,2026-02,2.11,65,2,10,257.45,0,27
SUB102809,2026-03,0.72,353,1,5,151.83,0,27
SUB100652,2026-04,2.09,345,3,10,186.57,0,29
SUB102842,2026-04,11.8,19,2,8,245.3,0,28
SUB102092,2026-07,9.01,123,2,8,160.46,0,28
SUB101210,2026-07,7.25,171,0,12,277.12,0,28
SUB102319,2026-03,0.74,167,3,19,75.94,0,30
SUB100153,2026-07,6.44,58,6,12,203.66,0,30
SUB102137,2026-03,7.01,362,1,24,333.02,0,27
SUB102277,2026-04,5.63,52,4,10,417.29,0,26
SUB100597,2026-03,13.78,198,1,16,374.83,0,27
SUB102556,2026-07,8.88,139,0,11,247.0,0,29
SUB102701,2026-07,26.77,514,0,7,374.61,1,27
SUB100945,2026-02,4.14,152,6,20,255.47,0,28
SUB101581,2026-06,9.34,71,2,6,382.6,0,29
SUB102753,2026-06,1.09,184,0,13,91.21,1,26
SUB101928,2026-06,2.44,78,3,8,243.9,0,28
SUB100294,2026-03,12.86,216,0,10,179.08,0,27
SUB101966,2026-05,7.34,112,3,14,229.14,1,28
SUB101024,2026-03,14.16,201,1,16,189.66,0,27
SUB102113,2026-07,27.48,924,3,10,542.93,0,29
SUB102886,2026-07,13.65,63,2,4,338.71,0,26
SUB101362,2026-06,2.35,527,3,8,167.47,0,29
SUB102543,2026-03,19.71,336,1,10,492.81,0,29
SUB102395,2026-02,15.07,487,1,14,306.27,0,27
SUB100459,2026-05,5.26,281,1,8,241.64,1,28
SUB102953,2026-05,1.44,61,6,11,121.83,0,27
SUB101655,2026-03,17.62,627,2,10,402.99,0,26
SUB103078,2026-06,5.66,179,2,17,188.56,0,29
SUB101582,2026-02,6.27,400,3,12,140.32,0,30
SUB101632,2026-04,1.42,82,3,5,215.56,0,29
SUB100956,2026-06,20.2,119,1,14,319.05,0,30
SUB103175,2026-05,4.93,31,3,15,236.35,0,30
SUB101493,2026-04,14.15,53,3,12,238.63,1,28
SUB100071,2026-06,6.86,139,3,24,169.04,0,29
SUB100785,2026-07,26.02,318,2,9,404.94,0,29
SUB101196,2026-04,5.02,91,2,13,173.37,0,30
SUB101830,2026-06,8.58,119,2,11,255.36,0,26
SUB102628,2026-02,3.12,118,3,17,136.36,0,26
SUB102033,2026-02,16.47,59,0,6,497.12,0,27
SUB100323,2026-07,1.37,72,4,10,92.43,0,27
SUB103095,2026-06,5.32,316,1,10,178.25,0,28
SUB100734,2026-07,10.7,29,3,17,448.95,0,26
SUB102588,2026-02,7.57,125,5,10,281.33,0,30
SUB101508,2026-06,1.28,243,3,9,158.7,0,28
SUB103170,2026-05,0.95,206,1,17,185.83,0,26
SUB101711,2026-05,19.28,119,0,11,354.22,0,30
SUB102917,2026-02,1.45,419,2,13,253.61,1,27
SUB100274,2026-02,1.81,315,5,6,179.29,0,29
SUB101852,2026-03,8.01,252,1,13,257.48,0,28
SUB101468,2026-07,6.29,157,1,5,152.52,0,26
SUB100322,2026-06,25.44,267,0,13,428.87,0,29
SUB103018,2026-06,24.8,174,0,7,407.21,0,29
SUB102333,2026-06,3.94,274,2,11,309.13,0,29
SUB100877,2026-04,5.29,270,3,8,197.32,0,28
SUB101911,2026-03,33.31,91,1,15,513.25,0,29
SUB102941,2026-02,8.15,149,2,14,221.27,0,27
SUB102537,2026-06,0.68,46,3,14,194.53,1,29
SUB100949,2026-03,2.11,424,3,11,228.52,0,30
SUB100829,2026-06,3.99,650,2,3,136.48,0,30
SUB102736,2026-05,3.29,114,1,11,128.72,0,27
SUB101103,2026-05,19.72,428,4,13,290.24,0,27
SUB101572,2026-05,17.26,57,1,9,282.23,0,29
SUB102393,2026-06,2.14,64,3,7,86.38,0,26
SUB102373,2026-02,8.37,189,2,10,273.61,0,26
SUB100230,2026-03,16.61,273,2,5,323.93,0,29
SUB101926,2026-04,5.98,435,2,27,321.66,0,30
SUB100021,2026-04,9.95,290,1,9,159.21,0,30
SUB102734,2026-02,16.86,194,1,25,271.78,0,28
SUB101507,2026-06,14.2,654,3,18,403.75,0,30
SUB100677,2026-03,0.84,394,1,12,134.67,0,30
SUB101468,2026-03,7.2,270,0,9,177.96,0,27
SUB101081,2026-03,4.97,162,0,7,175.67,0,27
SUB100957,2026-04,6.6,238,1,6,198.64,0,28
SUB101355,2026-06,7.4,215,3,5,270.53,0,27
SUB101074,2026-04,2.06,62,2,11,130.78,0,26
SUB101228,2026-02,6.62,400,0,10,222.46,0,29
SUB103018,2026-03,9.96,215,3,9,333.02,0,27
SUB102682,2026-06,5.88,137,2,15,315.58,0,27
SUB101995,2026-07,3.81,272,4,12,132.22,0,26
SUB100903,2026-07,2.89,196,4,11,135.64,0,27
SUB100204,2026-06,17.0,763,1,6,458.13,0,28
SUB101714,2026-07,10.3,229,5,6,270.46,0,28
SUB100860,2026-03,21.51,213,2,10,413.24,0,30
SUB100806,2026-06,4.97,141,1,16,286.57,1,26
SUB100308,2026-07,5.13,118,2,6,187.17,1,28
SUB100461,2026-04,4.09,274,1,9,257.88,0,30
SUB101455,2026-05,6.84,140,1,14,248.12,0,26
SUB100357,2026-04,10.63,242,1,11,270.53,0,27
SUB101059,2026-06,5.73,101,3,14,336.58,0,29
SUB101648,2026-05,3.23,181,1,19,149.41,0,27
SUB101236,2026-04,7.72,106,2,6,201.11,0,30
SUB101884,2026-04,5.48,112,5,10,308.33,0,30
SUB100128,2026-04,6.95,361,3,9,317.02,0,29
SUB100539,2026-07,7.52,164,1,4,192.24,0,28
SUB101109,2026-04,5.15,126,1,16,174.14,0,29
SUB102750,2026-03,9.54,401,1,12,170.39,0,30
SUB101579,2026-02,7.12,32,1,9,181.59,0,27
SUB100166,2026-03,5.46,27,3,24,266.1,0,28
SUB101620,2026-03,4.23,126,1,6,238.73,0,30
SUB100616,2026-07,5.73,70,1,22,119.21,0,30
SUB102246,2026-07,5.45,227,2,4,251.21,0,26
SUB102014,2026-03,3.4,878,4,11,273.73,0,30
SUB101641,2026-02,21.23,218,1,10,328.64,0,26
SUB101307,2026-05,19.62,206,1,5,346.98,0,28
SUB100812,2026-04,0.86,141,4,12,239.91,0,28
SUB102235,2026-06,13.05,168,3,2,393.28,0,26
SUB102772,2026-02,3.22,265,2,7,145.73,0,26
SUB100465,2026-07,5.45,514,0,10,242.67,0,26
SUB100598,2026-03,12.3,215,0,3,360.15,0,28
SUB100183,2026-04,1.6,362,4,14,145.88,0,29
SUB102613,2026-02,3.7,381,3,18,246.43,0,30
SUB100880,2026-03,17.91,202,2,12,408.4,0,27
SUB101527,2026-07,8.27,105,0,8,153.96,0,27
SUB100061,2026-04,11.31,379,1,13,187.79,0,30
SUB102096,2026-03,1.97,56,4,14,230.37,0,27
SUB102590,2026-07,1.2,88,1,7,162.91,2,26
SUB100479,2026-04,1.24,184,3,13,174.24,0,28
SUB103059,2026-07,2.62,304,2,10,364.49,0,26
SUB102016,2026-04,0.86,672,2,12,334.54,0,29
SUB100502,2026-05,1.93,16,3,11,133.6,0,27
SUB100563,2026-04,11.35,94,1,15,254.63,0,28
SUB103046,2026-07,10.66,789,3,7,391.01,0,30
SUB102534,2026-03,9.07,293,2,3,238.99,1,27
SUB102202,2026-05,16.79,175,1,11,271.3,0,26
SUB102239,2026-04,10.78,173,2,8,233.15,0,27
SUB101043,2026-07,8.6,695,2,7,340.42,0,26
SUB101014,2026-03,0.46,85,5553,4,198.22,0,28
SUB100639,2026-05,2.03,236,3,14,201.93,0,28
SUB101713,2026-03,5.45,72,2,11,227.06,0,26
SUB101194,2026-07,25.7,199,0,6,400.68,0,30
SUB103021,2026-06,10.25,105,3,9,224.66,0,28
SUB101834,2026-07,4.51,162,2,11,122.67,1,29
SUB101490,2026-05,1.13,210,0,15,134.19,0,30
SUB100720,2026-07,19.4,194,0,15,388.32,0,26
SUB101306,2026-04,7.28,125,4,10,111.04,0,29
SUB103055,2026-04,9.07,315,4,6,271.04,0,30
SUB101233,2026-04,1.61,197,3,12,245.47,0,26
SUB102871,2026-03,31.49,98,2,10,445.94,0,29
SUB101461,2026-03,7.13,422,0,8,346.03,0,26
SUB100894,2026-06,19.87,383,1,15,488.06,0,27
SUB100572,2026-05,2.21,96,2,8,182.53,0,27
SUB100791,2026-04,2.06,170,1,13,273.04,0,26
SUB102068,2026-05,15.84,226,2,17,453.59,0,30
SUB101520,2026-03,1.94,66,1,6,118.92,0,29
SUB102469,2026-03,12.75,178,0,22,321.62,0,26
SUB101727,2026-02,44.17,85,1,10,478.08,0,27
SUB100259,2026-02,10.59,904,1,11,186.86,0,28
SUB101869,2026-03,14.74,176,1,16,283.87,0,29
SUB101229,2026-04,1.63,118,1,11,82.89,0,28
SUB100292,2026-02,8.9,22,1,6,332.38,0,28
SUB103189,2026-07,0.81,295,3,6,128.27,0,26
SUB100979,2026-05,7.35,369,0,7,259.64,0,30
SUB100027,2026-04,19.58,295,1,12,503.01,0,28
SUB100756,2026-07,1.62,319,0,7,234.67,0,30
SUB102621,2026-04,9.26,67,0,12,323.35,1,29
SUB101668,2026-05,17.73,138,1,8,315.85,0,28
SUB101213,2026-06,10.92,284,1,7,160.47,0,28
SUB102388,2026-07,1.05,132,1,7,233.64,1,26
SUB101654,2026-05,20.6,350,1,12,443.74,0,28
SUB101735,2026-05,3.73,182,1,11,260.64,0,27
SUB102204,2026-04,15.64,220,6,4,164.6,0,30
SUB101964,2026-04,2.61,289,3,5,148.81,0,29
SUB100714,2026-02,7.3,247,2,18,182.59,0,30
SUB102250,2026-02,1.15,344,5,13,210.81,0,30
SUB102021,2026-05,1.22,336,6,18,151.4,0,26
SUB102387,2026-04,1.26,161,2,12,173.81,0,26
SUB102375,2026-03,5.69,625,3,14,198.65,0,29
SUB101352,2026-02,2.85,262,2,9,181.29,0,28
SUB100887,2026-03,6.3,239,2,5,207.63,0,29
SUB100999,2026-07,1.74,13,2,12,207.52,0,27
SUB102576,2026-02,3.7,272,1,20,127.82,0,28
SUB100982,2026-05,8.92,263,2,5,0.0,0,30
SUB101215,2026-07,6.13,141,0,12,151.62,0,30
SUB101588,2026-06,10.29,663,1,10,314.82,0,28
SUB101487,2026-07,8.52,299,1,7,256.6,0,26
SUB100239,2026-02,12.43,622,2,17,302.09,0,30
SUB101212,2026-07,14.02,225,1,8,354.73,0,27
SUB100763,2026-07,18.88,326,0,13,238.81,0,27
SUB101304,2026-03,19.34,289,2,13,367.97,0,30
SUB102318,2026-07,12.89,386,0,16,442.54,0,29
SUB101524,2026-04,8.11,437,0,15,302.19,0,28
SUB101349,2026-02,3.6,270,1,14,371.51,0,29
SUB100430,2026-03,4.29,268,0,4,150.97,0,29
SUB101911,2026-04,49.24,248,3,9,441.99,0,26
SUB102287,2026-03,1.85,139,3,14,105.74,0,27
SUB100448,2026-07,45.05,808,3,15,577.9,1,28
SUB100741,2026-04,4.25,93,2,8,132.13,0,30
SUB101893,2026-03,6.92,166,1,20,206.11,0,30
SUB100359,2026-07,1.81,239,5,9,100.81,0,26
SUB102880,2026-03,4.81,34,4,10,361.21,1,29
SUB101193,2026-05,16.27,161,3,7,394.73,0,26
SUB101785,2026-02,0.82,112,3,3,119.55,0,27
SUB102390,2026-07,26.7,214,2,7,392.06,1,30
SUB102144,2026-06,22.28,244,0,5,382.94,0,29
SUB102999,2026-03,1.82,191,6,10,234.66,0,30
SUB101403,2026-07,4.67,254,0,13,126.84,0,27
SUB101128,2026-05,20.59,94,2,5,312.69,0,28
SUB101449,2026-03,1.66,86,4,17,178.86,0,30
SUB101615,2026-02,3.02,374,1,23,212.37,0,29
SUB100770,2026-06,0.5,127,1,11,86.1,0,26
SUB101863,2026-05,7.73,419,2,13,207.42,0,27
SUB103199,2026-07,1.0,185,0,4,271.73,0,26
SUB100347,2026-04,8.05,275,0,15,259.72,0,27
SUB101208,2026-02,2.04,91,1,20,183.89,0,30
SUB102327,2026-03,8.95,194,1,16,296.88,1,30
SUB102694,2026-04,7.3,307,1,12,316.47,0,26
SUB101972,2026-06,11.79,85,0,14,308.99,0,28
SUB100014,2026-02,1.14,381,2,14,271.22,0,26
SUB102898,2026-04,6.33,430,0,6,274.03,0,30
SUB100387,2026-05,12.49,340,1,10,222.8,0,30
SUB102708,2026-05,0.66,465,1,7,141.49,0,26
SUB100968,2026-02,6.05,502,4,16,229.17,0,27
SUB103002,2026-02,12.61,78,3,17,386.97,0,26
SUB102716,2026-05,3.76,270,2,6,155.11,0,26
SUB101249,2026-06,56.02,130,1,13,714.35,0,26
SUB102309,2026-02,1.79,126,0,12,154.25,0,29
SUB100451,2026-04,4.81,258,1,8,186.81,0,27
SUB102979,2026-02,16.9,239,0,13,578.83,0,30
SUB100223,2026-06,3.83,181,1,8,101.02,0,26
SUB102991,2026-04,8.32,707,2,11,466.43,0,26
SUB102108,2026-05,8.07,134,3,19,232.13,0,28
SUB100367,2026-03,5.22,224,5,5,120.78,0,27
SUB102365,2026-06,24.09,272,3,9,415.1,0,28
SUB101165,2026-06,10.09,138,1,8,229.69,0,29
SUB102655,2026-02,4.37,622,1,8,373.56,0,30
SUB100802,2026-05,6.75,154,1,21,283.35,0,26
SUB102817,2026-03,5.26,108,1,14,209.32,1,28
SUB100692,2026-06,1.42,689,3,12,167.2,0,26
SUB102469,2026-07,8.6,119,4,16,316.07,0,27
SUB100423,2026-02,7.65,255,3,13,314.91,0,28
SUB100618,2026-04,10.9,66,3,22,320.06,0,30
SUB102641,2026-02,2.04,62,3,8,146.07,0,29
SUB102179,2026-04,5.5,125,2,14,156.83,0,30
SUB100540,2026-02,1.29,129,3,10,133.85,0,26
SUB100331,2026-05,7.75,637,3,15,174.7,0,26
SUB102851,2026-05,6.75,77,0,8,238.93,0,30
SUB100721,2026-04,21.55,102,1,7,468.63,0,30
SUB100154,2026-06,1.34,353,2,15,266.33,0,28
SUB100769,2026-02,22.66,271,3,10,523.56,0,27
SUB100204,2026-02,16.28,378,3,6,529.79,0,26
SUB102686,2026-02,13.33,161,2,7,234.62,0,29
SUB100011,2026-05,7.82,258,2,18,371.35,0,29
SUB100069,2026-02,22.21,81,2,9,480.75,0,29
SUB102793,2026-02,4.76,169,5,4,155.22,0,28
SUB101735,2026-04,1.68,393,5,8,225.3,0,30
SUB100792,2026-04,26.01,259,3,6,332.37,0,27
SUB101946,2026-02,10.34,120,4,9,232.45,1,27
SUB100278,2026-06,11.47,107,3,19,319.7,0,28
SUB101752,2026-06,11.64,32,3,12,271.9,0,27
SUB101739,2026-03,14.12,341,2,8,399.58,0,29
SUB100076,2026-02,0.64,34,0,8,87.29,1,30
SUB101350,2026-07,1.49,174,2,14,169.82,0,29
SUB102604,2026-05,2.96,156,3,15,229.81,0,26
SUB101010,2026-04,11.88,234,1,4,404.9,0,30
SUB100703,2026-04,11.62,126,3,11,174.96,0,27
SUB102825,2026-06,3.4,3,3,9,172.2,0,26
SUB100917,2026-06,6.53,251,3,12,220.19,0,26
SUB101167,2026-04,7.51,266,5,13,221.19,0,30
SUB102800,2026-05,2.66,420,1,7,245.81,0,28
SUB101949,2026-04,14.87,336,5,13,464.71,0,28
SUB102257,2026-05,5.23,293,1,8,296.77,0,28
SUB101531,2026-07,4.14,216,1,13,316.47,0,27
SUB102368,2026-03,5.78,81,1,11,262.49,0,27
SUB101275,2026-02,17.0,216,2,7,415.61,0,26
SUB101933,2026-05,14.76,189,1,6,518.8,0,29
SUB100547,2026-04,12.83,137,4,5,380.89,0,29
SUB102952,2026-04,12.29,44,2,14,496.83,0,30
SUB102908,2026-03,1.36,202,3,3,179.37,1,26
SUB101726,2026-04,6.57,136,1,17,200.21,0,27
SUB102336,2026-04,16.18,207,3,25,367.57,0,29
SUB100436,2026-02,7.64,148,3,7,192.69,0,27
SUB102359,2026-03,7.12,356,2,8,281.73,0,30
SUB102564,2026-04,17.0,222,3,5,292.08,0,26
SUB102376,2026-05,10.05,257,2,11,276.67,0,26
SUB100916,2026-05,4.38,62,2,1,150.63,0,27
SUB102147,2026-06,19.34,19,2,8,474.85,0,27
SUB100820,2026-03,6.68,475,4,12,267.71,0,29
SUB100882,2026-06,11.78,537,0,4,260.69,0,27
SUB100788,2026-07,0.66,172,3,10,128.66,0,29
SUB100619,2026-06,3.64,233,1,9,161.63,0,30
SUB101971,2026-06,0.71,83,0,17,211.96,0,30
SUB102612,2026-05,8.24,34,2,14,259.13,0,30
SUB101976,2026-03,12.57,80,4,11,368.49,0,26
SUB100412,2026-02,32.76,11,3,4,528.43,0,30
SUB102243,2026-03,2.82,173,2,14,262.6,1,30
SUB102406,2026-07,2.17,128,2,9,162.48,0,30
SUB102444,2026-06,19.21,309,1,17,401.51,0,26
SUB100088,2026-02,26.16,115,3,10,422.07,0,27
SUB100593,2026-07,14.71,162,1,2,409.54,0,27
SUB100938,2026-02,17.54,100,0,25,533.5,0,28
SUB100457,2026-04,7.44,408,0,7,238.01,0,29
SUB103189,2026-02,0.58,232,0,4,133.57,0,30
SUB101795,2026-07,7.75,117,4,11,347.91,0,27
SUB102194,2026-05,24.68,134,2,8,447.84,1,30
SUB100684,2026-06,17.27,207,1,21,276.96,0,28
SUB100709,2026-05,22.9,102,2,8,0.0,0,27
SUB101490,2026-02,1.47,139,1,10,157.22,0,29
SUB102297,2026-06,4.26,236,1,15,282.09,1,30
SUB102947,2026-06,13.53,169,1,20,360.3,0,28
SUB100946,2026-05,1.32,27,1,18,230.3,0,30
SUB100416,2026-03,6.02,150,2,13,163.5,0,30
SUB102699,2026-03,6.13,229,2,9,306.25,0,29
SUB101639,2026-03,36.02,359,3,14,441.92,1,28
SUB101752,2026-07,14.08,28,3,19,275.11,0,29
SUB100939,2026-06,7.19,225,4,10,184.8,0,29
SUB100291,2026-07,29.86,74,0,15,564.96,0,27
SUB102288,2026-05,8.5,63,3,5,279.74,0,30
SUB101369,2026-06,1.36,222,2,12,210.45,0,27
SUB101490,2026-06,1.39,156,3,10,165.04,0,30
SUB102929,2026-02,1.38,57,1,6,76.0,0,27
SUB100777,2026-04,6.38,97,2,8,202.6,0,26
SUB101297,2026-02,6.65,135,4,18,171.75,0,29
SUB100176,2026-04,10.68,178,3,6,298.78,0,26
SUB102869,2026-03,23.58,51,3,6,346.98,0,27
SUB103056,2026-04,0.94,55,2,8,313.2,0,29
SUB100313,2026-02,1.19,152,1,8,205.37,0,30
SUB102489,2026-04,6.78,49,2,11,153.18,0,27
SUB100379,2026-04,9.68,224,1,18,302.17,0,26
SUB101124,2026-05,12.0,231,4,15,281.94,0,27
SUB101099,2026-04,14.24,170,3,8,332.78,0,29
SUB101678,2026-06,4.86,230,7,12,84.01,0,30
SUB101176,2026-03,14.45,469,0,16,291.12,0,30
SUB101171,2026-02,21.44,78,0,5,488.71,0,26
SUB101185,2026-03,6.55,66,1,10,112.26,0,26
SUB102195,2026-02,8.08,398,3,7,266.32,0,30
SUB100195,2026-02,15.86,286,3,6,392.2,0,29
SUB102900,2026-06,14.98,27,0,15,209.18,0,28
SUB101332,2026-04,1.68,271,2,11,130.73,0,26
SUB101153,2026-05,7.73,114,3,10,369.39,0,27
SUB102560,2026-02,1.67,262,0,23,269.31,0,27
SUB100776,2026-07,1.38,215,3,10,70.85,0,29
SUB100121,2026-05,9.27,182,0,10,299.93,0,27
SUB101245,2026-03,8.14,638,1,13,387.93,0,27
SUB102458,2026-05,16.33,252,1,6,419.5,0,30
SUB101915,2026-05,4.58,20,3,23,504.13,0,29
SUB100734,2026-05,20.91,73,1,23,436.99,0,29
SUB100489,2026-06,5.58,278,1,8,106.05,0,27
SUB102479,2026-07,7.49,11,0,16,238.99,0,30
SUB103092,2026-04,1.88,113,5,2,146.97,0,29
SUB101046,2026-02,2.62,120,2,11,139.2,0,27
SUB101703,2026-07,5.91,150,4,9,272.57,0,29
SUB101073,2026-05,9.38,97,3,19,228.25,0,26
SUB102358,2026-02,12.0,43,3,12,242.46,0,28
SUB100059,2026-03,10.89,223,2,4,276.1,0,27
SUB100322,2026-02,24.42,138,0,7,431.25,0,26
SUB101126,2026-02,7.42,176,3,19,259.68,0,29
SUB102003,2026-07,14.75,234,3,10,376.37,1,30
SUB100243,2026-05,12.43,483,0,8,488.34,0,30
SUB102772,2026-05,3.43,335,2,12,161.19,0,26
SUB100280,2026-04,12.08,185,1,15,400.51,0,26
SUB102464,2026-02,14.71,617,3,8,418.23,0,27
SUB101003,2026-04,29.61,201,1,12,405.79,0,28
SUB102838,2026-05,0.91,210,1,20,91.79,1,26
SUB101051,2026-05,0.96,116,1,13,178.14,0,29
SUB102368,2026-07,4.98,58,3,7,212.63,0,26
SUB101882,2026-07,5.09,634,3,10,266.27,0,27
SUB101510,2026-03,0.59,241,2,25,122.25,0,29
SUB100110,2026-02,6.26,57,1,12,280.57,0,28
SUB102744,2026-02,1.4,385,2,11,114.66,0,28
SUB100284,2026-02,13.62,142,1,11,346.72,0,29
SUB102832,2026-02,13.01,170,2,14,253.04,0,27
SUB101706,2026-02,5.68,181,3,10,179.21,0,28
SUB101118,2026-04,11.53,132,2,9,261.65,0,26
SUB101943,2026-04,31.33,304,8,6,527.04,0,29
SUB101562,2026-02,3.11,462,5,13,191.43,0,29
SUB100158,2026-04,10.13,85,1,20,252.53,0,28
SUB101045,2026-02,2.81,71,1,8,72.72,0,27
SUB101783,2026-05,13.0,1110,0,13,251.11,1,28
SUB102106,2026-03,7.04,139,3,8,225.33,0,26
SUB100388,2026-02,6.86,219,2,25,206.62,0,29
SUB100484,2026-05,4.8,208,0,17,171.94,0,26
SUB101255,2026-05,22.14,112,4,9,274.56,0,27
SUB101412,2026-04,1.12,86,5,8,111.73,0,29
SUB103130,2026-07,8.81,729,4,13,234.09,0,28
SUB100712,2026-04,9.46,268,2,11,310.18,0,26
SUB100306,2026-03,17.37,180,3,7,348.44,0,28
SUB100427,2026-06,15.88,263,1,11,256.25,0,26
SUB101141,2026-07,19.31,283,4,6,417.08,0,26
SUB102640,2026-07,8.94,74,3,9,235.84,0,30
SUB100059,2026-04,11.51,183,1,8,317.9,0,27
SUB102136,2026-05,1.12,302,4,4,182.45,0,28
SUB102712,2026-04,6.67,616,0,10,218.1,0,29
SUB101855,2026-03,2.19,115,2,6,266.48,0,30
SUB101535,2026-04,5.19,292,1,2,217.56,0,29
SUB100036,2026-06,1.75,77,3,8,116.41,0,26
SUB100501,2026-04,11.0,81,2,7,207.03,0,29
SUB102048,2026-04,9.64,292,3,13,214.09,0,28
SUB101529,2026-03,8.47,240,3,12,302.22,0,30
SUB100064,2026-07,1.16,129,4,18,148.31,0,28
SUB100427,2026-07,15.78,387,4,13,296.85,0,28
SUB103047,2026-07,7.42,474,3,5,422.22,0,30
SUB101552,2026-05,19.78,420,4,15,304.77,0,27
SUB103159,2026-03,9.0,301,3,15,161.19,0,26
SUB102599,2026-07,5.04,112,0,14,178.75,0,30
SUB102686,2026-03,12.36,231,0,11,260.38,0,26
SUB101765,2026-07,2.24,259,2,10,155.06,0,26
SUB102070,2026-06,1.05,313,1,21,182.27,0,30
SUB103037,2026-05,5.83,113,1,7,265.5,0,27
SUB101464,2026-02,5.02,100,4,18,201.71,0,26
SUB100894,2026-05,24.65,212,0,19,525.1,0,29
SUB102158,2026-05,1.06,153,5,7,95.78,0,30
SUB100776,2026-06,1.66,353,2,9,72.64,0,28
SUB103136,2026-03,4.09,535,1,5,184.16,0,30
SUB100718,2026-02,17.09,203,0,13,375.56,0,27
SUB102119,2026-06,14.41,329,2,9,356.71,0,28
SUB100360,2026-04,9.04,145,1,13,323.15,0,30
SUB101046,2026-04,4.22,407,1,17,100.37,0,28
SUB103029,2026-02,23.0,178,2,16,273.95,0,29
SUB102994,2026-03,2.12,147,3,9,159.64,0,26
SUB101984,2026-04,5.87,69,2,12,183.2,1,26
SUB101676,2026-03,12.46,209,4,11,372.62,0,30
SUB101413,2026-02,4.16,297,3,8,183.69,0,29
SUB102470,2026-02,2.14,235,2,14,189.5,0,26
SUB101095,2026-07,1.8,302,2,18,179.59,0,26
SUB100802,2026-03,7.02,131,3,17,294.63,0,26
SUB103148,2026-03,6.42,415,1,10,197.36,0,27
SUB100551,2026-03,8.54,565,2,11,211.07,0,28
SUB102767,2026-04,1.03,183,3,16,218.22,0,30
SUB102226,2026-05,1.65,34,4,5,91.49,0,28
SUB102774,2026-02,25.39,235,1,7,430.79,0,26
SUB102455,2026-04,6.95,75,2,19,345.9,0,29
SUB102679,2026-02,9.98,351,1,15,339.64,0,26
SUB100136,2026-05,2.72,310,6,16,304.9,0,26
SUB103096,2026-06,16.21,123,1,12,537.21,0,30
SUB102748,2026-07,4.53,80,2,9,140.19,0,28
SUB101361,2026-02,24.94,310,3,3,440.45,0,26
SUB100369,2026-05,16.91,475,0,9,287.55,0,28
SUB102567,2026-02,1.09,81,3,12,299.1,1,28
SUB100528,2026-06,11.23,181,1,11,325.71,0,30
SUB102067,2026-07,7.78,104,2,12,323.04,0,28
SUB102343,2026-03,24.36,320,2,9,670.21,0,27
SUB100181,2026-05,22.69,110,5,12,337.95,0,28
SUB100099,2026-07,11.21,49,2,14,184.15,0,29
SUB101767,2026-03,10.78,247,3,11,169.81,1,26
SUB100339,2026-04,16.7,298,2,8,429.32,0,30
SUB100791,2026-02,1.8,197,3,10,281.84,0,28
SUB101234,2026-02,2.23,258,2,10,101.46,0,29
SUB102583,2026-07,15.26,158,1,10,290.44,0,30
SUB102497,2026-04,1.33,187,1,12,197.28,0,29
SUB100038,2026-05,14.86,111,1,12,175.74,0,30
SUB101249,2026-05,48.88,96,3,10,757.52,0,30
SUB100430,2026-02,4.67,316,3,12,152.31,0,29
SUB100847,2026-02,33.34,286,4,9,557.92,0,30
SUB101499,2026-02,5.86,244,2,9,174.54,0,28
SUB103160,2026-02,4.2,305,1,3,140.19,0,28
SUB100570,2026-03,4.28,247,2,4,216.76,0,28
SUB101678,2026-04,5.94,180,1,10,95.35,0,26
SUB100638,2026-06,5.98,140,4,15,122.7,0,26
SUB102878,2026-03,9.93,36,5,9,398.24,0,28
SUB103020,2026-04,1.87,309,2,11,220.45,0,29
SUB100737,2026-03,1.18,185,2,11,73.67,0,26
SUB102311,2026-04,17.2,234,2,12,275.1,0,28
SUB102111,2026-05,15.22,118,1,13,419.14,0,30
SUB100927,2026-03,12.8,285,1,5,322.56,0,26
SUB102560,2026-03,1.6,192,3,11,251.2,0,29
SUB101698,2026-05,25.05,92,2,7,444.9,1,26
SUB100271,2026-05,7.91,260,5,14,344.12,0,27
SUB101030,2026-03,2.42,362,2,20,155.25,0,28
SUB101080,2026-03,17.74,295,0,10,386.52,0,26
SUB100357,2026-06,7.54,150,2,8,363.51,0,26
SUB100984,2026-04,5.1,276,0,6,295.85,0,26
SUB102628,2026-04,1.47,80,5,9,151.28,0,28
SUB100219,2026-03,2.01,81,1,11,166.3,0,29
SUB102019,2026-06,3.38,77,2,7,76.68,0,27
SUB102538,2026-02,6.67,144,1,12,238.44,0,30
SUB102688,2026-06,1.72,216,3,12,129.79,0,30
SUB103084,2026-03,6.96,130,2,13,286.6,0,29
SUB101979,2026-05,8.62,279,4,14,330.79,0,29
SUB100952,2026-03,11.63,260,2,4,305.64,0,28
SUB102773,2026-04,14.9,185,1,15,263.82,0,26
SUB100183,2026-03,1.34,244,1,12,165.09,0,28
SUB102486,2026-05,1.29,57,4,5,272.27,0,26
SUB102240,2026-07,0.82,69,0,13,127.16,0,26
SUB100758,2026-04,4.12,110,0,6,542.96,0,29
SUB100752,2026-05,7.55,356,0,8,305.64,0,28
SUB100239,2026-04,15.24,439,3,13,343.4,0,30
SUB102217,2026-05,1.03,98,3,10,124.87,0,28
SUB100205,2026-06,10.07,59,1,14,193.96,0,28
SUB101987,2026-05,16.97,96,0,11,388.98,0,29
SUB101645,2026-07,13.15,355,1,7,248.43,0,29
SUB100387,2026-07,13.86,340,4,14,187.7,0,26
SUB101143,2026-07,13.09,102,1,11,509.16,0,30
SUB101680,2026-07,7.14,88,1,7,180.42,0,27
SUB100951,2026-04,7.36,129,1,10,232.02,0,27
SUB100670,2026-06,15.98,260,4,18,442.13,0,30
SUB100433,2026-06,24.69,107,1,14,393.16,1,27
SUB103198,2026-07,1.42,190,1,11,271.87,0,30
SUB102923,2026-02,1.28,125,2,8,199.85,0,27
SUB102340,2026-07,1.68,232,0,5,124.37,0,30
SUB101597,2026-06,4.92,241,3,5,270.85,0,27
SUB100298,2026-05,0.93,164,1,9,159.42,0,26
SUB101689,2026-02,10.67,343,1,7,338.15,0,30
SUB102241,2026-07,2.0,366,4,10,152.7,0,28
SUB102175,2026-03,2.54,376,6,16,189.9,0,29
SUB102217,2026-02,1.29,119,1,20,143.25,0,26
SUB103193,2026-03,16.36,96,3,10,327.19,0,29
SUB102119,2026-02,10.95,493,0,6,370.19,1,30
SUB102339,2026-05,9.41,261,1,14,258.0,1,28
SUB100467,2026-03,5.19,250,1,14,281.76,0,28
SUB100400,2026-06,10.11,179,2,8,467.75,0,30
SUB102525,2026-02,7.43,508,1,13,161.66,0,27
SUB102532,2026-07,3.99,268,0,21,130.95,0,30
SUB102476,2026-03,2.51,669,1,11,176.86,0,29
SUB102762,2026-03,9.54,104,3,11,399.81,0,27
SUB103125,2026-02,4.6,768,2,5,181.19,0,29
SUB103080,2026-06,14.33,476,1,21,419.04,0,28
SUB100414,2026-05,1.13,390,2,10,93.6,0,28
SUB101697,2026-07,5.14,396,3,17,231.11,0,29
SUB102416,2026-07,7.1,170,1,9,148.59,0,29
SUB102909,2026-07,6.49,485,3,7,300.47,0,27
SUB103016,2026-07,5.84,214,0,9,183.25,0,30
SUB102063,2026-04,2.69,792,1,9,185.04,0,29
SUB102331,2026-02,2.75,116,3,5,152.12,0,27
SUB102295,2026-02,9.12,101,1,9,243.78,0,26
SUB102054,2026-02,8.23,160,2,14,301.41,0,30
SUB100377,2026-04,12.98,176,2,10,401.65,1,29
SUB102613,2026-05,6.34,360,3,20,207.89,0,27
SUB100424,2026-05,22.73,80,2,8,260.67,0,29
SUB102821,2026-03,9.06,236,1,12,293.14,0,29
SUB100433,2026-03,22.19,153,1,15,357.4,0,30
SUB101579,2026-03,8.13,58,2,10,264.27,0,30
SUB101602,2026-05,2.77,550,2,19,248.7,0,28
SUB101582,2026-07,6.38,387,4,11,158.64,0,30
SUB102617,2026-05,1.74,140,2,7,169.18,1,28
SUB102060,2026-07,14.52,224,3,9,474.06,0,26
SUB102659,2026-04,5.01,462,3,4,331.7,0,28
SUB101548,2026-02,15.02,87,4,14,379.92,0,30
SUB100787,2026-06,18.75,475,0,12,232.81,0,30
SUB100609,2026-07,6.47,84,1,18,216.9,0,29
SUB102331,2026-04,3.07,70,1,9,157.83,0,30
SUB101592,2026-06,16.77,207,2,11,428.57,0,26
SUB102341,2026-03,17.19,132,0,13,279.62,0,29
SUB101233,2026-02,2.17,107,1,12,227.74,0,26
SUB102272,2026-06,6.67,221,2,4,132.68,0,29
SUB101072,2026-02,8.32,97,2,6,193.05,0,26
SUB102944,2026-04,1.65,180,1,10,72.57,0,29
SUB101900,2026-04,14.02,226,3,5,312.25,0,27
SUB100510,2026-06,6.56,183,3,14,283.19,0,30
SUB102943,2026-05,29.86,270,1,15,418.56,0,28
SUB103151,2026-05,1.8,246,3,10,184.12,0,27
SUB102507,2026-04,18.07,361,0,14,518.11,0,28
SUB102599,2026-02,8.85,116,3,10,223.58,1,26
SUB102266,2026-06,4.79,265,4,12,152.28,1,26
SUB101088,2026-03,5.37,181,1,17,298.16,0,26
SUB100583,2026-02,7.08,150,1,17,204.01,0,30
SUB101896,2026-02,9.19,584,3,17,330.32,0,28
SUB102399,2026-04,3.78,347,1,11,147.42,0,27
SUB102509,2026-06,5.75,175,5,9,124.17,0,30
SUB102188,2026-02,10.75,120,3,7,415.95,0,27
SUB102616,2026-06,1.41,53,1,23,115.09,0,30
SUB102319,2026-05,1.26,276,3,17,66.41,0,27
SUB102303,2026-03,10.11,112,2,11,265.96,0,30
SUB102250,2026-07,0.88,381,1,17,178.04,0,26
SUB100455,2026-06,12.63,157,2,32,181.7,1,29
SUB100619,2026-03,4.1,277,6,15,173.22,0,29
SUB100238,2026-02,9.95,261,2,10,269.54,0,27
SUB100562,2026-04,12.49,357,0,10,301.6,1,28
SUB100441,2026-03,9.46,32,1,12,360.77,0,27
SUB102510,2026-04,14.38,114,2,16,299.22,0,28
SUB101141,2026-06,19.95,442,1,5,395.29,0,28
SUB100002,2026-03,3.35,141,1,12,183.11,0,26
SUB102756,2026-05,1.26,208,1,9,176.0,0,30
SUB100345,2026-03,5.85,182,1,8,155.49,0,30
SUB102962,2026-03,21.7,185,1,21,342.35,0,29
SUB102887,2026-06,8.25,109,2,8,173.22,0,28
SUB101957,2026-04,14.24,410,1,18,310.99,0,26
SUB100178,2026-04,19.33,256,3,10,537.2,0,29
SUB101226,2026-07,20.47,169,2,15,430.38,0,26
SUB100724,2026-05,2.31,77,1,5,176.19,0,29
SUB102530,2026-03,10.53,322,0,8,223.66,1,27
SUB100835,2026-02,7.35,316,2,13,276.86,0,27
SUB101880,2026-02,3.39,256,0,24,112.49,0,27
SUB101540,2026-03,11.95,98,4,20,201.85,0,26
SUB102852,2026-02,7.36,63,0,9,278.55,0,28
SUB102814,2026-06,17.74,148,1,10,334.07,0,30
SUB102368,2026-05,4.25,125,2,8,250.35,1,26
SUB100549,2026-06,16.78,91,1,12,339.86,0,30
SUB101552,2026-04,14.17,307,3,11,272.4,0,28
SUB102159,2026-04,4.63,256,2,12,193.0,0,28
SUB101599,2026-07,7.23,223,1,13,146.54,0,30
SUB100492,2026-02,13.54,206,6,14,297.07,0,27
SUB103004,2026-03,4.88,188,2,17,148.29,0,26
SUB102319,2026-02,0.82,375,3,22,78.91,0,29
SUB100817,2026-02,24.84,85,2,3,431.43,0,30
SUB100909,2026-04,4.04,249,1,20,227.66,0,26
SUB102535,2026-06,9.17,113,2,4,203.84,0,27
SUB103082,2026-02,22.08,174,1,23,345.74,0,27
SUB100998,2026-07,3.99,289,0,9,222.59,0,29
SUB101316,2026-03,9.41,107,3,6,218.86,0,28
SUB102459,2026-07,12.66,247,1,12,315.64,0,30
SUB100479,2026-02,1.73,160,3,13,156.25,0,30
SUB101709,2026-03,10.32,184,4,8,276.61,0,30
SUB103137,2026-07,4.08,163,0,10,186.68,0,26
SUB100506,2026-07,9.0,98,2,13,226.71,0,27
SUB103132,2026-07,6.54,994,4,12,195.09,0,28
SUB101566,2026-07,5.85,126,3,6,126.62,0,28
SUB102828,2026-06,7.5,305,4,14,402.62,0,28
SUB102069,2026-03,6.6,124,1,14,270.44,0,30
SUB100857,2026-05,21.76,174,2,11,326.31,0,26
SUB102960,2026-06,4.32,258,1,15,,0,30
SUB102598,2026-04,16.78,275,2,14,385.5,0,29
SUB101872,2026-02,7.47,602,0,13,217.5,0,27
SUB102599,2026-06,8.77,105,1,10,196.48,0,26
SUB100426,2026-07,3.98,116,4,17,123.12,0,27
SUB100117,2026-06,0.61,172,2,13,177.62,0,26
SUB102494,2026-05,1.61,286,2,9,165.35,0,29
SUB102097,2026-03,5.27,72,3,8,272.16,0,30
SUB100400,2026-05,16.79,131,2,1,377.6,0,27
SUB100167,2026-04,2.57,324,1,11,180.3,0,26
SUB102920,2026-06,19.23,154,4,8,273.65,0,27
SUB102749,2026-04,6.48,92,2,15,244.32,0,27
SUB101834,2026-02,5.91,250,3,10,128.06,0,28
SUB100551,2026-06,7.63,626,0,17,193.41,0,29
SUB100673,2026-02,3.0,689,1,11,152.7,0,28
SUB100417,2026-02,4.02,722,1,6,157.19,0,30
SUB102399,2026-02,4.12,493,3,7,143.89,0,29
SUB101238,2026-05,21.83,966,3,8,429.23,0,29
SUB102315,2026-05,2.15,93,0,10,224.34,0,27
SUB102557,2026-06,11.93,298,0,8,276.89,0,27
SUB101447,2026-06,10.42,69,1,12,165.19,0,28
SUB102128,2026-03,4.65,415,3,13,290.38,0,30
SUB102261,2026-05,17.73,221,2,12,446.13,0,28
SUB102517,2026-02,1.49,212,2,5,132.31,0,30
SUB103023,2026-07,6.2,77,2,6,316.54,0,26
SUB102996,2026-05,10.94,442,3,16,137.65,0,30
SUB102352,2026-07,4.01,436,4,13,158.82,2,29
SUB102587,2026-03,11.62,329,2,13,98.75,0,28
SUB102806,2026-07,0.94,183,1,17,106.18,0,27
SUB100753,2026-07,10.37,308,1,11,266.02,0,26
SUB102829,2026-02,15.72,136,3,16,430.6,0,29
SUB101469,2026-06,3.91,379,1,9,368.88,0,30
SUB101414,2026-03,10.15,71,1,15,249.25,0,26
SUB100834,2026-05,0.97,321,2,18,137.66,0,30
SUB102161,2026-05,10.5,110,1,4,412.38,0,29
SUB100647,2026-06,0.7,250,5,11,120.02,1,29
SUB101667,2026-07,7.9,341,3,20,319.82,0,29
SUB100385,2026-05,11.38,391,3,24,311.08,1,30
SUB101612,2026-07,5.11,661,1,11,200.84,0,28
SUB101049,2026-02,19.0,91,3,12,340.72,0,26
SUB100713,2026-04,3.98,171,4,12,181.9,0,29
SUB101630,2026-03,4.01,440,0,5,232.44,0,27
SUB102375,2026-06,5.3,826,1,18,271.93,0,26
SUB101310,2026-02,6.71,65,3,14,192.95,0,30
SUB101133,2026-02,1.76,129,1,8,190.38,0,28
SUB101065,2026-07,4.5,418,3,6,147.43,0,28
SUB101374,2026-06,9.71,322,0,7,288.64,0,28
SUB101509,2026-02,14.2,208,3,11,298.17,0,28
SUB101218,2026-05,8.45,402,2,15,198.72,0,26
SUB101614,2026-07,13.26,83,3,10,359.99,0,26
SUB101602,2026-07,4.39,648,2,9,263.13,0,27
SUB100423,2026-03,8.37,210,2,10,235.89,0,26
SUB100962,2026-02,9.35,184,2,18,194.51,0,26
SUB101359,2026-03,18.4,520,2,11,463.44,0,28
SUB100621,2026-05,6.8,32,1,12,125.41,0,30
SUB100622,2026-03,12.91,38,0,10,234.29,0,29
SUB100816,2026-03,9.92,138,4,4,219.26,0,29
SUB103029,2026-06,21.82,202,3,12,315.04,0,27
SUB101317,2026-05,7.75,98,2,12,319.62,0,27
SUB102179,2026-03,3.6,132,5,4,137.48,0,30
SUB100645,2026-04,11.76,327,2,7,440.13,1,29
SUB101999,2026-04,8.99,441,2,9,225.83,0,29
SUB100867,2026-02,5.03,121,2,17,139.27,0,26
SUB100639,2026-04,1.65,229,3,9,236.79,0,26
SUB102706,2026-02,16.86,489,1,16,309.93,0,28
SUB103176,2026-02,3.37,122,3,13,90.76,0,26
SUB101399,2026-06,8.44,136,1,16,94.54,1,26
SUB102321,2026-02,21.96,777,3,13,372.05,0,28
SUB101179,2026-02,3.84,98,1,10,325.49,0,28
SUB101158,2026-05,10.81,480,2,14,308.16,0,26
SUB101993,2026-07,31.58,315,0,7,429.22,0,26
SUB101291,2026-05,10.44,97,3,13,305.14,0,30
SUB101062,2026-04,4.04,301,3,5,169.6,0,29
SUB100820,2026-06,7.18,495,2,16,254.24,0,30
SUB101939,2026-03,6.11,94,1,14,297.94,0,27
SUB102707,2026-05,14.31,60,3,6,356.96,0,28
SUB100045,2026-04,2.83,281,2,8,88.08,0,30
SUB101666,2026-07,22.42,295,3,9,295.88,0,26
SUB102910,2026-07,17.25,790,2,15,410.0,0,28
SUB101757,2026-04,0.5,199,0,3,257.17,0,28
SUB102891,2026-07,8.47,336,4,6,373.6,0,28
SUB102400,2026-05,9.4,139,3,8,209.79,0,28
SUB102157,2026-02,5.61,82,1,6,339.61,0,30
SUB100356,2026-05,38.39,121,1,10,480.9,0,27
SUB102783,2026-03,4.53,165,0,14,161.15,0,29
SUB101082,2026-07,50.15,154,0,17,529.39,0,29
SUB102553,2026-07,4.58,169,3,17,123.67,0,26
SUB101997,2026-03,1.97,77,2,9,71.96,0,27
SUB102033,2026-07,20.44,59,2,11,421.88,0,30
SUB101601,2026-02,0.51,107,4,16,215.31,0,28
SUB100836,2026-05,16.64,97,0,6,419.81,0,29
SUB100030,2026-04,6.52,273,0,9,287.65,0,27
SUB101584,2026-06,41.1,215,3,13,674.46,0,26
SUB102930,2026-05,1.04,155,2,12,241.25,0,27
SUB101107,2026-06,2.12,92,0,10,277.58,0,26
SUB100250,2026-04,4.21,111,1,17,229.68,0,28
SUB102703,2026-04,5.77,205,1,9,237.66,0,29
SUB100722,2026-02,12.33,325,3,11,232.99,0,29
SUB103189,2026-04,0.73,300,1,7,133.02,0,27
SUB102066,2026-06,0.7,476,0,7,141.75,0,29
SUB101349,2026-06,1.83,148,4,14,354.46,0,30
SUB100084,2026-03,1.35,47,5,16,128.58,0,27
SUB102815,2026-03,5.5,315,2,3,253.04,0,28
SUB103077,2026-02,3.46,333,6,2,166.18,0,26
SUB101088,2026-06,6.46,212,1,17,290.21,0,28
SUB101319,2026-07,6.89,979,3,7,385.53,0,28
SUB101738,2026-06,4.04,464,3,12,77.2,0,30
SUB101173,2026-05,14.37,418,2,8,301.06,0,28
SUB100369,2026-02,16.16,469,1,12,300.8,0,27
SUB102928,2026-06,8.13,1202,2,12,315.93,2,29
SUB102134,2026-04,3.87,99,2,11,151.28,0,27
SUB101624,2026-03,34.06,60,3,11,515.4,0,29
SUB102191,2026-02,0.92,203,2,13,123.43,0,29
SUB100943,2026-03,22.77,85,3,12,419.92,0,26
SUB101758,2026-06,14.64,401,2,12,175.59,0,27
SUB102532,2026-03,6.46,362,1,15,142.63,0,30
SUB100788,2026-06,2.51,223,1,5,109.48,0,30
SUB102601,2026-03,17.8,470,3,6,485.79,0,26
SUB101166,2026-03,1.28,131,0,10,137.1,0,28
SUB102763,2026-07,2.85,488,1,9,257.78,0,27
SUB102604,2026-07,1.74,254,3,15,283.17,0,27
SUB102335,2026-04,7.29,369,1,12,175.52,0,29
SUB100954,2026-03,1.35,272,0,21,159.29,0,26
SUB103138,2026-06,8.07,199,0,11,259.16,1,28
SUB100359,2026-04,3.43,114,2,10,95.15,0,27
SUB101424,2026-07,11.8,160,3,12,307.09,0,30
SUB100632,2026-07,1.09,169,0,11,121.91,0,29
SUB100090,2026-04,7.06,283,1,4,285.93,0,26
SUB102861,2026-02,5.77,121,2,11,273.83,0,28
SUB100073,2026-07,19.93,113,1,18,441.36,0,26
SUB101553,2026-03,25.87,162,0,23,468.74,0,26
SUB101721,2026-04,6.9,63,2,4,292.53,0,26
SUB102426,2026-06,6.05,387,1,6,158.65,0,27
SUB102008,2026-06,4.46,354,1,14,174.69,0,26
SUB103115,2026-05,4.13,127,0,8,289.25,0,29
SUB100314,2026-02,9.58,136,1,11,248.41,0,30
SUB101533,2026-04,1.95,196,4,13,304.85,0,26
SUB101241,2026-03,13.0,248,1,5,403.91,0,30
SUB100288,2026-05,0.91,55,2,9,140.97,0,29
SUB102537,2026-07,0.55,61,1,16,231.81,0,27
SUB101451,2026-03,4.87,300,3,14,146.99,0,28
SUB102713,2026-06,31.75,480,1,9,418.63,0,27
SUB100912,2026-05,9.82,230,3,7,293.2,0,29
SUB102266,2026-03,3.62,243,1,10,112.81,0,30
SUB100978,2026-02,21.91,324,1,16,442.34,0,29
SUB102341,2026-05,13.75,140,2,15,296.92,0,26
SUB100273,2026-06,7.25,122,1,12,183.77,0,27
SUB101011,2026-02,9.25,123,5,14,164.89,0,30
SUB100681,2026-02,9.11,195,2,9,229.09,0,30
SUB103035,2026-06,14.56,285,0,13,210.18,0,30
SUB102103,2026-04,20.64,136,4,17,424.52,0,30
SUB102940,2026-04,1.0,91,1,5,291.0,0,27
SUB102808,2026-07,2.78,316,1,11,122.79,0,29
SUB101599,2026-02,4.94,461,2,18,145.0,0,29
SUB102918,2026-07,0.76,59,7,6,153.91,0,27
SUB101301,2026-05,7.33,146,5,8,384.24,0,26
SUB101306,2026-07,7.32,80,3,8,123.43,0,28
SUB100404,2026-05,13.94,122,0,0,364.11,0,27
SUB100974,2026-04,0.57,228,3,12,67.42,0,27
SUB101578,2026-06,7.65,288,0,19,330.61,0,27
SUB101108,2026-04,4.21,88,4,13,229.09,0,27
SUB102869,2026-07,20.87,55,1,5,429.25,0,28
SUB101795,2026-02,8.87,56,5,10,359.16,0,28
SUB103114,2026-05,2.9,502,1,6,156.38,0,28
SUB100827,2026-02,7.76,105,1,13,298.93,0,30
SUB103159,2026-04,6.59,333,3,17,173.48,0,29
SUB103133,2026-06,3.09,930,1,16,182.78,0,27
SUB101119,2026-02,1.6,391,1,3,110.61,0,29
SUB101534,2026-03,10.82,200,1,13,238.03,0,27
SUB102193,2026-02,1.59,108,2,10,122.44,0,26
SUB102700,2026-02,5.62,51,0,9,243.94,1,26
SUB102630,2026-02,18.55,173,3,12,372.87,0,28
SUB100491,2026-06,14.54,431,2,15,380.15,0,26
SUB100716,2026-04,4.53,106,2,11,252.44,0,29
SUB101328,2026-07,8.71,220,2,12,205.42,0,26
SUB102632,2026-07,3.2,396,2,20,153.54,0,29
SUB101230,2026-02,1.01,316,2,18,241.26,0,30
SUB100845,2026-04,7.83,152,3,12,172.63,0,29
SUB100478,2026-05,6.04,115,1,9,179.34,0,29
SUB101329,2026-06,5.98,422,1,8,177.92,0,30
SUB103125,2026-06,5.29,874,0,9,136.98,0,30
SUB100414,2026-04,0.98,338,2,25,99.78,0,28
SUB101964,2026-06,2.22,301,3,10,129.74,0,29
SUB101256,2026-07,16.09,317,2,13,269.09,0,30
SUB100403,2026-06,5.36,154,2,17,261.5,0,26
SUB101357,2026-04,1.12,159,3,11,81.75,0,30
SUB103094,2026-06,8.53,182,3,1,324.08,1,29
SUB102158,2026-03,0.61,91,2,12,111.21,0,26
SUB102527,2026-05,30.63,192,3,21,587.18,0,26
SUB102541,2026-05,8.2,608,2,11,217.22,0,27
SUB100698,2026-06,6.87,91,2,9,232.5,0,26
SUB101871,2026-07,50.84,415,3,13,726.49,0,30
SUB101879,2026-07,3.18,226,2,14,188.52,0,30
SUB101799,2026-06,29.49,239,1,12,557.36,0,26
SUB101534,2026-04,5.38,157,0,6,238.2,0,28
SUB102513,2026-07,8.59,289,4,7,240.36,0,27
SUB101898,2026-03,2.24,27,4,23,135.4,0,26
SUB101044,2026-05,7.26,65,1,12,204.74,0,28
SUB102614,2026-05,7.84,886,2,17,316.97,0,29
SUB100796,2026-04,11.13,760,1,12,319.27,0,29
SUB102129,2026-07,6.72,72,2,18,137.09,0,30
SUB102384,2026-06,1.9,75,1,14,129.07,0,27
SUB100242,2026-04,17.31,159,3,9,316.25,0,26
SUB101012,2026-03,7.17,123,2,16,200.82,0,28
SUB103103,2026-02,20.57,63,4,8,467.23,0,29
SUB100254,2026-03,0.86,133,1,17,149.74,0,29
SUB102886,2026-05,15.22,89,4,7,371.64,1,27
SUB102416,2026-06,5.7,194,2,14,154.16,0,26
SUB100961,2026-04,10.99,38,2,15,323.36,0,28
SUB101500,2026-06,7.88,497,2,11,193.07,0,27
SUB100976,2026-06,11.09,109,1,17,250.14,0,30
SUB100112,2026-03,10.03,433,2,15,244.27,0,28
SUB102408,2026-05,5.21,489,2,5,376.15,0,29
SUB101287,2026-06,7.35,170,2,9,297.82,0,29
SUB100352,2026-03,11.16,265,3,12,382.38,0,26
SUB101750,2026-06,10.08,115,0,9,164.05,0,28
SUB102769,2026-03,5.17,27,2,3,261.76,0,27
SUB102093,2026-05,8.43,230,3,7,198.24,0,29
SUB101845,2026-05,2.79,464,2,20,249.79,0,29
SUB100262,2026-04,6.8,67,3,20,191.43,0,27
SUB102015,2026-04,6.25,241,1,7,102.03,0,26
SUB102465,2026-07,3.25,208,3,10,224.4,0,28
SUB102091,2026-03,6.73,223,1,4,374.74,1,30
SUB100297,2026-07,18.02,268,3,14,321.66,1,29
SUB102345,2026-06,11.85,78,2,10,331.93,0,29
SUB102048,2026-02,5.8,111,2,11,145.16,0,29
SUB102429,2026-07,19.73,195,2,15,331.46,0,29
SUB102184,2026-05,13.07,377,3,14,394.07,0,29
SUB102025,2026-04,2.92,214,1,5,241.37,0,27
SUB102079,2026-05,13.38,282,2,10,205.1,1,29
SUB102232,2026-02,13.8,125,1,8,382.05,0,29
SUB101381,2026-07,10.11,50,1,18,255.79,0,27
SUB101138,2026-03,3.28,188,2,9,148.21,0,26
SUB100543,2026-03,1.13,296,2,5,281.6,0,27
SUB100344,2026-03,6.56,260,1,16,194.08,0,29
SUB100382,2026-02,10.46,263,4,3,246.87,0,29
SUB100840,2026-03,0.8,363,6,6,92.99,0,28
SUB100405,2026-05,8.82,171,1,16,357.46,0,29
SUB101010,2026-05,15.37,243,1,9,355.3,1,27
SUB102004,2026-04,20.28,326,6,6,502.54,0,30
SUB100015,2026-02,13.66,168,3,6,433.74,0,27
SUB100549,2026-07,17.89,94,1,5,324.14,0,28
SUB101687,2026-07,9.93,59,6,11,380.74,0,26
SUB100843,2026-06,1.76,791,0,8,282.03,0,27
SUB100181,2026-02,14.63,57,4,16,290.5,0,26
SUB101371,2026-02,14.15,793,1,13,429.78,0,30
SUB100774,2026-02,3.37,128,2,11,227.8,0,30
SUB101530,2026-04,2.99,334,1,16,150.61,1,26
SUB101149,2026-03,8.25,210,2,9,426.74,0,30
SUB100227,2026-02,6.21,341,2,12,140.69,0,29
SUB102967,2026-02,7.84,297,2,5,324.36,0,29
SUB102937,2026-05,9.58,104,4,10,330.21,0,27
SUB101812,2026-06,13.11,438,1,12,196.54,0,27
SUB102918,2026-06,0.77,59,2,9,148.78,1,27
SUB102261,2026-06,19.76,224,0,11,451.45,0,30
SUB100482,2026-02,5.34,190,1,10,125.4,0,27
SUB102458,2026-04,19.23,262,2,7,384.15,0,28
SUB102332,2026-03,16.37,249,3,5,378.8,0,27
SUB100226,2026-07,15.36,139,2,12,253.69,0,27
SUB102079,2026-04,13.22,135,1,9,184.13,0,26
SUB102530,2026-06,8.75,357,2,8,246.72,0,27
SUB100392,2026-05,8.18,241,2,20,140.49,0,26
SUB100284,2026-05,15.57,154,3,5,315.41,0,30
SUB101345,2026-02,4.16,63,2,15,144.25,0,30
SUB102249,2026-03,1.13,80,0,14,256.8,0,28
SUB101888,2026-05,62.8,147,1,12,564.32,0,30
SUB102390,2026-02,27.42,172,2,7,453.25,0,27
SUB101959,2026-07,0.88,187,3,10,128.64,1,29
SUB100877,2026-02,6.19,187,1,14,193.24,0,30
SUB103007,2026-03,1.42,169,3,21,168.98,0,28
SUB100260,2026-07,5.86,385,1,14,201.99,0,29
SUB100262,2026-05,11.69,83,2,6,162.09,0,27
SUB101892,2026-05,6.96,227,3,17,430.59,0,28
SUB102994,2026-05,2.54,139,2,19,161.23,0,28
SUB100702,2026-02,20.85,54,2,6,560.93,1,26
SUB102857,2026-04,4.63,319,3,5,226.85,0,30
SUB102561,2026-06,7.72,235,2,8,248.32,0,29
SUB100957,2026-02,6.07,281,4,6,198.68,0,28
SUB100520,2026-05,9.61,120,1,2,328.51,0,29
SUB100608,2026-07,1.1,108,2,6,83.63,0,29
SUB101933,2026-04,17.33,260,2,7,356.88,0,30
SUB100449,2026-07,3.62,54,0,10,227.74,0,30
SUB102999,2026-07,1.28,210,3,9,283.98,0,28
SUB102351,2026-04,5.75,98,3,17,192.59,0,26
SUB102749,2026-06,5.29,137,2,17,213.53,0,29
SUB102697,2026-04,0.65,153,3,4,268.32,1,29
SUB101755,2026-03,10.01,61,0,7,380.85,0,27
SUB102441,2026-03,1.24,213,1,6,103.9,0,26
SUB102391,2026-03,1.05,49,3,9,127.82,0,27
SUB101912,2026-06,11.02,408,1,9,201.72,0,29
SUB102037,2026-07,6.72,142,5,7,142.42,0,27
SUB100255,2026-03,8.35,62,2,10,188.03,0,26
SUB101606,2026-07,10.09,29,1,16,292.74,0,30
SUB100697,2026-02,7.86,48,2,10,197.27,0,27
SUB100304,2026-02,0.7,572,1,16,150.46,0,27
SUB100404,2026-07,15.6,174,1,3,271.31,0,27
SUB101973,2026-04,5.17,64,2,8,316.32,0,28
SUB100162,2026-05,19.78,374,3,5,748.78,0,27
SUB101291,2026-04,8.7,101,0,11,315.23,0,26
SUB100909,2026-03,3.74,205,3,12,247.62,0,30
SUB100846,2026-06,6.28,159,0,8,186.95,0,27
SUB102078,2026-04,7.19,312,1,4,333.28,0,27
SUB103075,2026-06,11.24,99,1,9,199.1,0,29
SUB101546,2026-03,4.65,697,4,10,239.55,0,29
SUB100138,2026-03,22.78,270,2,15,354.78,1,26
SUB101236,2026-06,11.41,89,3,20,294.62,0,28
SUB103072,2026-05,8.46,155,3,4,236.38,0,30
SUB100904,2026-06,15.63,266,2,13,359.71,0,28
SUB100110,2026-03,10.48,78,2,11,255.78,1,26
SUB101459,2026-02,1.22,82,3,14,186.18,0,26
SUB100374,2026-02,8.75,172,2,7,262.12,0,30
SUB102177,2026-06,17.96,652,1,5,447.01,0,28
SUB102759,2026-03,3.2,71,2,12,81.09,0,29
SUB103010,2026-07,8.92,142,0,17,310.31,0,28
SUB102660,2026-03,22.58,215,1,11,424.22,0,30
SUB102406,2026-02,2.95,361,1,8,194.48,0,28
SUB101286,2026-02,1.32,424,4,8,140.31,0,28
SUB102582,2026-05,25.36,186,3,10,0.0,0,26
SUB102102,2026-05,10.17,99,3,12,221.15,0,29
SUB102295,2026-05,7.82,106,3,8,192.68,0,28
SUB102979,2026-07,26.52,301,0,7,621.59,0,30
SUB102637,2026-03,6.96,130,0,6,156.57,0,27
SUB100422,2026-07,2.96,244,1,10,164.77,0,29
SUB102037,2026-02,10.32,142,0,15,137.89,0,28
SUB101171,2026-03,22.9,44,3,12,472.67,0,28
SUB101245,2026-04,10.97,472,1,12,303.89,0,30
SUB101774,2026-03,17.59,111,1,1,295.79,0,26
SUB102838,2026-02,1.25,179,1,19,116.45,1,28
SUB102235,2026-03,20.28,248,9,7,435.63,0,27
SUB100961,2026-05,8.12,40,3,13,406.09,0,29
SUB100429,2026-07,11.9,238,3,9,295.21,0,28
SUB101113,2026-07,5.15,80,1,1,265.51,0,28
SUB100799,2026-02,9.35,96,1,16,357.07,1,28
SUB102366,2026-04,17.2,171,1,4,444.88,1,27
SUB100259,2026-03,13.2,467,2,13,200.53,0,30
SUB101068,2026-05,4.88,520,0,10,289.82,0,28
SUB101941,2026-02,9.37,228,2,5,237.51,0,28
SUB102357,2026-04,11.35,67,5,19,383.77,0,26
SUB102153,2026-07,18.09,25,3,17,500.13,0,30
SUB100526,2026-04,3.26,27,3,3,278.83,0,27
SUB100232,2026-03,14.39,136,4,13,364.54,0,30
SUB101356,2026-07,5.13,575,0,4,176.56,0,28
SUB100590,2026-03,3.43,443,3,15,270.86,0,30
SUB101542,2026-05,0.89,303,2,28,132.3,1,29
SUB101118,2026-05,8.62,203,3,8,284.66,0,30
SUB100740,2026-04,1.16,218,2,14,97.55,0,26
SUB102852,2026-03,11.56,78,4,6,226.51,0,27
SUB102639,2026-04,1.56,234,1,20,79.23,1,30
SUB102241,2026-05,2.34,485,0,15,165.31,0,30
SUB103111,2026-07,5.9,290,1,10,235.14,0,29
SUB102904,2026-03,1.11,172,2,8,195.25,0,28
SUB100218,2026-03,1.65,309,2,11,194.32,0,26
SUB101263,2026-04,1.37,263,4,6,178.24,0,29
SUB102374,2026-02,6.0,258,2,13,315.91,0,27
SUB100413,2026-05,7.88,149,3,9,201.0,0,30
SUB101924,2026-05,4.19,73,0,8,109.05,1,29
SUB102936,2026-03,1.66,322,2,5,231.31,0,26
SUB102065,2026-07,57.72,387,4,5,0.0,3,28
SUB100105,2026-04,6.51,95,2,11,211.96,0,29
SUB102498,2026-05,1.59,158,0,9,267.45,1,27
SUB100645,2026-05,10.24,449,1,7,446.07,0,28
SUB102877,2026-06,7.72,155,1,6,196.96,0,30
SUB102616,2026-07,1.51,39,2,18,125.27,0,28
SUB100865,2026-02,22.19,148,4,10,348.87,0,27
SUB101756,2026-04,2.77,144,2,10,68.9,0,26
SUB100769,2026-04,14.86,189,1,7,438.54,0,29
SUB100811,2026-06,10.67,124,1,20,297.96,0,27
SUB102825,2026-03,5.18,3,3,5,188.57,0,29
SUB102830,2026-02,1.82,103,4,13,265.46,0,29
SUB101867,2026-02,4.45,319,2,15,151.0,0,29
SUB100098,2026-07,5.81,282,1,17,185.24,0,27
SUB101743,2026-02,2.13,273,3,6,67.04,0,30
SUB101216,2026-05,47.2,412,3,11,629.94,1,28
SUB100779,2026-06,6.01,212,2,4,139.68,0,27
SUB103197,2026-02,1.08,405,0,12,160.75,1,27
SUB100044,2026-07,15.46,250,3,11,412.82,0,29
SUB100321,2026-03,9.89,147,2,10,399.65,0,26
SUB102119,2026-04,13.0,325,1,10,376.83,0,26
SUB102813,2026-04,5.2,186,5,11,187.7,0,30
SUB101915,2026-02,7.78,25,3,11,467.9,0,26
SUB100297,2026-04,15.1,323,3,12,398.69,0,27
SUB102821,2026-06,10.55,229,4,15,390.78,0,29
SUB102868,2026-05,11.81,369,0,5,284.9,1,29
SUB101718,2026-02,1.37,358,0,9,166.69,0,27
SUB100891,2026-04,12.24,471,3,6,418.43,0,30
SUB103072,2026-07,7.27,204,2,8,243.31,0,28
SUB100290,2026-03,5.16,142,1,11,222.08,0,28
SUB100564,2026-07,6.61,245,3,12,118.77,0,30
SUB103197,2026-06,0.84,179,3,15,147.25,0,26
SUB100436,2026-06,4.4,177,0,10,186.64,0,28
SUB101226,2026-06,15.02,86,3,9,400.42,0,27
SUB102109,2026-04,5.57,187,4,16,130.48,0,26
SUB101463,2026-06,10.36,174,2,12,247.02,0,26
SUB100139,2026-07,1.99,94,2,14,100.62,1,26
SUB101132,2026-06,17.7,383,0,9,292.57,0,26
SUB101923,2026-03,0.78,354,2,16,213.55,0,27
SUB100276,2026-05,2.92,136,3,3,128.62,0,28
SUB101629,2026-03,13.47,130,1,10,237.23,0,26
SUB100361,2026-05,17.69,213,3,13,372.18,0,29
SUB101452,2026-06,2.51,278,1,10,319.32,0,27
SUB102714,2026-05,2.16,376,3,16,196.29,0,28
SUB100971,2026-05,12.8,125,1,14,237.4,0,28
SUB101831,2026-03,0.67,317,0,9,117.0,0,27
SUB102325,2026-02,1.33,111,1,5,186.88,0,28
SUB100788,2026-02,2.86,201,3,8,125.75,0,30
SUB101395,2026-07,9.47,62,5,13,165.42,0,28
SUB102385,2026-04,20.59,64,0,15,326.69,0,26
SUB100060,2026-02,4.03,140,1,10,152.3,0,29
SUB101465,2026-02,11.43,78,1,10,226.54,0,29
SUB102850,2026-05,9.68,49,2,2,358.99,0,26
SUB100605,2026-06,16.64,87,3,21,306.52,0,27
SUB101198,2026-06,2.07,133,4,21,209.93,0,30
SUB101804,2026-03,15.04,65,0,6,281.51,0,29
SUB102939,2026-05,9.21,110,0,18,229.08,0,27
SUB103022,2026-06,17.86,307,5,4,351.33,1,27
SUB101511,2026-04,12.23,228,3,8,254.49,0,27
SUB100866,2026-05,10.14,145,2,10,280.12,0,28
SUB102622,2026-05,8.59,317,1,5,209.86,0,27
SUB103171,2026-05,3.44,22,0,14,119.99,0,26
SUB103006,2026-07,2.75,52,1,10,85.07,0,28
SUB102153,2026-02,22.96,59,3,17,459.42,0,27
SUB100489,2026-07,1.77,153,2,4,134.09,0,26
SUB103057,2026-03,15.87,224,1,11,265.56,0,30
SUB102884,2026-03,1.07,502,2,19,137.61,0,28
SUB103073,2026-05,12.73,531,1,21,358.56,0,28
SUB102178,2026-06,4.84,95,4,14,128.39,0,27
SUB100666,2026-07,3.47,226,4,5,194.04,0,28
SUB102808,2026-06,2.13,293,0,10,121.89,0,28
SUB100375,2026-02,1.18,212,2,9,174.94,0,30
SUB101174,2026-02,45.85,379,4,12,514.81,1,27
SUB100959,2026-04,15.06,592,1,6,324.29,0,29
SUB100641,2026-02,10.78,109,1,6,446.09,0,30
SUB101998,2026-07,9.79,263,3,5,415.27,0,30
SUB102139,2026-02,22.68,273,1,14,400.9,0,26
SUB100461,2026-02,4.7,227,3,5,214.61,0,27
SUB102536,2026-02,2.06,1006,4,9,190.79,0,26
SUB100076,2026-04,0.72,85,5,7,95.99,0,30
SUB103034,2026-03,4.76,171,3,8,165.76,0,27
SUB102235,2026-05,21.8,308,2,11,361.07,0,30
SUB103010,2026-02,7.48,136,3,19,289.22,1,29
SUB101265,2026-03,12.38,152,2,14,504.19,0,29
SUB102173,2026-05,2.46,43,3,17,185.64,0,26
SUB100642,2026-07,21.82,465,2,10,461.37,0,28
SUB101163,2026-06,1.03,266,0,16,201.75,0,28
SUB102120,2026-04,22.34,255,0,8,447.8,0,30
SUB101139,2026-07,4.18,65,3,15,232.47,0,28
SUB101007,2026-05,10.5,912,3,7,269.35,0,26
SUB103082,2026-05,16.91,322,3,18,438.83,0,29
SUB102819,2026-07,1.92,410,1,12,124.72,1,29
SUB101215,2026-04,6.54,184,4,11,134.98,1,29
SUB100644,2026-07,4.53,465,1,12,157.81,0,29
SUB102234,2026-03,4.94,390,8,16,200.99,0,27
SUB101664,2026-02,6.48,267,2,7,98.5,0,28
SUB101475,2026-02,1.92,628,7,18,256.29,0,26
SUB100277,2026-06,1.27,82,1,11,95.16,0,29
SUB100347,2026-06,12.33,433,1,10,262.4,0,29
SUB102446,2026-06,20.73,238,2,8,366.2,0,28
SUB101362,2026-03,2.53,480,3,5,155.78,0,28
SUB100910,2026-05,0.68,380,4,24,255.65,0,28
SUB101468,2026-04,6.45,273,3,13,160.38,0,28
SUB101816,2026-07,2.47,427,2,8,158.51,0,29
SUB100084,2026-02,1.35,38,0,10,116.12,0,27
SUB100206,2026-06,6.12,200,0,12,280.83,0,26
SUB102675,2026-05,5.11,258,2,8,113.35,0,30
SUB101658,2026-05,5.54,73,6,8,135.53,0,27
SUB102884,2026-05,1.01,393,0,19,98.94,0,26
SUB100705,2026-06,1.61,450,1,4,137.52,0,29
SUB100701,2026-02,4.97,166,2,13,279.27,0,26
SUB101681,2026-02,8.36,445,2,9,310.99,0,26
SUB102194,2026-04,18.38,140,3,3,463.99,0,27
SUB102222,2026-07,2.14,245,2,7,158.23,0,30
SUB102493,2026-04,6.66,27,1,11,109.69,0,30
SUB100947,2026-02,10.86,390,4,6,242.14,0,30
SUB101411,2026-02,19.71,410,3,9,389.96,0,26
SUB102234,2026-02,7.05,318,1,10,249.67,1,27
SUB101342,2026-04,12.54,391,3,35,496.03,0,29
SUB102800,2026-04,2.8,332,1,1,259.21,1,26
SUB102901,2026-04,14.64,225,2,16,426.78,0,28
SUB100253,2026-07,28.31,14,4,11,349.62,0,27
SUB101312,2026-05,0.91,86,2,15,208.28,0,29
SUB102591,2026-05,17.45,244,2,9,538.29,0,28
SUB100495,2026-02,6.44,233,1,8,163.92,0,30
SUB101027,2026-04,27.25,124,2,10,380.91,0,26
SUB103098,2026-07,11.28,549,1,7,352.84,0,29
SUB101254,2026-04,16.09,132,1,18,272.82,0,28
SUB100319,2026-02,19.9,325,3,8,437.17,0,29
SUB102941,2026-04,9.71,386,2,23,213.27,0,30
SUB100571,2026-02,9.2,85,1,10,177.92,0,29
SUB102099,2026-02,2.29,35,1,14,213.82,0,27
SUB101032,2026-04,8.68,228,1,14,294.64,0,29
SUB103195,2026-07,1.48,177,1,8,147.55,0,27
SUB101213,2026-05,12.83,321,0,6,173.68,0,26
SUB100646,2026-05,9.43,286,0,10,187.47,0,26
SUB101472,2026-03,1.35,587,4,4,148.55,0,29
SUB102745,2026-04,13.57,762,1,8,348.62,0,28
SUB101168,2026-04,4.69,208,4,6,100.4,0,29
SUB101765,2026-02,3.94,154,0,18,145.72,0,29
SUB102213,2026-06,3.63,236,1,9,154.62,0,26
SUB100702,2026-06,41.69,97,2,6,496.45,0,26
SUB102758,2026-06,2.02,156,3,14,228.92,0,26
SUB102654,2026-06,5.58,91,2,11,214.05,0,27
SUB101726,2026-05,7.76,194,1,8,180.78,0,29
SUB100062,2026-05,8.53,229,0,12,318.1,0,27
SUB101576,2026-05,2.94,1990,0,15,313.73,0,26
SUB100335,2026-03,5.2,394,0,14,138.83,1,30
SUB102236,2026-02,12.49,655,1,14,282.73,0,28
SUB101617,2026-03,14.91,73,1,25,363.31,0,27
SUB100890,2026-05,6.64,372,3,6,246.49,0,27
SUB101629,2026-06,18.31,171,2,2,229.45,0,30
SUB101372,2026-05,10.63,281,2,11,197.75,0,27
SUB100234,2026-03,9.13,46,1,14,220.0,0,26
SUB103146,2026-02,7.57,26,3,3,202.91,0,26
SUB101027,2026-06,26.18,137,2,3,387.1,0,30
SUB100770,2026-05,1.05,158,4,8,96.34,0,26
SUB100679,2026-06,1.48,79,1,12,222.57,0,29
SUB101314,2026-04,13.49,171,2,11,275.85,0,27
SUB102681,2026-06,1.24,393,2,9,121.01,0,29
SUB102600,2026-07,18.75,123,3,11,253.29,0,26
SUB100445,2026-04,8.15,140,1,20,137.09,0,27
SUB102432,2026-03,7.16,569,0,14,390.3,0,27
SUB101785,2026-03,0.65,101,1,14,123.1,0,30
SUB101542,2026-07,1.26,360,0,12,118.25,0,27
SUB102973,2026-06,11.47,117,2,12,237.51,0,30
SUB100406,2026-06,5.67,350,3,5,193.09,0,30
SUB101410,2026-07,12.91,207,2,17,233.24,0,29
SUB101815,2026-06,7.23,367,2,14,250.72,0,28
SUB101174,2026-04,60.5,285,4,17,560.73,0,28
SUB102855,2026-02,12.38,324,1,15,526.98,1,27
SUB101803,2026-06,18.41,48,0,14,164.03,0,27
SUB101620,2026-07,3.11,80,4,5,230.79,0,27
SUB102312,2026-02,3.17,112,3,9,241.14,0,29
SUB102342,2026-04,10.51,610,1,14,206.4,0,29
SUB101309,2026-07,6.28,47,6,26,213.95,0,28
SUB101970,2026-03,12.77,598,2,14,,0,28
SUB102273,2026-06,3.97,244,2,2,129.64,0,26
SUB100841,2026-04,1.64,333,4,21,188.71,1,28
SUB101053,2026-05,7.14,52,2,17,123.22,0,27
SUB101994,2026-05,16.23,323,2,8,282.83,0,29
SUB102114,2026-06,30.35,116,2,15,469.27,0,30
SUB101165,2026-05,4.94,127,3,5,220.91,0,29
SUB101002,2026-05,7.95,179,1,8,369.45,0,28
SUB102767,2026-02,1.05,114,3,10,238.14,0,28
SUB101264,2026-06,6.5,192,2,9,311.23,0,28
SUB100837,2026-07,1.17,56,5,4,238.74,1,29
SUB102938,2026-02,7.29,358,1,4,232.74,0,26
SUB101351,2026-02,8.65,250,2,11,299.3,0,26
SUB101116,2026-02,5.31,128,2,8,199.61,0,27
SUB100557,2026-02,11.15,114,1,10,392.1,0,30
SUB101105,2026-03,4.65,207,4,8,145.28,0,28
SUB101966,2026-06,5.47,151,0,11,236.94,0,26
SUB101837,2026-06,4.55,138,3,6,340.01,0,26
SUB100885,2026-03,8.86,145,2,12,288.4,0,30
SUB101950,2026-02,5.83,178,1,11,102.49,0,29
SUB102691,2026-03,0.49,428,1,11,196.92,0,27
SUB102488,2026-07,20.76,242,2,6,279.39,0,30
SUB101220,2026-03,7.55,350,0,8,389.78,0,30
SUB100458,2026-03,8.27,100,1,15,182.53,0,27
SUB103117,2026-02,18.15,201,4,14,462.34,0,27
SUB102396,2026-03,7.83,105,4,8,298.88,0,28
SUB101070,2026-04,17.79,537,1,7,329.57,0,29
SUB102193,2026-05,1.77,204,2,10,144.46,0,28
SUB100873,2026-03,20.49,81,0,18,391.76,0,30
SUB100990,2026-02,3.46,202,1,12,161.83,0,29
SUB101906,2026-03,0.63,78,4,14,92.83,0,28
SUB102473,2026-05,18.43,543,5,18,302.12,0,28
SUB100143,2026-07,15.35,145,0,4,286.17,0,26
SUB102522,2026-05,7.17,333,3,10,250.45,0,30
SUB102380,2026-07,8.19,147,1,15,280.75,0,29
SUB102026,2026-02,6.05,117,1,9,311.77,0,26
SUB101393,2026-04,5.28,155,4,9,313.63,0,30
SUB102817,2026-06,4.89,117,1,17,237.42,0,27
SUB102478,2026-04,9.07,325,1,10,378.39,0,27
SUB101985,2026-03,6.63,63,0,8,216.18,1,29
SUB101158,2026-03,10.13,594,3,11,284.67,0,28
SUB101959,2026-02,0.56,198,2,9,124.47,0,28
SUB100493,2026-04,6.48,251,4,11,234.82,0,26
SUB100071,2026-07,3.76,391,6,19,188.51,0,30
SUB101866,2026-04,7.97,155,2,9,210.66,0,29
SUB101227,2026-04,12.07,79,1,11,300.54,0,28
SUB100947,2026-06,10.87,388,0,14,216.87,0,26
SUB102709,2026-07,6.29,159,3,12,276.44,0,27
SUB102582,2026-03,24.25,203,1,14,494.53,0,28
SUB101215,2026-03,7.71,175,4,16,151.12,0,26
SUB103174,2026-04,1.34,92,5,9,168.73,0,30
SUB102903,2026-04,25.99,82,2,13,456.2,0,28
SUB100251,2026-03,12.3,113,2,12,356.65,0,30
SUB100444,2026-07,8.03,219,1,13,284.43,0,29
SUB100420,2026-04,5.48,303,2,9,244.34,0,27
SUB100921,2026-03,15.75,20,5,10,207.03,0,30
SUB102262,2026-06,2.1,78,4,11,195.63,0,29
SUB101898,2026-06,2.23,39,3,13,126.34,0,29
SUB101391,2026-03,1.21,162,0,11,186.71,0,29
SUB100006,2026-02,3.55,260,3,4,319.5,0,27
SUB100253,2026-03,20.61,18,4,12,374.41,0,28
SUB100601,2026-02,6.04,141,3,10,71.79,0,28
SUB102249,2026-02,0.77,250,1,16,187.0,0,30
SUB101366,2026-02,5.59,111,1,9,202.13,0,30
SUB100481,2026-06,3.19,149,2,13,128.13,0,29
SUB100754,2026-06,8.41,35,4,27,275.22,1,30
SUB100834,2026-04,1.26,402,0,11,128.4,0,27
SUB102047,2026-07,1.49,260,1,9,158.22,0,26
SUB102479,2026-03,7.83,18,2,10,231.44,0,29
SUB103061,2026-02,1.15,205,1,4,144.39,0,28
SUB102055,2026-02,1.97,161,3,5,98.33,0,30
SUB102472,2026-05,10.35,63,1,8,200.38,0,28
SUB102008,2026-04,8.21,350,3,10,167.72,0,26
SUB102327,2026-02,7.64,184,0,19,309.22,1,26
SUB101681,2026-03,4.3,354,2,17,329.65,0,28
SUB100434,2026-02,1.05,68,4,10,224.54,0,29
SUB100040,2026-07,6.97,285,4,20,364.94,0,29
SUB100861,2026-06,5.14,392,3,15,268.96,0,28
SUB102309,2026-03,4.45,164,1,13,156.91,0,29
SUB100032,2026-04,5.23,255,1,8,180.54,0,29
SUB101077,2026-02,12.06,288,3,11,,0,28
SUB102082,2026-07,4.62,402,3,11,186.17,0,30
SUB100995,2026-03,1.28,428,2,15,221.96,0,26
SUB100054,2026-04,11.45,551,2,8,386.68,0,26
SUB101508,2026-02,1.62,169,2,6,190.35,0,30
SUB101351,2026-05,7.2,252,0,8,387.25,0,26
SUB101608,2026-04,2.46,108,3,9,169.75,0,27
SUB102058,2026-06,13.14,43,1,10,282.86,0,30
SUB101057,2026-06,1.49,428,1,8,167.83,0,30
SUB102188,2026-02,10.75,120,3,7,415.95,0,27
SUB102191,2026-06,1.4,314,1,11,138.41,0,30
SUB100158,2026-02,11.38,86,2,11,187.34,0,29
SUB100282,2026-05,5.92,77,1,6,179.83,0,30
SUB101918,2026-07,1.88,182,8,6,266.52,1,28
SUB100723,2026-04,8.48,359,2,19,206.3,0,27
SUB102061,2026-07,3.08,1026,3,11,219.62,0,26
SUB102488,2026-03,23.92,199,2,9,313.21,0,30
SUB102137,2026-02,13.85,306,4,11,353.22,0,29
SUB102999,2026-04,1.56,169,3,6,250.19,1,30
SUB100051,2026-06,7.59,278,1,14,221.11,0,30
SUB102103,2026-07,16.74,161,0,20,380.52,0,27
SUB102712,2026-02,6.36,363,2,16,246.91,0,26
SUB103111,2026-02,4.99,248,2,24,251.92,0,30
SUB102849,2026-05,15.57,177,1,10,320.75,0,26
SUB101092,2026-02,21.09,685,2,9,412.54,0,28
SUB100367,2026-04,4.85,179,2,8,124.52,0,28
SUB101452,2026-03,2.53,184,0,13,308.93,0,28
SUB100486,2026-05,12.46,237,3,5,395.23,0,28
SUB101912,2026-05,14.28,404,7,11,204.01,0,28
SUB100720,2026-04,14.5,154,2,9,400.65,0,28
SUB100067,2026-05,7.89,337,0,25,258.85,0,28
SUB100107,2026-07,3.94,117,1,13,226.72,0,27
SUB101621,2026-07,1.59,107,0,9,179.53,0,29
SUB100852,2026-07,6.92,420,1,8,199.93,0,26
SUB100847,2026-06,33.76,322,2,12,568.48,0,28
SUB100502,2026-03,1.56,10,2,7,119.5,0,27
SUB102189,2026-07,5.18,124,1,8,98.84,0,29
SUB102199,2026-07,3.35,145,0,12,238.81,1,30
SUB100360,2026-07,8.87,132,1,9,365.26,0,28
SUB101380,2026-06,1.39,177,3,9,167.38,0,29
SUB100594,2026-07,4.41,82,3,3,146.76,0,26
SUB100684,2026-02,13.81,257,1,18,285.95,0,29
SUB101889,2026-05,3.45,85,2,12,314.57,0,26
SUB101578,2026-02,10.84,319,3,23,340.46,0,29
SUB101592,2026-04,31.34,180,4,7,395.94,2,28
SUB100520,2026-03,8.94,124,1,4,378.29,0,29
SUB100590,2026-04,4.05,461,2,15,272.87,0,30
SUB100229,2026-05,4.86,31,3,14,160.08,0,30
SUB101320,2026-05,6.97,55,3,10,275.44,0,28
SUB100214,2026-02,3.34,91,2,8,257.82,1,28
SUB101418,2026-02,2.14,491,1,8,178.17,0,30
SUB101633,2026-02,7.12,200,0,8,209.08,1,27
SUB101187,2026-05,7.64,363,1,8,229.67,0,28
SUB100927,2026-06,18.43,343,2,4,312.22,0,27
SUB100942,2026-04,0.66,215,1,11,192.53,0,30
SUB102951,2026-05,14.22,194,0,14,323.48,0,30
SUB100741,2026-03,6.5,108,1,5,153.62,0,28
SUB100986,2026-03,7.45,72,2,7,285.39,0,29
SUB101194,2026-02,24.27,102,0,4,496.26,0,27
SUB101018,2026-02,1.21,103,5,7,102.14,1,28
SUB102228,2026-02,3.88,117,4,5,285.09,0,26
SUB102954,2026-05,10.72,115,2,8,336.68,0,29
SUB100864,2026-06,1.37,143,2,15,165.06,0,26
SUB100890,2026-07,7.78,362,3,3,244.76,0,27
SUB103115,2026-03,4.18,61,0,6,280.92,0,26
SUB102643,2026-02,9.27,110,0,11,441.21,0,30
SUB102585,2026-07,3.56,234,4,11,213.65,0,29
SUB102506,2026-04,7.77,174,3,11,208.74,0,28
SUB101714,2026-04,8.46,310,2,15,232.21,0,28
SUB102989,2026-02,1.84,336,1,19,165.34,0,28
SUB101634,2026-07,62.38,281,2,16,0.0,2,26
SUB102215,2026-06,22.22,290,2,8,273.64,0,26
SUB100390,2026-04,12.67,111,2,5,221.71,1,27
SUB102799,2026-06,4.34,102,0,12,134.64,0,30
SUB100003,2026-07,10.18,316,2,10,225.81,0,26
SUB100041,2026-07,5.93,300,3,16,120.93,0,29
SUB101549,2026-06,3.77,197,0,8,128.21,0,30
SUB102709,2026-06,5.01,74,2,8,329.43,1,27
SUB101979,2026-04,15.26,238,3,11,424.14,0,30
SUB100517,2026-05,0.78,159,1,13,163.56,0,26
SUB101836,2026-03,15.96,353,2,15,379.17,0,30
SUB100654,2026-06,11.05,123,1,8,247.5,0,30
SUB100503,2026-06,11.26,497,2,13,261.53,0,30
SUB102479,2026-06,12.06,17,4,10,216.23,0,28
SUB101155,2026-07,1.08,276,1,12,111.42,0,26
SUB101111,2026-02,8.05,216,3,9,182.92,0,27
SUB101792,2026-05,12.02,180,2,12,288.77,1,28
SUB100005,2026-07,11.78,123,1,21,388.63,0,27
SUB102895,2026-02,12.8,155,2,5,365.63,0,28
SUB100488,2026-04,8.82,610,0,10,368.7,0,29
SUB101995,2026-02,4.78,236,4,24,115.71,0,27
SUB100564,2026-02,4.72,442,0,11,151.41,0,28
SUB100567,2026-05,16.01,259,1,4,224.63,0,30
SUB102835,2026-02,1.77,167,1,10,172.37,0,27
SUB101226,2026-03,19.81,110,0,7,467.9,0,26
SUB101672,2026-03,0.04,47,3913,9,299.08,0,30
SUB101127,2026-04,3.69,164,2,13,259.72,0,28
SUB100192,2026-04,2.13,76,1,10,123.34,0,29
SUB101669,2026-06,2.79,172,1,13,134.65,0,27
SUB100356,2026-07,19.46,158,1,9,455.07,1,27
SUB101135,2026-03,1.55,308,3,12,230.67,0,28
SUB100650,2026-05,16.97,132,1,5,465.59,0,27
SUB100403,2026-07,5.35,143,3,13,227.42,0,28
SUB103169,2026-05,12.11,311,2,6,454.47,0,29
SUB101207,2026-05,6.68,60,4,5,213.06,0,27
SUB100379,2026-07,11.86,386,1,11,310.7,0,28
SUB102142,2026-07,12.05,97,2,20,320.25,1,26
SUB102418,2026-06,1.15,57,3,2,266.79,0,30
SUB100812,2026-02,0.41,59,3,13,249.17,0,26
SUB102057,2026-02,11.92,229,3,11,376.46,0,26
SUB100213,2026-07,13.07,116,3,6,378.35,0,27
SUB103122,2026-04,3.93,249,3,22,152.16,0,29
SUB101650,2026-04,5.74,68,1,11,301.74,0,28
SUB103032,2026-05,6.47,276,2,10,167.55,0,27
SUB101585,2026-02,1.55,281,3,9,178.78,0,26
SUB100446,2026-06,11.89,236,1,13,254.86,0,27
SUB101037,2026-04,0.85,287,2,9,297.6,0,29
SUB103090,2026-05,5.48,267,1,15,259.0,1,30
SUB101259,2026-06,9.52,446,3,8,254.67,0,28
SUB102941,2026-06,10.74,641,1,9,253.24,0,27
SUB101422,2026-04,6.13,148,1,8,156.95,0,27
SUB100960,2026-07,3.9,425,4,8,257.71,1,28
SUB102616,2026-03,0.66,52,2,17,111.76,0,30
SUB102142,2026-03,11.68,126,2,15,219.51,0,28
SUB101052,2026-07,3.55,363,2,9,133.84,0,28
SUB102263,2026-02,12.33,454,2,8,236.54,0,27
SUB101899,2026-06,2.06,220,2,9,175.13,0,27
SUB101418,2026-06,1.84,419,5,6,203.7,0,27
SUB100990,2026-03,4.02,133,1,20,177.64,0,27
SUB101828,2026-02,7.06,114,1,7,317.47,0,29
SUB102561,2026-03,8.64,65,1,16,196.92,0,29
SUB103133,2026-07,2.66,695,1,13,141.69,0,30
SUB101903,2026-03,2.84,173,2,13,344.06,1,28
SUB101159,2026-04,1.17,184,0,15,167.55,0,27
SUB102281,2026-03,5.69,63,1,11,194.96,0,26
SUB102159,2026-05,7.47,337,1,5,198.68,0,29
SUB101997,2026-05,1.76,62,3,5,99.08,0,28
SUB100198,2026-02,13.57,68,2,9,348.45,0,27
SUB103064,2026-03,2.97,396,1,6,133.86,0,28
SUB102049,2026-04,13.71,117,2,12,236.09,0,30
SUB101537,2026-05,3.73,322,2,3,190.86,0,26
SUB101298,2026-05,15.23,143,1,9,433.44,1,30
SUB100479,2026-05,1.16,211,0,14,151.61,0,30
SUB100279,2026-03,2.03,434,2,3,223.03,0,26
SUB100915,2026-05,2.76,364,1,4,126.28,0,30
SUB102565,2026-06,3.94,229,0,14,252.92,0,29
SUB100602,2026-03,12.61,413,2,9,319.85,0,29
SUB102313,2026-07,0.86,326,2,10,111.79,0,28
SUB100094,2026-04,6.33,213,2,10,241.35,0,29
SUB100001,2026-03,5.11,230,2,8,320.29,0,28
SUB100355,2026-02,5.23,149,2,12,144.0,0,27
SUB100472,2026-02,7.98,68,4,3,311.27,0,28
SUB101330,2026-05,5.23,120,2,11,146.01,0,28
SUB100781,2026-07,6.93,103,2,20,317.14,0,28
SUB100294,2026-06,9.39,269,1,10,165.77,0,28
SUB102578,2026-02,1.25,526,0,5,259.74,0,28
SUB101027,2026-07,23.43,101,1,8,364.23,0,30
SUB100897,2026-07,5.78,352,2,7,187.67,1,28
SUB101943,2026-02,29.68,267,1,8,535.99,0,26
SUB100949,2026-02,2.36,575,2,9,266.25,0,26
SUB100482,2026-05,3.29,212,4,9,140.61,0,30
SUB101676,2026-07,10.3,77,2,13,,0,26
SUB102171,2026-04,1.36,115,1,10,267.03,0,29
SUB101125,2026-03,2.76,54,5,9,215.16,0,28
SUB100755,2026-05,6.38,182,3,11,230.61,0,28
SUB100550,2026-03,6.68,173,2,4,249.96,0,30
SUB102629,2026-02,7.55,219,1,11,233.23,0,28
SUB100321,2026-02,13.3,115,2,7,366.33,0,26
SUB103144,2026-05,3.4,258,3,13,104.5,0,30
SUB100346,2026-04,12.08,87,3,4,327.0,0,30
SUB101042,2026-05,2.57,156,2,7,129.62,0,30
SUB102529,2026-06,5.06,88,1,21,129.1,0,28
SUB100869,2026-07,1.42,653,0,17,207.94,0,30
SUB100330,2026-03,9.34,352,5,16,328.93,0,27
SUB100732,2026-02,3.15,155,1,18,206.23,0,29
SUB102562,2026-02,4.52,140,2,6,238.94,0,30
SUB100318,2026-03,17.21,140,4,11,359.9,0,28
SUB102129,2026-04,6.67,77,3,17,104.2,0,27
SUB100967,2026-05,5.43,797,3,19,312.5,0,27
SUB100256,2026-07,8.76,330,6,11,279.32,0,30
SUB101059,2026-04,8.25,66,1,10,348.71,0,26
SUB102735,2026-03,1.61,337,0,16,322.16,0,26
SUB101044,2026-07,7.67,110,1,11,217.25,0,27
SUB101918,2026-04,2.07,167,3,8,227.94,0,26
SUB100465,2026-03,7.79,362,2,9,272.22,0,29
SUB100366,2026-07,11.5,81,3,19,229.15,0,28
SUB102565,2026-07,5.34,346,1,25,186.14,0,26
SUB102976,2026-04,5.53,410,3,19,246.95,0,30
SUB101743,2026-06,2.45,228,3,13,74.77,0,29
SUB100858,2026-03,2.7,434,3,6,96.61,0,28
SUB101762,2026-02,16.73,210,3,14,303.92,0,27
SUB101295,2026-05,14.76,55,2,21,289.77,0,29
SUB100307,2026-05,11.41,126,1,29,237.93,0,30
SUB102553,2026-02,3.42,813,3,12,157.09,0,27
SUB100093,2026-06,22.19,557,4,13,343.22,0,30
SUB102111,2026-07,27.29,266,2,14,403.51,1,27
SUB100993,2026-02,4.7,118,0,1,270.15,0,26
SUB100885,2026-04,7.96,235,2,21,273.92,0,28
SUB101505,2026-06,6.45,47,1,11,270.44,0,29
SUB101977,2026-02,12.08,51,1,10,312.79,0,29
SUB100509,2026-04,8.0,578,1,17,341.56,0,30
SUB100355,2026-06,4.62,197,2,14,165.37,0,29
SUB100070,2026-05,4.73,219,1,18,215.9,0,29
SUB103197,2026-04,1.11,192,1,12,154.06,0,26
SUB103048,2026-05,2.65,186,3,8,164.08,0,29
SUB103192,2026-03,4.89,326,1,19,106.25,0,29
SUB101240,2026-07,2.77,331,2,7,239.67,0,30
SUB101926,2026-06,7.09,684,3,19,231.12,0,28
SUB100460,2026-06,14.92,162,3,14,310.45,0,27
SUB103099,2026-05,7.17,205,2,16,201.96,0,28
SUB103039,2026-07,1.08,396,1,13,154.07,0,26
SUB101973,2026-02,8.92,105,2,26,289.27,0,30
SUB102850,2026-02,6.18,46,4,5,334.92,0,27
SUB102830,2026-03,2.09,85,4,11,279.89,1,28
SUB103176,2026-07,61.41,163,2,11,0.0,3,29
SUB100277,2026-04,1.3,76,3,14,89.15,0,28
SUB101865,2026-06,3.71,447,2,10,192.64,0,28
SUB100843,2026-07,1.4,917,1,16,289.81,0,30
SUB101701,2026-06,6.81,117,3,5,169.21,1,28
SUB100522,2026-06,15.92,55,2,11,298.01,0,29
SUB102838,2026-07,1.13,199,1,16,106.97,0,28
SUB102754,2026-02,10.29,30,3,9,225.56,0,29
SUB101548,2026-05,14.14,84,2,13,384.25,1,26
SUB100385,2026-04,7.25,412,0,18,282.38,0,29
SUB101517,2026-07,9.31,137,1,10,226.11,0,27
SUB102324,2026-05,1.15,345,1,16,275.62,1,27
SUB101499,2026-03,5.15,284,3,10,203.74,0,30
SUB100055,2026-06,21.07,299,1,8,388.08,0,27
SUB100295,2026-04,12.94,96,0,8,330.11,0,30
SUB102065,2026-03,16.31,323,0,7,198.68,0,30
SUB100603,2026-03,3.48,494,2,14,100.91,0,28
SUB100803,2026-03,2.73,121,3,11,221.82,0,29
SUB101482,2026-06,4.71,210,0,15,175.51,0,27
SUB101810,2026-02,43.55,103,2,8,388.31,0,27
SUB101936,2026-02,37.07,161,2,5,392.59,0,28
SUB102208,2026-06,15.39,124,0,23,264.73,0,26
SUB102695,2026-02,4.81,230,1,9,293.92,0,28
SUB100412,2026-07,36.11,11,1,16,574.17,0,26
SUB102449,2026-07,6.46,214,2,8,177.86,0,30
SUB102229,2026-02,8.21,640,1,16,240.86,0,26
SUB101859,2026-02,41.41,163,2,0,524.02,1,29
SUB101253,2026-04,11.55,109,4,12,179.71,0,26
SUB101967,2026-04,13.02,101,1,11,414.59,0,29
SUB101857,2026-05,14.85,42,1,5,287.33,0,26
SUB102167,2026-02,0.61,237,2,15,84.64,0,26
SUB100830,2026-06,27.71,385,1,4,433.78,0,30
SUB102519,2026-07,1.14,75,1,12,242.64,0,26
SUB100889,2026-04,8.51,417,0,13,227.48,0,26
SUB102413,2026-05,5.93,472,4,7,288.75,0,30
SUB100387,2026-04,13.58,415,3,9,210.86,0,30
SUB100350,2026-03,0.83,384,2,7,225.21,0,26
SUB100940,2026-02,17.85,128,0,6,383.99,0,30
SUB103043,2026-05,7.19,313,1,13,130.77,0,28
SUB102113,2026-02,29.87,540,1,9,483.24,0,29
SUB101734,2026-05,1.86,240,1,16,159.59,0,30
SUB103177,2026-02,2.12,167,2,21,168.64,1,30
SUB100387,2026-02,10.13,401,1,13,254.02,1,29
SUB102800,2026-03,2.1,347,2,12,252.28,0,26
SUB100073,2026-05,12.31,127,1,11,513.27,0,26
SUB101899,2026-03,3.0,205,2,8,129.56,0,30
SUB100533,2026-04,6.72,114,4,8,252.5,0,28
SUB100720,2026-02,15.08,237,2,13,444.93,0,26
SUB100453,2026-06,9.6,686,2,8,370.78,0,27
SUB101597,2026-05,6.12,289,2,2,298.03,0,28
SUB101977,2026-05,14.5,62,4,9,283.86,0,30
SUB102161,2026-03,10.36,165,3,3,463.13,0,29
SUB102740,2026-07,14.57,189,2,17,452.57,0,27
SUB100442,2026-04,6.44,678,1,16,237.23,0,30
SUB100055,2026-02,28.38,294,3,7,308.44,0,30
SUB102014,2026-06,2.27,695,1,17,306.94,0,29
SUB102456,2026-07,6.26,40,0,8,182.09,0,30
SUB101076,2026-03,27.56,106,5,7,445.34,0,29
SUB101401,2026-03,2.28,111,2,8,91.87,1,28
SUB103116,2026-06,1.01,147,3,2,113.02,0,30
SUB102037,2026-05,10.38,177,0,8,117.62,0,30
SUB100250,2026-02,4.63,106,1,18,315.62,0,28
SUB101284,2026-02,2.16,159,7,11,84.72,0,29
SUB101724,2026-07,3.86,489,0,14,168.74,0,29
SUB103140,2026-07,9.24,347,1,5,359.24,0,26
SUB101080,2026-06,10.99,346,0,18,359.98,1,28
SUB101494,2026-02,13.86,240,2,14,215.88,0,26
SUB103129,2026-07,5.77,224,0,7,224.27,0,28
SUB102683,2026-04,1.86,353,3,13,257.07,0,30
SUB101448,2026-06,16.17,281,3,7,329.55,1,28
SUB102927,2026-03,4.28,192,2,6,144.13,1,27
SUB100390,2026-02,9.44,140,1,7,231.25,0,29
SUB100832,2026-06,9.37,98,3,9,191.66,0,27
SUB100542,2026-05,13.98,47,3,6,210.12,0,26
SUB102675,2026-06,4.02,378,5,14,90.47,0,29
SUB102810,2026-07,3.79,181,2,13,79.55,1,28
SUB101330,2026-07,3.44,106,1,11,130.99,0,30
SUB102563,2026-05,12.29,116,1,11,161.56,0,29
SUB101130,2026-04,22.82,145,2,7,339.76,0,27
SUB100236,2026-07,0.87,173,1,13,70.92,0,27
SUB100991,2026-03,7.36,298,3,8,266.57,0,29
SUB102029,2026-02,14.35,123,1,10,148.04,0,29
SUB102456,2026-03,8.42,40,4,14,169.56,1,28
SUB100627,2026-07,16.3,851,0,7,368.14,0,30
SUB100907,2026-06,7.0,152,5,8,276.2,0,28
SUB103073,2026-02,12.11,162,1,8,341.6,0,29
SUB102606,2026-04,4.26,162,1,10,149.88,0,30
SUB101598,2026-03,14.07,267,1,16,335.29,0,26
SUB102151,2026-03,0.98,255,2,26,112.7,0,26
SUB100738,2026-02,12.81,202,3,14,312.38,0,29
SUB100353,2026-07,10.79,246,3,9,336.73,0,27
SUB101024,2026-07,12.95,122,3,13,160.85,0,29
SUB102387,2026-03,1.74,132,5,7,168.74,1,26
SUB100073,2026-02,13.56,148,1,10,402.15,0,26
SUB100603,2026-07,2.09,310,0,14,98.3,0,30
SUB102754,2026-04,6.93,21,1,9,259.03,0,29
SUB100513,2026-07,13.51,312,0,15,433.16,0,28
SUB102421,2026-07,12.95,139,1,10,295.71,0,28
SUB100996,2026-07,3.83,119,5,6,214.47,0,26
SUB102198,2026-05,3.33,269,1,8,172.65,0,27
SUB100329,2026-03,2.23,252,1,7,134.7,0,29
SUB102423,2026-02,11.87,54,2,14,261.2,0,29
SUB103091,2026-06,18.21,385,1,4,341.87,0,27
SUB102867,2026-05,1.84,94,0,16,145.45,1,27
SUB101208,2026-06,1.8,113,2,16,214.04,0,26
SUB100148,2026-06,7.56,59,0,14,374.44,0,28
SUB101733,2026-02,0.47,157,1,18,158.73,0,27
SUB100889,2026-03,8.67,245,5,9,204.73,1,29
SUB100914,2026-03,3.1,280,2,9,238.09,1,28
SUB101870,2026-07,14.73,375,1,4,252.23,0,28
SUB103037,2026-07,7.28,49,1,11,241.13,0,26
SUB101746,2026-03,16.48,388,4,14,279.01,0,26
SUB101082,2026-04,16.56,383,3,17,395.65,0,27
SUB103055,2026-03,7.87,301,1,1,315.96,1,30
SUB100052,2026-04,0.86,76,2,11,221.29,0,27
SUB100538,2026-06,11.38,113,0,11,232.43,0,28
SUB100133,2026-05,12.59,49,0,3,210.76,0,30
SUB100187,2026-04,1.15,467,1,17,145.02,0,29
SUB103106,2026-03,9.72,235,3,9,168.88,0,27
SUB100021,2026-07,7.93,226,0,14,180.26,0,27
SUB102604,2026-02,2.09,314,3,15,250.7,0,29
SUB100791,2026-07,2.28,160,4,12,258.72,0,30
SUB100929,2026-05,15.64,399,1,13,329.02,1,27
SUB101531,2026-05,5.87,195,1,15,314.32,0,26
SUB101117,2026-02,4.51,302,4,10,336.29,0,30
SUB102276,2026-05,6.14,311,1,15,226.27,0,27
SUB102441,2026-06,2.73,168,1,12,114.97,0,26
SUB101296,2026-04,2.04,21,3,5,203.47,1,28
SUB100352,2026-07,5.41,288,1,12,291.67,0,30
SUB102247,2026-04,5.5,104,1,9,282.12,0,30
SUB102717,2026-03,10.19,158,3,4,174.71,0,30
SUB100216,2026-04,2.14,156,1,4,208.18,0,29
SUB102380,2026-05,8.77,104,3,20,289.11,0,27
SUB102776,2026-03,6.3,73,0,13,184.18,0,27
SUB101957,2026-03,12.68,278,3,24,269.36,0,27
SUB101615,2026-03,1.52,320,2,17,241.99,0,28
SUB102055,2026-06,1.16,105,1,4,95.9,1,26
SUB102714,2026-02,1.78,251,2,12,181.73,0,30
SUB102561,2026-02,9.54,219,1,12,223.03,0,30
SUB102397,2026-06,1.27,52,2,16,87.21,0,29
SUB100189,2026-03,7.86,126,0,6,206.32,0,29
SUB102544,2026-02,7.65,555,1,9,181.49,0,29
SUB102230,2026-06,1.31,198,6,15,126.34,0,28
SUB102811,2026-03,7.26,348,2,11,205.41,0,28
SUB102408,2026-07,6.4,303,1,10,304.84,0,28
SUB100081,2026-07,13.25,45,3,18,327.14,0,26
SUB101649,2026-07,9.56,339,4,23,187.11,0,28
SUB102469,2026-04,8.93,200,2,15,330.98,0,30
SUB101771,2026-03,17.39,374,1,15,267.02,0,29
SUB102657,2026-04,8.81,199,2,9,205.35,0,27
SUB101141,2026-03,23.15,330,1,11,429.04,0,30
SUB102791,2026-04,11.1,49,2,7,267.4,0,27
SUB101304,2026-07,15.52,433,2,18,390.97,0,29
SUB100683,2026-04,5.62,383,2,7,175.02,0,27
SUB101598,2026-04,10.42,188,1,8,298.83,1,29
SUB100103,2026-06,2.84,60,2,7,172.48,0,28
SUB100240,2026-02,31.16,72,1,4,531.11,0,28
SUB102238,2026-05,14.55,406,0,18,,0,28
SUB103071,2026-05,8.76,23,3,9,235.08,0,30
SUB100576,2026-04,5.82,424,1,7,226.53,0,27
SUB103129,2026-04,5.44,131,1,7,223.21,0,30
SUB100041,2026-03,6.96,331,2,16,135.73,0,26
SUB100541,2026-03,11.21,44,2,9,257.07,0,30
SUB101020,2026-07,2.62,122,1,5,213.9,0,29
SUB102788,2026-06,41.54,101,5,9,412.88,0,30
SUB101898,2026-07,1.71,30,0,14,132.39,0,29
SUB100485,2026-02,1.06,540,2,14,108.8,0,27
SUB102942,2026-03,11.65,411,4,6,176.08,0,30
SUB103100,2026-05,23.68,184,0,12,531.01,0,29
SUB102335,2026-06,7.57,264,2,11,161.09,0,26
SUB101642,2026-04,8.76,166,2,4,180.41,0,26
SUB101243,2026-03,1.25,213,1,11,137.75,0,26
SUB101656,2026-06,6.97,85,2,10,297.86,0,29
SUB101623,2026-05,2.43,127,3,9,179.03,0,26
SUB102028,2026-05,1.78,1126,1,16,158.55,1,27
SUB101622,2026-06,4.95,199,4,11,195.2,0,28
SUB101006,2026-05,5.22,56,1,16,182.7,0,28
SUB103061,2026-06,0.98,147,1,9,134.85,0,26
SUB103110,2026-07,7.88,910,3,4,311.16,0,26
SUB101867,2026-05,4.78,248,4,7,150.5,0,30
SUB100988,2026-05,1.5,86,2,13,127.62,0,30
SUB103051,2026-02,2.04,139,1,3,158.08,0,30
SUB102091,2026-07,6.02,161,1,3,370.05,1,28
SUB101766,2026-04,1.92,361,0,8,120.87,0,29
SUB101022,2026-03,8.02,242,5,8,233.93,0,26
SUB102215,2026-04,17.76,297,1,7,316.51,0,28
SUB101847,2026-02,1.47,227,1,17,156.29,0,26
SUB102359,2026-07,6.67,202,2,4,280.37,0,28
SUB101758,2026-05,8.45,627,1,13,184.69,0,27
SUB102745,2026-06,10.72,1011,1,14,356.99,0,26
SUB101385,2026-07,5.94,75,3,0,184.95,0,30
SUB100215,2026-07,3.42,111,3,17,128.33,0,27
SUB102872,2026-05,12.3,169,0,3,216.12,0,30
SUB102921,2026-02,4.75,238,0,6,157.57,0,27
SUB102974,2026-03,16.96,197,4,14,483.17,0,29
SUB100280,2026-05,10.7,129,1,16,347.55,0,27
SUB100073,2026-06,17.37,118,2,14,389.74,2,27
SUB101548,2026-06,13.71,111,1,18,388.36,0,30
SUB102434,2026-03,3.26,352,3,16,107.02,0,29
SUB100814,2026-06,12.72,339,1,10,366.45,0,27
SUB102936,2026-02,1.48,221,1,10,202.84,0,28
SUB101709,2026-06,11.19,103,4,9,265.41,0,29
SUB101202,2026-05,6.69,20,2,9,239.49,0,26
SUB100914,2026-06,3.18,214,3,11,235.95,0,28
SUB100833,2026-03,15.74,271,3,12,316.85,0,29
SUB100823,2026-02,5.19,400,0,5,195.82,1,29
SUB101262,2026-02,10.27,243,1,9,229.79,0,28
SUB100599,2026-06,5.31,134,2,15,213.39,0,28
SUB102067,2026-02,5.74,134,1,8,317.29,0,28
SUB102400,2026-07,15.62,123,2,13,188.22,0,28
SUB101800,2026-03,19.41,272,2,18,491.58,0,28
SUB100702,2026-05,25.11,132,0,3,577.22,0,27
SUB101805,2026-05,2.02,658,5,12,246.64,0,29
SUB100768,2026-03,16.53,60,1,9,292.12,0,30
SUB100484,2026-07,3.13,608,1,16,138.13,0,26
SUB101034,2026-07,3.64,42,4,10,128.58,0,29
SUB100591,2026-02,8.2,174,1,8,285.62,0,28
SUB102407,2026-02,5.49,49,0,16,122.36,0,30
SUB102146,2026-04,17.02,130,1,7,165.78,0,28
SUB103007,2026-02,1.87,121,0,16,199.65,0,29
SUB103177,2026-07,1.9,177,2,10,210.11,0,26
SUB101897,2026-06,9.85,313,0,6,286.36,0,30
SUB101147,2026-02,15.68,86,0,6,277.61,0,30
SUB100033,2026-04,0.9,96,2,27,139.59,0,28
SUB100097,2026-05,21.37,442,2,11,554.74,0,29
SUB102326,2026-04,0.86,454,3,5,243.61,0,29
SUB101972,2026-05,12.83,88,2,7,362.75,0,26
SUB102587,2026-04,7.38,221,3,17,155.02,0,29
SUB102803,2026-02,1.23,114,1,10,260.5,0,30
SUB101727,2026-07,36.02,83,4,4,554.73,0,28
SUB102830,2026-07,2.46,144,1,15,294.04,0,28
SUB101126,2026-03,6.62,176,2,15,253.58,1,30
SUB101681,2026-07,8.85,632,0,17,285.05,1,26
SUB101037,2026-06,1.18,208,2,16,273.26,0,27
SUB100976,2026-05,10.0,143,5,21,264.6,0,26
SUB101013,2026-07,1.89,150,4,12,256.42,1,26
SUB103040,2026-06,8.5,294,2,9,339.52,0,30
SUB103086,2026-02,1.36,480,0,6,250.34,0,27
SUB101121,2026-04,14.73,244,3,11,338.26,0,28
SUB100929,2026-04,22.86,548,4,18,359.57,0,26
SUB103036,2026-02,4.13,226,3,16,123.27,0,26
SUB100756,2026-02,2.04,388,2,6,247.07,0,30
SUB100467,2026-05,5.15,271,0,13,285.55,0,27
SUB101097,2026-03,10.05,229,1,6,227.95,0,29
SUB100915,2026-07,3.31,234,6,3,142.14,0,26
SUB101777,2026-04,17.51,349,0,26,289.65,0,30
SUB101375,2026-03,7.2,562,4,18,234.87,0,28
SUB102107,2026-03,1.2,442,2,7,180.64,0,28
SUB102686,2026-07,12.3,203,2,9,260.37,0,30
SUB100241,2026-03,5.71,180,4,6,189.64,1,30
SUB102968,2026-04,2.55,72,1,12,92.56,0,28
SUB100899,2026-07,9.34,62,4,19,229.65,0,30
SUB102164,2026-07,2.46,167,2,6,73.44,0,27
SUB102715,2026-06,7.37,94,2,12,374.95,0,28
SUB102176,2026-03,9.0,288,0,7,298.12,0,26
SUB102457,2026-06,10.89,305,2,10,179.76,0,29
SUB101882,2026-03,4.6,749,1,19,202.53,0,26
SUB103193,2026-06,12.45,97,2,9,339.17,1,29
SUB100457,2026-07,16.58,511,3,12,306.56,0,29
SUB101685,2026-04,16.84,372,2,16,419.74,0,30
SUB102389,2026-04,6.83,313,4,11,317.42,0,26
SUB100024,2026-05,26.21,263,2,15,385.68,0,27
SUB102596,2026-07,0.95,76,0,10,264.65,0,29
SUB102472,2026-07,7.02,154,4,8,161.95,0,28
SUB102756,2026-02,1.31,343,2,8,155.21,0,29
SUB100492,2026-04,12.58,229,2,18,294.43,0,29
SUB101344,2026-05,17.51,433,6,10,325.2,0,29
SUB101860,2026-06,6.66,167,3,6,336.92,0,30
SUB101996,2026-05,0.8,110,1,7,100.87,0,30
SUB100053,2026-07,6.12,489,7,11,267.96,0,26
SUB101910,2026-05,37.12,356,4,13,555.58,0,29
SUB100966,2026-02,9.32,228,0,6,214.95,0,28
SUB102668,2026-05,4.21,240,5,4,270.22,0,29
SUB101389,2026-02,1.86,133,1,11,196.21,0,28
SUB100473,2026-05,7.68,123,0,12,162.2,0,29
SUB102452,2026-05,8.72,707,1,7,178.1,0,28
SUB102882,2026-02,17.98,106,1,19,280.99,0,28
SUB103136,2026-07,3.49,409,1,5,224.62,0,26
SUB101021,2026-02,0.64,258,1,14,179.36,0,26
SUB101823,2026-03,7.08,132,2,17,281.65,1,27
SUB103104,2026-06,9.72,336,0,8,330.08,0,28
SUB100733,2026-05,9.9,237,1,7,226.09,0,27
SUB102427,2026-06,11.05,351,0,2,282.45,0,26
SUB102500,2026-05,10.99,196,0,13,374.64,0,26
SUB102353,2026-02,13.79,155,1,7,343.47,1,29
SUB102346,2026-07,2.13,29,1,7,244.05,0,28
SUB101036,2026-07,8.8,490,2,16,163.7,0,27
SUB101115,2026-03,6.35,322,1,7,312.2,0,30
SUB101035,2026-05,20.19,33,0,16,388.55,0,27
SUB102013,2026-05,8.35,523,1,13,243.97,0,27
SUB102031,2026-04,7.38,124,1,13,205.62,0,26
SUB102127,2026-05,3.77,354,2,13,228.79,0,26
SUB101721,2026-02,8.48,65,2,7,217.61,0,27
SUB100325,2026-05,8.26,266,1,12,284.19,0,28
SUB101602,2026-06,3.18,344,3,10,243.84,0,26
SUB102937,2026-02,13.12,103,1,12,374.1,0,29
SUB101646,2026-05,14.69,264,1,9,379.8,0,29
SUB100649,2026-07,24.43,393,0,7,390.92,0,27
SUB102720,2026-07,1.25,210,2,7,231.64,0,28
SUB100585,2026-04,4.04,334,2,3,227.38,0,29
SUB102760,2026-05,5.54,122,2,9,203.69,2,29
SUB101278,2026-02,7.83,41,0,11,232.19,0,28
SUB102036,2026-06,19.59,105,4,14,331.0,0,28
SUB102785,2026-04,5.92,122,2,15,209.14,0,30
SUB101086,2026-07,10.16,223,1,7,326.52,0,29
SUB102027,2026-02,6.97,51,5,8,176.41,1,26
SUB100667,2026-02,4.56,123,1,10,212.46,1,26
SUB101734,2026-06,2.11,277,1,14,134.34,0,29
SUB100372,2026-07,15.99,349,2,8,381.57,0,28
SUB101516,2026-03,8.78,128,5,12,271.23,0,30
SUB100042,2026-07,26.17,100,5,6,443.29,0,30
SUB100555,2026-07,4.4,206,2,11,188.06,0,26
SUB101316,2026-02,5.06,114,0,3,164.15,0,27
SUB103142,2026-04,1.84,43,4,8,222.42,0,27
SUB101946,2026-06,9.36,72,2,8,252.14,0,27
SUB101214,2026-04,16.27,167,2,11,229.55,0,26
SUB100010,2026-04,0.96,70,2,16,256.06,0,28
SUB100749,2026-07,0.65,70,3,8,119.7,0,28
SUB101377,2026-02,1.68,44,0,11,161.55,0,27
SUB102647,2026-07,6.87,125,4,5,191.0,0,29
SUB101258,2026-04,5.42,332,0,8,237.02,0,30
SUB100775,2026-06,8.27,435,2,3,319.99,0,26
SUB102494,2026-02,1.88,240,2,4,149.97,0,29
SUB100185,2026-04,19.98,82,2,15,350.67,0,30
SUB102850,2026-06,7.91,33,0,4,331.65,0,27
SUB101782,2026-07,3.07,490,1,10,141.85,0,30
SUB101764,2026-07,2.08,90,1,4,266.65,0,26
SUB102744,2026-05,2.32,427,3,10,110.63,0,28
SUB101881,2026-02,8.94,74,0,12,115.84,0,26
SUB100995,2026-02,1.54,500,3,17,245.75,0,29
SUB101178,2026-05,13.08,530,3,4,418.36,1,29
SUB102029,2026-05,12.21,113,0,6,160.53,1,29
SUB100055,2026-07,15.97,270,1,12,360.27,0,30
SUB103058,2026-03,9.76,101,2,11,265.73,0,29
SUB101624,2026-05,23.97,90,2,11,521.92,0,30
SUB101453,2026-02,10.0,512,3,8,353.72,0,26
SUB102929,2026-03,1.81,140,1,6,73.88,0,28
SUB102382,2026-05,28.02,450,2,12,446.11,2,27
SUB100288,2026-03,1.12,82,1,8,149.56,0,26
SUB100605,2026-03,11.92,93,3,20,385.69,0,29
SUB103075,2026-04,9.32,84,1,9,214.72,0,30
SUB101104,2026-07,9.49,193,0,11,295.26,0,29
SUB100386,2026-07,3.7,264,3,12,165.77,0,28
SUB100215,2026-03,3.8,70,4,17,166.56,0,30
SUB103164,2026-07,9.3,131,1,6,216.84,0,30
SUB101853,2026-07,5.73,93,0,6,290.73,0,28
SUB100884,2026-04,5.75,360,3,9,127.14,0,27
SUB101313,2026-07,8.11,640,2,14,328.93,0,30
SUB101151,2026-03,14.3,94,2,23,309.44,0,28
SUB100772,2026-06,8.84,75,1,5,223.06,0,27
SUB100337,2026-04,0.88,393,1,12,173.41,0,30
SUB101181,2026-07,5.38,134,1,6,277.79,0,27
SUB102030,2026-06,29.47,105,4,7,503.73,0,28
SUB101692,2026-03,0.77,431,2,9,152.09,0,28
SUB101580,2026-07,1.92,619,3,11,171.54,0,28
SUB102735,2026-06,1.59,378,2,11,313.67,0,28
SUB100766,2026-04,14.28,366,1,6,450.86,0,29
SUB100071,2026-03,5.22,325,2,19,182.67,0,30
SUB102854,2026-06,1.92,707,3,12,140.53,0,27
SUB102736,2026-02,2.42,129,2,11,137.8,0,27
SUB102246,2026-06,5.12,183,3,8,297.0,0,29
SUB100853,2026-02,5.23,643,2,9,170.93,0,26
SUB102352,2026-05,5.6,516,0,17,189.38,0,26
SUB100912,2026-04,6.99,169,1,9,0.0,0,27
SUB100967,2026-04,5.35,938,3,17,284.26,0,29
SUB100211,2026-05,14.58,317,3,11,390.68,0,27
SUB100817,2026-04,12.68,160,4,7,313.11,0,28
SUB100791,2026-03,3.02,195,0,13,306.94,1,27
SUB100234,2026-02,11.67,41,0,19,194.82,0,27
SUB102646,2026-02,2.71,195,2,9,268.78,0,29
SUB100837,2026-05,1.01,82,2,2,196.68,0,27
SUB101446,2026-06,3.21,344,0,16,159.27,0,27
SUB100555,2026-02,3.53,406,2,11,133.48,0,30
SUB102228,2026-03,4.61,126,2,8,238.43,0,28
SUB101563,2026-04,1.24,375,3,7,163.79,0,28
SUB102521,2026-06,0.65,357,3,11,326.08,0,29
SUB101318,2026-03,6.35,223,1,13,418.94,0,27
SUB102019,2026-03,2.61,104,2,3,72.68,0,30
SUB102007,2026-03,4.14,327,0,6,149.09,0,26
SUB103094,2026-02,7.37,254,1,4,385.69,0,29
SUB100507,2026-02,9.47,226,1,10,488.37,0,29
SUB102805,2026-04,10.08,85,2,10,228.06,0,30
SUB100737,2026-07,0.95,208,4,6,73.82,0,29
SUB102858,2026-07,4.01,120,4,20,232.17,0,29
SUB102952,2026-05,11.78,52,2,18,441.16,0,28
SUB102062,2026-04,4.92,226,1,21,127.82,0,29
SUB100806,2026-05,4.56,130,1,9,245.69,0,28
SUB102313,2026-03,1.12,333,0,7,107.32,0,30
SUB102019,2026-02,3.93,33,2,7,93.16,0,27
SUB101557,2026-06,9.93,425,3,8,403.02,0,26
SUB101414,2026-05,9.69,71,1,18,211.87,0,29
SUB101423,2026-02,0.98,302,2,11,160.26,0,27
SUB102515,2026-03,5.41,101,1,15,305.67,0,30
SUB102008,2026-02,7.84,367,0,13,164.8,0,26
SUB102601,2026-02,19.3,367,2,6,477.44,0,30
SUB100391,2026-03,10.89,75,3,11,303.26,0,29
SUB100467,2026-06,4.38,324,0,9,258.8,0,29
SUB100223,2026-04,3.51,250,1,12,127.71,0,28
SUB101591,2026-07,0.87,252,1,5,178.82,0,27
SUB102393,2026-07,3.01,60,2,6,84.79,0,27
SUB102878,2026-04,7.99,77,3,18,325.74,0,27
SUB100493,2026-06,4.79,139,0,7,209.42,0,27
SUB100308,2026-04,4.81,156,3,9,161.56,0,30
SUB102647,2026-04,6.66,180,5,6,230.28,0,26
SUB100572,2026-06,2.29,59,0,14,195.94,0,28
SUB100436,2026-07,4.75,178,3,11,186.48,1,29
SUB100024,2026-06,29.6,179,0,12,434.48,0,27
SUB100039,2026-04,35.51,1384,2,9,405.28,0,29
SUB100214,2026-05,3.2,42,3,9,211.49,0,26
SUB102677,2026-04,10.02,63,3,15,204.96,0,30
SUB102566,2026-02,2.4,98,0,25,134.48,0,27
SUB100162,2026-04,26.9,465,3,3,805.11,0,27
SUB100932,2026-06,6.26,293,1,14,332.22,0,27
SUB100426,2026-05,2.62,83,4,12,126.46,0,29
SUB102148,2026-04,3.71,62,2,9,222.69,0,26
SUB100060,2026-04,4.6,192,2,10,144.02,0,26
SUB102742,2026-05,9.82,438,0,9,315.02,0,30
SUB101563,2026-06,1.81,615,2,5,160.22,0,29
SUB100662,2026-06,5.76,562,1,16,252.43,0,28
SUB102145,2026-07,1.92,324,4,12,174.75,0,28
SUB101968,2026-03,8.22,174,1,11,181.37,0,29
SUB101817,2026-02,5.05,217,2,5,169.8,0,28
SUB102388,2026-03,0.89,206,5,10,201.46,0,27
SUB100107,2026-05,5.36,194,8,22,231.29,0,26
SUB102945,2026-02,4.44,230,3,14,154.58,0,27
SUB102090,2026-04,7.97,293,2,8,157.21,0,28
SUB100361,2026-02,11.91,309,2,11,358.86,0,27
SUB100922,2026-07,8.67,147,2,6,165.51,0,28
SUB100609,2026-06,11.45,115,5,10,216.83,0,28
SUB100932,2026-03,6.87,411,2,14,294.16,0,28
SUB100484,2026-06,5.0,676,3,25,144.96,0,26
SUB100793,2026-02,13.79,305,2,8,392.68,0,28
SUB103126,2026-05,12.54,541,1,15,316.45,0,28
SUB102998,2026-04,2.36,688,0,7,110.76,0,27
SUB102100,2026-04,1.9,443,2,16,194.01,0,26
SUB100713,2026-02,4.63,81,5,6,164.99,0,27
SUB101427,2026-06,3.24,338,2,12,130.03,0,28
SUB102992,2026-05,7.12,182,5,8,239.88,0,28
SUB101359,2026-06,12.25,296,3,7,475.64,0,30
SUB101784,2026-04,4.75,109,1,5,75.61,0,30
SUB102416,2026-05,7.21,184,2,9,143.48,0,28
SUB102619,2026-05,36.9,278,0,6,0.0,2,28
SUB100201,2026-02,45.02,286,6,12,678.13,0,30
SUB101861,2026-07,29.0,109,0,6,362.06,0,29
SUB100407,2026-04,8.3,120,5,15,147.1,0,28
SUB101655,2026-04,21.34,595,2,18,340.98,0,26
SUB100419,2026-05,8.76,240,1,11,276.28,0,28
SUB101226,2026-02,31.91,106,3,7,451.43,0,28
SUB102687,2026-07,18.89,136,2,7,434.57,0,28
SUB101076,2026-05,24.99,100,2,8,325.03,1,26
SUB102227,2026-07,1.29,146,3,7,100.04,0,30
SUB101045,2026-07,2.28,78,5,12,91.9,1,30
SUB101498,2026-05,2.86,402,3,10,103.13,0,27
SUB102107,2026-06,1.37,497,3,12,173.07,0,30
SUB100485,2026-06,0.61,314,0,9,91.39,0,28
SUB101188,2026-05,6.87,141,3,7,99.75,0,28
SUB101319,2026-04,11.83,638,4,9,428.11,1,27
SUB100272,2026-02,6.97,207,3,8,296.19,0,28
SUB100011,2026-03,5.65,229,3,15,432.51,0,27
SUB101976,2026-07,17.1,77,0,9,371.87,0,26
SUB101427,2026-05,4.08,406,3,11,108.32,0,29
SUB100884,2026-03,7.07,366,0,8,114.37,0,28
SUB102617,2026-07,1.8,164,2,3,150.85,1,26
SUB102560,2026-06,1.55,269,3,17,221.4,0,29
SUB101982,2026-02,4.74,170,3,16,252.7,0,29
SUB100731,2026-05,17.33,41,3,6,484.21,0,28
SUB101398,2026-02,5.08,27,1,13,288.6,0,28
SUB100838,2026-07,5.91,201,2,25,127.89,1,27
SUB100125,2026-05,7.1,264,5,10,217.44,0,30
SUB100315,2026-06,15.71,205,0,7,415.79,0,28
SUB102249,2026-05,1.48,150,3,7,244.15,0,27
SUB100872,2026-07,12.4,220,1,13,353.23,0,28
SUB101927,2026-04,20.23,113,7,14,324.45,0,26
SUB103145,2026-06,8.24,89,2,11,284.69,0,28
SUB100136,2026-03,2.52,375,2,17,376.14,0,26
SUB101710,2026-03,1.74,250,3,3,318.82,0,30
SUB100819,2026-05,6.06,99,2,17,289.78,0,26
SUB101783,2026-03,9.77,604,4,9,260.94,1,28
SUB101358,2026-05,5.35,44,1,11,174.27,0,27
SUB102226,2026-07,1.2,34,2,14,103.45,0,28
SUB102451,2026-03,4.79,179,2,9,195.88,0,26
SUB101954,2026-04,9.58,200,1,17,196.98,0,29
SUB102942,2026-05,11.51,418,3,11,144.02,0,30
SUB101932,2026-03,12.99,77,3,8,182.72,0,29
SUB101801,2026-02,7.11,105,1,9,311.6,0,26
SUB100793,2026-03,11.05,280,0,13,321.08,0,26
SUB102468,2026-03,13.95,145,2,9,329.44,0,28
SUB100427,2026-05,12.09,338,3,12,285.79,0,26
SUB100792,2026-02,27.09,222,3,6,292.83,0,26
SUB100533,2026-05,5.46,137,0,5,248.22,0,26
SUB100308,2026-03,4.83,176,0,6,226.55,0,27
SUB101207,2026-03,4.63,62,1,7,204.77,1,29
SUB102193,2026-07,1.63,184,3,12,133.81,0,29
SUB102857,2026-05,5.78,248,2,14,211.81,0,29
SUB101061,2026-02,21.9,131,1,9,496.66,0,28
SUB103070,2026-03,3.82,105,2,21,210.24,0,28
SUB102760,2026-07,8.5,112,1,10,218.22,0,26
SUB101369,2026-02,1.35,266,1,20,230.12,0,28
SUB101215,2026-06,7.88,166,2,24,136.35,0,26
SUB101380,2026-03,1.17,234,2,8,170.26,0,29
SUB102732,2026-05,3.13,502,5,14,146.97,1,28
SUB100015,2026-06,14.74,167,0,8,547.77,0,29
SUB100404,2026-06,6.54,101,1,3,315.28,0,29
SUB102265,2026-07,21.11,99,0,15,552.99,0,30
SUB101959,2026-04,1.15,204,1,12,149.95,0,26
SUB100359,2026-06,1.63,185,1,13,85.22,0,30
SUB103145,2026-05,5.79,214,5,15,292.2,0,28
SUB100897,2026-04,5.05,238,1,17,201.87,0,30
SUB101320,2026-04,9.76,58,5,16,281.95,0,30
SUB102092,2026-06,10.79,102,2,7,160.41,0,26
SUB100855,2026-02,1.99,155,3,5,139.71,0,30
SUB101893,2026-07,5.92,312,1,19,197.76,1,29
SUB100577,2026-03,1.45,34,1,13,149.13,0,29
SUB102438,2026-07,5.2,403,7,10,192.21,1,26
SUB100106,2026-06,5.24,65,5,5,118.26,0,29
SUB101998,2026-05,9.52,296,3,6,349.92,0,29
SUB100158,2026-06,9.34,83,2,12,228.08,0,26
SUB103157,2026-04,6.35,153,3,13,204.79,0,26
SUB100616,2026-04,4.48,67,1,27,117.48,0,29
SUB100161,2026-06,6.04,275,1,12,211.64,0,27
SUB102062,2026-05,1.96,309,3,23,131.57,0,27
SUB101817,2026-05,8.82,207,3,8,234.36,1,29
SUB101570,2026-03,18.56,163,0,8,539.16,0,29
SUB102282,2026-03,17.47,509,3,17,235.9,0,29
SUB101917,2026-03,43.07,218,0,10,600.94,0,27
SUB100063,2026-03,13.61,408,3,8,307.59,0,27
SUB101305,2026-02,7.88,87,1,15,317.3,0,30
SUB101430,2026-05,11.23,187,2,14,269.78,0,27
SUB100218,2026-04,1.71,241,2,11,218.07,0,29
SUB103013,2026-03,12.82,176,4,15,240.67,0,27
SUB102109,2026-03,5.29,317,5,12,122.33,0,29
SUB102428,2026-04,2.67,197,0,15,314.56,0,30
SUB101350,2026-05,1.25,141,0,16,156.89,0,29
SUB101954,2026-02,12.87,106,1,11,197.71,0,27
SUB102859,2026-04,8.22,53,2,9,100.22,0,29
SUB102597,2026-05,6.74,458,3,21,181.33,0,27
SUB102107,2026-04,1.7,338,4,10,170.09,0,29
SUB102998,2026-05,3.13,422,2,10,113.9,0,27
SUB100524,2026-03,3.77,75,3,11,262.72,0,27
SUB101719,2026-04,13.69,214,3,12,354.46,0,27
SUB103195,2026-06,1.82,421,2,11,139.18,0,26
SUB102010,2026-04,4.68,48,5,4,176.42,0,29
SUB102128,2026-04,6.83,251,1,13,306.06,0,30
SUB101569,2026-04,12.07,112,0,8,242.37,0,26
SUB102246,2026-05,4.83,218,1,4,287.9,0,28
SUB102813,2026-07,4.68,122,1,11,222.81,1,27
SUB102961,2026-07,0.96,176,2,8,178.9,0,29
SUB101183,2026-06,7.48,165,0,15,412.19,0,26
SUB100730,2026-04,4.5,416,4,19,187.71,0,29
SUB102591,2026-07,14.36,92,2,7,648.58,0,29
SUB102693,2026-02,8.2,118,1,6,274.05,0,27
SUB100411,2026-07,6.44,315,2,13,218.34,0,26
SUB101816,2026-02,1.57,448,2,7,134.84,0,28
SUB100571,2026-07,19.08,117,3,10,135.97,0,26
SUB101382,2026-06,1.49,284,1,5,218.31,0,28
SUB102708,2026-03,0.64,320,2,8,114.4,1,26
SUB101138,2026-07,3.49,212,1,11,121.72,0,30
SUB102465,2026-04,2.56,275,2,13,189.32,0,26
SUB100983,2026-07,5.41,173,1,4,228.43,0,26
SUB100171,2026-05,2.28,78,1,21,125.31,0,27
SUB100463,2026-06,24.94,512,2,15,418.92,0,27
SUB101121,2026-05,18.11,139,1,5,403.33,0,28
SUB101931,2026-04,9.31,747,1,3,308.71,0,30
SUB101901,2026-06,3.51,112,2,9,155.14,0,28
SUB101903,2026-05,3.96,392,2,8,374.68,0,30
SUB102318,2026-02,10.15,393,1,7,363.4,0,26
SUB100684,2026-03,7.63,213,3,18,278.44,0,28
SUB102038,2026-07,15.35,377,0,16,327.72,0,27
SUB100836,2026-04,14.51,212,2,5,356.34,0,29
SUB100249,2026-05,14.28,140,1,16,420.81,0,29
SUB101639,2026-07,21.15,251,3,16,482.42,0,26
SUB100549,2026-03,17.34,110,4,7,285.39,0,26
SUB100686,2026-06,8.23,280,1,11,375.99,0,27
SUB101883,2026-03,9.67,107,3,13,253.92,0,29
SUB102403,2026-07,5.3,154,1,9,249.1,0,30
SUB100497,2026-07,6.04,44,3,9,129.07,0,27
SUB100486,2026-04,14.76,194,2,6,428.79,0,26
SUB102391,2026-07,0.69,43,4,6,127.55,0,29
SUB101631,2026-06,9.33,162,1,9,203.4,0,30
SUB100917,2026-03,2.8,127,2,7,161.0,0,28
SUB100595,2026-04,4.9,251,2,17,222.95,0,30
SUB101126,2026-05,10.36,115,1,12,201.97,1,29
SUB101374,2026-03,8.25,236,3,5,286.78,0,28
SUB100126,2026-04,14.61,39,4,24,241.4,0,30
SUB101958,2026-04,10.03,394,1,10,299.28,0,30
SUB102379,2026-03,6.61,287,2,13,368.54,0,28
SUB103070,2026-02,2.71,130,8,16,187.49,0,27
SUB101470,2026-03,17.23,22,4,7,233.74,0,26
SUB102239,2026-02,8.81,133,0,9,303.82,0,29
SUB100505,2026-06,6.73,57,1,3,225.03,0,26
SUB102816,2026-03,9.12,50,2,3,365.5,0,27
SUB103100,2026-06,17.16,204,2,12,581.52,0,30
SUB100515,2026-05,3.36,51,2,23,299.56,1,26
SUB101167,2026-07,6.55,277,2,11,166.01,0,30
SUB101986,2026-05,2.06,281,2,15,105.47,0,30
SUB100418,2026-05,6.37,187,0,14,301.86,0,26
SUB101805,2026-06,2.07,608,3,12,182.48,0,30
SUB100271,2026-03,5.51,154,1,6,346.5,0,30
SUB102596,2026-02,1.37,178,3,9,235.1,0,26
SUB100079,2026-05,10.8,255,1,10,369.4,0,29
SUB103047,2026-06,8.55,357,2,12,383.95,0,28
SUB102491,2026-04,12.5,34,0,12,352.5,0,26
SUB103037,2026-04,7.86,70,1,8,226.82,0,30
SUB100775,2026-02,10.8,376,2,12,345.25,0,29
SUB102961,2026-05,2.38,196,3,7,147.38,0,28
SUB100563,2026-05,10.64,180,0,11,248.11,0,29
SUB100149,2026-07,6.39,94,3,2,252.52,0,26
SUB101128,2026-04,16.31,158,0,12,289.14,0,26
SUB101459,2026-05,0.9,78,1,13,183.45,0,29
SUB101204,2026-04,10.2,260,1,10,199.84,0,29
SUB100967,2026-03,6.24,529,2,15,295.31,0,30
SUB101491,2026-06,7.17,146,3,15,301.89,0,29
SUB101252,2026-04,5.53,180,1,10,237.34,0,29
SUB100676,2026-05,0.32,49,6301,8,265.32,0,27
SUB101730,2026-04,4.04,622,3,2,204.51,1,27
SUB100466,2026-04,12.17,158,2,9,296.16,0,30
SUB102041,2026-03,9.62,62,4,10,118.65,0,28
SUB103112,2026-02,4.25,262,4,4,266.42,0,29
SUB102275,2026-07,7.44,24,2,10,174.26,0,30
SUB101787,2026-05,2.51,62,1,7,186.79,0,29
SUB101938,2026-02,9.05,305,0,16,251.08,0,27
SUB103044,2026-06,9.95,80,1,8,192.66,0,26
SUB100642,2026-06,22.1,250,1,12,543.3,0,28
SUB100258,2026-04,17.65,552,4,12,406.25,0,26
SUB100173,2026-02,4.48,406,1,6,115.01,0,29
SUB101729,2026-05,7.03,437,4,14,209.42,0,28
SUB103080,2026-05,9.34,457,0,19,399.59,0,28
SUB101803,2026-05,11.36,75,3,12,185.81,1,29
SUB100292,2026-03,13.78,35,4,8,265.28,0,28
SUB102274,2026-07,1.51,308,2,16,216.88,0,27
SUB102551,2026-03,17.28,338,2,14,310.91,0,27
SUB100615,2026-07,10.33,298,1,17,292.39,0,28
SUB103009,2026-06,1.49,206,2,13,211.44,0,29
SUB100244,2026-03,0.69,104,2,4,119.56,0,30
SUB102912,2026-02,5.59,82,1,11,121.86,0,30
SUB101787,2026-06,2.26,76,2,7,151.25,2,29
SUB100691,2026-04,1.64,113,0,2,111.84,0,27
SUB102728,2026-06,3.19,89,1,11,81.0,0,28
SUB100314,2026-05,8.76,111,0,14,279.13,0,26
SUB101605,2026-07,9.66,76,0,12,243.15,0,30
SUB100813,2026-02,4.47,58,3,20,147.27,0,26
SUB100037,2026-06,8.79,151,1,10,316.51,0,26
SUB101542,2026-06,1.01,387,2,14,146.97,0,30
SUB100832,2026-05,10.32,207,5,6,252.98,1,28
SUB100446,2026-04,6.81,197,3,10,313.39,0,30
SUB101585,2026-03,0.75,172,1,8,155.98,0,27
SUB102126,2026-05,4.42,77,3,14,206.75,0,27
SUB100629,2026-04,18.4,214,2,5,219.2,0,29
SUB101104,2026-06,19.52,299,4,3,340.69,0,26
SUB100229,2026-02,4.11,69,1,15,209.17,0,28
SUB100276,2026-07,1.75,99,2,8,126.27,0,30
SUB102064,2026-06,6.75,269,2,11,322.59,0,29
SUB101794,2026-06,8.61,117,2,14,234.11,0,30
SUB100402,2026-02,3.43,467,3,12,284.31,0,28
SUB100677,2026-04,0.62,583,2,13,162.48,0,26
SUB102936,2026-05,1.45,332,1,11,176.55,0,28
SUB101081,2026-06,2.88,294,5,10,192.42,0,29
SUB101506,2026-03,6.84,57,2,15,241.2,0,28
SUB103056,2026-02,1.06,94,0,3,321.4,0,27
SUB102118,2026-06,3.35,209,3,7,154.17,0,27
SUB100694,2026-06,21.92,175,2,9,346.29,0,30
SUB101635,2026-04,17.87,183,3,11,512.87,0,26
SUB101290,2026-04,1.02,143,1,10,147.72,0,28
SUB100968,2026-04,6.51,450,4,6,259.11,0,28
SUB102295,2026-03,7.1,128,3,10,252.53,0,29
SUB100329,2026-05,3.49,129,5,6,134.5,0,27
SUB103145,2026-07,12.56,201,1,23,228.87,0,27
SUB102356,2026-06,9.68,232,1,6,210.93,0,29
SUB100905,2026-05,6.65,425,1,14,204.63,0,29
SUB102021,2026-04,1.25,385,1,19,187.54,0,28
SUB100637,2026-07,2.27,365,3,6,80.08,0,28
SUB101083,2026-04,65.87,250,1,14,706.56,0,26
SUB102564,2026-06,14.94,165,2,7,344.43,0,29
SUB100700,2026-04,17.23,58,2,27,312.7,0,26
SUB101155,2026-03,1.06,215,2,11,102.36,0,30
SUB101177,2026-06,1.97,883,1,15,342.84,0,27
SUB101329,2026-04,8.22,507,1,9,158.84,0,30
SUB101663,2026-04,4.22,124,2,7,176.09,0,28
SUB102365,2026-03,27.93,206,2,13,450.37,0,30
SUB101693,2026-05,4.73,133,3,13,285.84,0,29
SUB103051,2026-03,2.11,105,4,4,180.37,0,27
SUB102642,2026-07,1.43,500,6,10,334.76,0,30
SUB100461,2026-03,2.26,359,4,11,243.88,0,28
SUB100063,2026-06,11.48,466,1,9,315.03,0,30
SUB101881,2026-07,6.18,179,2,10,119.16,0,29
SUB100292,2026-07,9.61,32,2,11,347.78,0,28
SUB100980,2026-05,12.54,94,0,15,326.93,0,27
SUB100037,2026-07,9.43,117,2,15,305.08,0,27
SUB102274,2026-03,1.94,217,3,13,215.58,0,27
SUB102042,2026-05,26.13,191,1,15,381.53,0,29
SUB102069,2026-04,9.52,126,1,14,262.57,0,30
SUB102862,2026-02,11.94,189,1,13,489.59,0,29
SUB102710,2026-03,4.92,224,3,3,195.1,0,26
SUB103012,2026-06,6.95,162,2,12,148.65,1,28
SUB100931,2026-07,8.04,23,3,8,190.66,0,27
SUB102710,2026-05,4.17,220,2,8,176.02,0,28
SUB101226,2026-04,26.15,196,1,12,459.93,0,27
SUB100360,2026-02,11.49,119,1,6,373.51,0,30
SUB101976,2026-04,12.43,45,1,13,330.88,0,27
SUB103006,2026-04,2.64,41,2,4,87.85,0,29
SUB101313,2026-05,5.24,544,2,13,364.46,1,28
SUB100018,2026-06,4.19,402,4,8,271.73,0,27
SUB103099,2026-03,2.01,208,2,19,201.45,0,27
SUB102838,2026-03,0.49,182,2,11,94.45,0,29
SUB101194,2026-06,28.52,138,2,10,406.42,0,27
SUB100025,2026-02,1.05,394,1,9,225.54,1,27
SUB100185,2026-07,16.47,58,5,16,351.66,0,26
SUB102160,2026-05,1.8,385,5,14,79.7,0,30
SUB100934,2026-03,7.38,50,5,14,125.87,0,29
SUB100422,2026-02,3.82,232,0,6,171.26,0,29
SUB101154,2026-05,7.63,597,4,12,185.88,1,29
SUB100859,2026-04,3.59,356,1,13,238.16,1,26
SUB101527,2026-05,6.46,160,1,9,188.74,0,27
SUB101829,2026-06,12.15,229,1,5,175.06,0,27
SUB101735,2026-06,3.66,481,1,3,197.67,0,30
SUB102105,2026-03,1.0,245,0,10,288.03,0,28
SUB101858,2026-05,1.72,7,1,5,149.86,0,30
SUB101911,2026-04,49.24,248,3,9,441.99,0,26
SUB102575,2026-07,6.91,314,2,10,171.64,0,27
SUB102613,2026-03,4.23,344,3,20,207.32,1,30
SUB100268,2026-07,14.79,527,3,11,345.87,0,28
SUB102512,2026-07,6.61,330,1,11,337.24,0,26
SUB100252,2026-07,1.46,88,4,17,170.39,1,28
SUB102741,2026-02,34.14,162,2,6,338.45,0,28
SUB102117,2026-06,4.0,255,1,9,189.71,0,27
SUB102775,2026-06,13.54,273,2,9,259.17,1,28
SUB102080,2026-03,12.68,261,0,19,97.22,0,28
SUB100894,2026-02,21.98,231,2,16,486.84,0,29
SUB102856,2026-04,8.21,335,5,15,178.16,0,30
SUB103157,2026-02,4.75,223,3,8,181.3,1,26
SUB100212,2026-06,7.23,327,2,7,270.48,0,27
SUB100763,2026-03,14.22,247,2,17,260.38,1,29
SUB102374,2026-06,9.14,262,0,5,302.93,0,30
SUB103031,2026-06,3.5,70,5,8,165.51,0,30
SUB100714,2026-06,8.64,201,1,12,166.01,0,27
SUB103108,2026-06,4.55,63,3,7,217.93,0,26
SUB102309,2026-07,3.8,151,1,12,159.58,0,29
SUB101633,2026-03,7.34,218,1,17,258.41,0,27
SUB102175,2026-02,2.38,459,2,14,147.07,0,27
SUB103085,2026-06,7.38,513,4,6,176.45,0,26
SUB103193,2026-05,11.91,64,1,9,342.22,0,29
SUB102706,2026-07,17.19,368,1,11,339.03,0,28
SUB100451,2026-07,4.64,159,5,9,173.91,0,27
SUB102180,2026-04,6.98,609,3,17,197.56,0,30
SUB102887,2026-05,7.54,63,3,7,166.75,0,29
SUB100710,2026-02,26.97,71,1,15,468.71,0,27
SUB101246,2026-05,39.08,58,3,12,0.0,2,30
SUB101629,2026-02,11.03,147,1,3,219.73,0,30
SUB101779,2026-06,8.09,122,0,24,125.72,0,30
SUB102720,2026-05,1.07,398,2,10,220.62,0,30
SUB101349,2026-04,3.36,381,3,13,370.62,0,29
SUB100381,2026-07,20.83,138,3,7,486.76,0,26
SUB101685,2026-07,12.55,416,1,19,451.81,0,30
SUB101331,2026-05,0.61,252,0,7,259.36,0,27
SUB100017,2026-03,5.6,63,3,11,107.43,0,30
SUB101975,2026-06,11.56,394,2,8,289.02,0,29
SUB102170,2026-03,3.43,68,0,12,128.34,0,29
SUB102243,2026-05,1.88,206,2,12,255.87,0,26
SUB102675,2026-02,5.66,433,2,7,107.12,0,30
SUB103128,2026-04,4.84,110,1,9,153.74,0,28
SUB101462,2026-05,1.34,77,1,7,177.46,1,26
SUB100801,2026-07,0.94,58,1,10,141.88,0,29
SUB100014,2026-07,0.93,429,2,20,195.5,0,29
SUB102508,2026-05,25.23,174,1,12,315.78,0,29
SUB100362,2026-07,0.73,207,2,2,233.01,0,27
SUB100168,2026-02,7.59,213,2,17,179.55,0,30
SUB100614,2026-02,5.46,201,2,16,183.71,0,29
SUB102445,2026-06,14.59,668,5,14,342.12,0,27
SUB101773,2026-05,1.79,196,3,21,138.29,0,27
SUB102505,2026-03,3.97,422,3,16,297.16,0,27
SUB100559,2026-05,7.69,242,3,6,238.72,0,29
SUB100836,2026-02,15.04,228,0,8,325.88,0,26
SUB101521,2026-07,2.19,232,2,6,174.97,0,26
SUB100539,2026-03,8.28,136,1,12,154.31,1,30
SUB100918,2026-07,22.97,19,2,11,504.28,0,27
SUB101939,2026-07,12.57,231,4,13,282.41,0,30
SUB100190,2026-02,2.81,199,0,9,122.9,0,28
SUB100108,2026-02,6.24,669,1,7,226.07,0,29
SUB101237,2026-06,8.2,197,3,4,447.34,0,28
SUB101920,2026-06,5.56,235,3,5,226.81,0,28
SUB102973,2026-05,10.21,138,0,10,312.38,0,27
SUB101013,2026-04,1.43,147,4,6,323.51,0,29
SUB102415,2026-02,1.32,364,1,3,101.25,0,30
SUB102875,2026-02,3.68,113,3,12,228.75,0,28
SUB102342,2026-05,6.28,412,0,17,219.5,0,27
SUB102804,2026-07,2.4,212,5,16,158.49,0,30
SUB102434,2026-04,3.43,242,0,15,129.28,0,30
SUB100488,2026-03,8.36,425,1,8,353.82,0,28
SUB102760,2026-02,5.48,75,2,6,159.45,0,30
SUB100042,2026-04,14.53,63,1,4,397.92,0,29
SUB100434,2026-07,1.58,63,1,17,244.61,0,27
SUB100821,2026-07,3.21,152,1,17,206.66,0,29
SUB101490,2026-04,1.06,142,1,10,141.95,0,30
SUB102207,2026-05,7.48,83,4,8,286.07,0,29
SUB102238,2026-05,14.55,406,0,18,,0,28
SUB102425,2026-07,26.54,112,2,17,473.5,0,29
SUB100636,2026-07,7.3,202,4,9,214.37,0,27
SUB102883,2026-03,6.52,199,2,12,194.91,1,29
SUB100789,2026-03,4.76,121,2,15,180.83,0,26
SUB102628,2026-05,1.9,77,1,16,140.44,0,28
SUB103028,2026-05,4.08,421,1,8,202.68,0,29
SUB100127,2026-05,21.57,429,1,6,375.56,0,27
SUB102783,2026-05,3.54,101,2,16,99.57,0,27
SUB100514,2026-03,4.88,48,2,6,66.12,0,26
SUB102356,2026-07,11.55,145,2,13,197.3,0,26
SUB102107,2026-07,1.51,263,2,5,159.83,0,26
SUB100348,2026-02,3.8,97,1,5,161.42,0,30
SUB102977,2026-06,1.6,55,3,9,109.8,0,30
SUB100397,2026-07,8.81,172,1,6,244.39,0,30
SUB102391,2026-05,0.95,36,3,6,90.29,0,30
SUB100799,2026-05,7.83,197,1,13,383.11,0,29
SUB103127,2026-05,11.99,122,0,9,337.24,1,26
SUB102355,2026-07,0.78,71,1,17,268.21,0,30
SUB100873,2026-07,20.72,98,1,15,327.22,0,29
SUB101443,2026-02,6.66,152,2,23,333.16,0,27
SUB100313,2026-03,0.81,123,2,9,174.9,0,28
SUB100506,2026-03,13.2,72,0,14,232.13,0,27
SUB102108,2026-07,9.35,156,0,23,307.23,0,30
SUB100106,2026-07,6.3,95,3,6,153.33,0,28
SUB102214,2026-06,4.4,301,2,18,262.53,0,28
SUB100406,2026-05,5.24,202,3,10,199.41,0,30
SUB101580,2026-04,2.34,681,4,9,208.8,0,28
SUB102363,2026-06,1.75,211,2,6,181.06,0,30
SUB103158,2026-05,5.15,523,1,14,150.21,0,27
SUB101194,2026-04,22.52,152,0,8,493.71,0,28
SUB100117,2026-07,1.1,220,1,10,197.07,0,28
SUB100655,2026-04,9.69,529,2,9,268.42,0,29
SUB100874,2026-06,4.53,266,1,15,230.97,0,26
SUB103034,2026-02,6.75,252,3,16,195.02,0,30
SUB100053,2026-04,6.57,311,4,9,299.2,0,29
SUB101504,2026-05,3.18,252,1,12,130.85,0,27
SUB102886,2026-02,13.57,127,2,4,347.53,0,26
SUB102004,2026-03,24.42,217,3,6,362.07,0,30
SUB102593,2026-02,7.32,190,3,12,375.33,0,30
SUB102798,2026-02,2.2,24,4,5,71.81,0,29
SUB100920,2026-04,7.49,274,1,8,335.79,0,28
SUB100035,2026-02,8.42,69,1,16,156.95,0,27
SUB101440,2026-07,35.67,371,2,5,564.05,0,27
SUB102115,2026-07,0.68,104,0,13,126.36,0,30
SUB102045,2026-05,10.56,54,2,8,376.62,0,30
SUB101467,2026-06,6.13,72,1,12,186.18,0,27
SUB102648,2026-07,3.4,228,3,12,159.69,0,27
SUB101277,2026-02,5.12,232,3,12,193.53,0,27
SUB101952,2026-05,14.04,527,5,7,431.67,0,26
SUB102608,2026-04,8.73,411,2,15,195.0,0,30
SUB100902,2026-04,3.14,31,2,9,164.34,0,26
SUB101914,2026-05,10.86,256,1,13,207.9,0,30
SUB103157,2026-03,5.33,227,1,10,193.61,0,28
SUB102058,2026-04,13.26,42,3,5,277.87,0,29
SUB102116,2026-02,3.36,112,1,13,149.65,0,27
SUB102636,2026-05,11.85,61,1,8,267.1,0,26
SUB100011,2026-06,7.08,227,1,16,449.6,0,27
SUB100574,2026-02,5.98,122,3,10,434.58,0,30
SUB101478,2026-07,6.75,256,1,10,174.32,1,28
SUB100887,2026-06,4.41,235,0,8,213.34,0,28
SUB103019,2026-04,5.37,157,3,7,203.74,0,27
SUB103007,2026-07,1.64,241,2,18,210.58,0,27
SUB101622,2026-07,5.03,178,2,9,209.46,0,26
SUB102055,2026-03,1.36,265,0,9,88.99,0,27
SUB101519,2026-05,5.33,136,4,7,362.08,0,28
SUB102231,2026-07,11.63,407,1,9,259.48,0,28
SUB102178,2026-03,5.48,150,4,7,133.64,0,27
SUB101690,2026-04,13.49,153,1,2,331.23,0,26
SUB102903,2026-07,22.88,73,1,14,456.91,0,29
SUB100344,2026-07,6.39,241,3,14,248.22,0,27
SUB101043,2026-03,4.01,627,2,5,279.64,1,29
SUB100193,2026-07,4.41,185,3,4,142.78,0,26
SUB102287,2026-02,1.83,98,1,17,,0,29
SUB100605,2026-07,12.31,73,1,16,360.0,2,30
SUB102738,2026-03,1.41,324,1,9,124.26,0,29
SUB102935,2026-04,5.53,133,3,10,139.17,0,30
SUB101963,2026-02,4.12,325,4,10,232.77,0,27
SUB102455,2026-02,7.09,54,1,12,292.29,0,29
SUB100789,2026-02,6.47,186,3,10,177.75,0,29
SUB102768,2026-02,7.41,151,1,11,210.76,0,26
SUB101690,2026-02,15.49,258,2,5,336.51,0,28
SUB102308,2026-06,4.15,198,1,13,252.02,0,27
SUB100082,2026-04,10.09,545,0,26,200.75,0,28
SUB100410,2026-07,49.01,384,3,15,631.48,0,30
SUB100084,2026-04,0.99,64,2,17,130.98,0,26
SUB101251,2026-05,12.74,311,2,8,205.2,1,29
SUB101942,2026-04,3.54,226,1,1,329.1,0,28
SUB100400,2026-02,23.1,134,1,7,411.54,0,26
SUB100784,2026-04,38.9,108,3,5,475.14,0,28
SUB103142,2026-03,2.08,46,0,6,218.33,0,30
SUB100978,2026-04,16.65,280,7,21,484.2,0,30
SUB102689,2026-05,15.79,54,2,9,301.05,0,27
SUB100358,2026-07,6.66,268,2,14,358.36,0,26
SUB100091,2026-04,13.22,11,0,13,218.76,1,28
SUB101696,2026-04,13.68,263,0,7,332.88,0,26
SUB103046,2026-02,7.72,449,1,7,321.99,0,28
SUB102725,2026-02,6.59,32,3,14,293.52,0,28
SUB101982,2026-04,4.38,144,3,25,217.89,0,28
SUB101788,2026-06,1.75,125,2,10,176.14,0,27
SUB100141,2026-04,5.94,115,2,10,284.62,0,26
SUB101492,2026-07,0.69,89,1,6,179.38,0,26
SUB102581,2026-03,1.79,129,4,3,135.62,0,26
SUB102449,2026-06,4.38,299,0,5,169.29,0,27
SUB102266,2026-07,3.02,324,4,6,126.77,0,27
SUB102558,2026-02,2.05,158,3,9,249.76,0,29
SUB102547,2026-06,6.42,125,3,7,109.65,0,29
SUB103135,2026-07,1.52,88,1,14,119.48,1,28
SUB103125,2026-07,11.18,718,2,10,169.98,0,26
SUB100336,2026-05,5.25,156,1,14,255.31,0,26
SUB102446,2026-03,13.91,169,3,9,352.88,0,28
SUB100654,2026-04,15.28,145,0,9,238.12,0,27
SUB101283,2026-04,26.95,348,0,13,109.18,0,29
SUB100511,2026-02,3.61,196,1,4,272.05,0,29
SUB102268,2026-06,6.09,214,2,9,242.15,0,26
SUB102513,2026-06,7.61,278,2,5,214.53,0,27
SUB100173,2026-06,4.85,369,3,7,143.1,0,28
SUB102412,2026-04,12.09,86,4,12,240.32,0,26
SUB101974,2026-02,2.36,265,1,10,223.48,0,30
SUB100201,2026-04,43.5,293,2,8,450.25,0,30
SUB102380,2026-03,9.02,154,4,23,292.86,0,28
SUB102684,2026-02,11.86,286,0,24,380.87,0,27
SUB103023,2026-02,7.31,76,3,4,338.01,0,26
SUB101182,2026-07,1.01,430,2,9,212.17,0,30
SUB100711,2026-02,7.74,234,3,7,256.39,0,30
SUB101525,2026-04,9.0,573,1,8,296.12,0,28
SUB101982,2026-06,4.34,133,1,26,236.86,0,27
SUB100733,2026-03,6.58,262,2,12,254.1,1,27
SUB100624,2026-03,8.84,139,6,7,234.48,0,27
SUB101269,2026-05,25.09,166,0,17,516.14,0,30
SUB100726,2026-04,4.87,95,1,13,144.32,1,26
SUB101754,2026-04,1.2,73,0,4,249.38,0,26
SUB100248,2026-06,4.66,361,2,15,206.53,0,30
SUB101969,2026-03,10.34,352,0,8,269.62,0,30
SUB102980,2026-04,11.49,152,2,8,258.9,0,27
SUB101451,2026-05,4.87,346,2,15,138.47,0,28
SUB102578,2026-04,1.39,498,3,5,219.49,0,26
SUB101489,2026-02,5.77,225,2,15,126.78,0,27
SUB101893,2026-06,5.09,241,2,21,239.25,0,30
SUB102833,2026-06,13.0,373,5,5,419.34,0,26
SUB101438,2026-03,1.79,494,1,9,229.59,0,27
SUB102683,2026-06,2.44,398,1,10,241.29,0,26
SUB101517,2026-06,5.43,83,2,15,186.34,0,28
SUB101476,2026-04,5.47,387,0,12,257.65,0,28
SUB100437,2026-03,11.0,501,2,2,259.9,1,28
SUB100147,2026-07,5.69,141,4,16,210.12,0,28
SUB101621,2026-02,1.77,89,1,8,224.88,0,26
SUB102771,2026-03,9.03,619,1,18,504.28,1,30
SUB103110,2026-05,5.17,609,3,13,311.44,0,28
SUB101762,2026-03,16.74,181,2,17,294.99,0,30
SUB102097,2026-07,6.79,79,2,12,311.63,0,26
SUB100092,2026-03,1.67,81,0,10,120.53,0,27
SUB100233,2026-06,5.97,300,4,7,169.24,1,27
SUB102706,2026-06,8.68,402,1,8,322.62,0,27
SUB102142,2026-04,10.44,125,4,18,256.15,1,28
SUB101452,2026-05,3.83,120,1,8,302.12,0,29
SUB100336,2026-03,5.6,210,1,15,242.16,0,27
SUB102185,2026-04,12.84,110,2,12,386.01,1,28
SUB102323,2026-02,0.98,274,3,20,168.45,0,29
SUB102151,2026-05,1.52,193,2,18,119.82,0,27
SUB102235,2026-02,23.26,291,4,6,377.73,0,26
SUB102755,2026-06,1.96,72,0,10,265.29,0,26
SUB102896,2026-06,1.11,82,3,12,135.99,0,26
SUB100047,2026-04,4.6,465,2,14,268.62,0,26
SUB101724,2026-06,4.97,309,3,9,162.02,0,27
SUB100872,2026-06,12.13,236,1,12,350.21,0,27
SUB102412,2026-03,17.96,94,2,19,237.76,0,27
SUB102723,2026-06,10.09,312,0,16,355.64,1,29
SUB101008,2026-07,2.47,360,2,9,157.17,0,27
SUB101314,2026-06,16.71,174,2,12,278.1,0,28
SUB101252,2026-07,2.62,209,1,19,219.61,0,30
SUB101122,2026-07,11.66,151,2,15,203.51,0,26
SUB100406,2026-04,4.51,380,2,6,205.06,1,26
SUB102724,2026-02,19.18,59,5,7,326.47,0,28
SUB102483,2026-02,5.88,78,1,13,286.92,0,26
SUB103173,2026-06,5.09,102,3,12,322.37,0,28
SUB101588,2026-02,8.67,604,2,17,258.28,0,28
SUB101730,2026-06,4.2,648,6,9,202.13,0,26
SUB100287,2026-03,1.88,405,2,10,140.87,1,26
SUB100199,2026-03,9.48,211,3,14,253.26,0,30
SUB100725,2026-07,14.21,244,0,15,216.53,0,28
SUB100974,2026-05,0.75,97,2,8,84.13,0,26
SUB100696,2026-05,22.74,272,3,8,376.94,0,27
SUB102485,2026-04,0.15,53,2457,3,217.66,0,30
SUB102607,2026-05,7.4,883,4,8,389.45,2,30
SUB102664,2026-02,24.83,243,3,16,360.31,0,29
SUB102470,2026-05,1.75,267,2,12,208.95,0,27
SUB102455,2026-06,8.01,60,1,6,282.39,0,28
SUB101687,2026-05,11.52,31,1,6,356.97,0,30
SUB102724,2026-03,20.8,59,1,10,352.36,0,28
SUB102669,2026-02,9.61,416,2,4,371.23,0,27
SUB102581,2026-07,2.56,99,0,4,113.86,0,27
SUB102106,2026-05,7.19,118,2,10,236.53,1,30
SUB100715,2026-05,7.52,72,3,10,,0,30
SUB101742,2026-06,6.81,728,2,2,200.95,0,30
SUB101524,2026-02,11.56,373,2,25,307.76,0,27
SUB100195,2026-06,12.83,299,3,7,340.68,0,26
SUB103046,2026-03,7.67,486,1,12,280.02,0,28
SUB101112,2026-02,3.42,760,2,7,244.77,1,26
SUB101282,2026-02,17.44,364,2,9,414.37,0,29
SUB102875,2026-07,4.59,73,3,17,317.76,0,30
SUB101116,2026-06,5.46,172,2,14,197.92,0,28
SUB100649,2026-02,17.5,228,2,18,424.02,0,29
SUB101251,2026-06,13.24,428,1,10,238.3,0,28
SUB101609,2026-04,8.22,154,1,9,228.48,0,26
SUB100267,2026-06,4.24,54,0,6,299.36,0,26
SUB103198,2026-03,1.88,219,4,10,284.63,0,26
SUB100422,2026-05,4.4,231,1,11,168.79,0,26
SUB102631,2026-02,15.95,631,2,16,232.67,0,30
SUB102338,2026-04,1.09,85,3,9,78.36,0,28
SUB102995,2026-02,1.15,319,2,10,185.37,0,26
SUB100132,2026-07,5.31,515,2,13,177.9,0,28
SUB100028,2026-07,1.3,494,4,15,151.98,0,26
SUB101848,2026-02,21.64,682,4,9,325.77,0,29
SUB102354,2026-03,18.67,146,4,7,397.16,0,30
SUB101292,2026-06,8.17,322,2,6,213.71,0,26
SUB103189,2026-06,0.67,346,5,2,152.35,0,28
SUB100919,2026-02,1.14,185,2,11,131.07,0,27
SUB103044,2026-02,9.99,144,1,9,201.5,0,28
SUB100448,2026-03,43.71,516,1,13,441.23,0,27
SUB100100,2026-03,14.76,81,3,13,415.14,0,30
SUB101655,2026-05,15.87,412,1,15,323.14,0,30
SUB100841,2026-02,1.56,536,1,16,154.11,0,28
SUB101738,2026-04,3.85,472,5,8,87.35,1,28
SUB101091,2026-05,5.92,512,1,11,247.42,0,30
SUB103026,2026-05,3.09,127,5,16,84.72,1,27
SUB102495,2026-02,1.85,77,2,9,111.05,0,28
SUB101559,2026-06,2.49,170,2,7,145.0,1,27
SUB102164,2026-04,3.06,83,2,14,80.35,0,28
SUB102905,2026-06,24.4,310,2,13,488.31,0,29
SUB101634,2026-04,28.85,202,1,9,241.1,1,27
SUB102625,2026-05,28.6,175,0,11,543.02,0,28
SUB102992,2026-04,5.12,165,1,19,332.5,0,29
SUB100070,2026-07,5.97,135,3,9,180.67,2,30
SUB102075,2026-07,2.61,36,1,14,239.15,0,26
SUB100420,2026-05,5.93,97,2,8,220.67,0,26
SUB100478,2026-02,5.37,81,2,15,186.36,0,27
SUB100570,2026-06,7.26,282,4,10,229.58,0,26
SUB100499,2026-06,27.27,287,2,13,334.74,0,27
SUB101112,2026-03,6.05,594,5,7,198.4,0,30
SUB101470,2026-05,13.81,71,1,16,279.96,0,30
SUB101309,2026-04,4.79,50,5,23,276.44,0,28
SUB102005,2026-07,18.35,96,1,12,412.98,0,29
SUB102147,2026-05,20.67,21,2,4,418.28,0,28
SUB100905,2026-04,6.24,412,3,18,215.14,0,28
SUB101399,2026-07,6.35,120,2,23,100.92,0,27
SUB101412,2026-03,1.57,92,3,10,112.09,0,30
SUB100643,2026-02,12.28,396,5,6,243.06,0,29
SUB101985,2026-05,7.17,96,3,12,163.89,0,27
SUB102653,2026-04,6.59,496,3,10,313.85,0,27
SUB100419,2026-07,6.07,250,0,11,233.31,0,26
SUB102753,2026-04,2.0,109,3,16,110.6,1,29
SUB101872,2026-05,4.07,425,3,12,218.53,0,30
SUB102396,2026-02,10.21,146,1,9,262.07,0,30
SUB102160,2026-02,1.5,399,1,14,77.83,0,27
SUB102047,2026-06,1.06,192,3,6,182.54,0,27
SUB101045,2026-06,1.94,81,1,10,102.53,0,27
SUB100211,2026-02,15.19,383,2,6,494.87,0,27
SUB102526,2026-04,9.92,149,1,10,333.78,0,27
SUB101188,2026-03,6.63,196,3,6,108.59,0,27
SUB100448,2026-02,41.31,451,1,10,626.96,0,28
SUB100407,2026-03,5.28,167,4,10,200.08,0,29
SUB101184,2026-02,8.46,304,2,7,241.86,0,30
SUB101709,2026-05,9.33,139,4,6,238.67,0,28
SUB101851,2026-07,1.39,258,0,11,254.43,0,27
SUB102389,2026-03,16.28,232,2,5,311.58,0,30
SUB101781,2026-06,5.11,352,2,26,120.28,0,26
SUB102176,2026-07,7.94,324,4,7,316.14,0,28
SUB100037,2026-02,9.57,128,0,7,313.65,0,28
SUB101122,2026-03,15.34,188,4,14,317.18,0,29
SUB100547,2026-06,8.76,125,4,5,310.93,0,29
SUB100502,2026-06,1.92,19,3,3,115.71,0,28
SUB100266,2026-04,7.73,119,3,8,305.24,0,30
SUB103133,2026-03,2.06,479,4,21,145.08,1,28
SUB101385,2026-05,6.16,118,3,5,169.79,0,26
SUB102645,2026-07,2.43,163,1,15,158.05,0,26
SUB102354,2026-02,15.81,194,2,9,422.12,0,27
SUB100088,2026-03,12.76,357,1,7,510.37,0,26
SUB101988,2026-03,0.24,54,3344,10,280.82,0,27
SUB100881,2026-07,6.65,28,1,10,189.21,1,29
SUB100804,2026-02,21.2,60,2,7,533.53,0,30
SUB100206,2026-02,8.02,102,2,11,175.26,0,26
SUB101022,2026-04,10.74,168,0,7,181.36,0,28
SUB100840,2026-05,0.67,292,5,8,93.03,0,26
SUB102703,2026-03,6.26,177,2,7,194.08,0,30
SUB102458,2026-06,17.91,211,3,10,443.85,0,29
SUB100632,2026-06,1.29,88,4,10,113.7,0,29
SUB100933,2026-06,14.08,170,2,18,480.03,0,26
SUB102196,2026-05,4.21,136,3,11,198.53,0,27
SUB100539,2026-02,8.46,154,2,5,189.14,0,26
SUB102499,2026-05,8.42,175,5,5,342.13,0,26
SUB102514,2026-06,2.6,33,2,5,110.59,0,26
SUB101841,2026-06,7.86,204,0,4,132.78,0,28
SUB101337,2026-04,16.19,122,3,13,416.42,0,28
SUB101691,2026-04,3.84,1061,3,6,602.49,0,26
SUB102472,2026-02,7.36,92,1,6,183.75,0,29
SUB102334,2026-04,4.26,387,1,14,223.89,0,26
SUB103065,2026-04,2.99,49,3,8,164.86,0,27
SUB102860,2026-07,1.11,128,1,15,77.74,0,26
SUB102175,2026-04,2.62,533,4,17,203.04,0,28
SUB102777,2026-05,13.44,103,3,5,185.66,0,30
SUB102162,2026-07,2.36,748,1,7,272.75,0,30
SUB100828,2026-04,4.64,89,4,13,226.53,0,30
SUB101720,2026-07,5.45,191,4,5,181.83,0,30
SUB100482,2026-07,4.53,288,1,12,155.67,0,27
SUB100868,2026-04,7.0,317,1,7,134.6,0,26
SUB103068,2026-07,21.17,669,1,15,408.24,0,28
SUB101465,2026-07,11.79,48,0,13,210.36,0,30
SUB100027,2026-07,27.89,424,2,20,503.41,0,28
SUB102574,2026-06,4.26,494,2,5,269.72,1,27
SUB101880,2026-04,2.26,279,3,22,140.7,0,28
SUB101690,2026-07,27.36,187,1,4,336.7,0,28
SUB102283,2026-03,3.49,419,2,12,250.9,0,26
SUB101346,2026-05,9.12,121,5,8,227.18,1,26
SUB103162,2026-04,5.69,373,1,7,242.5,0,26
SUB101508,2026-04,1.19,222,3,7,170.68,1,30
SUB101363,2026-07,1.66,186,1,13,121.98,0,30
SUB102734,2026-07,19.18,227,2,25,332.78,0,26
SUB100015,2026-04,21.11,192,2,14,450.12,0,28
SUB100911,2026-04,16.19,367,4,15,341.97,0,29
SUB100199,2026-04,11.72,169,1,10,251.95,0,27
SUB101229,2026-03,1.5,111,2,10,74.97,0,29
SUB102047,2026-03,1.68,307,1,11,219.5,0,28
SUB101502,2026-04,1.75,169,1,11,273.04,0,28
SUB100258,2026-07,18.15,240,2,13,511.75,0,29
SUB102720,2026-06,1.07,376,5,7,218.19,0,28
SUB100852,2026-03,6.84,347,0,12,176.43,0,27
SUB101772,2026-04,18.61,247,2,5,442.29,0,28
SUB101112,2026-05,5.9,541,6,10,228.21,0,26
SUB101536,2026-07,19.49,161,4,10,466.44,0,26
SUB100953,2026-07,1.14,264,2,9,139.11,0,29
SUB102678,2026-03,2.32,116,4,9,201.74,0,27
SUB103013,2026-02,8.22,195,0,18,264.54,0,30
SUB102907,2026-03,8.99,347,0,5,186.68,0,28
SUB101370,2026-07,4.69,99,0,12,134.22,0,30
SUB103036,2026-05,3.14,251,0,16,121.08,0,27
SUB101642,2026-07,8.13,266,3,5,172.82,0,30
SUB101811,2026-05,3.64,375,2,9,142.26,0,27
SUB102115,2026-05,1.01,163,1,7,139.54,0,29
SUB100110,2026-07,5.93,88,0,12,192.12,0,28
SUB102755,2026-07,2.34,72,5,5,254.57,0,29
SUB102694,2026-03,11.49,152,1,18,300.24,1,29
SUB101029,2026-03,1.76,217,2,7,102.78,0,26
SUB100288,2026-02,0.64,130,2,5,159.82,0,30
SUB101363,2026-05,1.48,209,3,9,139.67,0,30
SUB101109,2026-02,6.24,145,1,17,172.0,0,28
SUB100114,2026-02,6.27,76,1,10,207.17,1,27
SUB101640,2026-04,0.82,541,1,14,161.01,0,30
SUB101317,2026-06,6.1,147,2,10,282.36,0,29
SUB103033,2026-02,17.57,103,2,6,302.41,0,28
SUB100975,2026-02,2.78,273,1,4,177.63,0,26
SUB100517,2026-03,1.55,122,3,18,157.38,0,27
SUB101712,2026-04,6.45,372,3,13,352.63,1,29
SUB102318,2026-04,13.97,560,2,9,417.33,0,30
SUB100977,2026-03,6.39,273,2,14,342.36,0,29
SUB101364,2026-03,1.67,95,1,4,85.1,0,29
SUB102393,2026-03,3.07,45,1,15,85.22,0,28
SUB100673,2026-07,4.07,517,3,12,116.0,0,27
SUB101917,2026-05,43.92,160,4,10,550.75,0,30
SUB100998,2026-03,9.26,324,1,12,160.23,0,28
SUB100806,2026-02,4.33,179,2,12,257.35,1,27
SUB101185,2026-07,8.29,51,1,9,115.37,0,30
SUB102562,2026-03,3.03,102,2,4,201.82,1,26
SUB102199,2026-04,6.46,175,2,18,190.57,0,28
SUB101855,2026-07,2.8,108,2,16,285.57,0,26
SUB101296,2026-02,3.39,28,0,4,190.68,1,29
SUB102702,2026-03,10.59,450,0,5,206.39,0,28
SUB102212,2026-02,4.35,82,0,17,311.43,0,30
SUB102119,2026-05,9.73,359,1,10,250.77,0,28
SUB100593,2026-06,22.47,249,2,7,435.68,0,26
SUB100310,2026-02,7.18,280,1,18,158.58,0,30
SUB101970,2026-06,11.96,283,4,12,334.89,0,28
SUB101279,2026-07,3.21,80,1,7,136.43,0,26
SUB100769,2026-06,22.12,304,0,11,485.73,0,30
SUB102498,2026-07,3.27,243,3,11,255.35,0,29
SUB100430,2026-07,6.37,359,1,8,147.59,0,26
SUB101187,2026-07,6.51,336,2,18,291.95,0,27
SUB102456,2026-05,6.19,74,6,9,145.62,0,27
SUB100697,2026-06,7.57,74,4,12,201.24,0,30
SUB101353,2026-04,13.68,102,2,5,364.58,1,26
SUB101247,2026-06,1.32,28,5,6,225.03,0,27
SUB102571,2026-02,1.3,195,3,18,289.42,0,29
SUB102475,2026-05,28.85,154,1,12,495.54,0,29
SUB101489,2026-04,3.73,147,3,13,151.43,0,28
SUB100719,2026-02,3.13,99,2,9,138.11,0,30
SUB101799,2026-02,13.45,724,0,16,550.54,0,26
SUB101649,2026-03,8.22,339,3,16,181.88,0,27
SUB101866,2026-03,7.04,167,1,8,192.34,0,30
SUB100084,2026-06,1.48,64,6,17,133.26,0,29
SUB101375,2026-07,8.04,193,1,6,236.41,0,27
SUB102803,2026-04,0.91,72,1,10,287.36,0,27
SUB102484,2026-07,1.31,243,2,5,86.5,0,29
SUB103069,2026-04,4.84,478,0,20,451.31,0,26
SUB100941,2026-04,2.99,360,0,7,249.77,0,27
SUB103062,2026-05,3.99,61,4,11,168.19,0,29
SUB101193,2026-02,13.91,268,1,6,400.62,0,30
SUB102723,2026-03,12.42,206,2,8,410.54,0,28
SUB101501,2026-06,0.72,194,1,10,178.12,0,27
SUB103194,2026-05,20.68,231,2,12,353.63,0,27
SUB103017,2026-05,21.48,460,5,11,379.98,0,27
SUB101402,2026-03,7.91,344,0,14,261.94,0,28
SUB101175,2026-05,5.77,353,4,20,198.96,0,27
SUB100207,2026-04,3.72,492,1,11,145.2,0,28
SUB102626,2026-04,12.63,173,1,9,400.75,0,30
SUB102377,2026-07,9.32,200,2,7,252.31,0,28
SUB100797,2026-05,3.17,217,1,13,117.67,0,30
SUB100885,2026-07,7.19,260,4,13,223.79,1,26
SUB101112,2026-04,6.26,488,2,7,239.41,0,30
SUB102676,2026-05,3.91,282,1,11,195.71,0,29
SUB103025,2026-06,8.25,283,2,23,180.62,0,29
SUB101270,2026-06,14.95,961,2,3,340.73,0,29
SUB102548,2026-04,1.9,115,3,7,153.02,0,30
SUB100782,2026-07,4.78,109,4,13,243.88,0,27
SUB100751,2026-06,5.89,158,1,11,182.09,1,27
SUB101165,2026-04,7.91,232,3,11,201.46,1,29
SUB102292,2026-04,4.96,171,1,12,108.59,0,30
SUB102073,2026-06,5.86,283,2,13,169.41,0,28
SUB101160,2026-04,8.24,206,0,2,104.97,0,26
SUB100619,2026-05,4.06,344,2,17,216.49,0,26
SUB100678,2026-06,10.31,52,1,16,282.15,0,27
SUB101310,2026-07,8.46,127,1,14,166.61,0,26
SUB102556,2026-03,10.51,235,1,10,208.83,0,29
SUB101370,2026-02,8.96,68,0,9,144.47,1,30
SUB100477,2026-04,8.4,26,1,11,265.25,0,28
SUB103066,2026-05,5.65,258,0,20,133.55,0,29
SUB101802,2026-03,1.79,261,3,12,111.24,0,30
SUB103142,2026-06,1.49,62,2,10,193.09,0,26
SUB103136,2026-06,5.4,586,0,4,237.98,0,28
SUB101242,2026-04,9.79,694,3,4,262.29,0,30
SUB100790,2026-07,2.51,461,0,8,148.74,0,30
SUB101924,2026-04,1.02,56,2,9,110.22,0,26
SUB101870,2026-04,17.62,411,1,5,248.32,0,26
SUB102696,2026-04,5.01,174,1,11,259.61,0,30
SUB102595,2026-02,4.64,360,1,10,166.01,0,28
SUB101039,2026-03,29.97,106,0,11,298.24,0,26
SUB102867,2026-03,2.23,102,2,14,133.78,0,29
SUB102707,2026-02,28.82,61,1,11,420.01,0,27
SUB100216,2026-06,2.05,260,3,2,227.61,0,29
SUB100336,2026-02,4.73,103,2,10,245.8,0,30
SUB102829,2026-06,19.14,79,2,14,536.47,1,27
SUB100180,2026-02,8.62,117,2,18,145.74,0,26
SUB101069,2026-03,10.02,1297,5,6,342.07,0,27
SUB101459,2026-06,1.01,82,1,10,210.4,0,30
SUB102778,2026-07,16.28,271,2,14,314.24,0,28
SUB101427,2026-03,2.57,222,1,5,119.49,0,28
SUB100564,2026-03,5.15,312,1,7,144.75,0,30
SUB101411,2026-05,23.19,331,2,7,390.52,0,29
SUB100208,2026-03,1.34,215,4,14,106.43,0,27
SUB100494,2026-06,6.9,302,1,17,305.14,0,28
SUB100042,2026-03,24.84,123,2,4,400.46,0,27
SUB100776,2026-02,1.37,360,1,4,99.01,0,27
SUB102008,2026-07,7.29,349,1,14,218.3,0,26
SUB101920,2026-03,5.66,309,1,6,261.04,0,27
SUB102890,2026-05,1.52,96,3,8,122.96,0,30
SUB101424,2026-03,16.73,154,2,8,399.64,0,27
SUB102304,2026-04,4.78,308,1,10,187.91,0,30
SUB102265,2026-03,20.84,89,2,18,613.59,0,26
SUB101883,2026-04,7.16,226,1,9,241.32,1,29
SUB101622,2026-05,3.21,275,0,11,213.95,0,26
SUB100395,2026-06,9.34,99,2,7,231.55,0,27
SUB102255,2026-05,5.92,21,1,21,144.03,0,27
SUB102714,2026-04,2.68,305,4,13,206.22,0,28
SUB100683,2026-05,7.65,469,0,14,182.23,1,27
SUB102310,2026-02,8.12,80,3,15,255.92,0,28
SUB100736,2026-07,3.94,66,2,15,205.15,0,26
SUB101218,2026-03,5.38,310,1,7,266.31,0,28
SUB100205,2026-07,7.95,91,1,11,267.17,0,27
SUB102315,2026-04,3.33,50,2,7,249.75,0,28
SUB100708,2026-03,28.61,228,1,2,351.95,0,26
SUB102819,2026-03,2.18,431,1,13,131.24,0,26
SUB100527,2026-02,7.01,65,0,6,244.49,0,26
SUB102216,2026-05,2.09,229,3,7,214.64,0,29
SUB100367,2026-02,7.12,175,3,4,111.09,1,29
SUB101158,2026-07,11.94,721,3,4,313.64,0,29
SUB100964,2026-06,1.03,559,2,11,149.35,0,27
SUB102762,2026-04,16.6,68,1,5,282.5,0,28
SUB101432,2026-07,6.12,432,3,14,331.15,0,30
SUB102889,2026-04,16.28,81,3,13,271.52,0,29
SUB100646,2026-03,7.98,213,1,14,171.47,0,28
SUB101359,2026-05,19.98,441,2,10,476.15,0,29
SUB102494,2026-03,1.84,243,1,14,157.09,0,28
SUB101814,2026-06,10.29,265,2,15,357.02,0,28
SUB100972,2026-06,3.97,86,3,10,161.23,0,28
SUB100741,2026-02,6.02,76,2,10,161.11,0,26
SUB102813,2026-03,3.46,105,3,15,232.18,0,28
SUB100261,2026-02,5.13,149,2,6,400.92,0,26
SUB102669,2026-06,7.12,447,0,7,284.04,1,30
SUB100644,2026-02,3.67,241,3,8,188.62,0,26
SUB101288,2026-02,2.07,94,3,10,249.54,0,28
SUB101313,2026-03,8.28,525,3,16,311.5,0,30
SUB101668,2026-03,25.23,256,1,6,370.21,0,30
SUB102673,2026-07,7.98,257,2,20,216.52,0,27
SUB103020,2026-02,1.6,257,2,12,236.15,0,26
SUB101800,2026-07,27.28,283,1,13,471.49,0,29
SUB103179,2026-05,5.39,113,0,12,195.47,0,28
SUB100591,2026-03,9.41,113,3,12,265.18,0,27
SUB101610,2026-04,1.8,206,1,3,146.44,0,26
SUB103016,2026-03,5.83,159,1,15,160.25,0,26
SUB102132,2026-05,0.66,13,2,16,188.87,0,28
SUB101467,2026-03,5.03,59,3,9,206.07,0,28
SUB102925,2026-04,15.76,215,1,9,411.53,0,30
SUB102090,2026-03,11.86,229,1,7,138.12,0,29
SUB103127,2026-02,10.53,96,0,5,318.21,1,28
SUB102229,2026-07,5.5,553,2,18,265.17,0,29
SUB102672,2026-03,1.36,270,3,6,180.05,0,29
SUB101323,2026-04,0.65,242,2,9,198.57,0,28
SUB102296,2026-06,16.33,79,3,12,427.74,0,26
SUB100809,2026-07,8.03,191,3,18,243.14,0,30
SUB100085,2026-03,5.97,159,2,9,211.22,0,27
SUB101703,2026-05,6.64,185,1,14,269.35,0,28
SUB101756,2026-06,2.13,118,1,10,76.0,0,29
SUB101291,2026-03,8.74,119,1,6,325.83,0,29
SUB102310,2026-03,7.73,64,3,10,291.5,0,30
SUB101092,2026-04,27.12,973,1,10,345.33,0,30
SUB102561,2026-05,12.06,198,1,10,257.98,0,30
SUB103010,2026-03,8.77,91,2,19,335.28,0,30
SUB102994,2026-07,2.58,170,0,11,136.23,0,29
SUB100570,2026-04,6.24,239,1,7,291.99,0,26
SUB101386,2026-04,28.56,174,4,12,560.47,0,30
SUB102015,2026-06,8.27,165,1,23,119.39,0,28
SUB101051,2026-04,1.53,87,4,4,149.01,0,28
SUB102011,2026-03,5.24,395,5,10,160.76,0,27
SUB102097,2026-06,6.52,35,2,13,273.65,1,27
SUB100392,2026-07,9.21,352,3,11,131.47,0,28
SUB102665,2026-05,10.25,94,3,15,332.61,0,30
SUB100475,2026-06,25.5,326,2,8,601.24,0,27
SUB101546,2026-04,7.34,652,2,8,246.95,0,27
SUB101740,2026-02,9.04,258,1,6,284.7,0,26
SUB100607,2026-06,0.54,341,4,16,101.88,0,26
SUB101204,2026-06,10.1,254,2,9,201.33,0,26
SUB102985,2026-06,5.19,390,0,10,157.66,0,29
SUB102323,2026-05,1.18,435,4,12,157.64,0,26
SUB100381,2026-02,23.52,150,3,7,513.75,0,28
SUB102651,2026-07,5.23,70,1,5,134.65,0,28
SUB102594,2026-07,12.93,803,3,5,396.98,0,29
SUB103062,2026-03,3.85,70,2,13,200.13,0,28
SUB101632,2026-07,1.92,213,5,12,168.64,0,28
SUB101652,2026-06,10.25,315,2,20,222.84,0,27
SUB101609,2026-06,10.25,331,4,10,146.58,0,30
SUB102786,2026-04,20.8,377,1,12,449.95,0,27
SUB102830,2026-05,3.1,96,1,7,274.9,0,30
SUB102091,2026-04,8.63,274,3,10,434.39,0,28
SUB102077,2026-07,47.78,459,2,10,574.47,1,30
SUB101804,2026-05,15.8,54,1,6,305.44,0,26
SUB101515,2026-04,5.98,100,4,18,276.94,0,26
SUB103104,2026-07,6.05,570,2,10,236.72,0,30
SUB102209,2026-06,4.05,495,2,5,174.08,0,26
SUB101656,2026-05,4.8,70,2,3,303.49,0,29
SUB102719,2026-07,6.16,239,2,16,194.67,0,29
SUB101704,2026-07,8.19,68,4,13,216.05,0,29
SUB101810,2026-03,39.23,59,1,9,373.29,0,28
SUB102761,2026-06,7.41,112,0,14,259.83,1,26
SUB101310,2026-05,7.98,89,3,16,255.64,0,29
SUB101643,2026-04,13.63,349,4,15,365.73,0,29
SUB101261,2026-05,9.42,266,1,11,293.75,0,27
SUB101881,2026-04,5.73,106,4,15,109.61,1,28
SUB100687,2026-02,0.4,71,6792,10,240.67,0,28
SUB102901,2026-03,18.21,472,0,10,392.49,0,26
SUB102077,2026-02,47.57,453,4,8,645.28,0,27
SUB100500,2026-07,8.73,155,3,9,176.05,0,26
SUB102133,2026-02,6.01,70,4,12,235.69,0,29
SUB100513,2026-06,14.87,316,4,23,436.42,0,27
SUB100323,2026-02,1.23,88,3,10,104.04,0,29
SUB100923,2026-06,12.1,320,5,5,289.72,0,29
SUB101423,2026-03,0.85,291,2,16,151.18,0,29
SUB101511,2026-03,17.54,219,1,10,256.08,0,27
SUB102417,2026-03,18.45,179,2,13,258.15,0,28
SUB102557,2026-04,14.53,398,2,7,265.68,0,30
SUB100827,2026-04,13.34,156,3,9,315.81,0,29
SUB101538,2026-02,12.33,659,4,10,249.71,0,26
SUB103126,2026-03,18.57,320,2,12,318.98,1,27
SUB101762,2026-04,8.69,299,3,14,329.33,0,28
SUB100380,2026-03,11.0,111,2,9,242.92,0,30
SUB103135,2026-05,1.36,143,4,10,98.03,0,29
SUB100931,2026-06,6.16,27,3,16,206.19,0,29
SUB100759,2026-02,3.7,179,2,16,307.62,0,26
SUB102040,2026-04,18.24,667,2,17,413.11,0,28
SUB101212,2026-05,19.07,106,4,11,349.02,0,27
SUB101708,2026-02,0.6,660,3,18,138.61,0,28
SUB100371,2026-05,7.09,161,7,17,318.78,0,27
SUB102229,2026-06,3.7,560,5,16,248.12,0,26
SUB101175,2026-07,3.62,463,2,14,236.72,0,26
SUB100462,2026-04,3.98,186,1,12,82.17,0,26
SUB102609,2026-02,8.3,107,1,25,550.5,0,27
SUB102165,2026-05,7.64,56,2,10,173.5,0,30
SUB101495,2026-02,7.88,164,7,19,194.96,0,28
SUB100092,2026-07,2.35,88,2,18,120.61,0,27
SUB101903,2026-02,2.82,249,0,14,319.7,0,26
SUB101368,2026-05,12.8,205,0,2,242.71,0,28
SUB103160,2026-05,4.56,272,2,8,136.93,0,30
SUB102955,2026-02,13.17,130,5,7,237.22,0,29
SUB100469,2026-02,1.49,156,2,6,112.74,0,26
SUB101473,2026-06,6.33,7,2,21,162.36,0,26
SUB102207,2026-02,4.9,89,1,9,269.31,1,27
SUB100901,2026-07,7.21,263,4,19,124.27,0,30
SUB100618,2026-07,8.04,59,2,23,313.28,0,27
SUB102817,2026-02,5.67,75,0,26,212.63,0,26
SUB102573,2026-03,4.55,37,4,7,238.64,0,29
SUB101856,2026-06,8.14,97,1,9,368.42,0,28
SUB103082,2026-06,23.36,209,2,21,352.4,0,30
SUB100698,2026-03,5.44,87,2,8,214.2,0,28
SUB100829,2026-05,4.61,289,2,5,153.1,0,30
SUB103098,2026-04,9.53,438,1,6,319.24,0,30
SUB100783,2026-05,5.31,331,3,15,207.4,0,29
SUB101794,2026-05,10.36,146,1,10,0.0,0,30
SUB101287,2026-05,9.66,151,1,11,343.41,0,27
SUB100833,2026-02,18.67,234,2,17,279.5,1,28
SUB101190,2026-07,8.04,228,1,17,246.93,0,29
SUB101621,2026-03,2.36,86,2,18,224.62,0,27
SUB100519,2026-07,7.05,385,0,13,128.44,1,30
SUB102602,2026-07,6.06,87,4,16,223.78,0,30
SUB100911,2026-02,20.66,341,3,12,373.85,1,27
SUB102386,2026-02,5.05,15,2,8,92.03,0,26
SUB102862,2026-05,14.5,220,5,5,428.85,0,28
SUB102893,2026-03,2.01,166,0,6,141.63,0,26
SUB103035,2026-02,14.17,225,3,4,181.33,0,27
SUB101100,2026-05,0.34,49,4748,8,261.53,0,28
SUB101865,2026-04,4.63,218,1,9,216.07,0,29
SUB101454,2026-02,7.49,129,2,12,197.98,0,30
SUB101095,2026-02,1.79,347,1,12,197.6,0,28
SUB101360,2026-03,6.14,134,1,16,475.06,0,27
SUB101003,2026-02,46.85,228,5,12,467.75,0,26
SUB100595,2026-07,4.86,319,2,14,182.87,0,26
SUB101313,2026-02,6.9,642,1,14,318.95,0,28
SUB100230,2026-05,18.77,304,4,12,309.92,1,28
SUB102510,2026-02,11.41,232,0,4,301.34,0,30
SUB101961,2026-05,23.18,25,3,4,360.67,0,27
SUB102013,2026-06,10.97,286,2,6,243.13,0,29
SUB102594,2026-03,12.27,850,1,7,395.25,0,28
SUB100649,2026-05,27.88,152,3,13,345.0,0,30
SUB102861,2026-06,5.91,111,1,5,334.88,0,28
SUB103000,2026-02,12.8,472,1,22,448.17,0,30
SUB102863,2026-06,25.78,959,5,16,394.62,0,30
SUB102069,2026-07,11.72,137,2,5,242.04,0,28
SUB101157,2026-03,7.84,439,2,14,153.25,0,26
SUB102987,2026-07,18.95,44,3,7,298.12,0,30
SUB102847,2026-07,11.39,842,2,6,442.63,0,26
SUB103146,2026-04,6.81,36,4,8,186.82,0,30
SUB101245,2026-05,9.3,342,1,11,308.67,0,30
SUB100224,2026-03,4.26,127,3,7,88.04,0,27
SUB103024,2026-02,9.35,66,3,6,209.74,0,26
SUB100411,2026-05,4.97,262,1,8,204.35,0,28
SUB102751,2026-02,3.53,79,5,5,156.27,0,26
SUB101810,2026-04,39.42,105,0,16,389.19,0,30
SUB100128,2026-05,5.8,263,1,8,362.83,1,30
SUB101830,2026-04,12.24,76,2,8,212.64,1,27
SUB100252,2026-03,1.63,73,2,17,151.82,0,30
SUB100466,2026-02,15.19,140,1,11,244.62,0,29
SUB100726,2026-03,5.97,202,0,7,124.16,0,30
SUB102854,2026-03,1.77,694,1,9,157.54,0,27
SUB101289,2026-02,10.49,609,1,10,262.49,0,28
SUB100693,2026-03,7.26,125,5,12,338.54,0,29
SUB100602,2026-06,14.36,328,1,7,334.26,0,29
SUB101009,2026-03,4.84,103,1,13,159.8,0,30
SUB101450,2026-03,12.46,234,1,8,303.32,0,28
SUB100969,2026-06,1.41,331,1,10,256.83,0,26
SUB101838,2026-03,1.14,124,4,9,124.21,0,27
SUB101434,2026-07,0.27,45,4100,16,235.55,0,28
SUB102925,2026-06,12.51,269,3,17,386.15,0,26
SUB101381,2026-02,10.91,87,0,14,232.89,0,29
SUB101145,2026-04,7.44,197,3,8,187.08,0,26
SUB100510,2026-03,6.66,121,1,23,208.76,0,27
SUB101853,2026-04,5.86,118,1,9,322.19,0,26
SUB102194,2026-07,21.87,77,0,10,377.89,1,30
SUB102757,2026-02,6.93,331,5,9,255.96,0,27
SUB101202,2026-06,6.67,14,1,8,243.03,0,29
SUB101700,2026-04,20.59,99,2,12,420.9,0,26
SUB100768,2026-02,17.87,68,1,11,355.45,0,28
SUB101162,2026-04,7.83,114,3,5,287.8,0,26
SUB103190,2026-06,4.19,154,2,9,226.13,0,29
SUB101442,2026-04,5.74,149,1,13,314.46,0,26
SUB100327,2026-05,11.6,167,1,11,281.26,1,28
SUB100136,2026-07,2.87,434,1,16,297.76,0,29
SUB100860,2026-02,20.36,224,2,14,530.29,0,30
SUB100738,2026-06,27.98,332,2,12,368.76,0,28
SUB100871,2026-05,5.6,189,2,10,215.8,0,29
SUB100053,2026-05,5.83,351,3,6,305.72,0,29
SUB102125,2026-06,1.13,99,3,6,158.71,1,27
SUB100901,2026-06,3.61,152,0,16,103.28,0,30
SUB101965,2026-07,1.83,159,2,9,141.52,0,26
SUB101070,2026-07,23.26,559,1,3,333.25,0,30
SUB101601,2026-07,0.69,165,3,15,202.72,0,26
SUB100863,2026-07,13.1,40,3,12,215.0,0,29
SUB101174,2026-05,30.8,179,3,13,578.99,0,28
SUB101442,2026-05,8.29,228,2,16,266.48,0,27
SUB100102,2026-07,3.55,329,0,6,246.77,0,30
SUB100351,2026-05,5.99,51,4,14,231.31,1,30
SUB101045,2026-04,1.64,67,0,8,87.98,0,30
SUB102808,2026-04,2.36,177,2,15,133.33,0,30
SUB100086,2026-02,5.9,420,4,16,204.7,0,27
SUB101958,2026-07,12.78,308,0,12,336.59,0,30
SUB100878,2026-04,7.93,56,1,13,209.98,0,29
SUB102322,2026-04,5.68,321,3,14,299.19,0,27
SUB100802,2026-02,4.79,148,2,15,248.82,0,30
SUB100254,2026-04,0.58,106,1,11,158.67,0,28
SUB101716,2026-06,4.15,339,3,12,293.48,0,27
SUB100468,2026-04,14.67,298,2,4,413.37,0,26
SUB101108,2026-02,4.29,90,2,14,190.03,0,27
SUB101267,2026-07,7.14,277,2,15,269.12,0,28
SUB100012,2026-03,11.97,64,4,2,439.14,0,27
SUB101111,2026-03,6.05,216,2,11,212.38,0,28
SUB100577,2026-06,0.83,29,8,20,212.69,0,27
SUB100784,2026-06,21.83,117,1,0,481.83,0,30
SUB100852,2026-05,6.89,347,2,10,170.26,0,28
SUB100402,2026-04,7.31,423,4,9,254.91,0,29
SUB101147,2026-07,13.66,89,1,10,333.24,0,27
SUB102737,2026-05,15.81,422,5,13,246.86,1,28
SUB100904,2026-07,11.4,465,3,8,355.64,0,26
SUB102038,2026-05,16.02,406,1,7,346.55,0,29
SUB102638,2026-02,6.93,123,1,6,350.2,0,27
SUB100217,2026-04,1.58,226,1,15,130.39,0,28
SUB101285,2026-05,8.09,186,3,8,290.33,0,29
SUB100659,2026-02,22.6,551,3,10,480.69,0,30
SUB102956,2026-03,6.74,66,3,8,180.16,0,30
SUB100600,2026-06,7.03,167,3,24,305.65,0,28
SUB101868,2026-02,3.58,168,2,7,305.92,0,26
SUB101624,2026-04,31.66,100,2,13,465.2,0,29
SUB100958,2026-07,3.87,67,1,12,322.91,0,29
SUB100366,2026-02,9.03,119,4,14,196.7,0,27
SUB101035,2026-06,25.25,28,1,11,459.86,0,28
SUB102259,2026-02,6.81,116,2,11,333.98,0,30
SUB101193,2026-07,14.95,250,4,8,415.96,0,29
SUB102609,2026-07,6.51,284,3,21,465.18,0,29
SUB101568,2026-04,17.51,263,0,9,238.7,1,26
SUB101484,2026-05,12.64,233,2,12,146.19,0,29
SUB101294,2026-04,1.46,295,0,16,277.79,0,27
SUB100955,2026-05,8.52,198,3,8,227.23,0,29
SUB102124,2026-02,4.82,126,1,10,,0,29
SUB103178,2026-03,5.96,269,2,10,280.02,0,27
SUB100432,2026-06,11.07,157,4,3,422.05,1,29
SUB102959,2026-05,1.04,61,2,15,160.02,0,26
SUB102359,2026-02,8.07,237,2,8,291.9,0,29
SUB102236,2026-04,13.76,524,5,16,285.03,0,26
SUB102299,2026-05,1.58,290,6,14,98.29,0,29
SUB101787,2026-03,1.66,80,3,6,204.68,0,30
SUB102729,2026-04,4.38,286,1,10,184.94,0,27
SUB102199,2026-03,8.56,133,2,16,204.01,0,27
SUB101112,2026-06,6.24,604,1,9,242.79,0,28
SUB100524,2026-04,4.88,46,0,4,281.03,0,29
SUB102065,2026-05,36.38,460,1,8,0.0,2,26
SUB100510,2026-05,2.75,145,2,11,248.08,0,26
SUB100629,2026-07,13.04,294,2,11,240.8,0,30
SUB101846,2026-05,2.34,496,3,25,173.06,0,30
SUB102113,2026-06,28.53,701,1,7,549.24,0,26
SUB102462,2026-04,3.47,498,2,7,260.8,0,27
SUB100053,2026-06,6.44,337,2,9,249.04,0,27
SUB102033,2026-05,17.91,51,2,11,457.67,0,26
SUB101054,2026-04,6.03,171,1,19,161.05,0,30
SUB100428,2026-06,22.3,81,1,19,417.71,0,27
SUB101822,2026-05,4.78,418,3,8,274.12,0,27
SUB102116,2026-04,3.84,135,0,15,152.93,0,26
SUB100956,2026-02,16.16,82,2,11,383.49,0,27
SUB100398,2026-04,14.89,232,1,10,184.03,1,30
SUB101374,2026-05,8.09,290,5,8,326.67,0,27
SUB100401,2026-07,8.0,270,5,8,444.5,0,26
SUB101618,2026-04,2.98,62,3,23,246.58,0,28
SUB102211,2026-02,19.52,284,3,4,238.13,0,28
SUB100361,2026-03,17.6,138,1,20,419.54,1,30
SUB102945,2026-04,3.99,215,2,14,161.36,0,27
SUB100604,2026-02,5.92,815,1,13,229.85,0,29
SUB101331,2026-03,1.02,222,1,5,229.22,0,28
SUB100674,2026-07,5.68,201,2,13,139.35,0,26
SUB103168,2026-06,36.92,47,2,7,566.36,0,30
SUB100529,2026-06,7.58,665,2,16,242.99,0,27
SUB102805,2026-07,10.68,119,2,12,289.82,0,28
SUB101760,2026-02,7.39,300,1,4,251.1,0,28
SUB102571,2026-04,1.31,202,3,20,260.0,0,29
SUB102165,2026-03,4.91,75,1,4,131.76,0,27
SUB101124,2026-07,10.37,441,2,15,298.12,0,29
SUB100370,2026-04,5.08,355,2,12,299.96,0,28
SUB102532,2026-05,4.78,262,2,18,121.47,0,27
SUB102067,2026-05,14.1,154,0,5,413.19,0,28
SUB100009,2026-03,11.44,125,1,14,175.09,0,26
SUB103072,2026-04,4.06,158,1,9,233.65,0,27
SUB100699,2026-07,1.22,146,3,8,207.35,0,28
SUB101372,2026-02,18.21,338,2,12,185.03,0,29
SUB100218,2026-02,1.74,211,3,12,207.84,1,29
SUB101485,2026-07,2.53,109,0,4,110.85,1,26
SUB101232,2026-07,29.58,173,2,14,468.99,0,28
SUB100449,2026-06,4.24,54,1,21,236.38,0,29
SUB102514,2026-05,3.33,23,2,11,102.47,0,26
SUB102957,2026-07,10.89,171,1,16,472.23,0,30
SUB102125,2026-02,0.62,90,0,13,142.24,1,26
SUB100380,2026-06,14.63,101,2,11,240.16,0,26
SUB102195,2026-05,10.07,506,4,9,242.94,1,28
SUB101041,2026-07,9.07,75,3,14,284.03,0,26
SUB102856,2026-02,7.68,385,1,10,199.07,0,29
SUB101071,2026-02,9.36,177,3,7,290.88,0,26
SUB102934,2026-03,1.97,63,3,10,125.31,0,28
SUB102003,2026-05,14.84,282,0,8,388.96,0,29
SUB102424,2026-04,1.76,1015,0,7,154.91,1,26
SUB101172,2026-07,4.2,281,1,8,278.32,0,28
SUB102871,2026-04,34.27,170,3,8,497.54,0,26
SUB100003,2026-02,9.52,163,4,16,293.61,0,26
SUB102428,2026-02,2.22,213,2,18,229.38,0,27
SUB102089,2026-07,16.49,293,2,8,262.34,0,29
SUB101778,2026-05,10.77,274,3,10,150.89,0,30
SUB101899,2026-04,3.74,132,3,9,172.05,1,29
SUB101702,2026-05,6.05,22,3,12,139.32,0,27
SUB100882,2026-05,10.45,564,1,2,244.66,0,29
SUB101492,2026-04,0.63,86,0,10,189.17,0,28
SUB100953,2026-06,1.42,209,3,14,130.32,0,29
SUB100613,2026-04,0.55,86,2,12,72.42,0,26
SUB100969,2026-05,1.16,110,1,5,264.76,0,30
SUB103008,2026-03,3.32,323,4,11,211.15,0,27
SUB102474,2026-07,12.83,310,6,12,262.14,0,26
SUB100368,2026-02,4.46,272,3,12,225.58,0,26
SUB100081,2026-04,13.22,67,0,18,313.79,0,29
SUB100609,2026-03,14.77,158,4,7,215.41,0,27
SUB101638,2026-03,2.91,209,1,16,74.54,1,28
SUB101096,2026-06,9.49,29,1,12,257.87,0,29
SUB101760,2026-07,8.26,584,4,8,209.95,1,29
SUB101908,2026-02,8.33,179,0,9,259.57,0,28
SUB101702,2026-02,12.94,14,4,12,122.04,0,27
SUB102491,2026-02,7.36,81,1,7,288.99,0,29
SUB101724,2026-05,4.14,483,2,11,131.18,0,27
SUB100586,2026-03,2.79,236,0,3,167.63,0,26
SUB101832,2026-07,4.38,240,2,14,141.61,0,29
SUB101742,2026-04,4.54,594,0,2,171.48,0,29
SUB101392,2026-04,57.35,111,0,7,539.01,0,27
SUB102889,2026-03,19.2,45,7,16,252.01,1,27
SUB101476,2026-02,7.25,502,3,13,271.99,0,28
SUB100955,2026-02,8.85,219,1,6,205.19,0,29
SUB100752,2026-06,4.55,275,3,8,294.46,0,29
SUB102324,2026-04,1.55,247,0,12,274.42,0,26
SUB102840,2026-07,3.02,79,6,4,187.96,0,26
SUB102974,2026-07,9.77,242,2,13,491.65,0,29
SUB100555,2026-03,5.7,362,1,5,180.44,0,26
SUB101392,2026-06,56.7,109,3,9,550.46,0,28
SUB100737,2026-04,1.03,242,3,12,81.55,0,26
SUB102383,2026-04,4.74,126,1,20,142.14,0,28
SUB102488,2026-05,13.0,166,4,9,343.5,0,29
SUB100814,2026-04,13.54,361,2,13,308.29,0,29
SUB101433,2026-06,15.82,412,3,20,272.64,0,29
SUB102170,2026-04,2.28,96,1,5,115.33,0,27
SUB100247,2026-04,5.95,198,3,3,184.09,0,30
SUB102480,2026-06,15.11,297,4,8,195.31,0,27
SUB100576,2026-05,6.76,563,1,8,235.15,0,30
SUB100634,2026-06,2.82,670,1,12,231.9,0,27
SUB101827,2026-03,1.47,427,1,13,158.82,0,26
SUB101110,2026-04,6.52,282,0,4,232.77,0,27
SUB102578,2026-07,0.83,734,1,5,224.27,0,27
SUB101303,2026-02,7.31,90,2,8,280.49,0,26
SUB100536,2026-05,8.1,1042,2,15,293.88,0,26
SUB100537,2026-03,4.22,545,3,7,219.17,0,26
SUB102781,2026-02,22.26,454,0,12,428.23,0,26
SUB101899,2026-02,3.16,194,2,7,172.95,0,28
SUB103050,2026-04,16.41,714,4,4,371.9,0,28
SUB100399,2026-07,13.89,101,0,14,383.23,0,28
SUB102200,2026-02,4.98,164,0,1,168.19,0,27
SUB102831,2026-05,12.91,186,5,5,254.96,0,26
SUB102203,2026-03,1.77,799,5,15,293.22,0,27
SUB101610,2026-02,2.3,108,1,4,150.66,0,28
SUB102200,2026-07,5.91,213,1,13,169.15,0,29
SUB101294,2026-03,1.46,207,2,13,234.92,0,28
SUB101473,2026-04,5.32,7,4,18,137.76,0,30
SUB100536,2026-04,7.04,967,2,7,307.83,0,27
SUB102240,2026-02,0.63,126,7,14,127.43,0,28
SUB101635,2026-03,19.07,179,2,6,441.54,0,28
SUB101516,2026-02,10.36,212,1,11,288.34,0,27
SUB101579,2026-07,8.25,34,2,10,228.88,0,30
SUB101478,2026-02,7.47,209,1,15,0.0,0,30
SUB102430,2026-07,3.34,197,2,16,176.57,0,29
SUB100228,2026-06,15.83,102,4,5,336.02,0,26
SUB102840,2026-06,4.13,51,2,3,208.2,0,30
SUB101471,2026-05,23.06,416,1,9,299.32,0,29
SUB101409,2026-07,1.87,196,1,5,110.4,0,29
SUB102712,2026-05,5.53,377,2,11,302.5,0,30
SUB101945,2026-03,21.22,224,1,6,464.11,0,27
SUB100443,2026-07,10.22,148,1,14,272.3,0,26
SUB103197,2026-03,1.21,252,3,12,166.83,0,28
SUB101363,2026-03,1.93,119,1,9,135.0,0,29
SUB100460,2026-03,12.33,222,2,8,363.01,0,28
SUB100087,2026-04,7.88,113,3,14,340.0,0,29
SUB103185,2026-02,16.43,39,2,5,303.66,1,27
SUB102067,2026-04,19.94,107,2,10,422.37,0,29
SUB101887,2026-05,6.35,147,2,8,263.04,0,28
SUB101446,2026-07,4.86,361,3,14,181.85,0,28
SUB102506,2026-07,8.16,202,1,10,203.46,0,29
SUB100791,2026-06,2.82,308,1,12,257.19,0,29
SUB102494,2026-06,2.32,321,3,11,140.98,0,29
SUB100217,2026-05,1.57,199,1,13,128.94,0,28
SUB102906,2026-02,4.31,236,2,11,222.95,0,28
SUB100286,2026-07,8.14,406,1,6,257.31,0,27
SUB103151,2026-02,1.51,168,3,15,177.03,0,27
SUB100520,2026-04,14.57,121,5,7,376.21,1,27
SUB101247,2026-03,0.62,20,6,5,224.17,0,28
SUB103060,2026-05,14.07,145,3,19,300.33,0,27
SUB101278,2026-07,8.09,17,1,8,242.62,0,28
SUB102428,2026-05,2.15,172,0,16,286.74,0,26
SUB102116,2026-07,3.78,175,2,14,194.39,0,28
SUB101904,2026-06,5.04,217,6,8,327.8,1,30
SUB102013,2026-02,7.57,430,3,9,260.09,0,26
SUB101195,2026-06,11.3,232,0,20,309.46,0,30
SUB102528,2026-02,1.61,500,4,11,204.14,0,29
SUB101070,2026-02,18.96,451,4,6,384.06,0,30
SUB101787,2026-07,2.21,67,0,8,172.59,0,29
SUB102709,2026-02,5.71,44,0,16,242.32,0,27
SUB101939,2026-04,11.04,187,3,10,304.62,0,29
SUB102699,2026-04,7.69,317,3,13,307.86,0,29
SUB102334,2026-02,6.3,372,7,7,279.47,0,26
SUB102024,2026-03,4.37,105,2,12,245.16,0,29
SUB102415,2026-07,2.05,309,2,7,104.51,0,27
SUB102376,2026-03,13.24,452,0,16,279.88,0,30
SUB101588,2026-07,11.18,676,4,7,322.25,0,29
SUB101984,2026-02,6.77,65,1,8,173.85,0,28
SUB103000,2026-06,16.53,517,3,11,414.08,0,30
SUB100693,2026-06,5.63,135,2,16,315.26,0,27
SUB101298,2026-02,22.75,135,2,13,481.85,0,28
SUB101670,2026-04,6.48,116,3,20,313.91,0,28
SUB103140,2026-03,13.18,302,4,9,353.01,0,30
SUB100963,2026-07,14.83,98,4,11,344.54,0,27
SUB101397,2026-02,13.47,510,0,6,298.03,0,28
SUB100692,2026-03,1.5,906,1,10,147.92,0,30
SUB101919,2026-07,7.91,412,2,10,227.06,0,30
SUB102704,2026-06,1.07,262,1,12,199.38,0,30
SUB100683,2026-02,7.02,268,2,16,155.83,0,27
SUB102897,2026-03,24.13,438,2,6,244.1,0,27
SUB102983,2026-07,3.78,24,3,7,354.56,0,27
SUB100956,2026-07,14.54,102,1,12,398.46,0,27
SUB102293,2026-04,28.64,110,0,15,597.86,0,27
SUB102290,2026-04,9.65,259,2,14,276.37,0,30
SUB100956,2026-04,13.64,107,3,16,333.52,0,27
SUB100800,2026-02,9.03,630,3,16,162.66,0,28
SUB100165,2026-06,24.02,128,0,10,418.7,0,27
SUB102579,2026-06,2.71,897,4,6,210.67,0,26
SUB100984,2026-02,4.08,223,1,5,220.26,0,29
SUB101142,2026-06,10.31,261,2,7,291.2,0,29
SUB101611,2026-06,8.12,228,2,9,227.23,0,29
SUB102454,2026-07,2.7,205,3,12,209.59,2,28
SUB100547,2026-05,9.15,155,0,2,327.16,0,27
SUB101277,2026-03,7.28,153,1,13,186.56,0,27
SUB101419,2026-04,15.59,272,5,13,420.46,0,27
SUB100473,2026-07,5.31,100,0,14,177.17,0,30
SUB102979,2026-06,19.4,290,3,11,516.54,0,30
SUB103183,2026-02,3.76,385,0,4,193.5,0,26
SUB100665,2026-04,13.84,1125,1,3,183.88,0,28
SUB100849,2026-02,1.41,263,2,17,119.68,0,27
SUB100661,2026-07,4.33,109,1,5,153.73,1,29
SUB101987,2026-06,16.6,81,0,13,407.06,0,27
SUB101849,2026-02,2.13,192,1,13,141.7,0,29
SUB103055,2026-06,9.82,384,1,7,271.67,0,29
SUB100506,2026-04,10.34,96,3,21,238.37,0,29
SUB101551,2026-06,13.89,708,3,13,488.99,0,28
SUB101848,2026-04,14.19,359,2,8,344.52,0,29
SUB102770,2026-07,4.37,297,3,7,360.87,0,29
SUB100531,2026-05,8.29,470,3,9,539.12,1,29
SUB100453,2026-02,17.3,371,1,8,447.24,0,29
SUB100722,2026-04,9.4,345,1,11,228.22,0,29
SUB102801,2026-05,15.12,202,7,14,503.23,0,30
SUB101175,2026-02,4.06,463,2,10,213.68,0,28
SUB102816,2026-07,7.93,27,1,11,351.85,0,28
SUB100659,2026-04,21.37,596,3,10,392.75,0,29
SUB100396,2026-07,9.27,761,2,8,397.48,0,28
SUB102405,2026-04,7.68,93,2,3,342.7,0,28
SUB100024,2026-04,15.72,277,1,15,330.2,1,27
SUB102417,2026-05,40.44,143,0,16,0.0,2,28
SUB101218,2026-02,9.57,371,7,8,231.46,0,26
SUB103165,2026-04,1.61,227,1,7,307.71,1,30
SUB102778,2026-06,11.53,169,3,10,308.89,0,26
SUB101168,2026-05,3.03,319,0,7,104.36,0,29
SUB100167,2026-03,2.23,299,0,17,176.15,0,30
SUB101945,2026-04,22.51,203,1,11,533.12,0,29
SUB100650,2026-02,17.68,93,2,2,439.66,0,30
SUB100856,2026-07,10.35,365,2,7,349.42,0,27
SUB100425,2026-02,9.83,28,1,13,292.88,0,28
SUB101737,2026-04,1.9,193,2,21,148.0,0,30
SUB102986,2026-05,10.11,330,3,8,319.44,0,29
SUB102378,2026-07,4.86,223,3,26,160.91,0,26
SUB103136,2026-04,7.91,571,2,0,236.42,0,29
SUB102125,2026-04,0.72,44,2,16,127.17,0,28
SUB101810,2026-07,27.83,100,3,9,342.95,0,26
SUB102280,2026-02,37.9,363,0,11,461.23,0,29
SUB100535,2026-07,19.68,371,3,5,327.51,1,30
SUB100614,2026-04,5.41,181,2,19,182.67,0,30
SUB101666,2026-05,8.78,192,3,18,389.05,0,28
SUB101385,2026-04,3.96,77,0,7,151.61,0,30
SUB102467,2026-02,6.99,284,3,18,227.99,0,27
SUB102087,2026-04,6.3,36,2,13,225.86,0,30
SUB101467,2026-02,5.58,73,1,13,186.05,0,26
SUB101509,2026-05,13.08,307,0,17,303.47,0,30
SUB100688,2026-02,8.95,255,0,12,224.9,0,30
SUB102260,2026-03,14.01,64,3,17,443.04,0,27
SUB100205,2026-03,9.83,87,0,14,205.04,0,26
SUB102275,2026-05,5.44,31,3,9,208.01,0,28
SUB100742,2026-06,29.14,126,2,12,580.95,0,26
SUB100135,2026-04,10.36,381,1,10,173.93,0,30
SUB101983,2026-03,12.84,93,0,18,364.55,1,26
SUB100487,2026-07,4.52,177,2,4,257.84,0,27
SUB100386,2026-05,5.25,141,1,8,149.39,0,28
SUB101274,2026-02,8.93,28,2,3,284.68,0,26
SUB101444,2026-07,7.59,427,1,3,332.17,0,28
SUB103154,2026-04,0.7,31,2,20,177.78,0,30
SUB101067,2026-02,4.28,276,2,13,167.84,0,30
SUB102219,2026-06,13.54,307,5,8,450.56,0,26
SUB100739,2026-05,4.96,175,1,8,258.41,0,30
SUB102564,2026-03,24.34,105,4,7,345.48,0,28
SUB102138,2026-06,5.05,128,5,14,504.01,0,30
SUB101432,2026-04,3.82,296,0,8,318.72,0,28
SUB100257,2026-06,3.19,205,1,8,187.21,0,29
SUB102545,2026-06,10.5,63,1,18,227.83,1,28
SUB102572,2026-03,2.2,581,3,12,177.86,0,28
SUB102653,2026-03,5.47,463,1,20,345.88,0,27
SUB101068,2026-03,4.54,458,0,20,324.51,0,29
SUB103186,2026-06,11.78,917,5,11,258.17,0,29
SUB100334,2026-07,6.55,514,4,17,217.53,0,30
SUB101843,2026-03,4.01,57,1,10,155.34,1,26
SUB102435,2026-07,7.35,327,1,9,458.52,0,28
SUB102032,2026-03,1.81,210,3,3,87.6,0,26
SUB101484,2026-03,10.49,296,2,12,150.94,0,28
SUB102858,2026-04,2.87,139,1,15,225.89,0,28
SUB102352,2026-03,7.12,456,3,16,175.78,0,30
SUB100717,2026-04,0.77,32,1,15,76.88,0,30
SUB102411,2026-04,12.56,76,0,9,270.94,0,27
SUB101037,2026-07,1.14,323,1,6,249.7,0,26
SUB100333,2026-05,5.91,238,5,14,361.68,0,26
SUB101867,2026-06,5.07,207,7,10,163.45,0,30
SUB100310,2026-05,6.18,486,1,17,160.04,1,29
SUB102084,2026-07,1.61,412,2,9,200.22,0,29
SUB102118,2026-03,2.17,143,2,3,154.59,0,29
SUB101314,2026-05,14.42,264,3,12,262.27,0,30
SUB103057,2026-02,11.83,320,2,8,239.97,0,28
SUB102507,2026-03,18.75,293,1,16,627.11,0,27
SUB102067,2026-06,18.66,214,4,10,,0,29
SUB101181,2026-04,4.13,128,2,7,289.27,0,26
SUB100405,2026-07,10.96,155,0,12,406.03,0,28
SUB102506,2026-06,11.88,211,2,6,198.77,0,26
SUB101486,2026-05,6.53,124,1,9,193.39,0,28
SUB102141,2026-07,12.7,104,3,20,179.12,0,30
SUB102408,2026-02,8.14,418,4,7,281.8,0,29
SUB101639,2026-04,14.19,407,0,18,516.52,0,30
SUB103073,2026-06,11.32,365,6,16,328.53,0,30
SUB100139,2026-04,2.3,118,0,14,110.44,0,28
SUB101205,2026-04,9.54,211,2,12,286.1,0,28
SUB101910,2026-03,45.67,389,3,9,714.52,0,29
SUB100180,2026-07,5.58,105,2,13,174.23,0,29
SUB100073,2026-03,11.92,162,4,15,452.21,0,27
SUB100676,2026-06,0.11,88,5020,7,259.83,0,28
SUB100135,2026-06,10.2,278,4,12,238.36,0,28
SUB102100,2026-05,2.06,265,3,13,195.57,0,27
SUB101877,2026-06,0.93,108,3,10,184.03,0,28
SUB103183,2026-06,1.43,226,1,7,187.0,0,27
SUB100201,2026-05,31.14,260,2,4,593.03,0,30
SUB101265,2026-02,23.51,289,1,16,431.49,0,27
SUB100063,2026-04,12.65,597,5,5,332.22,0,27
SUB101791,2026-07,14.62,144,0,6,417.96,0,27
SUB101616,2026-02,4.29,454,3,15,281.22,1,30
SUB100594,2026-03,4.76,79,3,9,137.96,0,26
SUB100152,2026-06,8.23,289,2,13,307.41,0,27
SUB101134,2026-06,6.08,70,4,9,187.44,0,28
SUB103024,2026-05,13.26,76,1,14,255.5,0,27
SUB101905,2026-05,10.41,338,0,17,408.38,0,28
SUB100472,2026-06,6.83,85,3,8,243.67,0,27
SUB100771,2026-06,4.78,54,1,12,96.06,0,27
SUB101514,2026-03,26.67,136,2,11,440.25,0,27
SUB102035,2026-03,1.3,501,1,7,152.29,0,29
SUB101577,2026-03,5.54,15,0,11,363.52,0,30
SUB100241,2026-02,7.02,118,5,13,171.1,0,28
SUB103138,2026-05,10.66,123,2,10,267.3,0,26
SUB100174,2026-07,1.48,340,2,4,152.83,0,28
SUB101679,2026-03,2.99,52,0,15,150.2,0,28
SUB102273,2026-02,4.13,171,3,10,128.28,0,30
SUB102204,2026-03,18.77,264,2,7,195.21,1,27
SUB102061,2026-02,4.76,1249,1,8,204.11,0,30
SUB101379,2026-05,10.43,183,0,9,264.85,0,29
SUB100682,2026-04,1.68,572,1,7,109.68,0,26
SUB102569,2026-02,4.23,151,3,9,316.49,0,30
SUB102516,2026-04,12.95,333,2,11,293.93,0,30
SUB101326,2026-05,5.1,86,2,10,254.82,0,28
SUB100164,2026-02,7.24,232,3,18,176.96,0,29
SUB102634,2026-05,14.77,313,1,12,359.62,0,27
SUB100078,2026-02,2.44,309,3,19,211.39,0,27
SUB101549,2026-05,2.14,244,1,8,134.47,0,27
SUB100435,2026-02,5.09,134,2,4,299.07,0,28
SUB102189,2026-03,5.65,149,2,6,116.95,0,28
SUB100841,2026-07,1.9,306,3,15,180.61,1,28
SUB102409,2026-05,15.95,72,0,13,243.91,0,28
SUB101662,2026-02,16.58,464,4,19,492.81,1,27
SUB101007,2026-07,6.75,659,2,12,217.27,0,30
SUB100570,2026-02,10.13,153,0,8,236.81,0,27
SUB100588,2026-04,52.31,209,1,11,784.35,0,29
SUB101408,2026-05,6.03,426,1,9,237.24,0,28
SUB101455,2026-02,9.12,169,1,9,250.54,1,26
SUB102989,2026-05,1.95,307,1,9,165.91,0,27
SUB100713,2026-07,2.42,119,3,9,188.31,0,27
SUB100119,2026-06,4.06,30,1,10,116.71,0,27
SUB101225,2026-06,1.01,357,2,14,254.85,0,30
SUB100715,2026-04,4.3,48,3,13,374.1,0,29
SUB102017,2026-03,16.65,361,1,8,510.97,0,29
SUB101380,2026-07,1.03,295,1,13,252.37,0,26
SUB101503,2026-02,4.87,44,3,11,228.28,0,29
SUB101107,2026-07,2.06,410,1,15,215.63,0,26
SUB102959,2026-04,0.86,66,3,16,159.53,0,30
SUB101691,2026-03,5.34,1387,2,7,495.09,0,28
SUB102186,2026-04,10.24,84,1,6,109.88,0,28
SUB102208,2026-04,7.49,119,1,18,0.0,0,30
SUB100374,2026-07,6.19,79,4,7,241.36,0,30
SUB103163,2026-07,3.87,770,3,22,225.51,0,30
SUB100674,2026-04,3.56,251,2,14,120.49,0,28
SUB101830,2026-07,9.77,57,3,2,239.68,0,30
SUB102063,2026-06,2.29,522,1,11,169.6,0,26
SUB102248,2026-03,13.84,178,3,9,299.36,0,26
SUB100534,2026-02,3.98,87,2,8,115.1,0,27
SUB100532,2026-04,9.91,45,2,18,188.81,0,30
SUB102562,2026-04,3.37,152,1,5,193.84,0,26
SUB102718,2026-03,8.03,116,4,7,258.31,0,28
SUB102843,2026-04,10.5,936,7,15,450.86,0,28
SUB100685,2026-02,17.78,445,1,3,504.03,0,30
SUB102569,2026-03,3.82,172,2,12,308.49,0,29
SUB100944,2026-05,4.23,327,1,11,459.03,0,29
SUB101537,2026-02,5.64,329,2,4,206.54,0,27
SUB103025,2026-07,6.66,128,3,18,222.57,0,29
SUB101084,2026-07,2.43,248,5,12,221.94,0,26
SUB101365,2026-07,13.14,274,2,5,352.7,0,30
SUB100918,2026-06,21.39,21,1,13,346.11,0,27
SUB102180,2026-06,7.94,502,1,8,231.11,0,26
SUB102846,2026-04,0.9,99,0,9,74.53,0,29
SUB102720,2026-03,1.37,433,4,5,199.26,0,29
SUB100582,2026-07,8.53,488,2,6,251.41,0,29
SUB100299,2026-06,4.8,397,6,9,177.7,0,29
SUB101659,2026-07,6.97,175,1,6,302.23,0,30
SUB102118,2026-05,4.16,147,2,5,143.12,0,26
SUB102640,2026-05,8.15,50,3,7,213.5,0,27
SUB101408,2026-07,4.98,395,1,13,257.05,0,26
SUB102438,2026-06,6.05,417,5,10,183.58,1,26
SUB101180,2026-02,11.54,67,2,11,205.37,0,30
SUB101528,2026-04,4.32,447,0,12,325.48,0,30
SUB101396,2026-03,7.87,460,1,6,313.64,0,28
SUB100815,2026-05,15.41,327,1,17,453.9,1,27
SUB100370,2026-03,6.26,475,4,7,344.19,0,27
SUB102049,2026-07,13.75,95,0,17,193.86,0,29
SUB101494,2026-05,14.38,324,1,12,275.94,0,27
SUB100069,2026-05,37.57,49,2,23,448.54,1,29
SUB103086,2026-05,1.18,278,1,18,261.04,0,29
SUB101243,2026-05,1.4,187,2,7,120.5,0,29
SUB103032,2026-03,6.58,216,4,10,208.26,0,29
SUB101559,2026-07,2.39,163,1,9,125.72,0,26
SUB100275,2026-04,1.78,354,4,5,148.77,0,27
SUB102313,2026-06,0.86,218,3,5,118.11,0,26
SUB102554,2026-07,7.94,387,1,16,198.74,0,30
SUB101712,2026-07,4.26,247,1,10,336.1,0,27
SUB100181,2026-04,12.85,152,4,8,337.65,0,28
SUB101503,2026-04,7.6,56,2,5,255.62,0,29
SUB100872,2026-02,10.5,349,2,9,304.8,1,30
SUB101220,2026-07,8.45,253,1,13,403.02,0,27
SUB102433,2026-04,1.92,253,1,4,272.7,0,26
SUB101002,2026-07,6.63,143,0,10,312.19,0,29
SUB100636,2026-06,7.11,114,2,8,220.18,0,30
SUB101178,2026-04,14.42,316,2,6,422.04,0,26
SUB101672,2026-05,0.25,44,2906,13,282.88,0,30
SUB101371,2026-06,9.61,629,3,9,404.16,0,29
SUB101560,2026-02,3.53,27,1,16,241.32,0,26
SUB101967,2026-06,7.72,93,0,4,354.4,0,28
SUB102696,2026-07,4.98,170,2,16,257.15,0,26
SUB100259,2026-05,10.51,681,0,16,224.14,0,28
SUB100589,2026-06,4.44,108,2,17,140.51,0,30
SUB101102,2026-02,14.66,45,2,7,382.67,0,27
SUB100029,2026-02,11.96,57,2,14,398.56,0,27
SUB102029,2026-07,11.95,141,3,14,149.48,0,29
SUB100360,2026-06,5.42,174,3,10,363.27,0,30
SUB102165,2026-06,4.35,90,1,11,148.12,1,28
SUB101681,2026-05,13.89,419,2,11,280.08,0,30
SUB101048,2026-02,2.59,54,1,12,83.41,0,28
SUB101348,2026-06,29.17,216,1,7,484.42,0,29
SUB101111,2026-04,9.53,193,3,10,182.48,0,30
SUB100917,2026-02,2.35,181,3,6,226.18,0,27
SUB102622,2026-07,9.78,301,3,7,215.59,0,29
SUB101127,2026-07,3.81,404,0,23,252.74,0,27
SUB102180,2026-07,7.47,572,2,11,267.52,0,29
SUB100219,2026-04,1.79,88,4,16,162.53,0,29
SUB102201,2026-07,13.47,68,2,6,393.55,0,28
SUB101843,2026-04,6.08,108,2,10,182.35,0,27
SUB103057,2026-07,6.87,467,1,6,281.53,1,28
SUB102908,2026-02,1.32,310,2,7,238.94,0,30
SUB100861,2026-05,3.42,503,4,18,236.6,0,28
SUB100766,2026-07,12.83,623,4,3,376.87,0,29
SUB100881,2026-06,8.24,28,5,15,216.58,0,26
SUB100955,2026-04,12.05,272,3,8,216.5,0,30
SUB103113,2026-03,0.48,309,1,8,156.41,0,30
SUB101203,2026-02,4.39,153,2,19,131.21,0,30
SUB103020,2026-06,2.37,328,1,14,195.58,0,27
SUB101000,2026-03,9.32,499,4,9,298.19,0,27
SUB102107,2026-02,1.18,361,1,7,185.1,0,26
SUB102515,2026-06,5.27,99,2,21,329.36,0,30
SUB102690,2026-07,8.83,575,3,10,266.42,0,26
SUB100498,2026-02,8.05,452,2,13,220.86,0,29
SUB100885,2026-05,7.94,332,1,16,199.15,0,26
SUB101246,2026-02,8.4,92,2,8,337.25,1,27
SUB100571,2026-06,9.58,117,1,5,179.29,1,27
SUB102768,2026-04,9.79,172,0,13,212.0,0,27
SUB102189,2026-04,4.36,132,0,4,95.72,0,28
SUB101445,2026-04,6.11,127,2,11,199.78,0,29
SUB102190,2026-02,7.6,257,3,15,191.77,0,29
SUB102214,2026-04,4.33,366,1,13,262.99,0,30
SUB101655,2026-07,17.97,352,3,17,405.08,0,26
SUB101116,2026-05,4.04,149,2,14,211.1,0,28
SUB103103,2026-03,23.16,47,4,9,377.19,0,27
SUB102332,2026-04,17.41,386,2,12,365.39,0,29
SUB101651,2026-06,5.09,624,1,8,219.13,0,27
SUB102341,2026-02,11.84,158,2,7,229.69,0,27
SUB102268,2026-02,8.17,400,2,14,224.01,0,29
SUB102951,2026-07,11.92,413,2,14,384.25,0,26
SUB100556,2026-04,13.09,94,5,8,421.75,0,27
SUB100095,2026-02,7.36,64,2,8,299.06,0,27
SUB101238,2026-04,21.19,972,3,13,485.06,0,29
SUB101727,2026-03,39.14,99,0,5,517.12,0,30
SUB100471,2026-03,18.62,74,2,7,311.76,0,26
SUB101625,2026-03,6.9,256,4,5,307.83,0,28
SUB100958,2026-04,5.18,71,0,13,309.61,0,30
SUB102237,2026-07,15.86,226,1,7,324.94,0,27
SUB101161,2026-02,11.61,146,4,14,352.31,0,29
SUB100283,2026-06,4.9,64,3,8,153.03,0,26
SUB100999,2026-05,2.12,25,0,20,168.91,0,27
SUB103164,2026-04,9.6,88,1,15,257.9,0,27
SUB101456,2026-06,2.35,73,1,16,121.87,0,30
SUB102779,2026-07,10.88,120,3,5,366.4,0,30
SUB101195,2026-05,13.95,152,3,12,362.08,0,28
SUB102760,2026-06,7.34,108,2,6,174.35,0,30
SUB100235,2026-04,1.47,235,1,14,150.23,0,29
SUB103198,2026-04,2.47,199,4,12,265.25,0,28
SUB102655,2026-07,3.21,439,3,7,331.53,0,30
SUB101988,2026-06,0.4,32,5732,10,222.72,0,27
SUB100456,2026-03,8.13,129,2,8,260.56,0,29
SUB100759,2026-05,5.12,174,2,16,299.89,0,29
SUB101191,2026-06,2.09,86,3,8,,0,30
SUB102996,2026-06,6.08,346,0,18,120.42,0,28
SUB101829,2026-07,12.12,165,5,10,185.19,0,26
SUB102577,2026-03,18.21,201,1,7,437.85,0,26
SUB102743,2026-04,5.52,285,1,8,344.05,0,30
SUB103163,2026-03,5.12,822,2,15,219.42,0,26
SUB103028,2026-02,7.11,467,2,6,239.4,0,30
SUB102287,2026-04,1.57,165,3,21,90.97,0,30
SUB100722,2026-06,12.78,356,0,8,236.38,0,29
SUB102981,2026-07,1.02,189,1,17,257.34,0,30
SUB102156,2026-02,6.53,283,3,9,125.38,1,29
SUB103119,2026-03,19.12,374,2,10,474.05,0,26
SUB101773,2026-02,1.61,184,3,13,111.54,0,29
SUB102505,2026-06,5.81,191,0,3,311.48,1,29
SUB100921,2026-07,10.48,42,2,10,201.27,0,28
SUB100577,2026-07,0.97,33,1,12,154.23,0,26
SUB102670,2026-02,10.59,229,0,11,297.68,0,29
SUB100937,2026-06,11.68,335,1,16,327.85,1,28
SUB102858,2026-06,4.38,102,2,15,206.24,0,30
SUB101055,2026-06,6.8,52,2,1,262.29,0,27
SUB101952,2026-03,13.88,302,4,12,403.52,0,30
SUB101257,2026-05,9.48,386,2,9,289.68,0,30
SUB101378,2026-06,7.27,103,3,7,161.49,0,27
SUB100568,2026-06,31.83,127,1,17,422.64,0,27
SUB100248,2026-02,6.57,257,2,12,205.69,0,27
SUB101949,2026-02,12.8,293,4,13,515.0,0,26
SUB102772,2026-04,5.09,249,2,4,136.84,1,28
SUB102826,2026-05,4.56,319,1,7,238.73,0,28
SUB101297,2026-04,7.78,227,3,14,249.47,0,28
SUB100083,2026-07,5.3,190,2,6,341.91,0,27
SUB102392,2026-02,15.18,62,2,5,359.92,1,26
SUB101636,2026-06,2.38,203,2,8,185.95,0,28
SUB100695,2026-05,1.75,87,5,13,128.16,0,27
SUB101320,2026-07,7.51,75,1,18,255.85,0,30
SUB100808,2026-05,7.16,316,4,6,341.98,0,29
SUB101861,2026-04,20.87,188,1,4,373.73,0,30
SUB102537,2026-02,0.91,65,2,14,259.0,0,26
SUB100085,2026-07,6.87,182,1,10,184.38,1,30
SUB103021,2026-04,6.77,101,4,12,269.86,0,28
SUB100263,2026-06,6.14,254,2,12,168.27,2,28
SUB102805,2026-02,13.01,83,2,5,287.11,0,26
SUB102806,2026-06,1.1,287,0,16,132.87,0,29
SUB102805,2026-03,11.52,109,4,6,272.31,0,27
SUB102982,2026-04,5.54,640,4,5,311.07,0,27
SUB102861,2026-04,3.62,129,2,1,312.96,0,27
SUB100906,2026-05,2.33,80,3,13,126.02,0,28
SUB101610,2026-06,2.48,95,4,4,145.04,1,29
SUB100738,2026-05,15.43,419,5,19,355.67,0,26
SUB102086,2026-05,1.02,151,2,10,249.59,0,30
SUB101745,2026-07,7.37,23,1,15,260.35,0,29
SUB102779,2026-04,11.31,147,6,15,358.98,0,29
SUB102920,2026-04,12.68,169,1,7,289.09,0,26
SUB100920,2026-06,11.27,205,4,10,394.42,0,26
SUB103113,2026-04,0.64,201,0,6,159.41,1,28
SUB101612,2026-03,4.57,697,2,6,266.44,0,27
SUB101891,2026-04,6.69,217,1,7,323.34,0,29
SUB100608,2026-04,1.32,183,0,11,83.75,0,26
SUB102532,2026-02,3.16,300,3,14,138.93,0,30
SUB101575,2026-04,1.77,152,2,11,244.7,0,27
SUB101865,2026-02,4.03,254,1,7,161.33,0,29
SUB101492,2026-02,0.97,78,3,6,206.64,0,30
SUB102557,2026-05,10.58,165,0,4,317.58,1,26
SUB100101,2026-07,10.86,569,4,10,264.03,0,27
SUB102237,2026-06,14.13,365,3,6,347.59,1,28
SUB102460,2026-05,2.83,87,3,12,311.13,0,27
SUB100446,2026-02,8.74,178,2,10,231.44,0,30
SUB101298,2026-04,21.5,146,1,10,432.97,0,26
SUB102719,2026-03,5.94,154,2,9,212.02,0,28
SUB103114,2026-07,3.51,179,0,6,155.29,0,27
SUB100732,2026-05,3.19,133,1,14,225.37,0,26
SUB100649,2026-06,25.16,293,1,10,402.31,0,26
SUB100985,2026-02,11.81,273,2,5,265.2,0,26
SUB103005,2026-03,10.06,200,1,3,298.53,0,27
SUB100273,2026-07,5.15,101,3,10,179.38,0,28
SUB102015,2026-07,7.5,184,4,19,104.76,0,27
SUB102018,2026-07,1.1,118,3,11,268.55,0,29
SUB103093,2026-03,12.0,154,3,2,290.02,0,26
SUB102929,2026-06,1.22,99,1,5,76.23,0,30
SUB102238,2026-02,24.03,359,5,24,396.68,0,28
SUB101117,2026-07,6.88,292,1,10,300.58,0,28
SUB102498,2026-06,2.11,192,4,12,228.78,0,28
SUB100480,2026-03,5.3,652,3,13,182.42,0,27
SUB102362,2026-03,17.41,298,2,6,309.26,0,28
SUB101689,2026-03,13.02,394,2,13,342.88,0,30
SUB100716,2026-05,5.6,110,3,17,241.15,0,28
SUB101580,2026-05,1.35,826,3,12,220.06,0,30
SUB100855,2026-05,2.63,103,1,4,176.86,0,27
SUB100932,2026-05,5.85,514,3,15,233.42,0,26
SUB102670,2026-03,12.02,377,2,12,303.44,0,28
SUB100922,2026-06,6.4,93,1,6,193.01,0,27
SUB101674,2026-04,1.6,126,0,9,142.77,0,29
SUB100116,2026-07,9.96,189,1,13,487.42,0,30
SUB100646,2026-04,7.73,193,4,8,219.03,0,27
SUB101742,2026-07,7.45,646,2,1,223.78,0,29
SUB100508,2026-07,3.37,428,0,6,200.75,0,30
SUB102813,2026-05,3.46,114,2,10,239.0,0,26
SUB101422,2026-06,8.16,76,2,8,144.15,0,29
SUB103152,2026-02,2.6,185,4,18,103.24,0,29
SUB102362,2026-05,13.95,224,0,9,291.65,0,29
SUB103178,2026-04,6.21,396,0,11,295.54,0,26
SUB100561,2026-06,13.34,59,4,14,346.05,0,26
SUB101173,2026-03,8.43,323,1,7,286.96,0,30
SUB101852,2026-04,7.9,346,0,16,200.94,0,27
SUB103174,2026-02,1.48,114,3,17,162.35,1,30
SUB102084,2026-06,2.63,507,0,18,191.19,0,28
SUB101745,2026-02,4.67,46,0,2,245.65,0,28
SUB100151,2026-06,15.41,462,2,9,263.34,0,27
SUB101529,2026-02,12.32,243,1,5,321.25,0,27
SUB100223,2026-07,1.67,279,3,12,109.1,0,27
SUB100191,2026-06,14.38,141,3,17,342.07,0,29
SUB100525,2026-03,6.25,157,1,7,333.79,0,27
SUB102962,2026-04,16.95,227,1,11,408.75,0,29
SUB101048,2026-07,1.48,180,2,15,81.01,0,27
SUB101722,2026-06,18.08,438,4,13,428.59,0,26
SUB102168,2026-04,3.01,659,2,16,241.93,0,27
SUB103064,2026-06,3.81,282,4,11,127.13,0,28
SUB100210,2026-03,3.07,225,0,9,142.69,0,29
SUB101901,2026-03,9.11,95,1,7,174.47,0,26
SUB100220,2026-03,2.98,572,0,15,104.85,0,29
SUB100337,2026-07,0.68,216,1,12,170.48,1,30
SUB101443,2026-04,5.46,88,5,20,292.6,0,27
SUB103112,2026-03,4.71,240,1,12,220.36,0,28
SUB102371,2026-07,4.25,285,1,4,170.38,0,28
SUB101921,2026-07,0.58,343,2,12,147.81,0,26
SUB101796,2026-07,19.35,261,3,24,580.55,0,28
SUB102397,2026-04,0.76,55,5,6,87.81,0,28
SUB100252,2026-04,1.28,68,2,22,168.4,0,30
SUB100949,2026-04,2.32,543,3,8,250.9,0,29
SUB100025,2026-06,1.96,429,1,5,230.59,0,26
SUB102750,2026-06,10.09,171,1,11,179.63,0,27
SUB101202,2026-03,3.98,17,2,13,244.92,0,28
SUB101138,2026-04,2.58,155,3,5,127.85,0,26
SUB100518,2026-06,9.56,123,3,10,249.42,0,27
SUB102306,2026-03,9.63,108,1,13,333.07,0,28
SUB100913,2026-02,1.11,256,3,18,270.01,0,29
SUB102278,2026-03,7.9,321,2,10,136.37,0,26
SUB101770,2026-06,1.11,248,1,8,266.49,0,28
SUB100105,2026-06,8.74,85,2,10,206.42,0,27
SUB100191,2026-02,15.72,76,1,16,348.56,0,28
SUB100180,2026-05,5.95,66,2,15,156.94,0,29
SUB102562,2026-07,4.48,65,4,9,212.75,0,30
SUB101699,2026-02,17.46,436,2,9,360.3,0,26
SUB102412,2026-05,8.83,53,5,16,300.07,0,30
SUB100707,2026-02,20.8,62,1,8,312.98,0,28
SUB101253,2026-02,7.36,71,2,6,216.64,0,27
SUB100012,2026-07,14.99,94,4,5,336.63,0,30
SUB100206,2026-05,7.44,179,3,19,207.94,0,26
SUB100280,2026-06,9.29,210,3,19,371.21,1,26
SUB102765,2026-05,5.99,576,2,8,330.06,0,28
SUB103151,2026-06,1.58,330,1,5,200.66,0,28
SUB101303,2026-05,8.0,69,3,6,208.83,0,30
SUB100752,2026-04,12.85,274,1,4,261.09,0,26
SUB102929,2026-05,1.31,112,6,8,76.29,1,26
SUB101270,2026-02,12.13,941,4,10,276.56,0,29
SUB101867,2026-07,3.93,317,2,16,159.65,0,30
SUB100634,2026-02,1.58,482,4,13,207.95,1,28
SUB103156,2026-04,11.26,580,5,13,307.36,0,29
SUB102652,2026-02,1.88,256,1,11,201.38,0,27
SUB101507,2026-05,19.19,306,4,8,451.88,0,27
SUB100244,2026-02,0.93,84,1,8,155.56,0,27
SUB102178,2026-07,4.53,127,1,14,121.32,1,27
SUB100866,2026-04,10.26,148,1,6,294.98,0,26
SUB101315,2026-03,2.03,116,4,25,93.62,0,26
SUB102516,2026-06,6.51,311,2,11,306.71,0,26
SUB101612,2026-04,4.33,370,2,12,248.59,0,28
SUB103091,2026-03,19.49,343,1,7,368.35,0,29
SUB102026,2026-07,8.15,96,4,9,294.46,0,27
SUB101257,2026-07,15.33,581,2,14,320.88,1,29
SUB100759,2026-06,3.16,108,4,11,211.86,0,27
SUB102171,2026-07,1.16,138,4,16,290.73,0,27
SUB101173,2026-04,12.68,426,6,5,309.59,0,30
SUB102140,2026-05,12.28,62,2,10,386.72,0,27
SUB100153,2026-06,8.0,48,0,18,181.46,0,29
SUB102493,2026-06,6.21,57,3,5,102.7,0,27
SUB102500,2026-02,7.71,145,1,8,364.73,0,28
SUB100915,2026-02,2.91,194,0,4,127.85,0,29
SUB103017,2026-04,30.04,358,4,10,412.96,1,29
SUB100033,2026-06,1.55,44,1,21,138.4,0,26
SUB101358,2026-06,8.32,47,2,10,200.36,0,26
SUB100551,2026-06,7.63,626,0,17,193.41,0,29
SUB101327,2026-06,27.99,90,0,12,415.85,1,28
SUB101755,2026-07,14.59,56,2,7,361.26,0,30
SUB102870,2026-07,2.25,859,1,21,262.84,0,30
SUB100516,2026-07,23.62,106,1,15,395.62,0,28
SUB100135,2026-05,9.87,452,2,12,234.39,0,30
SUB100394,2026-05,7.8,388,2,14,346.52,0,26
SUB102843,2026-03,8.31,739,2,15,442.02,0,27
SUB102686,2026-05,17.33,190,4,9,254.94,0,27
SUB102468,2026-02,6.41,53,0,7,328.1,0,29
SUB102612,2026-07,11.93,46,2,11,287.75,0,29
SUB101123,2026-03,5.42,575,3,9,295.35,0,26
SUB101124,2026-06,9.22,400,2,10,311.23,0,28
SUB102167,2026-07,0.55,298,4,12,108.78,0,29
SUB101844,2026-02,11.8,228,4,9,496.5,0,29
SUB100522,2026-02,10.91,73,2,10,302.05,1,28
SUB101966,2026-03,5.96,110,2,9,262.44,0,27
SUB102081,2026-03,8.89,43,3,11,463.89,0,29
SUB102933,2026-06,6.3,47,0,12,78.91,0,30
SUB101783,2026-02,12.26,779,6,1,291.84,0,30
SUB100010,2026-06,1.6,97,0,17,232.4,0,29
SUB100979,2026-06,11.0,256,1,8,318.73,0,28
SUB100082,2026-05,14.77,299,1,34,169.19,0,27
SUB101345,2026-04,3.13,83,3,11,157.09,0,30
SUB101180,2026-03,7.33,100,0,16,205.3,0,26
SUB100911,2026-03,15.05,283,2,12,393.05,0,26
SUB101963,2026-06,6.33,472,0,9,198.99,0,29
SUB102915,2026-03,1.6,186,3,5,158.78,0,28
SUB102608,2026-07,14.67,476,3,16,190.89,0,27
SUB100103,2026-03,4.58,88,5,8,170.2,0,28
SUB100965,2026-03,1.04,83,3,9,123.57,0,27
SUB102212,2026-03,7.42,72,3,14,282.0,0,29
SUB101203,2026-06,2.67,31,1,13,132.9,0,27
SUB101971,2026-02,1.22,110,3,17,233.78,1,30
SUB101312,2026-07,0.93,89,3,15,225.49,1,29
SUB101974,2026-03,5.09,230,1,10,248.23,0,26
SUB102808,2026-05,2.25,375,5,11,128.85,0,30
SUB101582,2026-04,4.7,215,5,9,156.26,0,27
SUB100561,2026-02,22.42,152,3,16,390.23,0,26
SUB100269,2026-02,5.8,101,1,14,183.16,0,29
SUB102085,2026-02,1.75,512,5,23,210.41,0,28
SUB101943,2026-06,26.66,407,1,11,512.68,0,26
SUB102432,2026-04,5.87,452,3,9,372.65,0,30
SUB103031,2026-05,1.73,37,3,10,194.74,0,27
SUB100252,2026-06,1.21,90,3,18,164.36,0,28
SUB102885,2026-05,9.24,508,7,2,242.43,0,30
SUB102704,2026-05,0.81,327,2,13,198.94,0,26
SUB101056,2026-06,13.56,268,3,17,247.59,0,29
SUB102819,2026-05,1.26,435,2,15,138.09,1,28
SUB101148,2026-02,10.47,250,0,9,142.65,0,28
SUB101780,2026-06,7.57,538,4,22,201.91,0,27
SUB101497,2026-03,20.48,362,3,5,303.06,0,29
SUB101094,2026-07,11.1,233,1,9,400.13,0,30
SUB102496,2026-06,9.13,516,1,17,281.07,0,26
SUB101264,2026-07,6.37,125,2,8,270.03,0,27
SUB101375,2026-05,8.8,308,3,13,226.73,0,27
SUB101212,2026-03,16.67,183,3,9,435.95,0,29
SUB103156,2026-07,6.76,206,3,25,397.83,0,27
SUB102012,2026-04,5.68,336,3,15,314.88,0,27
SUB103030,2026-07,5.61,251,3,7,317.39,0,26
SUB102160,2026-06,2.31,655,0,19,72.81,0,27
SUB103160,2026-03,3.78,261,0,9,133.28,0,27
SUB101869,2026-04,18.53,121,3,7,308.02,0,27
SUB100781,2026-03,5.69,114,0,20,268.73,0,26
SUB102603,2026-02,16.38,182,3,14,411.38,0,30
SUB100318,2026-05,22.93,160,1,6,332.53,0,28
SUB100572,2026-02,1.57,128,1,10,210.97,0,26
SUB100441,2026-06,15.67,44,3,14,486.06,0,27
SUB100781,2026-04,8.87,158,2,18,292.13,0,27
SUB102764,2026-03,7.4,364,3,12,295.09,1,27
SUB102883,2026-05,6.8,173,2,11,260.66,0,29
SUB101886,2026-04,14.82,435,0,9,368.87,0,27
SUB102972,2026-07,14.04,159,1,25,484.43,0,28
SUB101502,2026-07,1.75,152,4,13,205.36,0,27
SUB102169,2026-07,7.45,285,0,10,160.91,0,27
SUB102314,2026-03,16.58,303,1,8,277.34,0,26
SUB102831,2026-03,11.93,187,3,11,284.74,0,26
SUB101257,2026-03,15.18,338,3,16,299.01,0,29
SUB102591,2026-02,42.99,217,1,10,572.59,0,29
SUB101613,2026-04,9.52,247,4,11,243.91,0,27
SUB102232,2026-03,25.47,149,1,11,490.11,0,29
SUB102213,2026-04,2.7,183,0,2,145.2,0,29
SUB101590,2026-02,6.2,57,0,7,347.64,0,30
SUB101329,2026-05,4.3,334,1,9,197.77,0,26
SUB100213,2026-06,10.46,231,4,2,433.72,0,28
SUB100122,2026-03,10.85,154,2,7,339.17,0,27
SUB102958,2026-03,12.43,181,1,13,405.74,0,27
SUB100397,2026-03,8.29,162,1,15,259.5,0,26
SUB102046,2026-02,71.03,464,1,17,966.72,0,26
SUB100716,2026-02,4.89,89,4,14,217.38,0,28
SUB102573,2026-07,6.78,40,2,11,224.02,0,26
SUB101248,2026-07,15.88,206,3,5,579.95,0,30
SUB102416,2026-04,4.54,196,0,16,156.85,0,28
SUB101479,2026-06,1.83,135,1,9,66.18,0,26
SUB102134,2026-06,3.0,93,2,5,175.37,0,28
SUB101475,2026-06,1.86,507,2,12,219.59,1,27
SUB100341,2026-06,5.53,188,1,19,150.16,0,26
SUB102510,2026-05,11.19,204,2,6,285.53,0,30
SUB100237,2026-04,8.24,239,1,7,123.49,0,30
SUB101076,2026-02,31.1,88,0,11,410.42,0,29
SUB100451,2026-03,5.31,249,1,7,144.0,0,28
SUB102043,2026-05,5.29,172,1,21,208.44,0,30
SUB100626,2026-07,0.67,143,4,9,215.04,0,26
SUB100444,2026-02,10.14,269,0,16,294.79,0,30
SUB102853,2026-06,16.13,494,1,13,384.34,0,26
SUB100241,2026-07,10.26,155,0,9,184.7,0,28
SUB102201,2026-06,10.94,110,1,6,452.94,0,30
SUB102409,2026-07,12.91,65,7,11,241.55,0,29
SUB102635,2026-03,8.39,587,2,10,226.65,0,28
SUB100652,2026-06,2.45,400,1,15,197.28,0,29
SUB101232,2026-05,24.73,173,0,9,370.41,0,26
SUB102836,2026-02,23.96,178,1,2,461.26,0,28
SUB102030,2026-03,24.28,91,1,9,558.45,0,28
SUB101296,2026-03,3.57,14,1,12,223.81,0,27
SUB101295,2026-06,10.21,151,1,17,308.87,0,27
SUB102166,2026-03,5.93,663,4,6,161.13,0,26
SUB102028,2026-06,2.12,865,2,19,163.24,0,26
SUB100992,2026-06,21.25,185,3,13,367.06,0,26
SUB103129,2026-05,10.09,209,2,5,177.32,0,30
SUB100426,2026-06,2.55,103,2,15,117.21,0,26
SUB102909,2026-04,4.56,721,3,3,276.47,0,28
SUB102656,2026-03,10.27,154,3,20,206.87,0,27
SUB100592,2026-02,8.23,224,3,7,429.56,0,29
SUB100969,2026-04,1.16,229,1,18,271.39,0,26
SUB102914,2026-03,6.57,35,0,8,375.31,0,26
SUB102664,2026-07,19.03,99,0,12,301.23,1,30
SUB101114,2026-07,1.27,53,0,13,178.37,0,29
SUB102783,2026-02,6.45,154,2,7,129.34,0,27
SUB101595,2026-02,1.11,552,3,14,218.79,0,28
SUB101554,2026-03,10.1,52,1,2,141.91,0,28
SUB102625,2026-04,29.4,86,3,16,527.95,0,29
SUB102548,2026-07,1.44,137,3,7,165.26,0,28
SUB102700,2026-04,7.4,44,1,6,220.53,0,28
SUB102813,2026-02,4.29,158,0,10,200.35,0,26
SUB100686,2026-05,9.71,214,0,14,351.79,0,29
SUB101790,2026-03,0.96,446,2,12,77.24,0,29
SUB101932,2026-07,8.59,102,6,12,240.62,0,29
SUB102824,2026-04,1.9,158,3,8,181.48,0,30
SUB100706,2026-05,2.85,64,1,1,228.56,0,27
SUB100105,2026-03,8.05,84,0,11,263.25,0,26
SUB100468,2026-06,13.27,211,0,5,476.35,0,27
SUB100318,2026-07,20.16,55,0,8,274.79,0,27
SUB102510,2026-02,11.41,232,0,4,301.34,0,30
SUB102212,2026-06,4.67,57,2,8,284.2,0,29
SUB103115,2026-02,4.73,137,2,13,314.56,0,29
SUB100944,2026-03,6.78,443,1,4,370.87,0,26
SUB102543,2026-06,26.2,391,5,7,372.71,0,30
SUB100212,2026-07,7.6,312,2,6,278.0,0,29
SUB102592,2026-07,2.65,48,2,8,112.09,0,26
SUB100567,2026-06,9.53,237,6,7,279.81,0,30
SUB101634,2026-05,37.85,185,3,11,0.0,1,28
SUB101273,2026-04,0.85,205,0,6,133.63,0,30
SUB100039,2026-05,36.46,1030,4,18,526.51,0,26
SUB102912,2026-03,3.48,102,1,18,142.07,0,27
SUB100859,2026-05,7.38,451,1,15,186.16,0,27
SUB103158,2026-06,5.79,330,1,6,138.9,0,30
SUB100535,2026-06,11.47,269,1,9,337.89,0,29
SUB100475,2026-03,24.88,358,2,14,567.5,0,26
SUB101637,2026-04,8.01,368,1,9,238.27,0,29
SUB102370,2026-06,7.44,129,2,9,298.36,0,29
SUB100822,2026-04,6.22,307,1,10,248.99,0,26
SUB103065,2026-06,2.86,67,0,13,158.85,0,29
SUB100530,2026-03,6.48,175,1,5,155.54,0,26
SUB100207,2026-05,2.81,674,2,14,132.5,1,27
SUB100694,2026-02,24.65,334,1,9,454.89,0,30
SUB102870,2026-03,2.42,822,2,19,259.58,0,26
SUB100260,2026-05,6.97,523,1,14,219.22,0,30
SUB102432,2026-02,8.64,593,1,18,348.25,0,27
SUB100567,2026-04,11.89,267,1,3,289.73,0,29
SUB101469,2026-02,2.66,420,2,11,359.44,0,30
SUB101517,2026-03,6.83,118,4,16,138.28,0,27
SUB101759,2026-03,7.72,366,3,6,214.28,0,30
SUB100144,2026-03,8.83,495,2,9,313.93,0,30
SUB100244,2026-05,1.17,129,1,5,189.66,0,28
SUB101829,2026-02,11.85,161,1,9,231.36,0,30
SUB100783,2026-02,4.88,399,2,16,156.71,0,26
SUB100999,2026-04,1.3,19,1,9,136.1,0,26
SUB101714,2026-03,13.58,312,2,6,265.82,0,29
SUB102758,2026-04,1.94,250,1,9,221.02,0,29
SUB101950,2026-06,4.82,102,3,7,126.56,0,26
SUB100805,2026-05,8.41,281,1,15,313.89,0,30
SUB102373,2026-05,7.24,203,2,10,269.11,0,26
SUB102448,2026-02,10.89,484,1,14,342.69,1,28
SUB101968,2026-02,7.59,149,2,3,190.05,0,27
SUB102240,2026-03,0.66,101,0,12,109.74,0,29
SUB102476,2026-06,2.67,662,2,7,165.34,0,30
SUB100464,2026-06,9.23,243,3,15,425.39,1,26
SUB102441,2026-02,3.14,229,3,14,89.26,0,29
SUB102572,2026-05,2.24,369,1,14,208.64,0,26
SUB102520,2026-04,3.72,140,0,3,207.68,0,26
SUB100644,2026-03,4.11,551,2,14,174.19,0,30
SUB100108,2026-05,4.87,741,2,14,255.62,0,29
SUB100490,2026-06,50.21,108,3,4,594.18,0,27
SUB102034,2026-05,5.34,453,4,8,264.18,0,29
SUB100771,2026-05,5.54,90,2,15,134.57,0,29
SUB101023,2026-04,2.37,143,0,18,186.1,0,27
SUB103060,2026-07,11.92,180,1,10,281.92,0,30
SUB102566,2026-07,3.4,69,1,14,120.91,0,27
SUB100725,2026-04,12.27,158,2,12,224.64,0,28
SUB101278,2026-04,6.84,45,3,6,204.57,0,27
SUB100743,2026-04,6.93,631,3,24,227.38,1,29
SUB103042,2026-05,3.47,326,3,8,149.5,0,30
SUB100917,2026-04,3.89,228,3,8,230.82,0,30
SUB100438,2026-07,5.03,826,1,14,304.66,0,27
SUB100057,2026-07,8.3,481,3,8,192.93,0,28
SUB101304,2026-06,26.71,191,6,7,281.12,0,30
SUB100936,2026-06,4.92,56,1,12,71.59,1,30
SUB101012,2026-04,7.11,140,6,20,165.59,0,26
SUB101088,2026-07,5.68,100,0,20,321.19,0,30
SUB100965,2026-06,2.07,64,6,9,141.87,0,28
SUB100391,2026-05,11.55,47,1,11,313.53,0,27
SUB100716,2026-06,5.98,97,2,14,227.78,0,26
SUB102829,2026-05,24.17,81,3,17,490.13,0,26
SUB103180,2026-04,8.76,213,2,14,138.38,0,26
SUB100277,2026-07,0.79,77,0,12,96.61,0,29
SUB101823,2026-04,10.18,249,0,19,233.79,0,29
SUB102841,2026-06,11.36,305,1,19,229.05,0,28
SUB101863,2026-03,7.23,188,1,16,175.62,0,27
SUB101121,2026-03,17.95,190,4,6,408.31,0,29
SUB102487,2026-03,20.31,255,3,11,406.39,1,30
SUB102208,2026-05,8.5,117,2,13,309.3,0,27
SUB102533,2026-06,19.13,199,1,9,405.8,0,30
SUB102631,2026-03,9.12,483,1,5,253.62,1,30
SUB101285,2026-07,6.75,291,2,3,321.8,0,29
SUB100127,2026-02,29.3,222,2,8,391.32,0,26
SUB102525,2026-06,6.25,684,2,18,165.54,0,27
SUB100299,2026-04,4.19,534,1,18,222.99,0,28
SUB100368,2026-07,3.62,220,3,10,243.29,0,29
SUB101626,2026-03,0.55,451,2,27,94.32,0,28
SUB102422,2026-02,29.29,497,0,18,462.74,0,27
SUB102282,2026-05,11.88,302,0,14,308.57,0,30
SUB102463,2026-07,17.06,72,0,15,232.26,0,28
SUB100794,2026-05,6.83,184,2,22,139.5,0,26
SUB102014,2026-05,2.51,936,4,16,303.43,0,27
SUB100012,2026-06,15.8,75,1,5,310.26,0,30
SUB102221,2026-02,1.08,173,1,19,100.64,0,28
SUB102304,2026-02,4.79,377,1,9,201.37,1,30
SUB102768,2026-03,7.42,145,2,11,204.64,0,26
SUB101787,2026-02,2.67,50,1,8,159.93,0,29
SUB101951,2026-05,8.95,264,2,12,219.96,0,27
SUB102858,2026-02,0.99,121,0,20,212.05,0,26
SUB100827,2026-06,9.3,121,0,12,395.7,1,26
SUB101994,2026-06,17.18,346,0,6,282.86,0,28
SUB102778,2026-02,12.6,128,3,15,279.78,0,26
SUB102894,2026-02,1.39,86,3,22,143.64,0,28
SUB100066,2026-05,6.4,65,2,14,291.24,0,26
SUB100143,2026-02,9.91,295,7,2,323.3,0,28
SUB102016,2026-05,0.95,607,2,12,226.92,0,27
SUB100871,2026-07,8.11,227,2,13,226.91,0,26
SUB100578,2026-07,13.86,129,3,10,446.25,0,28
SUB101204,2026-05,6.7,239,3,14,189.16,1,28
SUB102597,2026-07,8.25,562,4,19,216.63,0,29
SUB101548,2026-03,16.58,88,2,17,353.94,0,26
SUB101405,2026-06,0.61,476,0,8,122.18,0,27
SUB100127,2026-03,32.27,386,3,7,381.17,1,29
SUB100082,2026-06,11.32,372,0,25,195.71,0,28
SUB101650,2026-06,8.15,86,2,9,297.08,0,30
SUB100504,2026-07,6.87,515,2,8,379.08,0,30
SUB101442,2026-02,9.89,182,2,16,299.04,0,26
SUB102387,2026-07,0.57,97,1,8,161.86,0,28
SUB101469,2026-07,3.1,431,1,11,334.6,0,28
SUB101740,2026-05,10.66,383,4,10,254.89,1,27
SUB100209,2026-06,9.9,92,2,12,165.72,0,28
SUB102037,2026-04,11.99,159,0,8,129.09,0,26
SUB100989,2026-04,6.72,492,4,9,210.01,0,27
SUB102164,2026-06,2.58,138,3,19,80.15,0,29
SUB102725,2026-07,5.64,36,0,19,259.03,0,29
SUB100595,2026-06,4.45,177,4,15,217.47,0,26
SUB101149,2026-04,11.58,386,2,3,415.21,0,26
SUB101672,2026-02,0.19,74,3543,11,253.27,0,26
SUB102429,2026-02,15.09,188,2,7,288.36,0,28
SUB102629,2026-04,6.99,231,2,10,246.35,1,29
SUB102666,2026-06,8.72,152,0,17,280.92,0,29
SUB102132,2026-04,1.21,15,0,15,178.53,0,28
SUB100097,2026-03,33.14,518,3,10,674.46,0,28
SUB102639,2026-03,2.15,233,1,8,83.24,0,30
SUB101122,2026-06,12.45,112,1,10,293.1,0,29
SUB101001,2026-05,15.49,442,0,9,437.51,0,28
SUB102880,2026-06,6.36,82,3,9,423.76,0,26
SUB102580,2026-03,9.79,167,1,7,249.56,0,30
SUB100515,2026-03,3.63,68,2,17,319.74,1,26
SUB101231,2026-04,1.82,145,3,14,141.0,0,27
SUB100091,2026-06,15.04,18,2,12,209.96,0,28
SUB100742,2026-07,28.46,152,4,14,698.96,0,30
SUB100928,2026-07,3.41,63,0,4,153.68,1,29
SUB101585,2026-06,1.14,303,2,7,187.48,0,27
SUB100678,2026-07,9.65,61,0,17,338.12,1,29
SUB101385,2026-03,7.11,78,0,15,193.53,0,30
SUB102727,2026-03,9.54,169,3,18,338.19,0,27
SUB100959,2026-03,14.14,256,3,6,367.69,0,30
SUB100923,2026-05,10.13,217,2,8,274.93,0,27
SUB101922,2026-02,9.28,147,3,4,209.09,0,26
SUB102883,2026-07,7.41,169,2,12,228.05,0,28
SUB100145,2026-04,11.07,75,0,13,382.29,0,26
SUB100957,2026-03,5.49,430,2,6,254.52,0,29
SUB100780,2026-07,9.12,251,2,7,257.17,0,26
SUB101989,2026-02,6.97,136,1,17,190.26,1,27
SUB102722,2026-05,13.5,223,2,8,361.72,0,29
SUB102990,2026-04,4.85,48,2,11,154.92,0,29
SUB102256,2026-02,5.62,147,0,11,214.86,0,30
SUB102961,2026-06,2.56,226,2,13,130.45,0,29
SUB102924,2026-03,2.33,105,1,21,221.04,0,28
SUB102520,2026-05,7.87,79,1,7,252.13,0,29
SUB102367,2026-06,3.05,666,1,13,214.48,0,29
SUB102415,2026-06,1.45,365,2,8,93.83,0,28
SUB100964,2026-04,3.46,480,2,4,147.69,0,27
SUB100446,2026-07,8.42,223,1,16,209.22,0,30
SUB103019,2026-06,5.4,139,1,18,202.45,0,30
SUB101421,2026-06,6.18,121,0,13,201.62,1,26
SUB101772,2026-02,20.82,266,3,8,398.13,0,30
SUB102462,2026-05,4.69,252,2,9,300.97,0,26
SUB102790,2026-03,14.78,303,2,15,291.92,1,27
SUB101858,2026-04,1.43,10,3,2,141.9,0,26
SUB101152,2026-03,2.17,384,4,5,244.48,0,28
SUB101893,2026-05,6.53,196,3,31,199.53,0,29
SUB102677,2026-03,6.73,99,1,25,224.89,0,29
SUB100862,2026-03,4.18,343,0,10,194.03,0,30
SUB101758,2026-02,7.61,448,2,17,182.37,1,30
SUB102727,2026-05,10.4,124,4,16,331.06,0,30
SUB102816,2026-02,3.31,50,2,5,328.32,1,29
SUB101935,2026-07,8.21,333,1,9,373.99,0,29
SUB100625,2026-02,6.63,709,1,6,262.39,0,26
SUB103085,2026-02,4.99,613,5,8,188.3,0,29
SUB102597,2026-03,10.61,442,1,11,166.33,0,30
SUB100672,2026-05,3.28,147,0,3,237.52,1,26
SUB100009,2026-06,8.02,112,4,6,155.73,0,27
SUB102620,2026-05,1.31,145,2,22,132.49,0,28
SUB100614,2026-05,5.66,201,4,7,183.41,0,29
SUB102548,2026-03,1.97,120,1,2,161.89,0,29
SUB100144,2026-02,9.37,323,2,13,310.71,0,26
SUB101543,2026-03,1.59,94,1,12,114.74,0,27
SUB101266,2026-05,0.6,6,5,8,87.7,0,28
SUB102326,2026-02,1.02,930,1,4,207.74,0,30
SUB100003,2026-03,11.29,276,1,16,258.28,0,29
SUB102610,2026-05,7.58,334,1,25,276.2,0,26
SUB100213,2026-02,14.46,209,1,7,433.06,0,28
SUB100557,2026-06,14.93,77,0,13,361.98,0,29
SUB102233,2026-03,6.96,83,4,7,246.35,0,27
SUB101416,2026-06,19.7,49,1,15,319.09,0,27
SUB100604,2026-05,8.58,694,2,7,235.93,0,28
SUB101918,2026-06,1.96,158,3,11,196.27,0,30
SUB102623,2026-03,2.1,53,1,10,219.49,0,28
SUB101086,2026-05,7.77,247,0,5,297.35,0,28
SUB102404,2026-07,9.01,567,3,11,371.41,0,26
SUB102691,2026-02,0.52,340,1,3,198.14,0,26
SUB101816,2026-06,1.99,302,3,10,129.55,0,28
SUB102500,2026-06,11.64,183,2,14,287.98,0,26
SUB100399,2026-06,14.28,52,1,14,375.16,0,29
SUB102130,2026-07,1.75,413,3,13,123.88,1,30
SUB100995,2026-05,1.04,486,3,17,263.33,0,28
SUB102643,2026-03,9.3,259,3,9,356.16,0,30
SUB103152,2026-05,3.27,175,2,20,96.27,1,26
SUB100282,2026-03,5.66,65,0,2,177.72,0,27
SUB100757,2026-05,21.61,87,2,3,401.06,0,30
SUB102584,2026-06,9.18,149,2,14,213.42,0,26
SUB100065,2026-05,2.97,247,1,5,113.63,0,28
SUB101667,2026-02,11.31,250,3,9,389.86,0,27
SUB100518,2026-07,9.26,134,3,13,286.48,0,29
SUB102120,2026-07,13.18,153,2,2,412.37,0,29
SUB100006,2026-05,4.35,148,2,7,222.77,0,26
SUB100069,2026-04,43.87,76,2,12,503.71,0,30
SUB100933,2026-07,13.45,174,3,7,434.85,0,30
SUB101102,2026-07,11.65,69,4,10,393.69,0,30
SUB102370,2026-07,9.0,97,1,16,258.08,0,30
SUB101819,2026-05,9.36,317,0,3,217.85,0,30
SUB102453,2026-07,0.71,636,1,14,104.34,0,27
SUB100264,2026-04,2.94,272,4,12,187.21,0,27
SUB102796,2026-06,7.18,208,3,11,150.1,0,26
SUB102904,2026-06,1.78,156,1,3,227.2,0,28
SUB102435,2026-05,12.53,222,1,24,407.78,0,28
SUB101388,2026-05,4.92,269,2,11,112.0,0,27
SUB100229,2026-03,4.55,24,2,12,179.54,0,28
SUB102721,2026-06,7.32,180,3,8,72.83,0,30
SUB103015,2026-03,7.79,144,2,11,211.22,0,27
SUB101156,2026-06,9.04,158,0,7,352.74,0,26
SUB103025,2026-02,9.52,272,0,11,215.31,0,26
SUB102891,2026-02,10.36,498,1,5,308.41,0,26
SUB101874,2026-05,1.24,548,1,8,128.96,0,26
SUB102150,2026-04,4.58,234,3,13,188.5,0,30
SUB102003,2026-04,17.72,318,2,18,372.75,0,29
SUB101200,2026-07,31.02,222,2,10,611.99,0,28
SUB100170,2026-05,14.25,135,2,10,234.56,0,29
SUB102960,2026-04,5.64,239,2,6,273.7,0,29
SUB100732,2026-06,3.88,69,4,15,206.76,1,29
SUB102104,2026-05,5.47,32,1,6,377.32,0,28
SUB100106,2026-03,7.47,106,0,11,,0,27
SUB102859,2026-05,4.82,37,0,8,114.07,0,26
SUB102298,2026-02,7.67,71,0,20,136.41,0,29
SUB101942,2026-03,5.45,312,0,3,257.59,0,28
SUB101550,2026-05,5.46,305,1,16,239.79,0,28
SUB101705,2026-07,1.0,102,2,7,99.06,0,28
SUB102951,2026-02,9.08,386,2,14,,0,27
SUB102717,2026-07,4.86,138,1,12,162.82,0,27
SUB100060,2026-05,2.54,204,2,11,147.9,0,30
SUB100523,2026-03,13.1,532,2,9,586.35,0,28
SUB101640,2026-03,0.84,663,3,5,169.94,0,30
SUB100381,2026-03,17.89,151,4,12,487.95,0,29
SUB100893,2026-03,14.46,732,3,11,325.48,0,26
SUB102122,2026-07,21.84,41,2,12,473.64,0,28
SUB102445,2026-05,10.57,222,6,8,308.95,0,30
SUB100950,2026-04,6.71,121,2,12,283.2,1,29
SUB101491,2026-02,5.22,152,1,10,288.9,0,30
SUB101002,2026-03,9.73,221,2,8,402.81,0,27
SUB102809,2026-02,0.95,304,1,7,180.68,0,30
SUB101631,2026-07,6.14,165,4,8,214.58,1,30
SUB102811,2026-06,7.22,432,2,15,175.59,0,27
SUB102605,2026-02,16.0,332,0,9,502.88,0,28
SUB100572,2026-07,2.37,83,2,11,218.78,0,30
SUB100264,2026-05,3.15,165,5,13,222.26,0,30
SUB102856,2026-05,8.13,403,1,8,205.52,0,30
SUB102423,2026-06,11.77,118,2,12,248.17,0,30
SUB101199,2026-06,11.43,213,2,6,252.15,0,27
SUB101513,2026-04,6.26,89,1,8,302.85,0,30
SUB101405,2026-03,0.7,312,2,11,121.37,0,28
SUB102076,2026-03,5.42,291,3,8,0.0,0,28
SUB101467,2026-04,6.07,93,3,10,202.17,0,29
SUB101511,2026-06,10.88,220,1,2,261.05,1,28
SUB102801,2026-07,19.47,188,1,17,550.64,0,27
SUB101378,2026-05,5.27,292,3,6,150.94,0,28
SUB100251,2026-05,13.64,122,1,10,270.91,0,27
SUB100261,2026-06,52.19,127,0,7,0.0,3,27
SUB101698,2026-07,20.9,100,1,6,336.32,0,28
SUB101083,2026-02,70.53,514,1,11,866.85,0,30
SUB103184,2026-03,10.32,193,4,13,237.62,0,27
SUB101011,2026-06,8.05,212,2,11,0.0,2,29
SUB103123,2026-05,4.35,145,0,9,176.26,0,30
SUB103011,2026-03,11.03,410,2,7,414.45,0,27
SUB101293,2026-03,4.31,47,0,5,239.85,0,30
SUB101694,2026-02,7.08,157,3,19,262.95,0,29
SUB100282,2026-07,4.02,101,2,4,175.78,0,28
SUB102646,2026-05,3.64,297,1,14,231.77,0,28
SUB100851,2026-07,1.28,19,0,13,254.19,0,27
SUB102603,2026-04,18.21,320,2,12,368.37,0,30
SUB101345,2026-06,2.86,58,3,7,159.31,0,30
SUB103017,2026-07,20.99,443,0,9,391.11,0,30
SUB102944,2026-06,1.39,123,2,16,81.72,0,27
SUB100864,2026-02,1.24,77,4,10,165.91,0,27
SUB102282,2026-04,13.02,374,3,10,259.13,0,27
SUB102289,2026-03,11.45,276,5,7,254.23,0,28
SUB101242,2026-03,17.78,545,2,7,299.8,2,30
SUB103036,2026-03,3.27,316,2,13,114.98,0,28
SUB100594,2026-05,5.91,71,2,8,105.97,2,27
SUB100847,2026-04,23.78,213,0,21,549.29,0,26
SUB101301,2026-06,6.87,136,2,4,400.39,0,28
SUB100585,2026-07,5.29,106,2,6,280.16,0,27
SUB101658,2026-07,5.55,153,5,4,154.3,0,28
SUB102793,2026-04,3.69,238,2,4,183.53,0,27
SUB102961,2026-03,2.35,114,3,10,188.62,1,30
SUB100343,2026-02,19.77,202,2,8,360.83,0,27
SUB101485,2026-06,2.14,72,6,12,111.18,0,27
SUB102219,2026-07,16.87,375,2,17,538.75,0,26
SUB101078,2026-03,0.97,176,2,10,130.09,0,27
SUB102955,2026-07,11.0,126,2,13,250.69,0,29
SUB100715,2026-07,7.33,91,3,14,300.07,0,29
SUB100810,2026-04,6.27,424,4,10,180.97,0,28
SUB102495,2026-06,1.7,102,2,4,114.14,0,26
SUB100329,2026-02,3.15,304,5,19,150.02,0,29
SUB101882,2026-06,5.33,748,1,10,213.62,1,27
SUB102139,2026-07,25.5,235,4,16,459.35,0,30
SUB100867,2026-03,4.59,112,0,21,143.79,0,29
SUB100045,2026-05,2.86,260,3,8,73.55,0,30
SUB102616,2026-04,1.48,35,1,19,110.52,0,26
SUB101110,2026-02,6.55,268,0,9,196.33,0,26
SUB100344,2026-02,5.24,304,4,14,221.52,0,26
SUB101717,2026-04,26.9,164,2,11,479.63,0,30
SUB100559,2026-02,12.11,339,3,6,192.67,0,30
SUB102528,2026-04,1.58,271,1,19,188.64,1,29
SUB100458,2026-02,6.13,71,5,16,217.63,0,30
SUB102654,2026-03,5.35,51,0,10,226.43,1,30
SUB100069,2026-06,34.17,73,0,11,598.17,1,28
SUB100057,2026-03,5.23,628,2,9,196.36,0,28
SUB101724,2026-03,4.15,321,2,16,159.84,0,26
SUB101120,2026-06,16.51,246,2,10,530.28,0,29
SUB101708,2026-06,0.5,683,2,19,199.77,0,26
SUB100819,2026-04,4.65,97,0,19,267.81,0,27
SUB101774,2026-06,19.02,110,5,6,375.4,0,30
SUB103181,2026-06,3.21,156,3,16,271.64,0,28
SUB103045,2026-04,13.32,226,4,7,501.04,0,30
SUB101146,2026-02,5.62,648,2,7,206.5,0,29
SUB101474,2026-03,1.87,255,2,13,168.88,1,27
SUB100301,2026-06,2.54,52,1,8,205.03,0,26
SUB102295,2026-06,9.77,82,2,7,248.03,1,30
SUB100563,2026-03,6.19,203,1,6,297.64,0,29
SUB102377,2026-06,9.73,211,0,6,218.06,0,26
SUB102242,2026-07,0.95,85,1,10,106.3,0,27
SUB100588,2026-06,56.68,342,1,17,746.56,0,30
SUB100685,2026-06,15.92,354,3,9,472.64,0,26
SUB101749,2026-06,4.51,16,3,7,240.84,0,30
SUB101659,2026-04,8.88,143,2,8,293.46,0,29
SUB101395,2026-03,9.52,75,1,15,159.39,0,29
SUB100313,2026-04,1.26,230,0,5,210.42,0,28
SUB100537,2026-05,3.92,913,1,9,158.97,0,29
SUB102485,2026-02,0.09,21,4833,4,197.07,0,28
SUB102350,2026-06,0.33,78,3345,12,230.41,0,29
SUB102712,2026-07,6.09,380,1,19,233.28,0,30
SUB100463,2026-07,17.25,498,1,17,456.68,0,26
SUB102167,2026-06,1.2,328,0,9,108.74,0,28
SUB102363,2026-04,1.4,214,0,7,180.19,0,27
SUB103039,2026-03,1.79,217,1,23,151.65,0,27
SUB100296,2026-02,7.2,182,0,13,503.21,0,29
SUB100627,2026-02,12.65,835,3,10,318.82,0,28
SUB100506,2026-05,7.89,105,1,15,233.32,0,26
SUB102714,2026-03,2.58,438,1,20,192.77,0,30
SUB102613,2026-07,5.78,370,3,20,241.25,1,29
SUB102781,2026-07,16.55,291,3,12,459.88,0,27
SUB100470,2026-02,27.0,164,1,24,364.95,0,30
SUB101381,2026-06,8.19,70,1,20,235.94,0,29
SUB101192,2026-04,0.82,148,3,8,126.8,0,29
SUB102626,2026-02,28.84,188,2,1,457.53,0,28
SUB102478,2026-06,6.7,272,1,16,290.86,0,26
SUB102435,2026-04,6.93,189,0,9,433.64,0,26
SUB101945,2026-07,21.34,227,5,13,404.88,0,28
SUB100171,2026-04,2.06,82,1,22,140.74,0,28
SUB102259,2026-04,5.76,87,2,5,332.42,0,26
SUB102149,2026-06,2.8,155,1,12,184.11,0,26
SUB102241,2026-04,2.87,413,3,10,143.9,0,27
SUB102705,2026-06,11.03,123,1,8,237.95,0,30
SUB100533,2026-02,7.38,71,4,4,259.71,1,28
SUB102932,2026-04,1.5,332,1,12,85.42,0,26
SUB101051,2026-03,1.33,103,3,7,167.03,0,29
SUB101685,2026-03,16.33,331,2,13,367.94,0,28
SUB101788,2026-02,0.68,88,2,13,172.21,0,27
SUB101854,2026-06,18.0,114,5,7,604.75,0,26
SUB102417,2026-06,50.53,149,2,14,0.0,3,28
SUB101730,2026-07,3.76,416,4,7,214.68,0,28
SUB102526,2026-03,6.38,181,2,9,317.2,0,30
SUB102892,2026-05,2.09,546,0,15,213.36,0,26
SUB102609,2026-06,6.09,182,0,22,580.02,1,26
SUB100113,2026-06,0.38,80,2981,9,152.64,0,29
SUB102097,2026-05,4.73,91,1,11,332.4,0,27
SUB102335,2026-07,8.82,311,2,11,162.78,0,30
SUB101142,2026-05,12.28,282,1,5,368.68,0,26
SUB101501,2026-02,0.7,216,0,4,187.21,0,26
SUB102074,2026-07,2.28,135,2,13,203.99,0,28
SUB100273,2026-05,4.86,102,2,10,191.2,0,30
SUB101940,2026-02,6.89,403,0,11,224.22,0,29
SUB100005,2026-02,13.02,116,1,11,339.45,0,29
SUB100459,2026-02,9.44,382,3,14,221.83,1,29
SUB101441,2026-02,7.18,248,2,7,229.27,0,29
SUB101563,2026-07,1.14,316,2,5,153.15,0,26
SUB100173,2026-07,2.94,373,2,7,134.41,1,28
SUB100636,2026-02,5.67,244,3,10,217.78,1,27
SUB100258,2026-06,20.32,662,3,10,379.52,0,28
SUB101000,2026-05,8.53,347,1,7,295.43,0,28
SUB102549,2026-05,15.52,469,1,12,512.43,0,28
SUB101495,2026-05,8.89,203,2,18,204.76,0,28
SUB102509,2026-04,3.82,263,5,4,130.95,1,30
SUB102104,2026-04,7.76,48,0,15,290.27,0,26
SUB102656,2026-06,10.38,111,1,12,250.13,0,29
SUB101810,2026-05,34.08,141,3,12,429.05,0,29
SUB103073,2026-07,9.88,417,5,17,330.45,0,27
SUB102766,2026-02,24.78,117,1,7,487.01,0,28
SUB101404,2026-04,29.82,204,4,12,433.3,0,30
SUB100669,2026-06,5.49,227,1,10,271.56,0,29
SUB103058,2026-05,7.38,74,1,17,244.13,0,29
SUB101713,2026-04,3.13,109,3,7,280.63,0,26
SUB100163,2026-04,21.99,295,1,10,427.49,0,29
SUB102275,2026-06,6.18,40,1,13,177.17,0,30
SUB102842,2026-07,11.09,357,3,9,248.32,0,30
SUB101406,2026-02,1.26,76,2,19,76.24,0,29
SUB102451,2026-05,6.54,150,2,17,185.86,0,30
SUB103026,2026-02,2.68,63,0,11,72.44,0,29
SUB102621,2026-05,7.06,178,2,7,320.91,0,27
SUB101359,2026-07,31.2,342,2,9,540.51,1,30
SUB102668,2026-07,3.5,198,1,14,252.15,1,26
SUB101282,2026-06,25.37,362,2,10,425.45,0,28
SUB100808,2026-07,11.14,329,3,9,330.67,1,29
SUB102826,2026-07,5.06,550,1,12,201.69,0,27
SUB102644,2026-03,11.5,44,1,9,419.1,0,28
SUB101191,2026-02,1.81,147,3,10,144.39,0,27
SUB101747,2026-02,4.37,124,2,19,147.84,0,29
SUB101027,2026-02,26.43,182,1,4,448.92,0,29
SUB102953,2026-06,0.83,46,2,12,138.21,0,29
SUB101033,2026-04,1.63,105,3,4,75.68,1,27
SUB103168,2026-04,42.01,40,1,9,513.04,1,26
SUB102152,2026-02,7.72,93,2,10,263.89,0,30
SUB101084,2026-03,1.57,387,2,8,229.18,0,29
SUB101155,2026-05,0.93,173,1,9,120.31,0,29
SUB100275,2026-02,2.3,391,0,9,148.02,0,28
SUB102721,2026-03,5.61,217,2,13,70.65,0,26
SUB103175,2026-04,5.53,71,1,13,235.1,1,26
SUB100920,2026-03,8.29,316,2,22,387.94,0,29
SUB101345,2026-07,3.31,73,0,12,140.29,1,29
SUB102340,2026-03,1.51,202,2,4,141.88,0,26
SUB100874,2026-07,9.5,309,0,7,255.69,0,29
SUB101627,2026-06,4.63,138,1,12,167.69,0,26
SUB100721,2026-07,22.62,187,1,6,465.29,0,29
SUB101716,2026-05,4.08,434,3,5,287.35,0,28
SUB102628,2026-03,4.27,100,1,24,120.84,0,27
SUB101883,2026-06,9.65,116,0,20,216.08,0,27
SUB102618,2026-05,0.77,103,7,11,270.01,0,29
SUB101093,2026-02,15.36,396,2,6,329.65,0,30
SUB103148,2026-04,6.88,517,4,17,226.23,0,26
SUB102609,2026-04,5.43,193,0,14,562.08,0,26
SUB100931,2026-04,8.32,15,0,7,197.04,0,30
SUB100337,2026-05,1.15,271,2,13,159.28,0,30
SUB101704,2026-02,8.56,41,5,16,175.28,0,26
SUB100217,2026-03,2.24,168,2,24,112.14,0,27
SUB101287,2026-07,8.08,208,2,11,295.99,0,30
SUB102896,2026-05,1.01,119,2,15,119.39,0,30
SUB102648,2026-03,2.15,242,2,6,138.93,0,27
SUB100054,2026-02,9.04,442,2,5,406.15,0,26
SUB101559,2026-02,2.75,177,2,4,149.21,0,29
SUB101175,2026-03,7.15,325,1,13,213.78,0,28
SUB101556,2026-06,3.47,127,2,14,235.58,0,27
SUB100699,2026-04,1.7,175,3,13,193.32,0,26
SUB102190,2026-04,8.84,181,2,20,242.11,0,28
SUB100187,2026-03,1.58,390,0,13,128.35,0,26
SUB101372,2026-06,8.89,123,0,10,200.33,0,26
SUB101274,2026-06,7.15,49,2,7,259.51,0,29
SUB102270,2026-03,8.79,108,3,10,316.76,0,27
SUB100339,2026-05,13.92,447,2,5,367.7,0,26
SUB102876,2026-03,9.58,44,2,8,288.24,1,29
SUB103165,2026-06,1.53,294,3,7,248.88,0,28
SUB100596,2026-07,12.49,132,2,15,381.52,0,28
SUB101213,2026-07,8.8,387,1,2,162.45,0,30
SUB103064,2026-07,2.39,286,0,5,123.53,0,28
SUB101934,2026-03,5.32,159,0,25,269.06,0,28
SUB102886,2026-03,13.75,96,2,10,398.5,1,26
SUB102645,2026-04,2.26,257,4,9,155.98,0,27
SUB101125,2026-06,4.53,46,5,8,205.22,0,30
SUB100471,2026-07,15.01,67,4,7,217.52,1,27
SUB100563,2026-06,5.39,146,2,14,241.62,0,28
SUB100363,2026-05,5.64,110,2,18,164.49,0,27
SUB100518,2026-03,7.68,171,2,9,261.65,0,30
SUB102953,2026-03,1.06,76,1,14,143.73,1,29
SUB101365,2026-04,16.43,385,0,9,371.02,0,30
SUB101516,2026-07,10.34,119,3,8,269.86,0,26
SUB102810,2026-03,4.07,153,2,15,75.53,0,26
SUB101067,2026-06,3.27,225,2,11,171.0,0,30
SUB102910,2026-05,10.19,465,3,11,442.47,0,28
SUB100743,2026-03,7.71,671,1,13,274.44,0,26
SUB101484,2026-06,7.71,382,0,12,166.82,0,27
SUB100965,2026-02,1.98,95,1,16,153.66,0,26
SUB102752,2026-05,5.37,117,1,16,206.1,0,29
SUB101915,2026-03,6.77,14,2,11,441.7,0,30
SUB102901,2026-06,12.96,286,2,19,396.13,0,28
SUB100011,2026-02,7.3,259,0,19,433.77,0,26
SUB102980,2026-07,11.59,290,2,10,254.49,0,30
SUB100667,2026-06,2.62,91,1,8,234.43,0,29
SUB100662,2026-04,3.33,344,2,9,254.82,0,27
SUB100001,2026-06,6.29,274,2,16,285.27,0,27
SUB102033,2026-03,13.64,59,2,10,504.9,0,28
SUB101001,2026-07,14.21,502,0,9,384.13,0,29
SUB100157,2026-04,19.69,152,3,14,484.75,0,26
SUB100031,2026-03,14.36,98,3,17,269.76,0,28
SUB102309,2026-05,4.58,168,2,18,145.28,0,27
SUB101512,2026-03,2.61,331,2,8,129.51,0,26
SUB101884,2026-06,3.65,117,4,14,291.8,0,27
SUB100103,2026-05,2.37,82,2,7,159.87,0,27
SUB100816,2026-06,7.13,108,1,7,247.05,0,30
SUB100804,2026-06,27.31,37,2,11,510.0,0,28
SUB102799,2026-02,4.13,99,1,16,98.02,0,29
SUB101798,2026-06,7.21,612,2,14,264.42,0,30
SUB102309,2026-04,5.44,159,5,20,151.35,0,28
SUB101461,2026-04,9.0,356,1,10,342.66,1,28
SUB102848,2026-06,6.37,283,1,13,235.23,0,29
SUB100376,2026-05,23.09,279,1,6,426.51,0,26
SUB103039,2026-05,1.68,258,2,12,130.32,0,30
SUB103028,2026-04,7.27,678,1,5,300.28,0,29
SUB101549,2026-04,2.19,210,1,10,159.48,0,29
SUB100090,2026-03,5.83,264,1,7,365.28,0,30
SUB101197,2026-06,4.44,143,1,13,250.92,1,30
SUB101016,2026-06,12.69,140,3,17,316.83,0,28
SUB102725,2026-06,7.34,42,0,11,276.39,0,29
SUB101481,2026-04,5.39,107,0,8,152.16,0,29
SUB100228,2026-03,18.58,170,1,14,367.51,0,26
SUB100366,2026-05,16.61,112,0,10,228.36,0,26
SUB102641,2026-05,2.36,45,3,3,135.1,0,29
SUB100087,2026-07,6.05,127,4,11,299.31,0,30
SUB101217,2026-02,4.62,148,2,13,0.0,0,27
SUB101417,2026-02,1.83,470,2,5,174.07,0,26
SUB100362,2026-04,1.08,217,1,2,195.45,0,28
SUB102802,2026-07,22.76,153,0,17,430.45,0,28
SUB102081,2026-02,11.62,58,4,15,392.95,0,29
SUB100175,2026-03,9.51,96,0,10,298.01,0,28
SUB102094,2026-06,3.24,280,0,9,156.95,0,26
SUB101443,2026-06,5.33,135,0,14,350.05,0,26
SUB101547,2026-06,7.97,734,1,10,187.97,0,27
SUB100577,2026-02,1.19,37,2,17,180.19,0,26
SUB101867,2026-03,5.19,389,3,11,144.53,0,30
SUB100047,2026-02,6.94,562,3,13,237.78,0,27
SUB102022,2026-03,8.12,159,0,10,275.47,0,26
SUB100357,2026-05,14.16,167,3,3,293.42,0,26
SUB103015,2026-05,9.21,184,6,13,346.8,0,29
SUB101784,2026-06,3.73,121,2,5,79.43,0,27
SUB101966,2026-07,3.69,123,0,17,206.39,0,30
SUB100294,2026-05,10.96,216,1,14,162.53,0,29
SUB101525,2026-07,6.33,668,2,9,254.1,0,28
SUB101860,2026-05,8.89,60,1,6,304.35,0,26
SUB103030,2026-05,6.69,226,0,5,323.66,0,27
SUB101094,2026-04,8.75,114,2,8,331.9,0,29
SUB101836,2026-06,16.46,219,1,16,387.35,0,27
SUB101784,2026-03,3.06,123,2,6,66.66,0,30
SUB102841,2026-02,10.52,216,1,9,176.86,0,30
SUB101264,2026-03,8.04,241,3,16,197.98,0,27
SUB100192,2026-02,2.11,43,5,10,130.06,0,29
SUB102637,2026-06,4.99,164,3,6,264.48,0,29
SUB100286,2026-02,10.17,447,1,14,291.92,0,28
SUB100793,2026-04,9.57,311,1,13,360.66,0,30
SUB102756,2026-06,1.15,303,3,11,187.35,0,27
SUB102487,2026-06,21.25,256,1,13,480.52,0,30
SUB102514,2026-02,2.44,34,2,5,97.35,0,27
SUB101335,2026-03,11.89,326,5,15,319.33,0,27
SUB101907,2026-07,13.55,422,4,17,473.35,0,28
SUB101956,2026-06,0.91,158,1,19,210.51,0,26
SUB102171,2026-02,1.22,137,3,11,228.01,0,29
SUB102914,2026-04,18.06,53,0,12,280.45,0,27
SUB102037,2026-06,9.83,133,5,15,146.79,0,28
SUB101992,2026-02,2.1,20,3,9,191.21,0,26
SUB100181,2026-03,11.24,178,2,9,286.67,0,30
SUB103187,2026-05,2.96,78,3,8,67.48,0,30
SUB101763,2026-06,2.29,109,0,5,227.27,0,30
SUB100593,2026-05,22.22,301,5,2,379.79,0,27
SUB100817,2026-06,17.68,236,2,3,288.11,0,28
SUB101596,2026-02,1.08,90,3,15,216.01,0,29
SUB100323,2026-06,2.04,50,2,14,109.22,0,28
SUB101880,2026-05,3.76,198,3,20,162.1,0,30
SUB100365,2026-06,4.87,174,3,8,121.69,0,29
SUB102643,2026-04,7.34,146,2,9,427.68,0,28
SUB102070,2026-02,0.83,157,1,12,143.61,0,27
SUB101392,2026-07,49.33,100,2,8,635.18,0,26
SUB101712,2026-03,7.28,320,0,7,326.71,0,28
SUB101004,2026-04,5.47,292,5,8,149.96,0,28
SUB100866,2026-03,8.19,191,1,6,267.94,0,27
SUB100821,2026-06,6.12,150,1,10,184.01,0,30
SUB101633,2026-05,4.9,222,3,9,200.88,0,27
SUB101697,2026-04,3.89,365,3,20,257.67,0,27
SUB101652,2026-04,8.08,181,3,14,239.56,0,30
SUB102873,2026-07,9.08,70,3,7,323.28,0,27
SUB100415,2026-02,7.47,494,2,8,256.05,0,30
SUB101234,2026-07,1.1,630,1,8,103.8,0,28
SUB100049,2026-02,6.09,219,1,15,260.84,0,30
SUB102493,2026-07,6.19,52,3,17,91.14,0,29
SUB100600,2026-05,7.46,95,4,19,320.71,0,26
SUB101523,2026-07,3.87,173,0,4,194.85,0,30
SUB101923,2026-02,0.98,430,0,12,231.04,0,29
SUB101556,2026-07,3.38,191,1,17,263.02,0,28
SUB100650,2026-07,14.11,161,2,5,452.45,0,26
SUB100276,2026-02,3.15,109,1,11,131.31,0,27
SUB100021,2026-02,6.88,216,3,8,172.98,1,26
SUB100015,2026-05,19.39,182,1,13,413.7,0,26
SUB100257,2026-05,2.58,371,3,8,165.96,0,30
SUB102019,2026-04,4.3,54,1,9,89.23,0,29
SUB100858,2026-02,2.59,424,1,11,113.42,0,27
SUB101510,2026-06,0.66,210,2,21,143.26,1,30
SUB101624,2026-02,27.13,65,4,17,444.1,0,30
SUB100602,2026-07,16.44,372,4,7,315.71,0,28
SUB101708,2026-05,0.57,458,1,21,181.5,0,30
SUB103122,2026-07,2.88,257,3,16,189.17,0,29
SUB100521,2026-05,4.55,30,1,19,114.84,0,27
SUB101632,2026-06,2.04,178,1,7,191.36,0,27
SUB101096,2026-05,7.08,33,1,14,246.43,0,26
SUB100269,2026-04,7.7,176,3,9,191.38,0,27
SUB100932,2026-07,4.17,297,3,9,224.41,0,29
SUB103050,2026-02,19.53,929,1,4,496.85,0,28
SUB102585,2026-03,7.83,165,1,7,282.15,0,30
SUB100207,2026-07,2.11,513,1,19,114.83,0,29
SUB100009,2026-02,6.41,110,5,6,131.78,0,29
SUB102213,2026-05,3.36,206,3,6,149.53,0,29
SUB101129,2026-02,0.53,218,1,5,181.1,0,28
SUB101367,2026-03,6.6,279,1,15,237.27,0,30
SUB100939,2026-04,7.79,250,1,11,185.2,0,27
SUB101099,2026-07,17.44,120,7,13,288.67,0,28
SUB100018,2026-02,7.15,367,1,8,321.14,0,28
SUB102076,2026-05,2.7,202,3,10,94.43,0,28
SUB100037,2026-04,10.23,116,2,21,325.76,0,29
SUB102363,2026-02,1.44,195,4,11,174.63,0,30
SUB101135,2026-07,1.1,524,1,14,247.04,0,26
SUB100685,2026-03,15.22,533,3,12,528.76,0,30
SUB100681,2026-05,6.15,293,1,11,214.51,0,30
SUB102784,2026-02,22.85,260,1,12,534.24,0,27
SUB102995,2026-05,1.58,346,1,19,187.47,0,30
SUB100858,2026-05,2.84,291,2,9,114.52,0,26
SUB102965,2026-06,10.09,78,2,13,217.39,0,26
SUB101601,2026-04,0.94,95,3,11,209.82,0,27
SUB102865,2026-03,3.73,229,2,13,163.54,0,28
SUB101042,2026-03,2.13,122,0,5,129.82,1,30
SUB102659,2026-07,6.56,335,4,4,239.46,0,26
SUB101933,2026-03,15.3,208,0,7,366.52,1,30
SUB100348,2026-04,3.67,169,1,10,140.04,0,29
SUB103027,2026-04,2.7,81,1,7,114.86,0,27
SUB102533,2026-03,14.09,232,0,11,445.78,0,29
SUB100753,2026-05,12.72,196,3,6,286.75,0,29
SUB100200,2026-02,14.05,434,4,15,443.67,1,26
SUB103080,2026-04,11.27,376,3,13,389.07,0,26
SUB101104,2026-04,10.84,157,0,9,245.39,0,30
SUB101715,2026-06,6.41,197,1,10,234.82,0,27
SUB101030,2026-04,2.47,358,1,15,141.45,0,30
SUB102569,2026-06,3.22,168,3,9,317.47,0,26
SUB102190,2026-06,7.16,158,2,10,234.49,0,27
SUB102165,2026-07,5.79,70,3,7,145.31,0,28
SUB101186,2026-02,7.69,91,3,8,214.09,0,27
SUB102750,2026-02,6.35,345,1,9,217.27,0,28
SUB100958,2026-06,4.94,43,2,9,286.17,0,27
SUB102389,2026-07,13.96,278,1,9,378.49,0,29
SUB100398,2026-06,10.3,161,3,3,209.95,1,27
SUB100065,2026-06,2.98,240,0,6,116.56,0,26
SUB102250,2026-04,0.87,294,3,16,179.99,0,27
SUB101734,2026-07,1.48,284,1,16,163.75,0,28
SUB100903,2026-06,1.41,191,0,7,158.51,1,29
SUB102745,2026-03,8.46,724,1,14,418.86,0,30
SUB101713,2026-06,5.47,89,0,8,277.43,0,29
SUB101076,2026-04,30.2,89,1,6,488.64,0,27
SUB102834,2026-05,11.58,295,2,15,320.97,0,28
SUB102329,2026-03,5.64,143,3,8,153.86,0,26
SUB102051,2026-07,4.44,139,2,8,172.06,0,29
SUB100080,2026-06,3.37,186,4,9,185.16,0,26
SUB100337,2026-06,0.72,457,0,16,151.34,0,28
SUB102708,2026-06,0.64,619,2,8,156.57,0,28
SUB103043,2026-02,4.15,335,0,13,142.54,0,29
SUB100771,2026-02,2.81,65,1,16,101.09,0,26
SUB101232,2026-02,24.13,134,5,5,378.43,0,28
SUB100774,2026-05,2.64,107,3,12,270.83,1,27
SUB101668,2026-04,24.12,260,2,12,357.12,0,27
SUB100544,2026-04,11.63,340,2,10,385.87,0,28
SUB101581,2026-07,11.67,97,3,10,267.9,0,29
SUB101500,2026-04,5.46,226,2,13,183.53,0,27
SUB100281,2026-05,6.82,128,0,9,299.26,0,29
SUB102436,2026-04,5.36,49,1,18,172.53,0,29
SUB102508,2026-03,16.09,179,0,20,433.4,0,28
SUB101870,2026-06,14.04,238,3,6,258.59,0,26
SUB102964,2026-04,15.78,182,3,14,444.25,0,30
SUB101154,2026-03,9.15,318,2,13,182.12,1,30
SUB101746,2026-05,20.81,236,1,13,313.13,0,27
SUB102518,2026-04,19.16,388,3,10,280.44,0,27
SUB101182,2026-05,1.45,347,4,15,237.44,0,26
SUB100718,2026-05,17.04,155,1,9,382.62,0,30
SUB102314,2026-04,17.75,288,1,14,344.67,0,26
SUB100692,2026-07,1.47,735,1,5,188.08,0,29
SUB101669,2026-03,2.99,130,2,8,123.88,0,29
SUB101121,2026-02,23.03,249,0,5,371.85,0,30
SUB103097,2026-07,8.47,161,6,12,282.79,0,29
SUB101493,2026-07,11.12,43,3,9,212.31,0,28
SUB100878,2026-02,8.25,47,1,10,254.28,2,26
SUB102163,2026-06,15.5,22,1,6,407.45,0,29
SUB100916,2026-07,5.08,50,3,7,131.75,0,28
SUB102685,2026-05,5.8,217,2,8,137.71,0,27
SUB100517,2026-07,1.59,212,1,7,152.29,1,30
SUB100864,2026-05,1.65,152,2,12,181.31,0,30
SUB103188,2026-03,9.9,154,1,16,411.85,0,29
SUB100742,2026-02,43.79,200,1,13,457.55,0,30
SUB101933,2026-07,11.94,146,2,9,337.34,0,27
SUB102603,2026-07,20.71,200,4,13,395.27,0,29
SUB102982,2026-02,3.77,723,0,4,260.36,0,26
SUB100859,2026-07,4.14,414,4,8,201.24,0,26
SUB101331,2026-04,1.15,327,2,5,180.53,0,27
SUB102575,2026-02,5.92,392,2,6,187.36,0,28
SUB102596,2026-05,1.19,153,0,9,235.36,0,27
SUB102097,2026-04,5.05,93,1,9,359.66,0,29
SUB101931,2026-07,10.25,669,2,3,270.71,0,29
SUB101686,2026-07,21.48,260,1,9,312.19,0,28
SUB101189,2026-04,1.38,344,0,7,99.53,0,26
SUB102137,2026-05,11.57,319,2,13,344.93,0,26
SUB100144,2026-04,8.3,488,2,10,338.72,1,26
SUB102595,2026-06,5.4,328,6,7,208.23,1,30
SUB102742,2026-06,15.26,606,4,8,361.87,1,27
SUB100720,2026-03,10.57,357,2,8,429.5,0,28
SUB100940,2026-03,21.49,182,1,3,398.01,0,30
SUB100324,2026-03,7.44,110,5,24,234.43,0,30
SUB101256,2026-05,10.0,172,3,11,383.83,0,30
SUB101905,2026-04,14.59,250,4,12,473.01,0,30
SUB101932,2026-02,5.59,94,2,15,194.46,0,30
SUB102741,2026-03,32.33,132,3,7,395.19,0,28
SUB100512,2026-02,9.09,202,2,6,121.14,0,29
SUB101586,2026-04,2.21,156,3,9,170.64,0,29
SUB102485,2026-03,0.12,53,6067,5,239.09,0,29
SUB101866,2026-07,7.24,222,3,12,196.39,0,28
SUB101371,2026-04,9.31,684,3,9,341.39,0,29
SUB102767,2026-07,0.95,136,0,17,266.16,0,26
SUB100612,2026-04,18.91,349,0,10,304.35,0,26
SUB101797,2026-04,6.32,206,0,14,237.06,0,28
SUB100757,2026-03,19.04,142,1,8,400.41,1,26
SUB100857,2026-02,26.69,156,0,8,273.13,0,28
SUB102056,2026-03,3.84,65,3,12,250.48,0,29
SUB100715,2026-02,5.63,73,1,8,302.18,0,27
SUB101657,2026-05,25.9,244,2,9,328.8,0,29
SUB101415,2026-03,15.08,322,1,10,260.78,0,27
SUB102728,2026-02,1.8,149,1,4,80.79,0,30
SUB102777,2026-04,15.73,95,0,5,254.32,0,29
SUB102972,2026-04,16.9,149,0,11,431.47,0,29
SUB102207,2026-06,5.81,102,1,17,316.09,1,30
SUB100622,2026-07,13.39,29,4,12,247.83,0,27
SUB100864,2026-03,1.37,90,3,10,154.99,0,30
SUB102848,2026-05,7.06,227,1,20,215.28,0,29
SUB102545,2026-07,10.34,62,1,18,229.45,0,27
SUB101380,2026-05,1.21,173,2,9,221.84,0,27
SUB101433,2026-03,12.24,294,2,15,355.16,0,28
SUB102978,2026-03,6.67,148,1,9,151.68,0,29
SUB100734,2026-04,14.55,61,2,16,440.07,0,27
SUB100581,2026-03,1.22,278,1,7,192.78,0,26
SUB102586,2026-05,10.57,99,2,13,191.39,0,30
SUB101545,2026-03,0.88,728,1,7,309.78,0,26
SUB101248,2026-04,25.16,219,4,3,538.05,0,29
SUB101703,2026-03,8.95,88,1,18,240.92,0,29
SUB100373,2026-06,7.64,207,4,5,96.38,0,29
SUB102296,2026-07,15.38,95,0,10,424.61,0,26
SUB102676,2026-07,4.37,197,0,20,223.08,0,27
SUB102951,2026-04,10.77,389,3,9,313.62,0,26
SUB101088,2026-02,4.2,191,1,9,335.67,0,28
SUB102886,2026-04,12.55,103,2,13,373.58,0,29
SUB100150,2026-05,5.54,99,3,11,174.3,0,30
SUB101610,2026-07,2.49,190,3,6,146.38,0,29
SUB101575,2026-05,3.63,198,2,7,199.16,0,26
SUB102840,2026-02,2.79,58,0,2,193.47,0,28
SUB102303,2026-04,8.19,290,6,12,282.63,0,27
SUB102375,2026-05,4.96,748,2,13,207.04,0,27
SUB101990,2026-04,22.08,121,2,9,364.09,0,30
SUB100857,2026-04,35.79,236,0,7,304.87,0,28
SUB100217,2026-02,2.12,226,0,17,124.44,0,26
SUB101952,2026-07,19.08,487,1,8,485.6,0,29
SUB100372,2026-02,9.75,407,0,6,383.88,0,28
SUB102512,2026-04,7.15,678,3,9,318.19,0,26
SUB100052,2026-05,0.96,162,3,19,229.02,0,26
SUB101803,2026-03,12.77,51,2,9,193.72,0,29
SUB102507,2026-02,29.64,391,2,13,531.28,0,28
SUB102071,2026-07,1.96,140,2,18,109.67,0,26
SUB100797,2026-06,4.32,280,3,13,107.04,0,26
SUB102207,2026-03,6.15,97,1,7,304.53,0,27
SUB103194,2026-07,17.61,242,2,10,354.02,0,26
SUB101101,2026-02,4.6,133,3,8,326.5,0,29
SUB101409,2026-03,2.28,255,1,8,111.65,0,30
SUB100036,2026-05,1.49,91,2,5,128.64,0,28
SUB101898,2026-04,1.95,41,3,19,154.2,1,29
SUB103165,2026-03,2.12,121,1,4,242.76,0,29
SUB102977,2026-05,1.85,106,0,10,94.94,0,29
SUB102681,2026-07,1.17,467,0,7,109.33,0,26
SUB102636,2026-07,13.07,77,0,11,281.08,0,30
SUB103112,2026-07,8.36,190,2,13,185.53,0,29
SUB102844,2026-02,1.75,385,3,7,101.11,0,26
SUB102137,2026-07,11.53,376,4,19,325.6,0,30
SUB102945,2026-03,5.6,208,1,16,151.77,0,30
SUB102384,2026-05,1.87,80,5,9,143.48,0,29
SUB101969,2026-06,6.98,569,1,12,373.95,0,27
SUB100794,2026-04,7.17,232,2,16,144.56,0,27
SUB101125,2026-02,3.69,17,4,7,172.49,1,28
SUB102388,2026-04,1.01,245,2,6,203.37,0,27
SUB101015,2026-04,1.88,251,2,12,109.81,0,29
SUB100975,2026-03,1.5,426,1,11,167.94,0,27
SUB101566,2026-04,4.82,179,2,7,148.72,0,28
SUB102977,2026-04,1.74,59,1,5,99.99,0,30
SUB100247,2026-02,6.66,166,2,1,163.95,0,27
SUB101000,2026-04,9.99,313,0,14,318.63,0,26
SUB100867,2026-06,3.46,115,3,21,141.85,0,29
SUB101441,2026-05,6.25,214,1,8,199.1,1,26
SUB102580,2026-07,9.26,124,1,7,280.48,0,30
SUB102671,2026-07,17.94,80,1,1,403.29,0,29
SUB102234,2026-05,6.01,268,2,22,228.07,0,28
SUB100010,2026-07,1.13,89,2,16,239.26,0,27
SUB100150,2026-02,5.73,118,1,11,168.38,0,29
SUB101401,2026-06,2.75,110,2,11,113.37,0,28
SUB102929,2026-07,1.11,79,2,3,91.23,0,26
SUB101940,2026-07,4.81,370,3,7,219.7,0,29
SUB101817,2026-06,8.85,319,2,6,175.71,0,26
SUB102722,2026-07,12.54,276,2,6,376.62,0,30
SUB102891,2026-04,6.84,524,2,6,380.41,0,26
SUB102921,2026-05,7.77,495,3,7,188.39,1,27
SUB101790,2026-07,1.14,256,2,13,98.42,0,30
SUB102923,2026-03,1.62,94,3,14,211.12,0,28
SUB102271,2026-03,2.69,433,1,14,160.73,0,28
SUB100826,2026-04,10.52,485,2,9,279.41,0,26
SUB100711,2026-07,8.74,281,2,8,239.38,0,29
SUB102294,2026-02,1.24,255,2,9,206.89,0,28
SUB100950,2026-07,6.52,118,3,5,242.45,1,28
SUB101330,2026-02,5.58,130,4,8,140.39,0,27
SUB101981,2026-02,12.68,237,2,8,400.1,0,28
SUB102450,2026-07,13.34,196,2,13,374.35,0,30
SUB102301,2026-02,1.96,510,1,12,164.66,0,30
SUB101307,2026-07,18.79,224,1,6,339.62,0,28
SUB101828,2026-03,7.7,56,2,10,,1,26
SUB102971,2026-05,3.85,222,2,6,173.16,0,30
SUB101535,2026-03,10.98,250,0,4,240.79,0,27
SUB101415,2026-04,11.21,420,6,7,223.32,0,29
SUB102615,2026-06,2.51,154,1,16,119.71,0,26
SUB101619,2026-06,1.67,685,4,6,161.38,0,30
SUB100800,2026-03,7.14,484,2,18,141.48,0,26
SUB102753,2026-07,1.34,206,2,22,88.96,0,30
SUB100729,2026-06,7.03,144,0,22,321.65,0,27
SUB101269,2026-04,37.27,203,0,15,488.77,0,30
SUB102736,2026-07,1.69,129,1,9,133.45,0,29
SUB103085,2026-07,7.7,705,2,10,196.75,0,28
SUB100242,2026-06,16.32,207,2,20,318.56,0,27
SUB100048,2026-02,20.4,408,2,10,423.09,0,27
SUB100204,2026-05,12.13,1027,1,3,506.67,0,30
SUB103186,2026-05,12.99,1369,0,9,236.87,1,28
SUB102780,2026-03,5.84,409,2,9,251.94,0,29
SUB102647,2026-06,6.36,52,2,7,173.99,0,28
SUB101336,2026-02,4.35,147,3,12,350.87,0,26
SUB101701,2026-05,8.2,228,0,9,207.94,0,30
SUB102887,2026-04,9.46,112,1,12,205.14,0,28
SUB102698,2026-03,14.58,578,4,6,334.01,0,28
SUB101039,2026-04,19.5,142,3,12,341.69,0,26
SUB102629,2026-06,4.85,309,2,11,231.51,0,30
SUB103027,2026-03,4.31,71,3,7,94.98,0,28
SUB101611,2026-03,10.89,371,2,11,265.56,0,28
SUB101653,2026-05,14.0,267,0,14,206.77,0,30
SUB102092,2026-05,9.22,61,0,10,178.82,0,28
SUB101617,2026-02,15.53,41,1,10,374.86,1,30
SUB101682,2026-04,1.89,48,3,10,69.86,0,27
SUB102612,2026-03,8.51,52,2,15,276.09,0,29
SUB101807,2026-03,3.94,120,2,12,282.73,0,27
SUB101455,2026-04,9.14,95,1,7,226.26,0,29
SUB101078,2026-02,0.77,183,2,7,116.21,0,29
SUB101740,2026-06,9.15,277,5,10,259.83,1,27
SUB103116,2026-02,0.68,110,2,5,97.58,0,30
SUB102721,2026-02,4.46,133,3,14,71.37,0,30
SUB100501,2026-03,10.08,91,2,4,169.81,0,26
SUB101603,2026-03,6.24,230,0,2,216.22,0,28
SUB102404,2026-04,8.18,710,1,13,355.56,0,30
SUB102452,2026-04,11.83,613,1,9,176.83,0,29
SUB101289,2026-05,10.37,529,2,10,261.13,0,29
SUB101087,2026-07,24.68,305,4,15,432.9,0,27
SUB102381,2026-07,6.14,286,3,14,291.23,0,27
SUB101821,2026-02,29.36,81,2,11,433.65,0,28
SUB100987,2026-04,12.5,259,0,5,192.35,1,27
SUB101066,2026-07,13.68,145,0,10,332.73,0,27
SUB101360,2026-05,4.26,181,2,16,386.03,0,28
SUB101341,2026-05,37.44,597,3,8,619.78,0,30
SUB100753,2026-06,13.53,245,1,7,225.41,0,29
SUB102217,2026-03,1.33,56,3,12,136.51,0,26
SUB101065,2026-02,3.23,419,2,7,185.58,0,28
SUB100499,2026-07,14.23,416,1,11,415.65,0,30
SUB102122,2026-05,14.02,103,2,10,506.24,0,26
SUB101453,2026-06,8.18,448,3,6,298.07,0,29
SUB101969,2026-02,9.42,526,4,11,319.7,0,28
SUB101687,2026-03,12.3,63,2,13,391.57,0,26
SUB100136,2026-04,1.33,351,3,10,334.38,1,27
SUB101150,2026-07,11.78,604,2,9,251.49,0,27
SUB100118,2026-02,18.0,164,2,9,358.34,1,30
SUB102385,2026-05,15.72,51,3,20,293.83,1,30
SUB102427,2026-07,12.21,306,5,4,428.67,0,30
SUB102139,2026-06,20.21,173,4,8,429.12,0,29
SUB103105,2026-07,0.98,701,3,7,348.06,0,27
SUB100626,2026-05,0.64,126,2,11,212.12,0,29
SUB101997,2026-06,1.85,59,4,5,90.13,0,29
SUB100666,2026-03,3.72,195,0,10,192.73,1,29
SUB100947,2026-04,9.71,438,3,15,238.21,0,30
SUB102374,2026-03,10.49,273,0,12,282.9,0,27
SUB101494,2026-03,11.19,355,4,13,227.27,0,28
SUB103077,2026-03,3.58,325,2,10,203.89,0,30
SUB103047,2026-05,9.12,471,2,11,413.35,0,30
SUB101384,2026-07,7.31,329,1,11,155.5,0,29
SUB102806,2026-05,0.83,240,2,17,123.75,0,27
SUB101663,2026-05,3.65,114,0,9,142.47,0,27
SUB100068,2026-03,7.54,87,3,10,205.68,0,30
SUB101285,2026-03,5.99,262,2,5,258.3,0,30
SUB100782,2026-05,3.42,142,0,10,314.79,0,27
SUB101385,2026-02,6.17,61,4,11,162.44,0,30
SUB101068,2026-07,7.01,135,1,11,295.23,0,26
SUB100617,2026-06,10.05,561,2,9,324.87,0,28
SUB100809,2026-02,7.2,185,3,17,297.3,0,26
SUB101367,2026-02,6.56,262,2,13,254.31,0,28
SUB101079,2026-03,2.15,272,4,1,137.55,0,30
SUB101334,2026-04,4.04,206,0,6,337.13,1,27
SUB102308,2026-03,6.4,225,3,16,217.81,0,28
SUB101921,2026-06,0.76,583,2,8,139.07,0,28
SUB100231,2026-07,3.32,139,0,15,99.9,0,30
SUB101453,2026-03,7.12,367,4,10,347.51,0,26
SUB102835,2026-06,3.48,199,1,13,187.91,0,29
SUB103107,2026-02,7.97,137,0,11,228.18,0,29
SUB100007,2026-02,6.95,248,1,16,192.55,0,28
SUB101922,2026-05,14.32,118,1,6,212.08,0,29
SUB100236,2026-04,1.82,305,2,11,85.78,0,30
SUB100689,2026-03,16.71,146,1,6,318.37,0,26
SUB100616,2026-02,4.65,49,0,19,114.12,0,28
SUB100596,2026-05,3.24,179,2,14,477.62,0,30
SUB102185,2026-07,15.32,80,2,16,442.32,0,30
SUB100462,2026-03,3.8,265,3,7,67.21,0,28
SUB101190,2026-05,12.64,251,1,19,211.21,0,27
SUB102541,2026-07,7.53,517,3,6,142.97,0,29
SUB103181,2026-03,7.32,160,2,11,270.9,0,30
SUB102655,2026-05,3.72,371,1,3,403.49,0,27
